2, 337, 3, 1512
3, 181, 1, 963, 3, 1306, 2, 1383
1, 154, 2, 360, 2, 1196, 2, 1242
2, 483
2, 77, 1, 310, 2, 533, 1, 1392
2, 748, 1, 1270, 2, 1303
1, 194, 3, 311, 1, 544
2, 538, 1, 610, 1, 854
2, 15, 2, 72, 1, 182, 1, 265, 2, 764
1, 2, 1, 302, 1, 335, 1, 924, 2, 1024
2, 379, 2, 1055, 2, 1211
1, 79, 2, 375, 2, 1017, 2, 1155, 1, 1177, 2, 1221, 2, 1437
2, 212, 2, 275, 1, 934, 1, 1471
1, 243, 2, 809, 2, 1091, 1, 1231
1, 56, 1, 209, 1, 255, 2, 366, 2, 965, 1, 1331
1, 282, 2, 842, 2, 942, 2, 1064, 2, 1364, 2, 1485
3, 22, 1, 293, 1, 309, 1, 542, 1, 632, 3, 948, 1, 1118
2, 86, 2, 107, 1, 490, 2, 513, 1, 1255
2, 180, 2, 623, 2, 879, 2, 1228, 2, 1265
1, 340, 2, 556
2, 221, 2, 443, 2, 743, 2, 759, 1, 830, 2, 1302, 1, 1446
1, 826, 1, 886, 2, 1003
2, 726, 1, 1302, 1, 1545
1, 281, 1, 763
2, 327, 3, 377, 3, 653, 1, 942
2, 603, 2, 623, 2, 959
1, 218, 3, 927, 3, 1449, 3, 1493
1, 28, 1, 88, 2, 277, 1, 777
2, 1003, 3, 1380
2, 78, 2, 627
1, 151, 1, 444, 2, 877, 2, 1087, 1, 1130, 2, 1413, 1, 1553
2, 42, 2, 1123
2, 302, 2, 712, 1, 1095, 2, 1118
2, 42, 1, 279, 1, 1101
3, 180, 2, 1135
2, 741
1, 1305, 2, 1361, 2, 1471, 2, 1555
1, 213, 2, 1028
3, 619, 3, 772, 1, 818, 3, 955, 2, 1322, 3, 1501
3, 749, 3, 953, 3, 1048, 2, 1082, 3, 1098, 2, 1198
2, 60, 1, 316, 1, 693, 2, 799, 2, 803, 1, 1182
1, 443, 1, 726, 2, 1435
2, 449, 1, 659, 3, 666, 2, 959, 2, 1109
1, 157, 2, 397, 2, 806, 1, 1189, 2, 1199, 1, 1212
2, 407, 1, 451, 1, 733, 2, 1322
2, 1039, 1, 1249
2, 444, 2, 587, 1, 687, 2, 920, 2, 1143, 1, 1459, 1, 1529
2, 144, 1, 381, 1, 1203
1, 281, 1, 1236
1, 843, 2, 1047
1, 354, 2, 597, 2, 830, 1, 1053, 1, 1369, 2, 1440
1, 545, 1, 1554
1, 18, 2, 74, 2, 1049, 2, 1239
1, 806, 2, 973, 2, 1056, 2, 1276
2, 321, 2, 697, 1, 710, 2, 1526
1, 431, 2, 547
1, 82, 2, 194, 2, 271, 1, 664
2, 5, 3, 814, 1, 980, 3, 1063
2, 231, 2, 1119
1, 448, 1, 864, 1, 1047, 2, 1323, 1, 1413
3, 29, 3, 368, 2, 684, 2, 1316
2, 351, 2, 828, 2, 1050
2, 68, 1, 152, 2, 784, 2, 821
1, 13, 2, 456, 1, 712, 1, 1061
1, 683, 1, 732, 2, 832, 1, 1527
1, 230, 2, 334, 1, 484, 1, 1339, 1, 1426, 1, 1476
2, 447
3, 480, 2, 524
1, 97, 3, 114, 3, 241, 3, 850, 1, 1166
1, 142, 2, 468, 1, 757
2, 412, 1, 711, 1, 1333, 2, 1433
1, 33, 1, 1264, 2, 1308
1, 549, 1, 848, 1, 898, 2, 998
2, 732, 2, 782, 1, 1058, 2, 1198, 1, 1347
1, 332, 1, 988, 1, 1208, 1, 1297
2, 60, 2, 1041, 1, 1447
2, 279, 1, 762
1, 652, 3, 739, 1, 789, 2, 1355
2, 602, 2, 939, 2, 1371
2, 119, 1, 207, 2, 673, 2, 829, 1, 1394
2, 772, 1, 1352, 2, 1462, 2, 1545
1, 312, 2, 1088, 1, 1333
1, 486, 2, 492, 1, 642, 1, 935, 2, 1164, 1, 1208, 1, 1491
2, 22, 2, 632, 1, 659, 1, 975, 2, 1247, 1, 1518
1, 232, 1, 1108, 1, 1197
2, 767, 1, 1237, 2, 1443
1, 52, 1, 268
2, 30, 2, 639, 1, 666, 1, 982, 1, 1111, 2, 1255
1, 240, 1, 895, 1, 1115, 1, 1205
2, 63, 1, 379, 2, 550, 2, 1011, 2, 1531
2, 143, 1, 1158, 2, 1229
2, 576, 1, 863, 2, 1418
2, 54, 1, 310, 1, 426, 1, 659, 1, 663, 2, 697, 1, 1169
2, 151, 2, 394, 1, 627, 1, 850, 2, 1106, 2, 1356
1, 1099, 2, 1436
1, 667, 3, 1176
2, 157, 2, 733, 1, 1526
1, 194, 2, 1270, 3, 1293
2, 321, 1, 1463
2, 125, 2, 425, 1, 458, 1, 487, 1, 1047, 2, 1147
2, 165, 2, 741, 1, 1533
2, 864, 2, 1300, 1, 1346
1, 1373
1, 38, 2, 52, 1, 708, 2, 780, 1, 1054, 1, 1181
2, 152, 1, 678, 1, 755, 1, 1148, 1, 1354, 2, 1510
1, 1401
1, 502, 2, 918
2, 26, 1, 59, 2, 1062, 1, 1162
1, 253, 1, 525, 1, 808, 2, 895, 2, 1361, 2, 1517
1, 329, 3, 579, 1, 1078
1, 612, 1, 1471
2, 316, 1, 323, 1, 477, 2, 660, 1, 1026, 2, 1092
1, 832, 2, 1442
3, 493, 3, 506, 3, 516, 3, 672, 2, 755, 3, 976
1, 160, 2, 249, 3, 353, 2, 676, 2, 842, 1, 852, 3, 1258
2, 97, 2, 251, 1, 296, 1, 407, 1, 490, 1, 1006, 1, 1372
1, 227
1, 627, 2, 847, 2, 1363, 3, 1529, 2, 1540
2, 980, 1, 1013, 1, 1030, 1, 1130
1, 194, 1, 210, 1, 281, 1, 897
1, 138
3, 537, 2, 757, 2, 1273, 1, 1440
1, 118, 2, 751, 1, 1021, 2, 1037, 1, 1360, 2, 1433
1, 717, 1, 921, 1, 1233, 2, 1337
1, 305, 1, 351, 2, 854
1, 222, 1, 378, 1, 578, 1, 767, 1, 1104, 1, 1160
1, 808, 2, 1351, 2, 1413
3, 99, 1, 225, 1, 1035, 2, 1068, 1, 1407
2, 192, 2, 259, 1, 398, 2, 968, 1, 1168, 2, 1280, 1, 1534
1, 472, 1, 522, 1, 799, 2, 815, 2, 1088
1, 73, 2, 489, 2, 949, 1, 1038
1, 761, 2, 1365
1, 139, 2, 506, 2, 528, 1, 572, 2, 782, 2, 788
2, 409, 1, 447, 1, 696, 1, 796, 2, 1218, 1, 1252
1, 514, 2, 570, 1, 591, 2, 753, 1, 997, 1, 1546
2, 128, 1, 983, 3, 999, 2, 1070, 2, 1120, 2, 1432, 1, 1536
1, 500, 2, 1010
2, 1359, 2, 1548
1, 125, 1, 420, 3, 1063, 3, 1200, 1, 1223, 3, 1267, 1, 1483
2, 70, 2, 486, 2, 946, 1, 1035
1, 1172, 2, 1362
1, 137, 2, 503, 1, 569, 2, 779, 2, 786, 2, 939
1, 444, 1, 693, 1, 793, 2, 820, 2, 1215, 1, 1249
2, 186, 2, 748, 1, 1274
2, 126, 1, 515, 2, 775
2, 9, 2, 169, 2, 864, 2, 1001, 2, 1417
2, 1525
1, 673, 3, 1183
1, 577, 2, 740, 2, 1532
2, 201, 1, 311, 1, 394, 1, 1276, 2, 1299
2, 367, 1, 706, 1, 1083
2, 75, 1, 271, 1, 304, 1, 331, 1, 447, 1, 680, 2, 1190
1, 85, 1, 1463
1, 195, 2, 335, 2, 1476
1, 139, 2, 501, 1, 1160
3, 222, 2, 251, 2, 372, 2, 894, 2, 938, 1, 1221
2, 495, 2, 728, 1, 1304, 2, 1364, 1, 1470, 1, 1553
1, 76, 2, 153, 1, 352, 1, 442, 1, 508, 2, 1451
1, 248, 1, 485, 2, 519, 1, 535
1, 282, 1, 298, 2, 369, 1, 419, 2, 841, 1, 985
2, 67, 2, 722, 1, 1105, 2, 1221, 1, 1458
1, 108, 1, 218, 2, 1184, 1, 1206
2, 432
1, 39, 1, 338, 1, 372, 1, 960, 2, 1060
1, 116, 2, 272, 1, 471, 1, 998, 1, 1054
1, 228, 2, 478, 3, 977
2, 379, 2, 462, 2, 718, 1, 1095, 1, 1104, 3, 1108, 1, 1487
2, 479, 2, 591, 2, 668, 1, 1061, 2, 1245, 2, 1488
1, 269, 1, 595, 1, 612, 1, 885
1, 223
1, 622, 1, 842, 1, 1358, 2, 1525, 1, 1535
2, 393, 2, 443, 1, 543
2, 206, 1, 276, 1, 749, 2, 1225, 1, 1448
2, 236, 1, 1006
3, 313, 2, 756, 3, 1012, 2, 1362, 2, 1399
1, 473, 2, 690
2, 480
1, 197, 2, 334, 2, 646, 2, 750
2, 398, 2, 581
2, 321, 2, 471, 2, 764, 2, 993, 1, 1036, 1, 1319
1, 427, 2, 593, 1, 677, 1, 1176
2, 1147, 1, 1402
1, 477, 2, 660, 2, 1026, 1, 1034
1, 404, 1, 593, 1, 1097, 1, 1169, 2, 1413
1, 763, 1, 1239
2, 158, 2, 541, 1, 1306
1, 308, 1, 767, 2, 857
2, 380
2, 31, 2, 201, 2, 663, 1, 934, 3, 950, 2, 1273
1, 99, 1, 727, 1, 931, 1, 1347
2, 390, 1, 646, 2, 995, 1, 1505
1, 714, 1, 764, 2, 863, 1, 1558
2, 510, 2, 597, 2, 1213
2, 454, 2, 753, 1, 1375, 2, 1475
2, 626, 1, 670, 2, 953
2, 307, 1, 357
2, 158, 1, 324, 2, 407
2, 58, 1, 62, 1, 441, 2, 451, 2, 877
2, 179, 2, 229, 1, 739, 2, 768, 2, 1411, 1, 1438, 1, 1454
2, 165, 1, 225, 2, 914
3, 65, 2, 471, 1, 1214
3, 675, 2, 764
2, 187, 2, 482, 2, 1418, 2, 1462
1, 60, 2, 449, 2, 492, 3, 709
2, 200, 1, 829, 2, 849, 1, 1232, 2, 1449
1, 942, 2, 1058, 1, 1295
2, 237, 2, 870, 1, 1140, 2, 1157, 1, 1479, 2, 1552
2, 836, 1, 1040, 1, 1352, 2, 1456
3, 95, 2, 108, 1, 274, 1, 1104, 1, 1150, 2, 1343
1, 341, 2, 983, 2, 1187, 2, 1283, 2, 1403, 2, 1433
1, 211, 1, 295, 2, 551, 1, 927, 1, 1037
2, 395, 1, 507, 1, 584, 1, 977, 1, 1160, 2, 1404
1, 185, 1, 511, 1, 528, 1, 800
1, 41, 2, 201, 1, 384, 1, 461, 2, 661, 2, 751, 2, 817
2, 382, 2, 592, 2, 598, 1, 891, 2, 1041
2, 815, 1, 1219
2, 43, 2, 703, 1, 825, 1, 832, 2, 1169
2, 29, 2, 578, 1, 1161, 1, 1182, 1, 1344
2, 173, 2, 395, 2, 695, 2, 712, 1, 782, 2, 1254, 1, 1398
2, 76, 1, 309, 2, 819, 2, 1458, 1, 1518
2, 327, 2, 970, 2, 1130, 1, 1173, 2, 1390, 1, 1419
2, 198, 2, 281, 2, 537, 2, 787, 1, 913
1, 267, 2, 976, 2, 1499, 2, 1542
1, 140, 2, 573, 2, 789, 2, 943
2, 184, 3, 833, 2, 1216, 2, 1226, 3, 1432
2, 82, 2, 691, 1, 725, 1, 752, 1, 868, 1, 1101, 2, 1197
3, 228, 3, 684, 3, 1037, 3, 1204, 2, 1287
1, 145, 2, 704, 1, 804, 2, 927, 2, 933, 1, 1227
1, 252, 1, 405, 1, 494, 2, 567, 2, 811, 2, 1443
3, 15, 2, 153, 2, 465, 2, 569
2, 313, 1, 496
2, 237, 2, 386, 1, 680, 2, 908, 3, 952, 2, 1235
2, 1387, 2, 1471
1, 23, 2, 1304
2, 299, 1, 888, 2, 1015
2, 103, 2, 415, 2, 625, 1, 668, 2, 885, 2, 951, 1, 1091
2, 1314, 1, 1443
1, 355, 1, 428, 1, 731, 2, 837, 2, 1160, 2, 1243
2, 862, 2, 1001, 2, 1157
2, 269
2, 163, 1, 220, 1, 330, 1, 413, 2, 912, 2, 1295
1, 53, 1, 1488
2, 835, 1, 952, 1, 1189
2, 160, 1, 409, 1, 499, 3, 572, 2, 815, 2, 1448
2, 60, 2, 476, 2, 1481
1, 61, 2, 67, 1, 221, 2, 404, 2, 837
2, 41, 1, 591, 2, 674, 1, 780, 1, 1283, 2, 1356
1, 707, 2, 996
1, 14, 2, 141, 2, 289, 1, 984, 2, 1323
2, 222, 2, 788, 3, 1071, 1, 1211
1, 35, 1, 189, 1, 235, 2, 345, 2, 944, 1, 1310
1, 137, 1, 237, 2, 360, 2, 659
3, 14, 2, 297, 3, 593, 3, 1529
1, 171, 1, 560, 2, 603, 3, 820
1, 783, 1, 1093
2, 50, 1, 473, 2, 1509
3, 256, 2, 699, 3, 955, 2, 1305, 2, 1342
1, 417, 2, 633
2, 394, 2, 617
1, 71, 1, 448, 2, 554, 2, 558, 1, 947, 2, 1351, 1, 1373
1, 21, 2, 358, 2, 415, 2, 598, 1, 1034, 1, 1390
2, 508, 1, 1180, 2, 1523
2, 134, 2, 234, 1, 261, 2, 771, 1, 1070, 2, 1104, 1, 1133
2, 338, 2, 654, 1, 1287
2, 151, 2, 960, 2, 1020, 2, 1127, 1, 1210
1, 233, 1, 693, 2, 782
2, 306
3, 127, 3, 589, 3, 859, 3, 1199, 1, 1515
2, 719, 1, 736, 1, 807, 3, 857, 2, 1273, 1, 1422
2, 4, 1, 241, 1, 1063
1, 1096
1, 8, 2, 703, 2, 907, 2, 1416, 1, 1449, 2, 1466
1, 88, 2, 111, 1, 367, 2, 744, 2, 850, 1, 854
1, 72, 2, 128, 1, 194, 1, 748, 2, 904, 2, 1470
2, 51, 2, 318, 2, 381, 2, 1017
1, 2, 1, 36, 2, 624, 1, 724
2, 458, 1, 502, 1, 784, 2, 924, 1, 1373, 2, 1494
1, 142
1, 269, 2, 638, 1, 1483
2, 179, 1, 212, 1, 655, 1, 1214, 2, 1314, 2, 1437
1, 312, 2, 395, 1, 915, 1, 1004, 1, 1321, 2, 1491
2, 646
2, 219, 1, 280, 2, 303, 3, 935, 2, 972, 1, 1045, 2, 1455
1, 942
1, 499, 2, 736, 1, 770, 2, 786, 2, 886, 1, 1109
2, 73, 2, 77, 3, 466, 2, 870, 2, 982
3, 50, 1, 560, 2, 1003, 2, 1232, 2, 1259, 3, 1375
2, 750, 1, 763, 1, 773, 2, 929, 1, 1013, 2, 1233, 2, 1512
1, 397, 1, 813, 1, 996, 1, 1073, 1, 1273, 2, 1362
2, 621, 2, 920, 1, 954, 1, 970, 2, 1070
2, 22, 1, 854, 2, 1053, 2, 1064, 1, 1270
1, 238, 2, 415, 1, 1060
1, 235, 2, 811, 1, 1190
2, 934, 1, 957, 2, 1417
2, 85, 1, 302, 2, 612, 2, 1240, 1, 1261, 1, 1444
1, 636, 2, 824, 2, 1079
2, 120, 2, 1068, 1, 1339
2, 41, 2, 297, 1, 541, 1, 774, 1, 996, 2, 1312, 1, 1350
1, 178, 2, 667, 1, 1543
1, 211, 2, 401, 1, 738, 1, 794, 2, 977, 1, 1220
1, 880, 3, 1223
2, 8, 2, 264, 3, 640, 2, 751
1, 374, 2, 491
1, 25, 2, 137, 2, 214, 2, 607
2, 31, 2, 530, 1, 1339, 2, 1396, 2, 1506
1, 196, 1, 613, 1, 796, 1, 872, 1, 1072, 1, 1162
2, 1003, 3, 1302, 2, 1336, 1, 1352, 2, 1452
1, 94, 2, 404, 1, 1032, 1, 1236, 2, 1436
3, 267, 3, 383, 1, 620, 2, 1442
2, 97, 2, 334, 1, 368, 1, 384, 2, 707
1, 131, 1, 834
1, 407, 1, 746, 2, 1123
1, 214, 1, 1449
2, 548, 2, 1127, 1, 1283
1, 1187
1, 28, 1, 248, 1, 527, 1, 1336, 1, 1397, 1, 1503
2, 11, 1, 82, 2, 88, 2, 444, 1, 1386
1, 63, 1, 612, 2, 695, 1, 801, 1, 1304, 2, 1377
2, 452, 1, 728, 2, 1017
2, 96, 1, 205, 2, 452, 1, 732, 2, 809, 2, 1111, 1, 1202, 2, 1214, 2, 1234, 1, 1385, 2, 1533
1, 322, 2, 339, 1, 409, 1, 1025
1, 266, 2, 1042
2, 349, 2, 792, 2, 1048, 3, 1164, 3, 1397, 2, 1435
1, 540, 2, 563
2, 57, 1, 912, 3, 929, 3, 999, 2, 1049, 2, 1361, 1, 1465
2, 454, 1, 897, 2, 1125, 1, 1169, 1, 1502
2, 570, 2, 830, 2, 1325
3, 643, 2, 919, 3, 1209
1, 327, 2, 1163
2, 124, 1, 1360
2, 623, 2, 1193, 2, 1505
2, 357, 2, 723, 2, 790, 2, 1000, 2, 1006, 1, 1160, 1, 1206
2, 431, 2, 854
2, 132, 1, 953
1, 631, 2, 787, 2, 1513
2, 365, 3, 731, 1, 754, 2, 797, 3, 1007, 2, 1014, 1, 1213
2, 362, 2, 1021, 1, 1144, 1, 1150, 2, 1444
2, 19, 1, 545, 1, 601, 2, 622, 1, 784, 2, 1028
1, 135, 1, 152, 1, 223, 1, 838
3, 880, 3, 1203, 2, 1369, 2, 1380
4, 618, 3, 822, 4, 917, 3, 967, 3, 1067
5, 185, 4, 562, 4, 672, 5, 1487
3, 504, 5, 1147, 4, 1190
3, 221, 3, 431, 4, 437, 2, 880
3, 71, 3, 481, 3, 864, 3, 874, 2, 887, 2, 1556
3, 46, 4, 135, 4, 439, 3, 451, 3, 622, 4, 1000, 4, 1084
3, 551, 4, 588, 2, 838, 2, 938, 2, 1061, 4, 1360, 2, 1394
3, 502, 2, 1197
3, 166, 3, 236, 3, 708, 2, 1185, 3, 1407
4, 299, 3, 492, 3, 815, 4, 981
2, 432, 2, 465, 2, 482
3, 412, 4, 462, 3, 739, 3, 756, 3, 1028, 3, 1299
3, 766, 3, 795
3, 250, 4, 566
3, 446, 4, 928, 4, 1039, 3, 1122
3, 666, 2, 1095
3, 482, 4, 1218, 2, 1384, 3, 1395
2, 536, 3, 835, 3, 885, 3, 985
3, 565, 3, 968, 3, 1185, 3, 1495
4, 149, 3, 153, 2, 658, 2, 1357, 3, 1474
3, 849, 5, 872, 3, 1332
2, 1155
3, 529, 3, 629, 2, 1465, 3, 1498
3, 566, 3, 622, 3, 1242, 3, 1398
4, 740, 2, 1549
2, 1162
5, 536, 5, 636, 2, 1472, 5, 1506
3, 160, 3, 630, 3, 836, 3, 1406
2, 54, 3, 181, 3, 310, 3, 553, 3, 786, 2, 1362, 3, 1422
3, 24, 5, 317, 3, 960, 2, 1004, 5, 1287, 5, 1432
3, 340, 3, 357, 2, 427, 3, 477, 3, 900, 3, 1043
4, 458, 5, 464, 3, 614, 3, 907, 3, 1180, 3, 1463, 5, 1550
3, 864, 3, 1067, 3, 1267, 3, 1380, 3, 1483
2, 71, 3, 957, 3, 1400
2, 368, 3, 1011, 4, 1214, 3, 1310, 4, 1431, 3, 1460
4, 206, 2, 268, 3, 927, 3, 1464
4, 339, 3, 451, 2, 528, 2, 921, 3, 1104
2, 129, 3, 455, 3, 744
3, 81, 3, 864, 4, 1207, 4, 1284
3, 341, 4, 747, 5, 918, 4, 1296
3, 414, 3, 558, 3, 891, 4, 1429, 3, 1500
3, 295, 4, 1031, 3, 1198
3, 412, 2, 682, 2, 1021, 3, 1094, 3, 1337
3, 378, 3, 894, 4, 998
4, 549, 3, 595, 3, 1098, 4, 1277
4, 53, 3, 1002
2, 675, 3, 841, 4, 925, 2, 1145
4, 342, 3, 1278, 4, 1311
3, 176, 3, 1062, 5, 1091
2, 375, 3, 808, 3, 1018, 5, 1024, 4, 1318, 4, 1468
3, 17, 4, 373, 3, 1032, 4, 1155, 3, 1454
2, 113, 3, 350, 3, 383, 3, 400, 4, 722, 3, 1038
3, 653, 4, 690, 4, 1481, 2, 1495
3, 773
2, 37, 2, 640, 3, 803
4, 471, 2, 554
4, 700, 3, 804
3, 194, 4, 970, 2, 1216
3, 271, 2, 427, 3, 993, 3, 1153, 3, 1276
2, 417, 3, 444, 3, 760, 3, 1303, 2, 1366
4, 232, 2, 914
5, 259, 3, 459, 3, 571, 4, 1041, 3, 1247
3, 249, 4, 299, 3, 575, 3, 592, 3, 721, 4, 864
4, 285, 3, 728
4, 86, 3, 1328
4, 379, 3, 862, 3, 972
4, 296, 3, 706, 3, 1088, 4, 1111
3, 219, 2, 269, 4, 306, 2, 778, 3, 928, 4, 1221, 4, 1494
2, 337, 3, 1341, 3, 1479
2, 70, 3, 1292, 2, 1445
2, 160, 4, 349, 3, 686, 3, 742, 3, 925, 2, 1169, 2, 1362
3, 617, 4, 650, 2, 733, 3, 989, 4, 1239, 3, 1366, 2, 1476
3, 357, 2, 656, 3, 706, 3, 806
2, 800, 3, 1006, 2, 1316
3, 140, 4, 557, 4, 1016, 3, 1106
5, 233, 3, 470, 3, 503, 5, 520, 3, 842
3, 199, 2, 220, 2, 603, 4, 626, 3, 1368
2, 287, 4, 443, 5, 1009, 5, 1169, 2, 1225, 5, 1291
3, 856, 3, 993, 3, 1305, 4, 1409, 3, 1559
5, 24, 4, 373
4, 58, 3, 561, 3, 634, 3, 877, 3, 1366, 3, 1510
3, 404, 4, 408, 4, 1223, 4, 1479
2, 890, 3, 920
4, 375, 5, 691, 4, 1323
3, 187, 3, 420, 3, 1057, 3, 1373, 3, 1502
2, 45, 3, 135, 3, 561, 3, 728, 3, 1383
2, 1227, 4, 1437
4, 62, 4, 534, 2, 678, 3, 1010, 3, 1533, 3, 1549
3, 2, 4, 445, 3, 1050, 3, 1087
2, 475, 4, 1384
3, 565, 3, 581, 3, 652, 3, 702, 4, 1268
3, 82, 4, 1230, 4, 1291, 2, 1407
4, 548, 2, 752, 4, 968, 2, 997
3, 1088
4, 462, 3, 1398, 4, 1431
2, 296, 3, 339, 3, 1182, 3, 1211
4, 495, 3, 861, 2, 1298, 2, 1344, 3, 1454
4, 375, 4, 798
2, 252
3, 436, 3, 731
3, 741, 3, 951, 3, 958, 4, 1251, 2, 1301, 2, 1401
2, 209, 3, 768, 3, 868, 2, 991, 3, 997, 3, 1291
4, 283, 4, 333
3, 133, 3, 882
2, 13, 3, 416, 3, 1178
4, 229, 3, 520, 4, 842, 4, 911
2, 459, 2, 493, 2, 509
4, 343, 4, 393, 3, 669, 3, 686, 3, 959, 3, 1229
3, 211, 3, 240, 2, 361, 2, 883, 3, 926, 3, 1209
3, 350, 4, 400, 3, 677, 3, 693, 3, 823, 3, 966
4, 290, 4, 733
4, 187, 2, 1429
3, 481, 4, 963, 4, 1073
4, 397, 3, 807, 3, 1190, 3, 1213
3, 370
3, 198, 4, 254, 3, 275, 2, 874, 4, 1230
3, 588, 2, 1460, 3, 1530
3, 850
3, 35, 3, 228, 3, 717
3, 451, 2, 1027
2, 29, 2, 784
3, 51, 3, 378, 4, 667
3, 68, 3, 251, 2, 322, 2, 328, 2, 617, 2, 684
3, 1030, 3, 1240
3, 191, 3, 208, 3, 337, 3, 481, 2, 813, 3, 1423, 4, 1473
3, 680, 2, 1150, 3, 1217, 2, 1356, 2, 1512
2, 1403
2, 301, 3, 921, 3, 1231
3, 55, 4, 471, 3, 931, 3, 1021
2, 827, 4, 1437
2, 971, 4, 1081, 4, 1164
2, 15, 3, 392, 3, 498, 4, 502, 4, 1234, 3, 1317
3, 469, 3, 542, 3, 785, 3, 1274, 4, 1417, 4, 1523
4, 169, 2, 252, 3, 508, 2, 885, 3, 991, 4, 995
3, 555, 2, 1132
2, 123, 2, 133, 3, 179, 3, 289, 3, 372, 3, 888, 3, 1254
3, 211, 2, 254, 4, 537, 4, 774, 4, 833
5, 247, 5, 491, 2, 724, 4, 946, 4, 1263, 3, 1333
3, 414, 3, 530, 3, 763, 2, 1273
4, 188, 4, 1326, 2, 1530
3, 211, 4, 278, 3, 415, 2, 727, 3, 831
3, 305, 3, 748, 2, 977, 3, 1021, 2, 1353
4, 1438, 3, 1521
3, 6, 3, 212, 3, 522, 4, 1171, 2, 1175, 3, 1554
3, 562, 2, 1238
2, 56, 3, 506
3, 239, 3, 266, 4, 583, 5, 712, 3, 1188
3, 592, 3, 813, 3, 1329, 4, 1495
4, 946, 2, 979, 3, 996, 3, 1096
2, 47, 4, 676, 2, 879, 3, 1295
2, 27, 2, 264, 3, 1085
5, 350, 3, 667, 5, 1299
2, 334, 4, 577, 2, 810, 3, 1033, 3, 1349, 3, 1420
5, 500, 2, 617, 2, 850
4, 57, 3, 90, 2, 107, 4, 234
4, 88, 3, 364, 3, 504, 2, 814
4, 708, 4, 1030, 4, 1196
3, 144, 3, 192, 4, 1433, 3, 1506, 3, 1559
3, 101, 3, 111, 3, 124, 3, 317, 4, 627, 4, 866, 4, 1276
3, 321, 3, 930, 2, 1246, 2, 1320
3, 354, 3, 371, 3, 441, 3, 491, 2, 1057
3, 1080, 2, 1196, 4, 1429, 4, 1433
4, 302, 2, 531, 3, 669, 4, 692, 3, 735, 3, 952
3, 305, 4, 311, 4, 465, 3, 648, 3, 1014, 4, 1081
3, 345, 3, 548, 4, 765, 3, 1260
4, 492, 4, 496, 3, 875, 4, 1311
3, 469
3, 352, 2, 558, 3, 1328, 4, 1440, 3, 1517
3, 1461
3, 1367, 3, 1378
4, 126, 3, 192, 3, 1134, 2, 1318, 4, 1394
2, 300
2, 117, 3, 173, 3, 283, 3, 366, 5, 882, 3, 1248, 2, 1271
3, 90, 4, 406, 3, 789, 4, 905, 3, 1138, 3, 1142
4, 353, 3, 707, 3, 956, 3, 1455
5, 60, 4, 596, 4, 603, 4, 757, 4, 896, 3, 940, 3, 1372
2, 773, 3, 796, 4, 952, 3, 1256, 4, 1551
3, 339, 2, 410, 4, 416, 2, 709, 3, 772, 4, 1431
3, 239, 2, 449, 3, 749, 3, 899
2, 90, 3, 499, 4, 882, 3, 892, 2, 1408
4, 197, 2, 241, 5, 523, 4, 663, 4, 819
4, 137, 4, 380, 3, 613, 4, 836, 3, 1152, 2, 1222
3, 303, 2, 420, 3, 653, 2, 1162
3, 78, 4, 1216, 2, 1419
3, 167, 4, 304, 2, 617, 3, 720
3, 510, 5, 999
2, 188, 3, 1070
2, 151, 3, 354, 3, 600
3, 481, 3, 757, 3, 1046
3, 447, 4, 630, 3, 707, 3, 1063
3, 268, 2, 341, 3, 585, 4, 1217, 4, 1323
3, 142, 2, 791, 3, 974, 4, 1173, 3, 1184, 3, 1390
4, 334
2, 811, 4, 1420
2, 954, 4, 1064, 4, 1148
3, 278, 2, 315, 4, 388, 3, 798, 4, 1121, 3, 1204
2, 113, 2, 363, 3, 452, 3, 525, 3, 768, 4, 1401
3, 974, 3, 978
2, 26, 2, 163, 4, 219, 3, 529, 3, 708, 2, 1538
3, 95, 4, 875, 3, 898, 2, 1054, 4, 1357
4, 654, 2, 1191, 5, 1491
3, 178, 2, 388, 2, 432, 3, 715, 4, 854, 3, 1424
3, 569, 2, 1511
5, 109, 3, 142, 3, 1145, 4, 1271
2, 42, 3, 768, 2, 1238, 4, 1305, 2, 1444
3, 1394
2, 389, 3, 1009, 3, 1319
4, 143, 4, 559, 3, 1019, 3, 1109
3, 915, 4, 1525
2, 1059, 4, 1169, 3, 1252
2, 103, 4, 480, 3, 586, 4, 590, 4, 1322, 3, 1405
4, 53, 3, 557, 3, 630, 3, 873, 3, 1362, 4, 1505
3, 257, 3, 340, 2, 596, 3, 846, 3, 973, 4, 1079, 4, 1083
3, 632, 3, 842, 3, 1142, 3, 1175, 4, 1192, 3, 1292
3, 659, 4, 759, 2, 1181, 3, 1215
3, 283, 4, 753, 3, 959, 3, 1115
2, 24, 4, 274
4, 307, 3, 833, 3, 1462
3, 623
4, 440, 3, 1046, 2, 1083, 3, 1555
2, 374, 3, 1283
3, 463, 3, 480, 3, 550, 3, 600, 4, 1166
3, 78, 4, 1226, 4, 1286, 2, 1403
3, 544, 2, 747, 4, 964, 2, 993
3, 111, 3, 487, 4, 593, 2, 597, 4, 976, 3, 987, 4, 1413
5, 52, 4, 661, 4, 1433, 5, 1466, 4, 1483
4, 8, 2, 19, 3, 1183
3, 235, 4, 917
5, 48, 4, 574, 3, 1044, 5, 1250, 5, 1406
4, 44, 4, 1059, 3, 1130
2, 398, 2, 1058, 3, 1181, 2, 1187, 3, 1480
2, 139, 4, 409, 3, 748, 2, 1064
3, 356, 3, 972
3, 512, 3, 545, 3, 1134, 3, 1261
2, 290, 2, 446, 3, 1172, 2, 1228, 4, 1294
3, 778, 2, 1321, 2, 1384
3, 344, 2, 966
2, 766, 3, 826, 3, 943
3, 84, 2, 383, 3, 417, 2, 433, 2, 533, 2, 560, 3, 1170
3, 220, 3, 996, 2, 1559
2, 91, 3, 158, 2, 297, 3, 453, 4, 1179, 3, 1433
3, 770, 3, 907, 3, 1323, 3, 1473
2, 54, 2, 291, 3, 458, 3, 1113, 4, 1333, 4, 1496
3, 22, 3, 105, 2, 605, 3, 1414, 3, 1470
3, 89, 4, 455, 2, 521, 4, 1310, 2, 1464, 2, 1509
3, 19, 3, 42, 4, 302, 3, 502, 2, 797, 2, 1547
3, 342, 2, 698
3, 419, 3, 448, 3, 568, 2, 1091, 2, 1134, 2, 1417, 4, 1557
4, 608, 3, 818, 3, 1024, 4, 1334
3, 134, 4, 871, 3, 931, 2, 1047, 2, 1280
2, 1104, 4, 1493
3, 371, 2, 987
4, 5, 2, 105, 3, 228, 4, 528, 4, 561, 2, 1276
2, 365, 3, 665, 2, 841, 3, 1078, 4, 1111, 2, 1128, 4, 1228
3, 133, 4, 915
2, 489, 3, 998
5, 482, 5, 555, 5, 799, 3, 1288, 3, 1304, 3, 1351, 3, 1431
3, 247, 3, 869
3, 669, 3, 846
2, 380, 5, 569, 5, 962
4, 136, 3, 193, 4, 197, 3, 303, 5, 386, 4, 885
3, 1524
3, 516, 2, 559, 4, 988, 3, 1431
3, 6, 4, 116, 3, 199, 3, 715, 2, 1081, 4, 1104
3, 183, 3, 336, 3, 459, 2, 549, 3, 1142, 3, 1558
3, 113, 3, 136, 3, 1305
3, 26, 4, 30, 3, 419, 2, 823, 4, 935
3, 796, 3, 840, 2, 1123
2, 81, 3, 285, 4, 501
3, 411, 4, 621, 2, 688, 2, 827, 2, 1137
4, 155, 3, 205, 3, 715, 4, 744, 3, 1386, 3, 1430
4, 245, 3, 854, 3, 1197, 4, 1326
4, 1228
3, 385, 3, 446, 2, 562, 3, 795, 4, 891, 4, 1334
4, 1411
3, 136, 3, 352, 3, 502, 3, 662, 2, 1290, 3, 1357, 3, 1494
2, 78
4, 660, 4, 1374, 3, 1407, 5, 1424, 4, 1524
2, 228, 2, 477, 2, 604, 3, 710, 4, 714, 3, 1447, 3, 1530
3, 1486
3, 608
2, 219, 3, 591, 3, 762, 4, 824, 3, 1434, 2, 1461
2, 229, 3, 928, 4, 1045, 3, 1277
3, 185, 4, 192, 2, 1533
2, 516, 3, 695, 2, 726, 2, 932, 2, 1241
4, 260, 3, 310, 2, 405, 3, 555, 4, 848, 2, 1491, 2, 1535
3, 871
2, 305, 3, 343, 3, 416, 3, 1231
2, 153, 4, 436, 3, 523, 4, 1145, 2, 1438
3, 706, 3, 1515
2, 240, 3, 1395
4, 7, 4, 53, 3, 190, 2, 556, 2, 623, 4, 1411
4, 122, 4, 925, 4, 969, 3, 1185
3, 76, 2, 332, 3, 709, 3, 815, 4, 819, 4, 1551
4, 282
4, 1558
2, 16, 3, 99, 3, 599, 3, 981, 3, 1408, 2, 1464
4, 236, 3, 456, 3, 546, 2, 972, 2, 1033, 3, 1139, 2, 1149
3, 86, 2, 1189, 2, 1422
4, 107, 2, 207, 4, 330, 3, 629, 3, 662, 2, 1378
4, 466, 3, 670, 3, 943, 4, 1180, 5, 1213, 2, 1230, 5, 1329
3, 138, 4, 920
4, 493, 4, 1003
3, 657
2, 223, 4, 705
3, 416, 4, 626, 2, 692, 2, 832, 2, 1141
4, 160, 3, 210, 3, 719, 4, 748, 3, 1391, 3, 1435
4, 13, 4, 346, 3, 956, 2, 1299, 5, 1428
4, 390, 3, 450, 3, 556, 3, 567, 4, 800, 4, 895, 3, 1212
3, 141, 4, 1223
3, 135, 3, 208, 3, 1023
4, 181, 3, 185, 3, 690, 2, 1389, 2, 1506
3, 784, 5, 807, 3, 1267
3, 32, 3, 1187
4, 349, 2, 415, 3, 1204, 2, 1357, 2, 1403, 2, 1540
3, 99, 3, 299, 2, 594, 3, 1374, 2, 1397, 3, 1441
3, 138, 3, 494
3, 312, 3, 342, 2, 462, 2, 984, 2, 1028, 3, 1311
2, 452, 3, 502, 3, 778, 3, 795, 3, 924, 3, 1068
3, 392, 3, 835
4, 289, 3, 921, 3, 1531
4, 200, 4, 433, 5, 655, 3, 971, 4, 1514
2, 50, 3, 476, 3, 643, 2, 1298, 2, 1518
3, 938, 2, 1142
3, 449, 3, 855, 4, 925, 3, 1464, 3, 1471
4, 42, 2, 52, 3, 1111, 3, 1434, 4, 1494
2, 109, 3, 889, 4, 911, 4, 1171, 3, 1371
2, 106, 3, 568, 4, 668, 2, 1231, 4, 1302, 4, 1308, 2, 1504
3, 699, 2, 1065, 3, 1348, 2, 1502, 3, 1547
3, 123, 3, 1158
4, 959, 4, 1135
3, 353, 3, 956, 3, 1349, 2, 1532
3, 170, 2, 486, 3, 556, 5, 1029, 3, 1172, 3, 1505
3, 24, 4, 496, 5, 939, 3, 1195, 4, 1212, 5, 1545
3, 537, 4, 760
3, 17, 3, 21, 3, 837, 4, 1092
3, 497, 4, 504, 3, 654, 3, 947, 3, 1176, 3, 1219, 3, 1502
3, 790, 3, 990, 3, 1000, 3, 1206, 4, 1516
3, 208, 3, 1094, 3, 1123
3, 407, 3, 840, 2, 1050, 2, 1056, 4, 1350, 4, 1499
4, 49, 4, 405, 2, 1064, 5, 1187, 4, 1486
2, 145, 3, 382, 4, 415, 3, 432, 5, 754, 3, 1070
2, 421, 3, 455, 3, 538, 3, 1170, 3, 1207, 2, 1457
4, 567, 2, 884, 3, 1516
3, 794
3, 128, 3, 441, 3, 545, 3, 1549
2, 334, 3, 823
2, 12, 3, 991
2, 72, 3, 521
3, 255, 2, 282, 4, 598, 4, 1141, 2, 1203
4, 731, 3, 925, 3, 1247, 5, 1413
5, 565, 3, 864, 3, 898, 3, 914, 5, 1014
2, 229, 4, 302, 4, 606, 3, 712, 4, 1117
3, 199, 3, 875, 3, 934
4, 10, 3, 93, 3, 609, 3, 975, 4, 998, 3, 1458
2, 77, 4, 133, 3, 353, 4, 443, 3, 1035, 3, 1452
3, 422, 4, 789, 3, 811, 4, 1271, 3, 1381
3, 568, 2, 1105, 4, 1404
3, 302
3, 169, 2, 745, 2, 1537
3, 1460, 3, 1544
3, 116, 3, 126, 4, 332, 4, 553, 3, 642, 5, 1291, 4, 1295
3, 20, 3, 653, 3, 1262, 2, 1335
3, 359, 2, 686, 4, 703, 2, 975
3, 57, 4, 473, 4, 933, 4, 1022
2, 829, 4, 1438
4, 500, 2, 583
2, 213, 3, 833, 3, 1143
3, 65, 4, 481, 3, 940, 3, 1030
3, 836, 4, 1446
2, 980, 4, 1090, 4, 1173
3, 304, 3, 410, 4, 414, 4, 1146, 3, 1229, 2, 1485
3, 478, 3, 551, 3, 794, 3, 1283, 4, 1426, 4, 1533
3, 178, 2, 262, 2, 517, 3, 894, 3, 1000, 4, 1004
3, 565, 2, 1141
2, 132, 3, 142, 3, 188, 4, 298, 3, 382, 3, 897, 3, 1264
3, 9, 3, 105, 4, 421, 3, 1157, 3, 1218, 3, 1334
3, 195
3, 28, 3, 444, 3, 594, 3, 754, 3, 1383, 4, 1449, 4, 1537
2, 268, 2, 794, 3, 850, 2, 871, 3, 960, 4, 1033, 3, 1277
3, 841
4, 425, 4, 431, 2, 585, 2, 631, 4, 768, 4, 1134, 3, 1201
4, 602, 4, 781, 4, 1084
4, 515, 4, 519, 3, 897, 4, 1334
2, 589, 2, 1098
3, 655
5, 412, 3, 845, 4, 1055, 3, 1061, 5, 1215, 5, 1504
2, 312, 3, 971, 3, 1094, 2, 1254, 3, 1437, 4, 1514
2, 87, 3, 536
3, 199, 3, 270, 3, 742, 2, 1218, 2, 1441
3, 526, 5, 746, 4, 1262, 5, 1428
4, 13, 3, 83, 2, 555, 4, 699, 3, 879, 2, 913, 2, 929, 2, 1554
3, 339, 3, 662, 5, 722, 4, 838
2, 279, 2, 429
4, 878
4, 212, 2, 489, 3, 628, 2, 938
4, 929, 4, 1252, 4, 1418, 3, 1428
3, 569, 3, 869, 3, 919, 3, 1019
3, 1002, 3, 1012, 3, 1218, 3, 1528
2, 187, 2, 247, 3, 363, 4, 596, 3, 692
3, 318, 3, 341, 3, 745, 3, 801, 3, 911, 3, 994, 4, 1494
4, 208, 4, 212, 3, 718, 2, 1417, 3, 1533
2, 908, 3, 931, 3, 1391
2, 60, 3, 1214
3, 107, 4, 473, 2, 540, 4, 1328, 2, 1482, 2, 1528
3, 7, 4, 223, 3, 423, 2, 719, 3, 1498, 2, 1521
3, 263, 2, 619
4, 17, 4, 437, 3, 466, 3, 587, 2, 1109, 2, 1153, 2, 1435
2, 626, 2, 836, 2, 1042, 2, 1352
2, 11, 2, 832
4, 186, 2, 712, 2, 789, 2, 1182, 3, 1195, 3, 1365
2, 236, 4, 257, 3, 639, 3, 1166
4, 329, 2, 772, 3, 1028, 3, 1145, 3, 1378, 3, 1415
3, 137, 3, 370, 4, 593, 3, 909, 3, 1452
3, 167, 2, 1042, 3, 1236, 2, 1546, 4, 1558
3, 233, 4, 876, 3, 1013, 4, 1036, 3, 1080, 3, 1296
2, 230, 3, 1356, 2, 1426, 5, 1433
2, 301, 3, 490, 3, 1066, 2, 1310
2, 1040
3, 557, 4, 867
2, 1383, 3, 1505
3, 128, 4, 571, 2, 1143, 3, 1214, 3, 1257, 3, 1493
3, 72, 3, 294, 3, 610, 3, 681, 2, 1153, 3, 1297
3, 61, 2, 111, 3, 148, 4, 621, 4, 1064, 3, 1320, 2, 1336
3, 407, 3, 544, 3, 1110
3, 357, 3, 1127
5, 428, 5, 434, 4, 584, 3, 877, 2, 1106, 3, 1150, 3, 1433
3, 720, 3, 920, 3, 931, 3, 1137, 4, 1446
3, 138, 3, 1024, 4, 1053
3, 338, 4, 770, 3, 980, 4, 987, 4, 1280, 3, 1430
2, 238, 2, 518, 2, 595, 4, 897, 2, 988, 3, 1001, 4, 1020, 5, 1171, 5, 1320, 4, 1550
3, 42, 2, 62, 3, 445, 3, 971
4, 135, 2, 578, 3, 834, 3, 951, 3, 1184, 3, 1221
2, 176, 4, 399, 3, 1258, 4, 1501
3, 60, 3, 66, 2, 220, 2, 403, 4, 835
2, 196, 2, 496, 3, 529, 3, 546, 3, 646, 3, 673
5, 13, 3, 113, 3, 140, 4, 650, 3, 949, 4, 982
3, 1022, 4, 1165
3, 127, 4, 936, 3, 996, 4, 1102, 4, 1186
5, 1246
2, 404, 3, 464, 2, 580, 2, 813, 4, 909, 4, 1352
4, 1429
3, 695, 3, 833, 3, 1249, 3, 1398
2, 217, 4, 383, 3, 1039, 3, 1259, 4, 1421, 5, 1538
3, 1242, 3, 1299, 4, 1409, 2, 1492
3, 496, 2, 1432, 3, 1465
2, 197, 3, 426, 2, 470, 4, 1312
2, 626, 2, 1429
3, 607, 2, 1549
2, 561, 2, 594, 4, 1183, 3, 1283, 2, 1310
3, 145, 2, 694, 3, 777, 2, 883, 4, 1387, 2, 1459
3, 38, 2, 448, 2, 831, 3, 854
3, 425
4, 308, 3, 514, 2, 870, 5, 1396
3, 231, 3, 464, 3, 687, 3, 1003, 3, 1041, 3, 1546
4, 1033, 3, 1149, 3, 1382, 3, 1386
4, 61, 3, 290, 4, 494, 4, 710, 3, 1153
3, 107, 4, 234, 3, 1043, 4, 1077, 3, 1416
4, 201, 5, 1176
5, 238, 5, 1041, 5, 1084, 3, 1300
3, 109, 3, 192, 2, 448, 3, 824, 3, 930, 4, 934
3, 398, 2, 974
3, 21, 4, 132, 3, 215, 3, 731, 2, 1097, 3, 1533
4, 112, 3, 295
3, 1121, 3, 1165, 2, 1448
3, 195, 2, 405, 3, 412, 2, 1321
3, 46, 2, 455, 4, 838
4, 120, 3, 286, 2, 941, 4, 1324, 2, 1441
3, 353, 3, 719, 3, 742, 4, 1002
3, 161, 4, 937, 2, 1183
3, 238, 2, 394, 3, 960, 3, 1120, 3, 1243
3, 384, 2, 411, 3, 727, 4, 1270, 2, 1332
3, 82, 4, 92, 3, 957, 3, 1151, 2, 1473
4, 148, 4, 581, 3, 797, 4, 951
5, 358, 4, 431, 3, 735, 3, 841, 2, 1163, 4, 1246
3, 16, 3, 186, 3, 1168
3, 382, 3, 736, 3, 985, 3, 1485
3, 503, 4, 625, 3, 925
3, 236, 4, 246, 4, 799, 4, 956, 2, 1424
3, 273, 4, 517, 2, 750, 3, 972, 3, 1288, 3, 1359
4, 440, 4, 556
2, 90, 3, 280, 3, 856, 2, 1099
3, 926
2, 443
3, 580, 3, 919, 4, 1169, 3, 1296
2, 481, 2, 793, 3, 1046, 3, 1329, 3, 1469
3, 470, 3, 497, 2, 813, 3, 942, 3, 1086, 2, 1419
3, 62, 2, 411
2, 307, 3, 478, 4, 1460, 4, 1549
4, 990, 3, 1060, 4, 1532
4, 135, 3, 794, 2, 917, 4, 1216
4, 1196, 3, 1252
5, 48, 4, 277, 3, 437, 3, 480, 5, 697
3, 94, 4, 193, 3, 220, 4, 730, 4, 1030, 3, 1063
3, 1102, 4, 1246
3, 207, 2, 378, 4, 440, 4, 1016, 4, 1077, 3, 1183, 3, 1266
3, 894, 2, 1403, 4, 1433
4, 101, 4, 151
2, 700, 3, 1509
3, 331, 4, 342, 3, 1097, 2, 1507
3, 649, 3, 998, 4, 1094, 2, 1537
3, 112, 3, 222, 2, 822, 3, 1188, 3, 1211, 3, 1254, 2, 1471
3, 345, 4, 566, 4, 1081, 3, 1248
3, 796, 2, 829, 2, 846
4, 1152
3, 132, 4, 136, 4, 526, 3, 929, 3, 1041
4, 60, 4, 613, 3, 769, 4, 1291, 2, 1335
4, 13, 3, 184, 3, 246, 4, 883
5, 1126, 4, 1132, 4, 1488
2, 650, 3, 1359
2, 57, 3, 523, 2, 955, 3, 1165, 3, 1172, 3, 1465, 4, 1515
5, 270, 2, 686, 3, 869, 2, 946, 2, 1145, 4, 1235
2, 336, 2, 702, 3, 725, 5, 985
2, 509, 2, 546, 5, 619, 2, 1351, 4, 1434
2, 516, 3, 573, 4, 593, 2, 756, 2, 1192, 2, 1548
3, 556, 3, 660
3, 50, 2, 1072
4, 134, 2, 577, 2, 806, 3, 833, 3, 1182
3, 503, 3, 807
2, 420, 3, 630, 5, 836, 3, 1146
3, 214, 3, 724, 4, 753, 4, 1040, 3, 1362, 4, 1423, 2, 1539
5, 1303, 4, 1432
4, 344, 5, 721, 4, 1233
4, 455, 3, 571, 3, 804
3, 45, 2, 1333
4, 28, 4, 111, 4, 367, 4, 611, 4, 844, 4, 1066, 4, 1420
4, 154, 2, 204, 3, 241, 2, 713, 4, 1156, 3, 1429
4, 181, 4, 657, 3, 1196, 3, 1266
3, 1129, 2, 1466
3, 91, 4, 320, 2, 364, 3, 647, 3, 1200, 3, 1356
3, 211, 2, 228, 4, 500, 4, 1443
3, 96, 4, 645
3, 12, 2, 582, 3, 894, 4, 1148, 3, 1431
4, 364, 2, 841, 3, 1477
4, 48, 3, 82, 4, 525, 3, 1084, 4, 1184, 4, 1307
2, 535, 4, 552
3, 352, 4, 601, 3, 1198
3, 116, 3, 216, 3, 638, 3, 672, 3, 755, 4, 1387, 4, 1424
3, 378, 3, 582, 4, 798, 2, 1092, 4, 1241
3, 43, 3, 419, 3, 1345
3, 269
2, 452, 3, 1162
3, 968, 3, 1172, 4, 1268, 4, 1318, 3, 1388, 2, 1418
3, 163, 3, 785
3, 683, 3, 859
2, 394, 3, 583, 4, 976
3, 150, 2, 206, 3, 210, 2, 317, 2, 400, 3, 899
3, 439, 4, 660, 3, 1176, 5, 1342
3, 113, 4, 147, 4, 163, 2, 469, 4, 613, 2, 1468, 4, 1484, 3, 1555
3, 253, 3, 733, 3, 849, 3, 1082, 2, 1086
4, 127, 5, 150, 4, 1319
3, 40, 4, 44, 3, 433, 3, 836, 4, 949
3, 520, 4, 676, 5, 1199, 2, 1242, 4, 1525
3, 91, 3, 154, 5, 790, 4, 1479
4, 1033, 3, 1040, 3, 1395
2, 557, 3, 1266
2, 863, 3, 1073, 4, 1079, 5, 1373, 5, 1422, 3, 1522
3, 72, 3, 427, 2, 987, 3, 1087, 4, 1210, 4, 1509, 2, 1553
4, 111, 4, 311, 5, 421, 4, 504, 2, 1020, 2, 1386, 2, 1409
2, 767
2, 264, 4, 547, 3, 634, 4, 1256, 2, 1549
2, 262, 2, 1011, 2, 1467
3, 582, 3, 921, 4, 1171, 2, 1298
3, 326, 2, 482, 3, 1048, 3, 1208, 3, 1331
2, 472, 3, 499, 3, 815, 3, 1088, 3, 1358, 2, 1420
4, 164, 2, 193, 3, 836, 3, 863, 3, 1212
3, 270, 2, 326, 3, 330, 2, 437, 2, 520, 3, 1019
3, 559, 3, 780, 3, 1296, 4, 1462
4, 1010, 3, 1043, 4, 1060, 5, 1160
2, 111, 4, 740, 2, 943, 3, 1359
2, 91, 3, 328, 3, 1149
4, 317, 5, 633
2, 59, 4, 142, 4, 1024, 3, 1450, 3, 1506
3, 125, 2, 558, 3, 1340, 3, 1346
2, 215, 3, 404, 3, 980, 2, 1223
2, 953
3, 568, 4, 878
4, 372, 5, 378, 4, 734, 2, 1393
3, 12, 3, 256, 3, 805, 3, 994, 3, 1387
3, 645, 3, 921, 4, 1210
3, 794, 4, 871, 2, 1227
5, 5, 3, 204, 2, 730, 3, 807, 4, 1200, 2, 1406
2, 458, 3, 874
3, 564
3, 9, 3, 884, 4, 974
3, 245, 4, 697, 4, 877, 3, 1300, 3, 1463, 4, 1487
3, 451, 4, 455, 3, 1248, 3, 1271
4, 428
5, 255, 4, 312, 3, 931, 4, 1287, 4, 1477
3, 232, 4, 1174, 3, 1517
4, 908, 2, 1445
3, 669, 3, 1018, 4, 1528, 2, 1557
4, 259, 4, 692, 3, 908, 4, 1062
3, 566, 4, 639, 3, 816, 2, 942, 4, 1049, 3, 1371, 4, 1454
3, 233, 4, 266, 2, 283, 2, 383, 3, 1282, 4, 1492, 3, 1498
2, 846
3, 154, 4, 470, 3, 852, 4, 969, 3, 1202, 3, 1206
4, 320, 2, 673, 3, 923, 3, 1422
4, 27, 4, 563, 4, 570, 4, 820, 4, 863, 3, 1004, 3, 1339
3, 57, 2, 837, 3, 860, 4, 1016, 2, 1320
2, 403, 2, 474, 4, 480, 2, 773, 3, 836, 4, 1495
4, 303, 3, 513, 3, 813, 4, 963
2, 153, 3, 563, 4, 946, 3, 956, 2, 1472
4, 51, 3, 261, 3, 304, 5, 587, 5, 727, 4, 883
3, 194, 4, 344, 3, 504, 5, 1199, 5, 1286, 4, 1336
3, 754
2, 115, 3, 718, 4, 880, 2, 1123
3, 231, 3, 248, 3, 318, 3, 368, 3, 791, 3, 934, 2, 1267
2, 252, 3, 408, 3, 1134, 3, 1190, 4, 1257
3, 838, 3, 1381, 4, 1443
2, 129, 3, 228, 3, 765, 3, 1064, 3, 1127
4, 332, 4, 405, 3, 648, 3, 1137, 3, 1154, 3, 1281
5, 69, 4, 445, 4, 1250, 3, 1260
4, 691, 3, 1333
4, 1290
3, 408, 4, 624, 3, 1533
2, 19, 4, 647, 2, 851, 3, 1267
3, 235, 2, 1057, 2, 1556
4, 322, 5, 638, 4, 1270
3, 305, 5, 549, 2, 781, 3, 1004, 4, 1320, 4, 1391
5, 472, 3, 588, 2, 821
4, 29, 4, 62, 3, 79, 4, 205
3, 59, 2, 336, 3, 475
2, 30, 2, 1266
4, 421, 4, 1396, 3, 1509
3, 727, 4, 1153, 3, 1209, 2, 1319, 3, 1403
3, 261, 3, 1043, 2, 1203, 4, 1386, 2, 1463
3, 98, 3, 335, 4, 368, 2, 385
2, 131, 4, 268, 3, 684, 2, 994
4, 474, 4, 974, 4, 1211, 3, 1377
3, 114, 4, 828, 3, 878, 3, 978
3, 655, 4, 1058, 3, 1170, 3, 1274
3, 6, 4, 239, 3, 748, 5, 1387, 4, 1447
4, 865
3, 915
3, 105, 2, 754, 2, 937, 4, 1137, 2, 1148, 3, 1354
4, 711
4, 362
3, 308, 3, 518, 3, 524, 3, 678, 3, 1433
3, 462
4, 301, 3, 718, 3, 901, 2, 977, 2, 1177, 3, 1267
3, 465, 2, 831, 3, 854, 4, 1114
4, 5, 2, 638, 3, 675, 4, 748, 2, 1480
2, 22, 2, 548, 3, 605, 4, 625, 2, 788, 2, 1224
4, 685, 3, 789
3, 179, 4, 955, 2, 1201
3, 256, 2, 412, 3, 978, 3, 1138, 3, 1261
3, 402, 2, 429, 3, 745, 4, 1288, 2, 1351
4, 375, 3, 568, 3, 1057
3, 52, 2, 791, 2, 1367
4, 455, 4, 608, 3, 1204
2, 122, 2, 222, 3, 249, 2, 645, 3, 678, 3, 761, 4, 1431
3, 253, 4, 685, 4, 895, 4, 902, 3, 1195, 3, 1345
2, 153, 3, 812, 2, 935, 4, 1235
4, 336, 2, 392, 4, 413, 2, 575, 4, 1368
3, 805, 3, 892, 3, 942, 3, 1508
4, 79, 4, 954, 4, 1148, 3, 1458
3, 1121, 4, 1264
3, 129, 4, 362, 5, 938, 3, 998, 4, 1104, 4, 1187
3, 180, 3, 502, 3, 562, 2, 669, 2, 679, 3, 912, 2, 1422
2, 952
2, 469
3, 945, 2, 1322
3, 356, 4, 576, 3, 1092, 4, 1259
3, 710, 2, 743, 2, 759
4, 506, 4, 522, 3, 593, 4, 643, 3, 1059, 5, 1065, 4, 1209
3, 780
3, 114, 4, 430
3, 723, 4, 1206, 3, 1316, 3, 1399
3, 530, 4, 1372
4, 203, 5, 264, 3, 370, 4, 380, 4, 613, 5, 1439
4, 549, 3, 610, 4, 716, 3, 799, 4, 1298
5, 183, 3, 599, 4, 782, 2, 859, 2, 1059, 3, 1148
3, 444, 2, 810, 3, 1093, 3, 1247
3, 81, 3, 751, 5, 824, 4, 1001, 4, 1128, 4, 1556
3, 181, 3, 791, 3, 1107, 2, 1277
2, 231, 3, 302, 3, 917, 4, 1093
3, 98, 2, 188, 3, 614, 2, 781, 2, 1197, 3, 1436
2, 138, 3, 248, 2, 1213, 3, 1236
3, 644, 3, 1020
4, 275, 3, 468, 3, 791, 4, 957
2, 408, 2, 441, 2, 458
4, 291, 4, 341, 3, 618, 3, 634, 3, 907, 3, 1177
3, 645, 3, 674
2, 226, 4, 542
3, 422, 5, 904, 5, 1014, 3, 1098
3, 642, 4, 1071
3, 316, 3, 376, 3, 482, 3, 492, 3, 725, 4, 1137
3, 47, 2, 130, 3, 386, 3, 629, 3, 862, 4, 1085, 4, 1438
4, 296, 4, 902, 4, 1411
4, 523, 4, 573, 3, 673
3, 319, 2, 336, 2, 406, 3, 1022
2, 293, 4, 305, 4, 472, 4, 482, 3, 1301, 2, 1347, 4, 1541
3, 1331
5, 66, 3, 132, 3, 272, 4, 422, 3, 582, 3, 1414
3, 406, 4, 718, 4, 972, 3, 1255, 3, 1394
3, 396, 2, 423, 2, 739, 3, 868, 2, 1344
4, 7, 3, 652, 2, 872, 2, 1388, 3, 1555
4, 227
2, 17, 3, 370, 2, 1119
4, 134, 2, 690, 2, 1405, 2, 1443
2, 434, 2, 590, 3, 790, 3, 1156, 4, 1316, 3, 1372, 4, 1439
3, 447, 3, 451, 3, 840, 3, 1243, 3, 1266, 2, 1522
3, 404, 4, 1380
3, 344, 4, 1124, 2, 1147, 4, 1190, 3, 1407
3, 182, 4, 215, 2, 804, 2, 903, 3, 1440
3, 601, 3, 1177, 3, 1421
3, 168, 3, 418
2, 69, 3, 451, 3, 462, 3, 978
4, 46, 2, 141, 4, 584, 3, 1227, 3, 1254, 3, 1371
3, 15, 3, 487, 3, 631, 2, 731, 4, 964, 3, 1186, 3, 1502
4, 670, 2, 953, 4, 1041
3, 115, 3, 331, 2, 1240, 2, 1469
3, 58, 3, 62, 4, 855
4, 861, 4, 1183, 2, 1350, 2, 1360
3, 501, 4, 801, 4, 851, 3, 951
4, 934, 4, 944, 3, 1150, 3, 1460
3, 216, 4, 249, 3, 276, 3, 392, 5, 625, 4, 1135, 5, 1164
3, 59, 4, 1274
4, 659, 2, 908, 2, 1008, 3, 1035, 3, 1131, 4, 1430, 3, 1464
2, 123, 4, 573, 4, 1471
3, 219, 3, 922
4, 40, 3, 163, 4, 462, 2, 496, 4, 939, 3, 1498
3, 916, 2, 949, 2, 966, 2, 1066
4, 170
4, 309, 4, 392, 2, 648, 2, 898, 3, 1025
2, 935
3, 315, 2, 349, 3, 365, 2, 465, 2, 492
2, 357, 2, 361, 3, 740, 3, 1176
3, 1, 2, 284, 3, 334, 2, 844, 4, 873, 4, 993, 3, 1516
2, 372, 3, 582, 3, 648, 2, 788, 2, 1097
4, 116, 3, 166, 3, 261, 3, 704, 3, 1347, 3, 1391
3, 205, 3, 744, 2, 1287
4, 546, 3, 645, 2, 768, 3, 1068, 3, 1544
4, 408, 3, 652
3, 945, 3, 968, 4, 1428
2, 96, 3, 1251
3, 46, 4, 412, 2, 479, 4, 1267, 3, 1421, 2, 1467
3, 44, 4, 260, 5, 460, 2, 755, 4, 1535, 3, 1558
4, 299, 2, 655
4, 376, 3, 406, 3, 526, 2, 1048, 2, 1092, 2, 1375
3, 1085
2, 70, 3, 480, 4, 863, 2, 873, 4, 1389
4, 80, 2, 124, 5, 407, 4, 546, 4, 702
3, 39, 2, 1142, 2, 1375
4, 60, 2, 160, 3, 283, 4, 582, 3, 616, 2, 1331
3, 322, 2, 799, 4, 1036, 4, 1069, 2, 1086, 4, 1185
4, 91, 2, 236, 3, 336, 4, 363, 2, 873, 2, 1172, 3, 1206
4, 71, 3, 367, 5, 1009, 3, 1147, 3, 1170, 3, 1213, 3, 1430
3, 111, 4, 200, 4, 304, 2, 627, 3, 793, 4, 803
2, 1226
3, 697, 3, 1173
4, 1240
3, 81, 2, 1516
3, 68, 3, 164, 4, 607, 3, 1250, 2, 1277, 3, 1294
2, 108, 4, 331, 3, 630, 4, 647, 2, 717, 3, 1190, 3, 1333
3, 127, 3, 693, 2, 853, 3, 976, 3, 1529
3, 144, 3, 460, 2, 531, 4, 1003, 3, 1147, 4, 1479
2, 367, 3, 523, 3, 723, 2, 912, 2, 1249, 3, 1305
2, 299, 2, 1441
3, 104, 3, 110, 3, 403, 4, 466, 3, 1125
3, 443, 4, 476, 3, 493, 2, 619, 3, 1229, 3, 1545
4, 57, 3, 157, 4, 184, 3, 579, 3, 613, 3, 696, 4, 1366
5, 523, 3, 733, 2, 739, 2, 1033, 4, 1182
3, 300, 3, 1189
3, 448, 3, 614, 2, 1269, 2, 1393, 2, 1482
4, 909, 3, 1113
3, 421, 3, 564, 4, 897, 3, 1436, 3, 1506
2, 693
2, 38, 2, 331, 3, 560, 2, 604, 2, 764, 3, 886, 3, 1440
3, 590, 4, 900
4, 395, 5, 401, 4, 757, 2, 1416
4, 35, 5, 278, 3, 828, 4, 1017, 4, 1410
4, 187, 4, 198, 3, 264, 3, 404, 3, 554, 3, 714, 3, 1546
3, 227, 3, 830, 4, 1223, 4, 1406
2, 44, 2, 360, 3, 431, 3, 903, 2, 1379
4, 128, 4, 784, 3, 1004, 4, 1283, 2, 1520
4, 195, 3, 628, 3, 844
3, 867, 3, 1071, 3, 1270, 3, 1383, 3, 1487
3, 172, 3, 1058, 4, 1501
2, 371, 4, 1014, 4, 1218, 4, 1314, 5, 1434, 4, 1463
4, 209, 2, 271, 3, 931, 3, 1467
3, 342, 3, 455, 2, 531, 2, 925, 3, 1108
3, 229, 3, 556, 3, 845
4, 86, 3, 246, 4, 429, 4, 506, 3, 705, 4, 795, 3, 861
3, 262, 3, 745
4, 92, 3, 508, 3, 818, 3, 1513
3, 298, 4, 1035, 3, 1201
3, 415, 2, 685, 2, 1024, 3, 1097, 3, 1340
3, 382, 3, 897, 4, 1001
4, 649, 2, 695, 3, 1198, 4, 1377
4, 56, 3, 1005
2, 678, 3, 845, 4, 928, 2, 1148
5, 796, 3, 1418, 3, 1509, 2, 1518
4, 729
2, 161, 4, 380
5, 357, 5, 839, 4, 949, 3, 1033
3, 577, 4, 1006
3, 250, 4, 311, 4, 417, 3, 427, 4, 660, 3, 1072
2, 65, 3, 321, 2, 564, 3, 797, 4, 1019, 4, 1373, 3, 1539
4, 231, 3, 836, 2, 1346
3, 458, 3, 508, 3, 607
3, 254, 3, 271, 4, 341, 3, 957
3, 455, 4, 501, 3, 1004
4, 178, 2, 727, 2, 917, 2, 1310, 4, 1420, 2, 1493
3, 384, 4, 388, 4, 767, 3, 777, 4, 1204, 4, 1460
2, 523, 3, 712, 5, 1105
5, 279, 4, 335, 3, 339, 3, 446, 3, 529, 4, 1028
3, 568, 3, 789, 3, 1305, 4, 1471
3, 1019, 2, 1052, 3, 1069, 4, 1169
2, 120, 4, 749, 2, 952, 3, 1369
2, 100, 3, 337, 3, 1158
4, 326, 3, 643, 4, 1275
3, 407, 3, 550, 4, 650, 3, 883, 5, 1106, 4, 1422, 4, 1493
3, 546, 2, 590
4, 130, 4, 164, 3, 180, 3, 280, 4, 307
4, 360, 3, 1536
4, 127, 5, 311, 5, 387, 3, 677
3, 21, 3, 265, 3, 754, 3, 897, 2, 1506
3, 853, 3, 864, 3, 1070, 3, 1380
4, 916, 4, 1093
2, 213, 3, 816, 3, 1210, 2, 1393
2, 30, 2, 346, 3, 417, 4, 889, 3, 1366
4, 18, 4, 673, 3, 893, 4, 1172, 2, 1409
4, 181, 3, 614, 3, 830
4, 853, 4, 1057, 3, 1257, 3, 1369, 3, 1473
3, 61, 3, 947, 3, 1390
3, 261, 4, 903, 4, 1107, 4, 1203, 5, 1323, 4, 1353
4, 335, 4, 1171
3, 212
3, 395
4, 608
4, 365, 4, 798, 3, 1008, 3, 1014, 3, 1168, 4, 1457
3, 265, 3, 925, 3, 1047, 3, 1208, 4, 1391, 5, 1467
5, 392, 4, 1501
4, 152, 3, 223, 4, 695, 3, 1171, 3, 1394
3, 479, 4, 699, 4, 1215, 4, 1382
3, 832, 2, 866, 2, 882
4, 1188
4, 266, 3, 270, 2, 659, 4, 1063, 4, 1086, 3, 1175
2, 70, 4, 127, 4, 1102, 4, 1292
4, 50, 3, 220, 2, 283, 3, 919
2, 489, 4, 845, 2, 1162
3, 6, 3, 146, 5, 716, 3, 915, 4, 1028, 4, 1498
3, 755, 2, 955, 3, 965, 3, 1032, 3, 1171, 3, 1481
2, 597, 2, 892
3, 4, 4, 470, 3, 902, 4, 1112, 2, 1119, 3, 1412, 4, 1462
2, 34, 3, 1255, 3, 1409
2, 124, 3, 650, 4, 706, 4, 727, 3, 889, 3, 1133, 2, 1326
4, 517, 2, 600, 3, 856, 3, 1106, 4, 1232, 3, 1343
2, 165, 3, 797, 3, 1406, 2, 1479
4, 504, 4, 554, 4, 830, 2, 847, 3, 970, 3, 1119
4, 207, 3, 850
4, 134, 3, 434, 3, 467, 3, 483, 3, 583, 3, 610, 4, 1220
2, 51, 3, 174, 3, 949
2, 45, 4, 111, 2, 251, 3, 407, 4, 1133, 3, 1386
3, 820, 4, 957, 3, 1373, 3, 1523
3, 104, 4, 337, 3, 341, 4, 508, 3, 1163, 3, 1383, 3, 1546
3, 411, 3, 888, 3, 1110, 2, 1427
2, 2, 3, 139, 4, 505, 2, 572, 4, 1360, 3, 1514
3, 39, 4, 255, 3, 455, 2, 751, 3, 1530, 3, 1553
4, 392, 2, 748
4, 49, 5, 469, 3, 498, 4, 619, 2, 1141, 2, 1184, 2, 1467
3, 173, 4, 589, 5, 899
4, 140, 3, 323, 4, 689
3, 938
2, 495, 3, 732, 2, 766, 3, 782, 2, 882
3, 170, 3, 580, 2, 963
3, 143, 3, 147, 3, 314, 3, 969, 4, 1352, 3, 1468
2, 363, 2, 596, 3, 819, 3, 1173, 4, 1339, 3, 1422
4, 782, 3, 1105, 4, 1271
3, 23, 4, 266, 3, 755, 3, 899, 3, 1508
4, 855, 4, 865, 3, 1071, 3, 1381
2, 40, 3, 197, 4, 313, 5, 546, 5, 1056, 4, 1085
3, 110, 3, 353, 5, 586, 4, 1162, 4, 1222, 4, 1539
4, 20, 4, 630, 3, 663, 3, 690, 4, 806, 2, 1039, 3, 1135
3, 140, 3, 157, 3, 227, 3, 843
4, 244, 5, 704, 4, 793
3, 517, 3, 1099, 3, 1120, 4, 1282, 2, 1526
4, 730, 3, 867, 3, 1283, 3, 1433
3, 4, 4, 15, 3, 880, 3, 1073, 2, 1396, 4, 1456
2, 863, 4, 1030, 3, 1113, 3, 1333
4, 487, 4, 494, 2, 787, 3, 820, 2, 849, 4, 1409, 3, 1509
2, 317, 3, 533, 4, 1442
3, 760, 3, 960, 3, 970, 3, 1176, 3, 1486
3, 275, 3, 318, 3, 747, 3, 1190
3, 474, 4, 840, 3, 863, 4, 1323, 2, 1433
2, 374, 3, 1034, 4, 1157, 2, 1163, 3, 1456
2, 212, 4, 482, 3, 821, 2, 1137
3, 332, 3, 948
3, 521, 3, 585, 3, 1207, 3, 1237
2, 363, 3, 519, 3, 1245, 2, 1301, 4, 1367
3, 851, 4, 1394, 4, 1457
3, 142, 2, 242, 3, 779, 3, 1078, 3, 1141
3, 950, 2, 1023, 4, 1267
3, 14, 2, 763
3, 297, 4, 308, 3, 1063, 2, 1473
3, 431, 3, 1073, 3, 1100, 2, 1117, 3, 1450, 3, 1546
3, 223, 4, 445, 4, 745, 3, 761, 4, 832, 3, 1304, 4, 1448
3, 86, 3, 242, 4, 808, 3, 968, 2, 1024, 3, 1091
3, 558, 4, 695, 3, 1261
5, 508, 3, 845, 4, 1278
5, 735
3, 166, 4, 482
5, 776, 4, 955, 3, 1038, 4, 1258
3, 582, 4, 1425
4, 256, 4, 316, 4, 422, 3, 433, 4, 665, 4, 1491
4, 569, 2, 802, 3, 1281, 3, 1439, 3, 1448, 3, 1531
3, 110, 4, 1012
2, 143, 2, 669, 4, 746, 4, 1139, 4, 1152, 3, 1322, 2, 1345
2, 716, 3, 1362
3, 460, 5, 920, 4, 1009
3, 184, 3, 733, 4, 1315, 2, 1336, 5, 1425, 4, 1498
5, 390, 4, 394, 3, 783, 3, 1186, 4, 1209, 5, 1465
3, 546, 3, 736, 3, 1129, 3, 1312, 4, 1555
2, 663, 4, 952
3, 939
3, 353, 4, 536, 4, 902
4, 64, 4, 1152
3, 100, 3, 466, 3, 533, 4, 743, 4, 749, 3, 903
4, 783, 3, 1126, 4, 1203, 2, 1559
4, 260, 4, 666, 4, 837, 3, 1215
3, 430, 3, 574, 2, 810, 4, 1446, 3, 1516
3, 214, 3, 950, 3, 1117
3, 331, 3, 940, 2, 1013, 2, 1256
5, 364, 4, 381, 4, 451, 4, 501, 5, 1067
4, 1127, 5, 1187, 3, 1303, 4, 1536
3, 444, 3, 648, 5, 864, 3, 894
2, 12, 3, 494, 3, 498, 4, 877, 3, 887, 3, 1314
2, 651, 3, 840, 3, 1233, 2, 1416
3, 441, 2, 468, 2, 784, 3, 913, 2, 1389
3, 41, 4, 52, 3, 697, 2, 917, 2, 1433
4, 205, 4, 541, 4, 594, 2, 854
2, 570, 4, 693, 3, 699, 3, 1036, 2, 1469
4, 53, 3, 529, 3, 766, 3, 800, 2, 816, 3, 916, 3, 1139
5, 506, 4, 513, 4, 1282, 4, 1528
3, 61
4, 643, 3, 943, 4, 976, 5, 993, 4, 1092
3, 52, 2, 307, 3, 684, 3, 790, 4, 794, 4, 1526
3, 258
4, 1533
3, 74, 3, 574, 3, 956, 3, 1383, 2, 1439, 2, 1549
4, 211, 3, 432, 3, 521, 2, 947, 3, 1008, 3, 1114, 2, 1124
3, 61, 2, 1164, 2, 1397
2, 82, 3, 604, 3, 638, 4, 1060, 2, 1183, 4, 1353
4, 141, 4, 378, 5, 411, 2, 428
3, 174, 4, 311, 3, 624, 4, 727
4, 517, 5, 1006
4, 292, 3, 1174, 3, 1230
3, 392, 2, 404, 3, 415, 2, 571, 3, 654, 4, 874
4, 454, 3, 914, 3, 1004
4, 165, 3, 275, 4, 348, 3, 592, 3, 1141, 3, 1330
3, 1277, 3, 1288
3, 102, 4, 1044, 3, 1227, 2, 1304
2, 113, 2, 362, 3, 452, 3, 768, 3, 938, 3, 1400
3, 1075, 4, 1485
3, 76, 3, 260, 4, 316, 4, 536, 4, 626, 3, 1052, 2, 1218
2, 166, 2, 519, 3, 769, 3, 1268
4, 29, 2, 506, 3, 751, 4, 1288
3, 162, 2, 352, 2, 689, 3, 745, 5, 928, 3, 1171
2, 202, 3, 212, 3, 728
4, 518, 4, 526, 5, 719, 3, 1042, 2, 1102, 4, 1208, 2, 1218
3, 569, 3, 1258, 3, 1491
2, 176, 3, 276, 2, 303, 3, 399, 2, 698, 3, 732, 4, 1175
2, 307, 3, 673, 3, 696, 2, 739, 4, 949, 3, 956
2, 388, 3, 1164
5, 9, 4, 59, 4, 96, 4, 568, 4, 1011, 3, 1284
4, 36, 4, 512, 3, 1051, 3, 1122
3, 984, 2, 1321
2, 43, 3, 272, 4, 316, 4, 599, 4, 1308
4, 83, 5, 455, 2, 626, 3, 688, 3, 1265, 4, 1298, 3, 1325
4, 123
3, 443, 3, 632, 5, 1025
5, 297, 4, 353, 3, 357, 3, 463, 3, 546, 4, 1045
3, 586, 3, 806, 3, 1322, 4, 1489
3, 939, 2, 973, 3, 989, 3, 1089
4, 193
4, 333, 4, 416, 3, 1048, 2, 1085, 4, 1335
4, 959
2, 516, 3, 753, 2, 786, 3, 803, 2, 902
3, 186, 3, 190, 3, 983
4, 989, 4, 1312, 3, 1478, 3, 1488
4, 629, 3, 833, 4, 929, 4, 979, 3, 1079
4, 197, 2, 573, 3, 683, 4, 1499
3, 377, 3, 421, 4, 704, 3, 843, 2, 1292, 4, 1413
3, 188, 2, 1500
3, 884, 2, 1260
3, 197, 4, 418, 3, 1100
3, 834, 2, 1410
2, 1167, 3, 1556
3, 434, 2, 1050
3, 624, 2, 947, 4, 1047, 2, 1169, 4, 1339, 3, 1469
4, 127, 4, 364, 5, 398, 2, 414
3, 161, 3, 298, 2, 610, 3, 714
3, 504, 4, 993
4, 278, 2, 1160, 2, 1217
2, 378, 3, 401, 2, 557, 3, 640, 3, 861
3, 306, 4, 668, 2, 1327
3, 539, 2, 851, 3, 1105, 4, 1388, 3, 1527
4, 529, 3, 556, 2, 872, 3, 1001, 3, 1144, 2, 1477
3, 120, 3, 470
3, 50, 3, 366, 3, 536, 3, 998, 4, 1518
3, 27, 3, 337, 3, 965, 3, 1169, 3, 1368
3, 41, 4, 267, 3, 417, 3, 683, 3, 1156
3, 866
5, 63, 4, 201, 3, 513, 4, 617
2, 407, 4, 896
2, 84, 4, 966
4, 282, 3, 925, 3, 1085, 4, 1129, 3, 1345, 4, 1375
3, 842
2, 27
2, 576, 3, 619, 2, 902, 3, 1462, 3, 1491
2, 107, 3, 357
4, 390, 5, 400, 3, 916
3, 617, 3, 706
3, 74, 4, 230, 3, 430, 2, 956, 3, 1426, 3, 1492
3, 479, 3, 546, 3, 683, 2, 883, 3, 1099, 3, 1409
5, 44, 2, 111, 5, 664, 5, 820, 3, 1020, 3, 1546
3, 1136, 3, 1273
2, 298, 3, 443, 3, 543, 2, 1080, 4, 1086, 3, 1379
3, 8, 3, 79, 2, 108, 3, 574, 3, 1216, 2, 1420, 3, 1516
4, 41, 3, 118, 3, 1416
3, 657, 2, 1333
4, 387, 4, 820, 3, 1030, 3, 1036, 3, 1190, 4, 1479
2, 287, 3, 947, 3, 1069, 3, 1229, 4, 1413, 5, 1489
4, 414, 2, 1523
4, 174, 3, 717, 3, 1193, 3, 1319
2, 877
4, 695
5, 529, 4, 1094, 4, 1377, 4, 1465
4, 219, 3, 275, 2, 386, 4, 469, 3, 968, 4, 1351
3, 315, 3, 818
2, 186, 3, 342, 3, 1068, 2, 1191
4, 298, 5, 465, 3, 548, 3, 1047
3, 63, 3, 162, 5, 699, 4, 998, 4, 1061
4, 266, 4, 339, 3, 582, 4, 1071, 4, 1088, 3, 1215
3, 379, 3, 403, 2, 779, 3, 1291
3, 486, 2, 530, 4, 813, 4, 1108, 2, 1401
4, 669, 3, 1478
3, 203, 3, 969, 4, 1358, 3, 1378
2, 433, 3, 689, 4, 1039, 4, 1548
3, 151, 3, 367, 2, 962, 3, 985, 4, 1276, 2, 1445, 3, 1555
4, 120, 2, 609, 2, 1485
4, 343, 2, 919
3, 675, 4, 1478
3, 559, 2, 1501
2, 610, 2, 643, 4, 1232, 3, 1332, 2, 1359
3, 194, 2, 743, 3, 826, 2, 933, 4, 1436, 2, 1509
2, 400, 2, 783, 3, 806, 3, 1548
3, 474
3, 358, 2, 564, 2, 920, 4, 1446
3, 38, 3, 281, 3, 514, 3, 736, 3, 1053, 3, 1090
3, 204, 2, 320, 2, 553, 2, 557, 4, 1063, 4, 1506
4, 122, 2, 871
2, 1, 3, 405, 3, 1166
4, 218, 3, 411, 3, 734, 3, 900
4, 351, 2, 384, 4, 401
4, 459, 2, 1131, 4, 1474
4, 143, 2, 205, 2, 865, 3, 1401
4, 276, 3, 389, 2, 465, 2, 859, 3, 1042
3, 357, 3, 407, 3, 684, 3, 973
2, 834, 3, 923
2, 85, 3, 151, 5, 291, 4, 447, 4, 647, 5, 1173
2, 83, 4, 221, 3, 637, 2, 946
5, 427, 3, 1163, 5, 1329
3, 543, 2, 813, 3, 1152, 4, 1225, 3, 1469
3, 607, 3, 1010, 4, 1123, 3, 1227
4, 191, 3, 700, 4, 1339, 3, 1399, 2, 1516
4, 817
3, 168, 2, 230, 4, 840, 3, 867, 3, 1166, 3, 1183, 2, 1456
2, 448, 4, 731, 2, 1440
2, 604, 3, 970, 3, 1037, 3, 1253, 2, 1407, 3, 1453
4, 72, 5, 148, 2, 445, 3, 504, 5, 535, 4, 1446
2, 69, 2, 285
3, 375, 3, 391, 2, 462, 3, 512, 3, 934, 3, 1078
2, 395, 2, 402, 3, 551, 3, 845, 3, 1117, 3, 1400, 2, 1487
2, 325, 3, 741
3, 132, 4, 138, 3, 431, 4, 908, 3, 1153
2, 15, 3, 471, 4, 504, 3, 521, 2, 648, 2, 1257
3, 1138, 3, 1394
3, 52, 4, 928, 3, 1017
2, 1154, 4, 1344
3, 119, 4, 768, 4, 921
3, 162, 2, 811, 3, 1194, 3, 1204, 3, 1410
4, 509, 2, 553, 4, 835, 4, 1131, 2, 1424
4, 692, 3, 1501
3, 226, 3, 992, 4, 1381, 3, 1401
2, 359, 3, 615, 4, 965, 4, 1474
4, 107, 4, 130, 4, 173, 3, 390, 3, 589, 3, 700, 3, 1299
4, 465, 4, 629, 2, 642, 2, 822, 3, 1311
4, 203, 4, 403, 3, 698, 4, 1478, 2, 1501, 3, 1545
4, 243, 2, 598
3, 23, 3, 572, 2, 684, 4, 761, 4, 1154, 3, 1337
3, 458, 4, 1500
3, 315, 3, 1097, 3, 1257, 4, 1440, 2, 1517
4, 55, 4, 292, 5, 325, 2, 342
2, 185, 5, 322, 3, 738, 2, 1048
4, 528, 4, 1027, 4, 1264, 4, 1431
3, 168, 4, 372, 4, 882, 3, 932, 2, 1031
3, 319, 2, 1135
4, 49, 3, 879, 4, 925, 3, 1118, 4, 1428
4, 116, 3, 758, 3, 962, 4, 1178, 4, 1208
3, 326
4, 46, 2, 113, 2, 1055, 3, 1238, 4, 1315, 2, 1515
2, 706, 3, 1072, 3, 1138, 3, 1355, 2, 1509, 3, 1554
2, 173, 4, 250, 5, 450, 2, 539, 4, 606, 3, 1548
4, 519, 4, 885, 3, 908, 4, 952, 3, 1168
2, 979, 3, 1079, 2, 1501, 3, 1534
3, 602, 4, 658, 2, 1278, 3, 1434
3, 344, 4, 593, 2, 1092
5, 533, 4, 566, 4, 649, 4, 905, 5, 1155, 4, 1282
2, 117, 4, 573, 4, 606, 3, 622, 4, 722, 3, 749, 3, 1359
4, 287, 4, 1123
4, 21, 4, 48, 3, 64, 3, 164, 3, 397, 4, 907, 3, 936
3, 104, 2, 264, 4, 1046, 4, 1096, 4, 1373, 2, 1512
4, 401, 3, 611, 3, 654, 2, 871, 3, 937, 2, 1077, 4, 1233
3, 328, 3, 854, 3, 1482
3, 644
2, 424, 3, 896, 3, 1066, 2, 1339
3, 624, 3, 990, 4, 1013, 3, 1273, 3, 1472
3, 670
3, 1466
3, 122, 4, 565, 2, 794, 3, 1171
2, 499, 3, 994
3, 262, 3, 312, 3, 588, 3, 605, 4, 878
4, 556, 3, 733
2, 267, 4, 849
2, 34, 3, 80, 2, 190, 2, 789, 3, 1155, 2, 1222, 2, 1438
2, 313, 4, 533, 3, 1216
3, 64, 3, 1046, 3, 1452
3, 260, 3, 614, 3, 863, 4, 1363
4, 381, 3, 803
2, 1402
2, 27, 3, 580, 5, 736, 3, 936, 3, 1462, 5, 1519
3, 1150, 4, 1287
2, 311, 3, 457, 3, 557, 2, 1093, 3, 1100, 3, 1393
3, 24, 3, 490, 3, 1133, 2, 1337, 4, 1433, 4, 1483, 4, 1553
4, 55, 3, 132, 3, 1430
3, 671, 2, 1347
4, 165, 3, 614, 3, 833
4, 135, 3, 284, 4, 444, 4, 1276, 3, 1487, 4, 1553
4, 738, 3, 1021, 3, 1160, 2, 1316
4, 225, 3, 282, 3, 392, 3, 475, 4, 974, 3, 1430
3, 514, 4, 735, 4, 1251, 5, 1417
3, 868, 2, 901, 2, 918
3, 681, 3, 1224
3, 1121, 3, 1377
4, 35, 5, 911, 4, 1105, 3, 1414
3, 1078, 4, 1221
2, 85, 4, 318, 4, 894, 3, 955, 4, 1061, 4, 1144
3, 137, 3, 459, 3, 519, 2, 625, 2, 636, 3, 869, 2, 1378
2, 10, 3, 286, 3, 303, 3, 432, 3, 576, 2, 908, 3, 1518
2, 632, 2, 928
3, 39, 4, 505, 3, 938, 4, 1148, 2, 1154, 3, 1448, 4, 1498
3, 1194, 3, 1348, 2, 1531
2, 62, 2, 589, 3, 645, 4, 665, 2, 828, 2, 1265
3, 404, 3, 919, 2, 1023
4, 574, 4, 620, 3, 1123, 2, 1302
2, 73, 3, 107, 3, 123, 2, 223, 4, 250, 4, 860
4, 560, 4, 899, 2, 1276
3, 310, 2, 340, 2, 982, 3, 1009, 3, 1359
2, 570
2, 547, 3, 597, 4, 873, 4, 890, 3, 1013, 4, 1019, 4, 1163
3, 480, 4, 636
3, 214, 4, 647, 3, 857, 4, 863, 3, 1156, 3, 1306
2, 211, 3, 871, 2, 993, 4, 1293
4, 394, 2, 451, 2, 471, 4, 634, 5, 1426
3, 72
3, 322, 4, 344, 2, 358, 3, 600, 2, 1074, 2, 1083, 3, 1087
3, 365, 2, 398, 3, 415, 2, 514, 2, 541
4, 115, 2, 119, 3, 498
3, 918, 3, 1240, 4, 1407, 4, 1417
3, 178, 4, 228
3, 28, 2, 777
3, 311, 4, 321, 3, 1077, 2, 1486
3, 1, 4, 444, 3, 1087, 3, 1114, 3, 1131, 3, 1463
3, 42, 3, 265, 3, 581, 3, 651, 3, 1124, 3, 1267
5, 82, 3, 119, 3, 591, 5, 1034, 2, 1290, 5, 1307
2, 156, 2, 632, 3, 855
3, 462, 3, 1398, 3, 1431
3, 66, 2, 295, 3, 339, 4, 1181
4, 199, 3, 495, 2, 1275, 3, 1287, 3, 1298, 3, 1454, 3, 1537
3, 529, 3, 852, 3, 912, 2, 1029, 2, 1262
3, 330, 2, 1085
4, 353, 3, 403, 3, 679, 3, 968
4, 149, 4, 239, 2, 665, 4, 832, 5, 842, 4, 1487
3, 133, 3, 189, 3, 299, 3, 382, 3, 882, 3, 1264
3, 739, 3, 829
3, 197, 3, 353, 3, 1079, 4, 1135, 4, 1201
3, 147, 4, 1228
4, 427, 3, 460, 3, 543, 3, 799, 4, 1049, 3, 1176
2, 11, 3, 466, 4, 500, 3, 516, 2, 643, 2, 1252
3, 1133, 3, 1389
3, 47, 4, 923, 3, 1013
3, 1150, 5, 1339
3, 114, 4, 763, 4, 917
3, 255, 2, 904, 3, 1287, 3, 1297, 3, 1503
3, 504, 2, 548, 4, 831, 4, 1126, 2, 1420
4, 687, 3, 1497
3, 221, 3, 987, 4, 1376, 3, 1397
4, 9, 2, 452, 3, 708, 4, 1057
4, 102, 4, 125, 3, 169, 3, 385, 3, 585, 3, 695, 3, 1294
4, 138, 2, 627, 2, 1503
3, 361, 2, 937
2, 694, 3, 1496
3, 577, 2, 1519
3, 531, 3, 565, 3, 1153, 2, 1280
4, 465, 4, 777, 3, 1247, 4, 1313, 3, 1453
3, 895, 4, 1024, 4, 1500
3, 185, 2, 285, 3, 408, 3, 708
4, 279, 3, 485, 4, 1367
2, 585, 4, 608
4, 49, 5, 199, 2, 359, 3, 1054, 4, 1191
3, 222, 4, 572
2, 226, 4, 243, 3, 476, 4, 565, 4, 638, 2, 882, 2, 1514
2, 30, 4, 330, 2, 363, 3, 952, 3, 1052
2, 652, 2, 1228, 3, 1472
3, 219, 3, 469
3, 120, 3, 502, 4, 513, 4, 1029
4, 644, 4, 760, 3, 993
3, 201, 3, 234, 3, 251, 2, 351, 5, 378
3, 334, 3, 1509
4, 101, 4, 284, 3, 361, 3, 650
4, 92, 3, 554, 2, 824, 3, 1163, 3, 1479
3, 521, 3, 924, 3, 1140, 3, 1450
4, 104, 3, 109, 4, 614, 2, 1313, 4, 1429
3, 708, 5, 731
3, 68, 4, 172, 2, 322, 2, 1111, 3, 1177, 3, 1314
4, 362, 3, 645
3, 1493
3, 32, 4, 812, 3, 835, 3, 991, 4, 1295
3, 592, 2, 1128, 4, 1428
3, 116, 2, 326, 2, 369, 3, 652, 3, 792, 3, 1361
3, 506, 3, 1448
4, 46, 3, 79, 3, 1082, 3, 1209
4, 706, 2, 1176, 4, 1242, 2, 1382, 2, 1538
2, 312, 3, 383, 3, 393, 3, 530, 3, 855, 3, 1096, 3, 1332
3, 414, 4, 570, 2, 1296, 4, 1352, 4, 1418
3, 364, 3, 902, 4, 1445
3, 450, 3, 1072, 4, 1171
3, 676, 3, 905
3, 1275
3, 490, 3, 707
3, 470, 4, 520, 3, 796, 3, 813, 3, 1085, 3, 1356
4, 823, 4, 852
2, 307, 4, 624
3, 503, 4, 929, 3, 986, 3, 1096, 3, 1179
2, 134, 3, 916, 4, 1259, 4, 1336
3, 394, 2, 800, 3, 970, 3, 1349
3, 467, 3, 610, 2, 943, 4, 1482, 3, 1553
3, 251, 3, 1084, 3, 1153
4, 464, 3, 734, 2, 1074, 4, 1146, 3, 1390
3, 431, 3, 947, 2, 1051
4, 601, 3, 647, 3, 1151, 4, 1330
2, 9, 2, 278
2, 11, 2, 117, 3, 201, 3, 421, 3, 700, 3, 933, 4, 1509
3, 338, 2, 367, 2, 1010, 3, 1037, 3, 1386
2, 500
2, 574, 2, 624, 4, 901, 4, 917, 3, 1040, 4, 1047, 4, 1190
3, 508, 4, 664
3, 241, 4, 674, 4, 884, 4, 890, 3, 1184, 3, 1334
2, 239, 3, 898, 2, 1021, 4, 1320
3, 422, 2, 478, 2, 499, 4, 661, 4, 1454
2, 99
2, 289, 3, 349, 3, 372, 3, 628, 2, 1004, 3, 1110, 3, 1114
2, 92, 2, 392, 2, 425, 3, 442, 2, 542, 3, 569
2, 9, 2, 36, 4, 546, 3, 845, 3, 879, 4, 1467
3, 205, 3, 239, 3, 255, 2, 355, 5, 382
3, 338, 3, 1514
4, 105, 4, 289, 3, 365, 3, 655
3, 92, 3, 302, 3, 601, 2, 751
4, 331, 3, 352, 3, 734, 4, 1261, 2, 1500
2, 460, 4, 831
4, 177, 3, 415, 4, 448, 2, 464
3, 144, 4, 211, 3, 348, 2, 660, 3, 764
3, 335, 3, 778, 2, 1007, 3, 1050, 2, 1383
2, 441, 3, 501, 4, 607, 3, 691, 4, 1190
3, 491, 3, 674, 4, 751, 2, 951, 3, 1040
3, 671, 3, 881, 3, 888, 4, 1181, 3, 1231, 3, 1331
4, 139, 4, 698, 4, 798, 4, 921, 4, 1220, 4, 1341
4, 213, 4, 263
3, 63, 2, 812
3, 346, 3, 1111, 4, 1501, 3, 1521
4, 36, 2, 479, 3, 735, 4, 1084
2, 130, 3, 153, 3, 196, 3, 413, 2, 612, 3, 722, 4, 1322
4, 166, 2, 654, 2, 1530
3, 388, 2, 964
2, 721, 2, 1524
3, 605, 2, 1547
2, 656, 2, 689, 4, 1278, 2, 1308, 3, 1378
3, 21, 3, 93, 3, 337, 3, 826, 4, 886, 3, 969, 3, 1075
3, 437
4, 277, 2, 693, 3, 876, 2, 953, 2, 1152, 3, 1242
3, 343, 4, 732, 4, 806, 5, 992
2, 613, 3, 650, 4, 723, 2, 1455, 4, 1539
2, 523, 3, 580, 4, 600, 2, 763, 2, 1199, 2, 1555
3, 59, 3, 1101
3, 330, 4, 1112, 3, 1118
3, 635, 3, 1345
2, 43, 3, 111, 3, 606, 3, 1248, 3, 1451, 2, 1452, 3, 1501
4, 73, 3, 150, 3, 1448
3, 689, 3, 1365
2, 183, 3, 633, 3, 1531
4, 13, 4, 153, 3, 303, 4, 463, 4, 1295, 3, 1505
4, 756, 3, 1039, 3, 1178, 2, 1334
4, 146, 3, 203, 2, 313, 2, 396, 3, 895, 3, 1351
3, 533, 5, 753, 4, 1269, 5, 1435
4, 886, 3, 920, 4, 936
4, 699, 4, 1242
4, 1042, 3, 1298
4, 832, 4, 1026, 4, 1336, 4, 1515
3, 1096, 4, 1239
2, 104, 4, 337, 4, 913, 3, 973, 4, 1079, 4, 1162
4, 58, 2, 380, 3, 440, 3, 547, 3, 557, 3, 790
3, 111
2, 321, 4, 594, 3, 1536
2, 1270, 3, 1393
2, 361, 2, 1004, 3, 1031, 3, 1380, 4, 1476
2, 494
4, 384, 4, 400, 5, 471, 3, 521, 4, 943, 4, 1087
2, 174, 2, 447, 2, 817, 4, 1289
3, 1017
2, 1000, 2, 1456
3, 534
3, 440, 3, 1062, 4, 1162
3, 764, 3, 993
3, 948, 3, 1557
3, 788, 2, 871, 3, 1091
4, 1400, 3, 1404
3, 175, 4, 1550
3, 1001, 3, 1044
2, 285, 3, 585, 2, 618, 3, 634, 3, 734, 3, 761
2, 102, 2, 202, 2, 229, 4, 325, 3, 624, 3, 657
4, 665, 4, 875, 3, 938, 4, 1175, 5, 1208, 2, 1225, 4, 1324
2, 132, 3, 915, 4, 921, 3, 1258
2, 490, 4, 652, 3, 1444
3, 223
2, 20, 3, 90, 3, 706
3, 968, 3, 1505
4, 30, 2, 473, 3, 729, 4, 1078
3, 287
3, 233, 4, 483, 3, 982
4, 953, 3, 1209
2, 743, 4, 832
2, 60, 2, 200, 4, 770, 3, 969, 2, 1082, 3, 1552
4, 130, 3, 406, 3, 546, 2, 856
4, 336, 3, 1072, 4, 1238
3, 452, 2, 722, 3, 1062, 3, 1378, 4, 1548
3, 516, 3, 919, 3, 1136, 3, 1446
4, 100, 3, 104, 4, 609, 2, 1308, 4, 1425
3, 703, 5, 726
3, 64, 4, 168, 2, 318, 2, 1106, 3, 1173, 3, 1310
4, 357, 3, 640
3, 1489
3, 513
2, 124, 3, 497, 3, 667, 2, 730, 2, 1339, 2, 1366
3, 348, 5, 464
4, 188, 4, 764, 3, 1556
3, 19, 2, 102, 3, 358, 4, 601, 3, 834, 4, 1410, 4, 1471
3, 268, 2, 911, 3, 955, 5, 1287, 2, 1383
4, 345, 4, 512, 3, 595
2, 748, 3, 1491
3, 76, 4, 492, 3, 952, 3, 1041
3, 848, 4, 1457
2, 991, 4, 1102, 4, 1185
3, 315, 3, 422, 2, 426, 2, 1158, 3, 1241, 4, 1497
3, 29, 2, 767, 2, 1344
3, 335, 4, 584, 3, 1084
3, 1054, 3, 1310
3, 844, 4, 934
3, 193, 2, 259, 3, 399, 4, 968, 4, 1168, 3, 1281, 4, 1357
4, 342, 4, 415, 3, 719, 3, 825, 3, 1208, 2, 1231
3, 292, 2, 698, 3, 869, 3, 1247
3, 462, 3, 606, 2, 939, 4, 1478, 3, 1548
3, 246, 4, 982, 4, 1149
3, 363, 2, 972, 2, 1045, 2, 1288
4, 412, 3, 483, 5, 493, 4, 630, 5, 1196
3, 10, 4, 1159, 4, 1219, 2, 1335
4, 476, 3, 680, 5, 896, 4, 926
3, 44, 3, 420, 2, 526, 4, 530, 4, 909, 3, 919, 2, 1346
2, 766, 2, 1375
2, 496
2, 473, 3, 523, 3, 799, 3, 816, 3, 945, 3, 1088
2, 412, 4, 855
4, 310, 3, 942, 3, 1552
3, 220, 3, 453, 3, 676, 3, 992, 3, 1535
4, 196, 3, 1072, 3, 1161
4, 19, 4, 92, 2, 336, 5, 885, 4, 968, 4, 1238, 3, 1488
3, 435
3, 951, 2, 1288
2, 10, 3, 239, 4, 283, 4, 566, 4, 1275
3, 50, 5, 422, 5, 593, 3, 655, 3, 1231, 4, 1265, 3, 1292
3, 187, 3, 829
3, 114, 2, 413, 3, 446, 2, 463, 2, 563, 2, 590, 3, 1199
2, 30, 3, 153, 3, 929
2, 24, 3, 91, 2, 230, 3, 386, 4, 1112, 3, 1366
3, 800, 3, 937, 3, 1353, 3, 1502
3, 84, 4, 317, 3, 321, 4, 487, 3, 1143, 3, 1363, 3, 1525
3, 91, 3, 313, 3, 629, 4, 700, 4, 1172, 4, 1316
3, 177, 3, 227, 4, 737, 3, 1180, 3, 1409, 2, 1436, 4, 1452
3, 926, 2, 1203, 4, 1342, 4, 1492
2, 85, 3, 408, 3, 468, 4, 574, 2, 584, 3, 817, 3, 1353
4, 381, 2, 857, 3, 1493
4, 64, 3, 98, 4, 541, 3, 1100, 4, 1200, 4, 1323
3, 648, 4, 665
3, 465, 4, 715, 3, 1214
3, 132, 3, 232, 4, 654, 3, 688, 3, 771, 4, 1403, 4, 1441
4, 395, 3, 598, 2, 815, 2, 1108, 4, 1258
4, 468, 3, 501, 3, 584, 3, 840, 4, 1090, 3, 1217
2, 52, 3, 507, 4, 541, 3, 557, 2, 684, 2, 1294
3, 1174, 3, 1430
3, 89, 4, 964, 3, 1054
2, 1191, 4, 1380
3, 155, 4, 804, 5, 958
4, 199, 3, 848, 5, 1231, 3, 1241, 3, 1447
4, 545, 2, 589, 4, 872, 4, 1168, 3, 1461
3, 513, 4, 600, 3, 1216
4, 554, 2, 560, 3, 1330
5, 11, 2, 77, 4, 631, 5, 787, 3, 986, 2, 1513
4, 1103, 2, 1240
2, 362, 3, 507, 3, 607, 3, 1144, 3, 1150, 2, 1443, 4, 1487
3, 45, 2, 245, 2, 541, 2, 1320, 3, 1343, 3, 1499
3, 85, 4, 105, 3, 1480
4, 721, 3, 1191, 4, 1397
3, 375, 3, 421, 2, 532, 3, 615, 2, 1497
2, 132, 3, 255, 3, 1031
3, 788, 3, 1071, 3, 1210, 2, 1366
4, 178, 3, 235, 2, 345, 2, 428, 4, 927, 3, 1383
3, 468, 4, 688, 4, 1204, 4, 1370
3, 821, 2, 854, 2, 871
3, 731, 3, 1274
3, 1074, 3, 1330
4, 864, 4, 1058, 4, 1368, 3, 1547
3, 1031, 4, 1174
2, 38, 4, 271, 5, 848, 3, 908, 4, 1014, 4, 1097
3, 90, 3, 412, 3, 472, 2, 579, 2, 589, 3, 822, 2, 1331
3, 239, 3, 256, 3, 385, 2, 529, 2, 861, 3, 1471, 4, 1521
2, 100, 3, 825, 2, 1295, 4, 1362, 2, 1501
2, 1452
2, 349, 3, 969, 3, 1279
2, 104, 4, 520, 3, 979, 3, 1069
2, 390, 3, 627, 3, 660, 3, 677, 2, 777, 2, 999
5, 797, 4, 1136, 4, 1386, 3, 1512
4, 541, 4, 697, 4, 1263, 5, 1423, 4, 1479, 4, 1546
3, 737, 3, 1013, 4, 1153, 4, 1302
3, 677, 3, 999, 2, 1060, 2, 1163, 3, 1166, 2, 1176
2, 523
2, 597, 2, 647, 4, 924, 4, 940, 3, 1063, 4, 1069, 4, 1213
3, 531, 4, 687, 5, 1413
3, 264, 4, 630, 3, 653, 4, 1113, 3, 1223
2, 262, 4, 921, 2, 1044, 4, 1343
2, 445, 2, 501, 2, 521, 4, 684, 4, 1476
2, 122
2, 311, 3, 372, 4, 395, 3, 651, 2, 1027, 3, 1133, 3, 1137
2, 115, 2, 415, 2, 448, 3, 465, 2, 565, 3, 592
3, 32, 3, 59, 4, 569, 3, 868, 4, 901, 5, 1490
3, 210, 3, 243, 3, 260, 2, 360, 5, 387
3, 343, 3, 1518
4, 110, 4, 293, 3, 370, 3, 659
4, 4, 4, 466, 3, 736, 2, 1075, 3, 1391
3, 530, 3, 933, 3, 1149, 3, 1459
4, 114, 3, 118, 3, 623, 2, 1322, 3, 1439
3, 717, 4, 740
4, 84, 2, 234, 2, 1023, 3, 1089, 3, 1226, 3, 1538
3, 371, 2, 654
3, 1502
4, 724, 3, 747, 3, 903, 4, 1207, 3, 1502
3, 601, 2, 1138, 4, 1437
3, 125, 2, 335, 2, 378, 3, 661, 4, 801, 3, 1370
3, 418, 3, 1360
4, 55, 3, 89, 3, 1091, 3, 1218
4, 715, 2, 1185, 4, 1251, 2, 1391, 2, 1547
2, 1341
2, 238, 3, 858, 4, 1168
3, 90, 4, 506, 3, 966, 3, 1055
3, 862, 4, 1471
2, 1005, 4, 1115, 4, 1199
3, 329, 3, 435, 4, 439, 3, 1172, 3, 1255, 2, 1511
3, 43, 2, 781, 2, 1357
3, 348, 4, 598, 3, 1097
3, 1068, 3, 1324
2, 858, 4, 948, 3, 1540
2, 1085
4, 579, 4, 789, 5, 1088, 4, 1138, 3, 1238
4, 356, 3, 429, 2, 733, 3, 1244
3, 439, 2, 483, 4, 766, 4, 1061, 2, 1355
4, 1431
2, 620
3, 1019, 4, 1429
3, 20, 2, 204, 2, 260, 3, 480, 3, 570, 3, 1162
3, 60, 2, 1229
4, 11, 2, 61, 3, 373, 2, 477, 3, 627, 2, 1416, 4, 1482
2, 301, 2, 490, 2, 827, 3, 883, 3, 993, 4, 1066, 3, 1309
5, 874
2, 204, 4, 387, 4, 458, 4, 464, 2, 664, 4, 753, 2, 820
3, 221, 3, 703, 4, 814, 3, 897
3, 538, 4, 967
3, 212, 3, 272, 3, 378, 3, 389, 3, 622, 3, 1034
4, 558, 3, 724, 3, 807
3, 48, 3, 863, 4, 1533
3, 21, 3, 25, 5, 1230, 4, 1346
3, 258, 3, 487, 2, 647, 4, 691, 3, 907, 4, 1350
2, 255, 3, 501, 2, 1037, 4, 1044, 3, 1198, 3, 1381
3, 434, 4, 1077, 4, 1237, 3, 1281, 3, 1497, 4, 1526
3, 70, 3, 1091
4, 153, 2, 182, 3, 825, 3, 852, 3, 1201
4, 259, 3, 315, 3, 319, 3, 425, 3, 508, 4, 1008
3, 645, 2, 866, 2, 1381, 3, 1548, 4, 1558
4, 56, 4, 445, 4, 489, 2, 705
2, 229, 2, 266, 3, 339, 3, 749, 4, 1155
4, 136, 4, 292, 3, 492, 2, 1018, 2, 1074
4, 1168
3, 149, 4, 153, 3, 542, 3, 945, 3, 1058
4, 76, 4, 629, 4, 785, 3, 1307, 2, 1351
4, 29, 3, 200, 2, 262, 3, 899
4, 1142, 3, 1148, 3, 1504
3, 11, 3, 114, 4, 320, 3, 1202
3, 37, 3, 270, 4, 846, 2, 906, 4, 1096
2, 480, 4, 896, 2, 1079, 3, 1356, 3, 1445
4, 28
2, 44, 4, 128, 4, 1010, 3, 1436, 3, 1492
3, 111, 2, 477, 3, 544, 3, 1326, 3, 1332, 4, 1486
3, 11, 3, 227, 2, 1136, 3, 1365
3, 751, 3, 1512
3, 364, 4, 518, 3, 564, 3, 701, 4, 1067
3, 397, 3, 697, 4, 747, 3, 847
3, 927, 4, 938, 3, 1144, 3, 1453
2, 112, 3, 172, 3, 289, 4, 522, 3, 1031, 3, 1060
3, 85, 3, 328, 5, 561, 3, 1137, 4, 1198, 3, 1514
2, 102, 4, 335, 4, 1483, 4, 1543
4, 158, 4, 591, 3, 801, 4, 807, 3, 1250
4, 331, 3, 368, 4, 618, 3, 718, 3, 1140, 2, 1173
2, 166, 4, 182, 3, 505, 3, 1453
2, 632
3, 1027, 3, 1031
2, 33, 3, 78, 3, 216, 2, 272, 4, 582, 3, 594, 2, 761
3, 159, 3, 408
2, 59, 3, 442, 3, 452, 4, 968
2, 36, 4, 546, 2, 575, 2, 1218, 4, 1245, 3, 1361
2, 76, 4, 712, 3, 1157, 3, 1401
4, 639, 2, 1059, 3, 1415
2, 576, 2, 872
3, 882, 3, 1092, 3, 1098, 4, 1392, 4, 1442, 2, 1541
4, 349, 4, 909, 3, 1009, 3, 1132, 2, 1138, 3, 1431, 4, 1475
3, 167, 3, 400, 5, 623, 3, 939, 4, 1482
4, 392, 4, 896
2, 263, 2, 419, 3, 1145, 2, 1202, 4, 1268
3, 752, 3, 1295, 3, 1358
2, 43, 3, 143, 4, 679, 3, 979, 4, 1042
4, 344, 4, 417, 3, 660, 3, 1149, 3, 1166, 3, 1292
3, 383, 3, 456, 2, 760, 3, 1272
4, 467, 2, 510, 4, 793, 4, 1089, 2, 1382
3, 747, 3, 1556
3, 281, 3, 1046, 4, 1435, 3, 1456
2, 414, 3, 670, 4, 1019, 4, 1529
3, 131, 4, 162, 3, 185, 3, 347, 3, 644, 3, 754, 2, 1353
3, 684, 4, 877, 2, 1200, 3, 1260, 2, 1366, 4, 1376
4, 667, 3, 834, 3, 917, 2, 1137
4, 291, 4, 591, 2, 624, 4, 653, 3, 1213, 4, 1313
3, 630, 2, 663, 2, 680, 4, 780
3, 564, 3, 774, 2, 980, 2, 1290
2, 45, 2, 867
4, 338, 3, 900, 2, 1426
2, 644, 4, 1127, 3, 1237, 4, 1320
4, 451, 3, 738, 4, 1293
2, 534, 3, 1043
4, 625, 2, 698, 4, 941
4, 103, 2, 851
3, 385, 3, 1147, 2, 1540
4, 198, 3, 392, 4, 714, 4, 881
2, 331, 2, 365, 2, 381
4, 312, 4, 362, 3, 639, 3, 655, 3, 928, 3, 1198
3, 666, 3, 695
2, 150, 4, 466
4, 345, 2, 828, 2, 938, 3, 1021
2, 281, 2, 315, 4, 1317, 3, 1417, 2, 1444
2, 36, 3, 415, 2, 498, 2, 1018, 3, 1107, 3, 1423
3, 173, 3, 582, 2, 965
3, 146, 3, 150, 3, 316, 3, 971, 4, 1354, 3, 1471
2, 366, 4, 599, 3, 822, 3, 1175, 4, 1341, 3, 1425
4, 3, 2, 326, 3, 386, 2, 492, 2, 503, 2, 736
3, 43, 3, 1518
3, 76, 3, 87, 3, 293, 4, 513, 4, 602, 5, 1251, 4, 1256
2, 78, 3, 710, 3, 1319, 2, 1392
3, 417, 2, 743, 4, 760, 2, 1032
4, 497, 3, 1506
2, 21, 2, 747, 3, 1000, 3, 1283, 3, 1423
3, 134, 2, 451, 2, 521, 4, 993, 3, 1137, 2, 1470
4, 461, 4, 904, 2, 1160, 4, 1177, 4, 1509, 3, 1547
3, 405, 4, 627
2, 607, 4, 1346, 4, 1350
3, 590, 2, 913, 3, 973, 3, 1090, 2, 1323
4, 368, 4, 391, 3, 948, 2, 1146
3, 1197, 4, 1453
3, 111, 4, 987, 3, 1077
2, 1214, 4, 1403
3, 275, 2, 641, 4, 924, 3, 1078
2, 485, 5, 558, 3, 862, 4, 1290, 4, 1373
2, 358, 4, 435, 3, 828, 2, 1011, 3, 1034, 2, 1390
3, 599, 4, 909
3, 1425, 3, 1547
4, 73, 3, 516, 4, 772, 4, 1121
3, 233
2, 239, 2, 593, 3, 842, 3, 1341
3, 102, 2, 579, 2, 824, 3, 1361
3, 235, 3, 425, 2, 762, 3, 818, 3, 928, 4, 1001, 2, 1244
4, 595, 2, 628, 2, 712, 2, 968, 3, 1217, 3, 1317, 4, 1344
3, 222, 2, 432, 3, 732, 3, 882
2, 73, 3, 482, 4, 865, 2, 875, 4, 1391
4, 83, 3, 126, 5, 409, 4, 549, 4, 705
4, 120, 4, 363, 3, 596, 4, 819, 3, 1135, 2, 1205
4, 286, 2, 403, 3, 636
3, 20, 4, 290, 2, 307
3, 150, 3, 167, 3, 237, 4, 710, 2, 853, 2, 1186
4, 177, 5, 620, 3, 849, 4, 1226
2, 554, 3, 1049
3, 317, 3, 367, 5, 643, 3, 660, 4, 783, 3, 932
2, 1, 2, 122, 2, 434, 3, 644, 2, 688, 4, 971, 3, 1110
3, 578, 4, 888
2, 1403, 3, 1526
3, 53, 3, 148, 4, 592, 3, 1234, 2, 1261, 3, 1278
3, 92, 3, 315, 3, 631, 4, 702, 2, 1174, 4, 1317
3, 82, 2, 132, 3, 169, 4, 641, 3, 1084, 3, 1340, 4, 1357
3, 96, 4, 200, 2, 349, 2, 1138, 3, 1204, 3, 1342
4, 389, 3, 672
3, 1521
3, 60, 4, 840, 3, 863, 2, 1019, 4, 1322
3, 619, 2, 1156, 4, 1455
5, 143, 2, 353, 4, 397, 2, 679, 4, 819, 4, 1389
3, 533, 3, 1475
5, 74, 3, 107, 4, 1109, 4, 1236
2, 7, 3, 733, 2, 1203, 4, 1269, 2, 1409
3, 1456
2, 354, 3, 973, 3, 1283
4, 108, 4, 524, 3, 984, 3, 1073
3, 880, 4, 1489
3, 288, 3, 344, 2, 454, 2, 537, 3, 1036, 3, 1492
4, 383, 3, 577, 4, 899, 4, 1066
3, 517, 2, 550, 3, 566, 4, 666
2, 547, 2, 757, 3, 963, 2, 1273
3, 1167
3, 8, 4, 291, 3, 1000, 3, 1523
3, 530, 4, 957, 3, 1013, 4, 1123, 3, 1206
2, 162, 2, 944, 4, 1287, 4, 1364
3, 421, 2, 827, 3, 998, 3, 1376
3, 32, 3, 49, 4, 119, 4, 591, 2, 735, 3, 1068
3, 59, 4, 502, 3, 1107, 2, 1145
2, 435, 3, 1344
3, 525, 3, 542, 3, 612, 3, 662, 4, 1228
4, 511, 3, 688
2, 222, 2, 411, 4, 804, 4, 987
2, 39, 3, 355, 3, 898, 3, 960
4, 288, 2, 644
4, 365, 2, 394, 3, 612, 2, 1134, 2, 1178, 2, 1461
2, 602, 2, 652, 4, 928, 4, 945, 3, 1068, 4, 1074, 4, 1217
3, 535, 4, 691, 5, 1417
4, 366, 4, 732, 3, 755, 4, 1215, 4, 1325
2, 266, 4, 925, 2, 1048, 5, 1348
2, 449, 2, 505, 2, 526, 4, 688, 4, 1481
2, 224, 3, 839
3, 380, 3, 413, 3, 1002, 3, 1129
2, 157, 4, 313, 3, 1039, 3, 1162
3, 270, 4, 436, 3, 519, 3, 1019
3, 37, 3, 573, 3, 873, 4, 1495
3, 1115
2, 233, 3, 266, 2, 283, 2, 383, 3, 409, 4, 1019
3, 1059, 3, 1435
2, 8, 2, 18, 3, 663, 3, 1400
3, 507, 4, 717, 4, 1017, 2, 1067, 2, 1167
4, 1236
4, 77, 2, 1513
4, 161, 4, 604, 3, 860, 3, 1209, 2, 1246
3, 737, 3, 847
3, 764, 3, 1076, 4, 1180
2, 827, 2, 873, 4, 1011, 3, 1377
3, 235, 4, 551
3, 844, 5, 1023, 3, 1106, 4, 1327
3, 651, 4, 1493
4, 2, 2, 324, 2, 384, 3, 491, 3, 501, 3, 734
3, 55, 2, 138, 3, 394, 3, 638, 3, 871, 4, 1447, 4, 1507
3, 305, 2, 948, 3, 991, 3, 1324, 3, 1420
4, 479, 4, 645, 4, 728
2, 785, 3, 1527
5, 113, 5, 529, 4, 988, 4, 1078
3, 885, 4, 1494
3, 292, 3, 348, 2, 459, 2, 542, 3, 1041, 3, 1497
4, 388, 3, 581, 4, 904, 4, 1070
3, 521, 2, 554, 3, 571, 4, 671
2, 552, 2, 762, 3, 968, 2, 1278
3, 1171
2, 13, 4, 296, 3, 1005, 3, 1527
3, 535, 3, 961, 3, 1018, 4, 1128, 3, 1211
2, 166, 2, 948, 4, 1291, 4, 1368
3, 426, 2, 832, 3, 1002, 3, 1381
4, 27, 4, 499, 2, 642, 3, 975, 3, 1497, 3, 1514
3, 63, 4, 506, 3, 1112, 3, 1149
2, 440, 3, 1349
2, 553, 3, 1408, 3, 1424, 3, 1495, 3, 1545
4, 515, 3, 692
2, 226, 2, 416, 4, 809, 4, 992
2, 43, 3, 359, 3, 902, 3, 965
5, 390, 2, 746
4, 47, 5, 467, 3, 496, 4, 617, 2, 1139, 2, 1182, 2, 1465
3, 656, 3, 856, 3, 866, 3, 1072, 3, 1382
3, 171, 3, 643, 5, 1086
4, 371, 4, 803, 3, 1013, 4, 1020, 4, 1313, 4, 1463
2, 271, 4, 930, 2, 1053, 5, 1352
2, 454, 2, 510, 2, 531, 4, 693, 3, 1485
2, 228, 3, 844
3, 384, 3, 418, 3, 1006, 3, 1133
2, 162, 4, 318, 3, 1044, 3, 1167
3, 274, 5, 441, 4, 524, 4, 1023
3, 216, 3, 838
2, 832, 3, 893, 3, 1009
2, 1333
3, 37, 2, 254
2, 430, 3, 480, 3, 757, 3, 773, 3, 903, 3, 1046
3, 370, 3, 813
2, 123, 3, 360, 3, 393, 3, 410, 4, 733, 3, 1049
4, 400, 4, 433, 3, 516, 4, 1149, 3, 1186, 4, 1436
4, 616, 3, 853, 3, 886, 3, 903, 2, 1225, 2, 1542
3, 1106, 3, 1362
3, 21, 4, 896, 4, 1090, 3, 1399
3, 1063, 4, 1206
2, 70, 4, 303, 4, 880, 2, 940, 4, 1046, 4, 1129
3, 122, 3, 444, 3, 504, 2, 611, 2, 621, 3, 854, 2, 1363
3, 271, 3, 288, 3, 417, 2, 561, 2, 893, 3, 1503, 4, 1553
3, 131, 3, 857, 2, 1327, 4, 1394, 3, 1533
4, 1007, 3, 1483
3, 807, 3, 1477, 2, 1550
2, 1174, 4, 1290, 3, 1523, 3, 1527
4, 614, 2, 1309, 4, 1513
4, 261, 3, 964
3, 205, 4, 504, 2, 538, 4, 981, 3, 1126, 4, 1226
4, 544, 2, 577, 4, 594, 5, 694
2, 574, 2, 784, 3, 990, 3, 1300
2, 1194
2, 36, 4, 318, 3, 1028, 3, 1550
3, 558, 4, 984, 4, 1040, 3, 1151, 4, 1234
2, 189, 2, 971, 4, 1314, 4, 1391
3, 449, 2, 855, 4, 1025, 3, 1404
4, 49, 4, 522, 2, 665, 3, 998, 3, 1520, 3, 1537
3, 86, 4, 529, 3, 1135, 3, 1172
2, 463, 3, 1372
3, 552, 3, 569, 3, 639, 3, 689, 4, 1255
4, 70, 4, 1218, 3, 1278, 4, 1395
2, 305, 4, 1414
2, 66, 3, 382, 3, 925, 3, 988
4, 336, 5, 413, 2, 769
3, 47, 3, 70, 4, 639, 3, 839, 3, 952, 3, 1028, 2, 1422
3, 13, 3, 86, 3, 496, 3, 902
2, 194, 3, 666, 3, 1109
3, 393, 4, 826, 3, 1036, 4, 1042, 3, 1336, 3, 1485
2, 293, 4, 953, 2, 1076, 5, 1375
4, 47, 2, 574, 4, 630, 2, 651, 5, 813, 3, 1056
3, 97, 3, 501, 2, 613, 3, 1262
2, 191, 3, 890, 4, 1006, 3, 1239
2, 147, 4, 351, 2, 567
3, 1259, 3, 1535
2, 22, 3, 30, 2, 223, 3, 546, 3, 712, 3, 1031
2, 24, 2, 69, 3, 180, 3, 1145
3, 989, 2, 1365
3, 359, 3, 419, 4, 526, 3, 536, 4, 769, 3, 1181, 3, 1401
4, 332, 4, 808, 4, 1031
3, 16, 3, 49, 2, 1052, 3, 1152
4, 46, 3, 772, 3, 829, 2, 1448
3, 417, 4, 666, 3, 1165
3, 606, 3, 639, 3, 722, 3, 978, 3, 1228, 3, 1328, 4, 1355
2, 443, 3, 647, 3, 743, 3, 892
3, 493, 2, 497, 4, 876, 3, 886, 2, 1402
3, 94, 2, 137, 5, 420, 4, 560, 4, 1129
3, 1, 4, 130, 4, 374, 3, 607, 2, 1216, 4, 1243
3, 711, 2, 827, 3, 1060, 2, 1156
2, 1316, 5, 1526, 4, 1532
4, 64, 4, 201, 4, 617, 4, 927
3, 110, 3, 227, 3, 460, 2, 464, 2, 630, 2, 969, 3, 1285
3, 437, 3, 580, 2, 913, 3, 1452, 3, 1522
3, 709
3, 444
2, 351, 3, 540, 4, 933, 2, 1116
2, 168, 4, 484, 3, 1027, 3, 1089
2, 340, 4, 417, 2, 773
4, 74, 4, 148, 3, 644, 3, 844, 3, 956, 3, 1033, 3, 1426
3, 115, 5, 188, 4, 491, 4, 598, 5, 1003
3, 664, 3, 820, 4, 1546
4, 398, 4, 764, 3, 787, 3, 1247, 2, 1357
2, 395, 2, 1054, 3, 1177, 2, 1184, 3, 1477
2, 135, 4, 405, 3, 745, 2, 1061
2, 256, 3, 871
3, 463
3, 979, 2, 1316
3, 170, 4, 213, 4, 496, 4, 1205, 2, 1499
3, 353, 4, 523, 3, 586, 4, 1162, 3, 1222, 4, 1538
4, 629, 4, 806
2, 437, 3, 626, 5, 1020
5, 194, 3, 250, 3, 254, 3, 360, 3, 443, 4, 943
3, 580, 3, 800, 3, 1316, 4, 1483
2, 384
2, 1064, 4, 1453
3, 332, 2, 947
2, 65, 3, 188, 3, 488, 4, 521, 2, 1237, 4, 1523
3, 228, 3, 704, 4, 941, 4, 974, 2, 991, 4, 1091
2, 142, 3, 242, 4, 269, 3, 778, 3, 1078, 3, 1111, 4, 1554
3, 175, 4, 818, 3, 955, 4, 978, 3, 1021, 3, 1238
2, 172, 3, 1298, 2, 1368, 5, 1375
2, 243, 3, 432, 2, 1008, 2, 1252
2, 981
2, 499
3, 975, 3, 1352
2, 509, 4, 1167, 4, 1191
3, 246, 3, 335, 4, 651, 3, 822, 4, 1284, 3, 1554
3, 1271
3, 2, 3, 479, 3, 1138, 4, 1261, 2, 1267
2, 316, 3, 586, 3, 603, 4, 925, 3, 1241
3, 282, 3, 686, 3, 798, 3, 1447
2, 376, 2, 819, 4, 1075, 4, 1191, 3, 1424
4, 567, 4, 746, 4, 1049
4, 479, 4, 483, 5, 862, 4, 1299
3, 456
3, 340, 2, 546, 3, 1315, 4, 1428, 3, 1505
3, 1449
3, 1069, 4, 1452, 3, 1462
3, 121, 3, 803
4, 460, 4, 930, 2, 1136, 4, 1292, 2, 1492
5, 50, 3, 67, 3, 137, 3, 610, 4, 753
2, 213, 2, 450, 3, 1272
4, 440, 2, 756, 4, 1388
3, 423, 2, 566, 4, 666, 3, 899, 3, 1122, 3, 1438, 2, 1509
4, 660, 3, 703, 2, 986
2, 148, 4, 364, 2, 1502
4, 177, 3, 454, 3, 593, 2, 903
4, 797, 3, 1119, 4, 1286
4, 37, 3, 281, 3, 770, 3, 913, 3, 1523
3, 967, 3, 977, 3, 1183, 3, 1493
2, 151, 2, 211, 3, 328, 4, 561, 4, 657
3, 265, 3, 288, 3, 691, 3, 747, 3, 858, 3, 941, 3, 1440
4, 155, 3, 159, 2, 664, 2, 1363, 2, 1480
2, 855, 4, 878, 3, 1338
2, 1161
3, 535, 3, 635, 2, 1471, 3, 1504
3, 572, 3, 725, 2, 1248, 3, 1404
3, 149
3, 549, 3, 1491
3, 503, 3, 536, 3, 1125, 2, 1252
2, 605, 3, 1314
2, 12, 4, 478, 3, 911, 3, 1121, 2, 1127, 3, 1421, 4, 1471
2, 23, 3, 1504
3, 226, 4, 869, 2, 912, 3, 1195, 3, 1335, 3, 1491
2, 249, 4, 266, 3, 336, 3, 952
3, 450, 4, 910, 3, 999
3, 173, 2, 722, 4, 1305, 2, 1326, 3, 1415, 4, 1488
3, 476, 3, 480, 3, 869, 3, 1273, 3, 1296, 2, 1552
2, 337, 4, 1312
2, 57, 3, 277, 2, 1026, 2, 1057, 2, 1080, 4, 1123, 3, 1339
3, 1093
4, 217, 2, 926, 3, 1448, 2, 1492
3, 456, 5, 939, 5, 1049, 5, 1132
3, 676, 4, 1105
3, 447, 2, 507, 3, 516, 3, 624, 3, 857, 4, 1269
3, 81, 2, 164, 3, 420, 3, 663, 3, 896, 4, 1119, 4, 1473
5, 428, 3, 1033, 3, 1070, 3, 1543
2, 361, 3, 1270
3, 451, 3, 467, 4, 538, 3, 588, 3, 1154
4, 1116, 4, 1177, 2, 1293, 3, 1526
3, 531, 2, 735, 4, 951, 2, 980
3, 98, 3, 475, 4, 581, 2, 585, 4, 964, 3, 974, 4, 1400
2, 821, 2, 1430
2, 550
2, 527, 4, 577, 4, 854, 5, 871, 3, 993, 4, 1000, 4, 1143
3, 461, 3, 617
3, 195, 4, 627, 3, 837, 4, 844, 3, 1137, 3, 1287
3, 192, 3, 851, 2, 974, 5, 1274
4, 74, 3, 147, 3, 390, 3, 939, 4, 1023, 4, 1522, 3, 1543
3, 114, 3, 363, 3, 463, 3, 490, 3, 1299, 2, 1333
5, 55, 4, 664, 4, 1436, 5, 1469, 4, 1486
3, 11, 3, 21, 2, 1186
3, 238, 2, 920
3, 362, 3, 562, 3, 674, 3, 751, 3, 1144, 2, 1350
3, 401, 2, 611, 2, 817, 2, 1127
3, 195, 2, 291, 4, 607, 5, 734, 3, 1344, 5, 1404, 4, 1520
4, 871, 5, 1414
4, 288, 3, 326, 3, 1214
3, 22, 4, 139
3, 276, 3, 1231
3, 295, 3, 609, 3, 778, 3, 998, 3, 1258
4, 75, 5, 611, 5, 911, 3, 1387, 3, 1533
4, 179, 3, 252, 3, 495, 4, 984, 3, 1000, 3, 1127
3, 59, 4, 315, 2, 692, 3, 802
3, 399, 3, 442, 4, 725, 3, 865, 2, 1314, 4, 1434
3, 209, 2, 1424
3, 808, 2, 1185
3, 219, 4, 439, 3, 1122
3, 855, 2, 1432
4, 19, 3, 1188
3, 456, 2, 1072
4, 90, 2, 190, 4, 313, 4, 612, 3, 645, 2, 1361
3, 449, 3, 653, 3, 926, 4, 1163, 5, 1196, 2, 1213, 5, 1312
3, 120, 4, 903
3, 476
4, 300, 3, 1182, 2, 1238
3, 400, 2, 412, 3, 423, 2, 579, 3, 662, 4, 882
3, 143, 3, 559, 3, 1019, 4, 1109
4, 380, 4, 1185, 3, 1202, 3, 1329
4, 93, 3, 254, 3, 1086, 3, 1362, 4, 1502
2, 530, 3, 880, 3, 975
4, 184, 5, 217, 2, 234, 3, 334, 4, 1233, 4, 1443, 3, 1449
3, 84, 3, 267, 3, 544, 4, 634, 4, 700, 2, 1226, 2, 1489
3, 681, 3, 791
3, 708, 4, 1020, 3, 1124
3, 674, 4, 857, 4, 1224
2, 947, 2, 1473, 4, 1529
3, 691, 2, 870, 3, 953, 3, 1174
2, 627, 2, 660, 4, 1249, 3, 1349, 2, 1376
3, 211, 2, 760, 3, 843, 2, 950, 4, 1453, 2, 1526
3, 7, 2, 417, 2, 800, 3, 823
2, 491, 3, 587
4, 71, 2, 387, 3, 558, 2, 1020, 3, 1257, 3, 1290, 3, 1307
3, 289, 4, 389, 3, 511, 3, 811
2, 588, 2, 944, 4, 1470, 2, 1526
3, 62, 3, 305, 3, 538, 3, 761, 3, 1077, 3, 1114
3, 70, 3, 265, 3, 299, 3, 326, 3, 442, 4, 675, 3, 1185
3, 93, 2, 109, 3, 382, 4, 1324
3, 1438
3, 217, 2, 246, 3, 889, 3, 916, 3, 1265
3, 323, 2, 379, 2, 383, 3, 489, 2, 572, 2, 1072, 3, 1305
3, 1506
3, 387, 3, 543
3, 553, 3, 763, 3, 769, 2, 1063, 4, 1212
4, 293, 3, 330, 3, 1219
3, 27, 4, 143
5, 280, 5, 1235
3, 583, 3, 1492
4, 672, 4, 689, 4, 759, 5, 809, 5, 1225, 5, 1375
4, 140, 3, 1142, 4, 1371, 4, 1415
4, 816
3, 963
4, 154, 5, 803, 2, 986, 2, 1185, 5, 1196, 4, 1402
3, 193, 3, 663, 2, 869, 3, 1439
3, 87
3, 486, 3, 1429
3, 124, 2, 157, 4, 1160, 3, 1259, 2, 1286
2, 257, 2, 340, 2, 860, 3, 950, 3, 1266, 3, 1436
2, 328, 5, 710
4, 421, 4, 574, 3, 757, 2, 1034, 4, 1124
3, 454, 5, 658, 3, 874, 5, 1167, 2, 1217, 3, 1317
4, 125, 3, 271, 3, 371, 2, 907, 3, 914, 3, 1207
3, 567, 2, 617, 3, 716
4, 450, 4, 500, 3, 777, 3, 793, 4, 916, 4, 1066
5, 341, 4, 833, 4, 1476, 5, 1519
3, 581, 4, 1017
5, 98, 2, 258, 4, 1090, 5, 1367, 4, 1506
3, 632, 3, 981, 4, 1077, 2, 1520
3, 95, 3, 205, 3, 805, 3, 1171, 3, 1194, 3, 1237, 2, 1454
2, 328, 3, 549, 3, 1231
3, 1062, 3, 1224, 3, 1467
4, 276, 2, 629, 3, 879, 3, 1378
4, 519, 4, 525, 4, 679, 4, 818, 3, 862, 2, 1295, 5, 1540
2, 39, 2, 794
3, 62, 3, 388, 4, 678
4, 79, 4, 262, 3, 332, 4, 338, 3, 628, 4, 694
3, 162, 2, 372, 4, 378, 3, 1287
2, 36, 4, 109, 4, 519, 3, 902, 3, 924
3, 891, 2, 1467
3, 55, 2, 1224
3, 502, 4, 589, 2, 1205
3, 445, 3, 1221
3, 19, 3, 56, 3, 529, 4, 972, 2, 1244, 4, 1527
4, 472, 3, 1011, 3, 1082, 4, 1554
3, 1042, 2, 1379
2, 4, 3, 233, 4, 276, 4, 559, 4, 1268
4, 43, 4, 416, 4, 586, 3, 649, 3, 1225, 2, 1258, 4, 1285
2, 46, 4, 89, 3, 372, 3, 961, 3, 1082
3, 229, 3, 462, 3, 1038, 3, 1098, 3, 1415, 3, 1544
3, 603, 4, 663, 3, 779, 2, 1012, 4, 1108, 4, 1551
3, 70, 2, 819
3, 353, 3, 1119, 4, 1508, 3, 1528
4, 140, 4, 583, 3, 839, 3, 1189, 2, 1226
3, 716, 3, 827
3, 743, 3, 1055, 3, 1159
4, 225, 3, 270, 4, 311, 2, 464, 3, 774, 3, 786, 3, 953
3, 254, 4, 503, 3, 1003
4, 973, 3, 1229
2, 861, 4, 950, 3, 1543
2, 1087
4, 484, 5, 694, 5, 994, 3, 1044, 3, 1143
4, 261, 3, 334, 2, 638, 4, 1150
3, 442, 4, 485, 4, 768, 4, 1064, 3, 1357
4, 1434
3, 159, 3, 375, 4, 525, 3, 685, 3, 1313, 3, 1380, 4, 1517
2, 101
4, 684, 4, 1397, 3, 1430, 5, 1447, 4, 1547
2, 251, 3, 501, 2, 627, 3, 734, 4, 738, 3, 1470, 3, 1553
3, 49, 3, 65
3, 115
3, 515, 3, 1457
3, 469, 3, 502, 3, 1091, 2, 1217
3, 229, 3, 699, 2, 905, 3, 1475
3, 123
3, 522, 3, 1464
4, 62, 3, 96, 3, 1098, 3, 1225
2, 93, 3, 819, 2, 1289, 4, 1355, 2, 1495
2, 1445
2, 440, 2, 962, 4, 1369
5, 194, 3, 610, 4, 1070, 3, 1159
4, 17, 3, 966
2, 1109, 4, 1219, 3, 1303
2, 154, 4, 404, 2, 530, 5, 637, 5, 641, 4, 1373, 4, 1456
4, 1080, 3, 1283, 2, 1379, 4, 1412, 4, 1429, 3, 1500, 2, 1529
3, 600, 3, 783, 2, 860, 3, 1215
3, 421, 3, 493, 4, 737, 4, 1226, 4, 1369, 4, 1475
3, 557, 4, 630, 3, 934, 4, 1040, 4, 1362, 2, 1446
3, 258, 4, 274, 3, 507, 4, 597, 2, 913, 4, 1083, 2, 1545
2, 62, 4, 361, 2, 394, 3, 1397, 3, 1497
3, 1097, 3, 1260, 3, 1503
4, 311, 3, 665, 3, 914, 4, 1414
3, 951
4, 275, 3, 468, 3, 791, 4, 957
2, 408, 2, 441, 2, 458
3, 389, 5, 439, 4, 715, 3, 732, 3, 1005, 3, 1275
3, 742, 3, 772
2, 226, 4, 543
3, 422, 5, 905, 5, 1015, 5, 1098
3, 740, 4, 1168
3, 413, 3, 473, 2, 579, 3, 590, 3, 823, 2, 919, 3, 1235
3, 183, 3, 722, 2, 1264
4, 426, 3, 526, 3, 649, 3, 948, 2, 1425
3, 289
3, 556, 3, 688, 2, 945, 4, 989, 3, 1205, 4, 1551
3, 24, 3, 390, 2, 457, 2, 702, 3, 1239, 3, 1245, 2, 1399
3, 340, 4, 1415, 3, 1438
3, 250, 4, 260, 2, 1425, 3, 1429
3, 354, 2, 383, 2, 1026, 4, 1053, 4, 1402
2, 516
2, 493, 2, 640, 4, 820, 4, 837, 4, 966, 3, 1056, 4, 1109
2, 524, 3, 680
4, 258, 4, 690, 4, 900, 4, 907, 3, 1200, 3, 1350
3, 542
2, 862, 4, 951, 3, 1544
4, 4, 4, 76, 3, 320, 5, 869, 4, 952, 4, 1222, 3, 1472
4, 517, 4, 1359
4, 190, 5, 250, 4, 357, 4, 367, 4, 600, 5, 1426
4, 536, 3, 596, 5, 702, 3, 786, 4, 1285
4, 170, 3, 586, 4, 769, 2, 846, 2, 1046, 3, 1135
3, 236, 2, 603, 4, 885, 3, 1039
2, 544, 4, 616, 2, 920, 3, 1349, 4, 1432
2, 417, 4, 494, 5, 887, 2, 1070, 4, 1093, 3, 1449
2, 657, 4, 967
3, 48, 2, 1483
4, 131, 4, 574, 3, 830, 3, 1179, 2, 1217
3, 707, 3, 817
4, 628, 2, 831, 2, 1143, 3, 1247
3, 212, 2, 721, 3, 1037, 2, 1164, 4, 1360, 2, 1420, 4, 1537
4, 181, 2, 507, 2, 524, 3, 797, 3, 1067
3, 25, 3, 534, 4, 851, 3, 1173, 4, 1233, 3, 1350
4, 738, 3, 798, 4, 987, 4, 1487
4, 505, 2, 627, 5, 927
3, 238, 2, 282, 4, 565, 4, 704, 4, 860
4, 275, 4, 519, 2, 752, 3, 974, 3, 1290, 2, 1361
3, 442, 3, 558, 3, 791, 2, 1301
3, 119, 4, 1257, 2, 1461
2, 826
3, 693, 2, 1230, 3, 1529
3, 524, 2, 567
4, 108, 4, 141, 3, 158, 3, 285
5, 41, 2, 318, 4, 457
3, 8, 4, 191, 3, 268
4, 22, 3, 904, 3, 1374
2, 53, 3, 1018, 3, 1455, 3, 1501
3, 862, 2, 1239
3, 176, 4, 396, 3, 1079
3, 812, 2, 1388
3, 73, 2, 1242
4, 423, 4, 510, 3, 1126
2, 367, 2, 1142
5, 450, 4, 893, 3, 1165, 3, 1498, 4, 1535
3, 258, 3, 713, 4, 1067, 3, 1233, 4, 1316
3, 963, 2, 1300
3, 154, 4, 197, 4, 480, 4, 1190, 2, 1483
2, 61, 4, 434, 3, 604, 3, 667, 3, 1243, 3, 1276, 2, 1303
4, 101
4, 28, 4, 421, 3, 531, 3, 604, 2, 848, 4, 1397, 4, 1480
3, 668, 2, 918, 2, 1018, 3, 1045, 3, 1140, 5, 1440, 3, 1473
2, 36, 3, 485
3, 245, 3, 316, 4, 788, 2, 1264, 2, 1487
3, 572, 4, 792, 4, 1308, 4, 1474
3, 925, 2, 959, 3, 975, 2, 1075
3, 179
3, 318, 4, 402, 2, 658, 3, 907, 3, 1034
2, 945
3, 325, 2, 358, 3, 375, 2, 475, 2, 502
3, 172, 2, 176, 3, 555
3, 975, 3, 1298, 2, 1464, 2, 1474
3, 405, 4, 615, 4, 915, 3, 965, 3, 1065
5, 280, 4, 353, 2, 656, 4, 1168
3, 363, 4, 407, 3, 689, 3, 1278
2, 929, 3, 952, 3, 1411
3, 177, 3, 943, 4, 1332, 3, 1352
2, 310, 3, 566, 3, 916, 4, 1425
3, 27, 4, 244, 4, 443, 3, 1153, 4, 1519, 3, 1542
3, 307, 4, 373, 2, 1162, 4, 1315, 2, 1498
3, 164, 2, 181
2, 78, 3, 328
2, 361, 3, 371, 4, 887
4, 677
2, 457, 2, 465, 3, 494, 3, 501, 4, 1513
3, 58, 2, 141, 3, 397, 3, 640, 3, 873, 4, 1449, 4, 1510
3, 404, 3, 1047, 3, 1091, 3, 1424, 3, 1519
4, 481, 3, 648, 3, 731
2, 787, 3, 1530
5, 115, 4, 531, 4, 991, 4, 1080
5, 36, 4, 984
3, 1128, 4, 1238, 4, 1321
2, 75, 3, 452, 3, 558, 4, 562, 4, 1294, 3, 1377
3, 16, 4, 122, 3, 626, 3, 698, 4, 942, 2, 1431, 4, 1447
3, 293, 4, 326, 3, 915, 2, 1015, 3, 1551
2, 615, 2, 1191, 3, 1435
4, 8, 3, 252, 4, 485, 2, 1061, 4, 1121, 3, 1311
4, 528, 3, 589, 4, 705, 4, 1350
4, 146, 3, 295
3, 126, 3, 501, 3, 742, 2, 745, 4, 978, 3, 1200, 3, 1517
4, 254, 3, 410, 4, 976, 2, 1136, 4, 1192, 3, 1259
4, 46, 2, 749
3, 290, 3, 323, 3, 912, 2, 1012, 2, 1548
3, 612, 3, 1188, 3, 1432
3, 277, 4, 526, 3, 1026
4, 996, 3, 1252
3, 786, 5, 876
4, 37, 2, 104, 2, 243, 4, 813, 3, 1013, 3, 1125
4, 118, 3, 767, 3, 950, 4, 1150, 2, 1160, 3, 1227, 4, 1366
3, 234, 3, 810, 3, 1189
4, 148, 4, 648, 3, 881, 3, 1103, 3, 1457, 4, 1526
3, 188, 3, 924, 3, 1091
3, 304, 4, 914, 2, 987, 2, 1230
4, 1233, 4, 1303
3, 274
3, 311, 3, 378, 2, 1166, 4, 1320, 2, 1503
4, 1532
3, 557
2, 265, 3, 540, 3, 711, 3, 773, 2, 1409, 2, 1480
2, 275, 2, 304, 3, 974, 4, 1091, 3, 1324
4, 437, 3, 548, 3, 1513
2, 379, 2, 761, 2, 784, 2, 1527
4, 294, 2, 936, 2, 980, 2, 1263, 3, 1409, 2, 1558
4, 414, 3, 430, 2, 501, 4, 551, 3, 967, 2, 973, 3, 1117
5, 434, 5, 590, 4, 790, 4, 1316, 5, 1373, 4, 1393, 5, 1556
2, 61, 3, 438, 3, 544, 4, 548, 4, 1280, 3, 1363
5, 11, 4, 515, 4, 588, 3, 831, 3, 1320, 3, 1463
3, 312, 3, 396, 3, 651, 3, 901, 2, 1028, 4, 1134, 4, 1138
2, 319, 3, 352, 3, 369
3, 1080, 4, 1424, 4, 1553
2, 155, 3, 814, 3, 937, 4, 1237
4, 338, 3, 512, 2, 808, 4, 1088, 5, 1370
2, 113
3, 302, 3, 362, 3, 385, 2, 1017, 3, 1055, 3, 1128, 3, 1537
3, 106, 3, 582, 2, 819, 3, 852, 3, 869, 3, 969
3, 23, 3, 49, 4, 559, 4, 859, 3, 892, 4, 1481
3, 1029, 4, 1172
2, 36, 5, 269, 3, 846, 4, 906, 4, 1012, 5, 1095
2, 313, 4, 373, 3, 479, 3, 490, 3, 723, 4, 1549
4, 659, 3, 825, 4, 908, 3, 1408
4, 326, 2, 426, 3, 549, 3, 848
4, 420, 2, 626, 4, 981, 5, 1508
3, 196, 4, 440, 4, 673, 3, 895, 2, 1212, 4, 1249, 3, 1282
3, 107, 2, 379, 4, 662, 3, 750, 3, 1216, 4, 1372
3, 227, 3, 244, 4, 314, 3, 930
5, 331, 5, 377, 4, 880
4, 109, 4, 1490, 4, 1523, 3, 1540
2, 239, 3, 378, 3, 1520
4, 112, 3, 189, 3, 1487
3, 728, 3, 1198, 4, 1404
3, 43, 2, 469, 3, 480, 4, 525, 3, 636, 2, 719
5, 103, 4, 519, 2, 979, 4, 1068
3, 875, 4, 1484
2, 1115, 4, 1226, 4, 1309
3, 439, 2, 477, 4, 550, 4, 959, 4, 1282, 2, 1365
4, 177, 2, 427, 2, 516, 4, 589, 2, 833, 4, 1465
4, 271, 3, 377, 4, 381, 4, 1113, 3, 1197, 2, 1453
3, 348, 3, 421, 4, 664, 3, 1153, 4, 1297, 4, 1403
3, 146, 2, 229, 2, 485, 3, 861, 3, 967, 4, 971
3, 435, 2, 1011
2, 12, 3, 58, 4, 168, 3, 252, 2, 768, 2, 1134
5, 149, 3, 332, 4, 698
3, 948
2, 505, 3, 742, 2, 775, 3, 792, 2, 892
3, 180, 3, 589, 2, 972
4, 396, 3, 1132, 3, 1299
4, 609, 3, 880, 3, 1219, 4, 1292, 3, 1535
3, 576, 3, 980, 4, 1092, 3, 1196
4, 160, 3, 670, 4, 1308, 3, 1369, 3, 1485
4, 883
3, 933
5, 124, 4, 773, 2, 956, 2, 1156, 5, 1166, 4, 1372
3, 164, 3, 634, 4, 840, 3, 1409
3, 686, 3, 746, 4, 936, 4, 1435
4, 453, 4, 876
3, 214, 3, 330
4, 54, 3, 630, 3, 1009
2, 467, 4, 700, 4, 923, 3, 1276, 4, 1443, 3, 1526
2, 7, 2, 910
4, 41, 3, 567, 5, 623, 4, 644, 3, 806, 4, 1243
3, 188, 3, 704, 4, 808
4, 358, 4, 404, 4, 907
4, 179, 2, 728, 3, 917, 3, 1310, 4, 1421, 2, 1493
3, 385, 4, 389, 4, 767, 3, 778, 3, 1204, 2, 1460
3, 735, 3, 925, 4, 1318, 2, 1501
3, 525, 3, 552, 2, 868, 3, 998, 3, 1141, 2, 1474
3, 117, 2, 466
3, 46, 3, 362, 4, 533, 3, 995, 5, 1515
3, 23, 3, 333, 3, 962, 4, 1165, 3, 1365
3, 583, 3, 1055, 3, 1498
3, 332, 4, 536, 3, 752, 2, 1045, 4, 1195
3, 1201, 3, 1457
3, 116, 4, 991, 4, 1185, 2, 1494, 5, 1507
2, 279, 5, 922, 3, 1059, 5, 1082, 3, 1126, 4, 1342
2, 179, 3, 1305, 2, 1375, 5, 1382
2, 250, 3, 439, 3, 1015, 2, 1259
3, 609, 2, 1086
4, 1152
2, 1429, 3, 1551
4, 77, 4, 520, 3, 1162, 3, 1189, 3, 1206, 4, 1539
3, 118, 4, 340, 4, 640, 3, 656, 3, 727, 3, 1199, 3, 1343
2, 107, 3, 1382
3, 623, 3, 1336, 3, 1370, 4, 1386, 2, 1486
3, 192, 2, 1007
4, 751, 3, 797, 3, 990, 4, 1300, 4, 1479
4, 85, 3, 728, 3, 931, 4, 1148, 4, 1177
3, 295
2, 927, 2, 1110, 3, 1187, 4, 1387, 4, 1477, 2, 1543
2, 331, 3, 547, 4, 1456
3, 774, 3, 974, 3, 984, 3, 1190, 3, 1500
2, 192, 3, 664, 3, 1107
3, 22, 2, 488, 4, 921, 3, 1131, 3, 1137, 4, 1334
3, 388, 2, 1048, 3, 1171, 3, 1177, 4, 1470
2, 129, 4, 399, 3, 738, 2, 1054
3, 346, 3, 962
4, 502, 3, 535, 4, 1124, 3, 1251
2, 280, 2, 436, 3, 1162, 2, 1218, 4, 1284
3, 866, 4, 1408, 4, 1471
3, 156, 2, 256, 4, 793, 3, 1092, 4, 1155
4, 360, 4, 433, 3, 676, 3, 1165, 4, 1182, 3, 1309
2, 608, 2, 1351
3, 352, 3, 812, 2, 902
3, 63, 2, 76, 4, 246, 3, 625, 2, 1228
3, 741, 3, 879, 4, 1295, 3, 1444
3, 38
3, 587, 3, 1060, 3, 1503
5, 171, 3, 321
4, 73, 2, 306, 4, 528, 3, 1387
4, 772, 3, 1547
4, 12, 5, 295, 2, 345, 3, 855, 3, 1004, 4, 1298, 4, 1527
3, 1141, 3, 1418
3, 103, 3, 725
4, 623, 3, 799
2, 333, 4, 523, 4, 916
3, 90, 2, 146, 2, 150, 2, 256, 2, 340, 3, 839
3, 379, 5, 600, 3, 1115, 5, 1282
3, 830, 3, 863, 2, 880
4, 1186
3, 170, 2, 559, 3, 580, 3, 963, 3, 986, 3, 1489
2, 323, 2, 849, 3, 905, 2, 926, 3, 1016, 4, 1088, 3, 1332
5, 683, 4, 716, 3, 799, 3, 1055, 4, 1305, 3, 1405, 4, 1432
3, 520, 4, 724, 4, 819, 4, 969
3, 570, 2, 574, 4, 953, 3, 963, 2, 1479
3, 170, 3, 214, 4, 497, 4, 636, 4, 1206
2, 78, 4, 207, 3, 450, 2, 683, 2, 1293, 4, 1320
3, 509, 2, 804
3, 815, 3, 1025, 3, 1031, 4, 1324, 2, 1374, 2, 1474
2, 379, 3, 842, 3, 1039, 2, 1162, 4, 1168, 2, 1364
4, 356, 4, 406
3, 207, 2, 956, 2, 1411
3, 526, 3, 865, 2, 1242
3, 277, 2, 720, 2, 949, 3, 976, 3, 1325
3, 549, 3, 853
2, 466, 2, 676, 3, 882, 3, 1192
2, 1183
4, 24, 5, 307, 4, 1017, 4, 1539
3, 547, 3, 973, 3, 1029, 3, 1139, 3, 1223
2, 183
3, 583, 3, 1319, 2, 1485, 2, 1496
3, 426, 4, 636, 4, 936, 3, 986, 2, 1086
2, 166, 4, 204, 3, 277, 3, 1092
3, 14, 3, 297, 2, 384, 3, 1299
3, 950, 3, 973, 3, 1433
2, 101, 3, 1256
2, 11, 3, 148, 4, 514, 2, 581, 4, 1369, 3, 1523
3, 5, 3, 48, 4, 265, 3, 465, 2, 760, 3, 1540
2, 325, 4, 402, 2, 757
3, 35, 3, 58, 4, 628, 3, 828, 3, 940, 3, 1017, 2, 1410
3, 2, 3, 75, 3, 485, 3, 890
3, 46, 5, 339, 2, 982, 2, 1026, 4, 1308, 4, 1454
3, 362, 3, 379, 2, 449, 3, 499, 3, 922, 3, 1065
4, 14, 4, 480, 4, 486, 3, 636, 3, 929, 3, 1202, 3, 1485
3, 886, 3, 1089, 3, 1289, 3, 1402, 3, 1505
2, 93, 3, 979, 3, 1422
2, 390, 3, 1033, 4, 1236, 3, 1332, 4, 1453, 3, 1482
4, 228, 2, 290, 3, 949, 3, 1486
4, 361, 3, 473, 2, 550, 2, 943, 3, 1126
3, 248, 3, 574, 3, 863
3, 104, 4, 264, 4, 447, 3, 524, 4, 724, 2, 814, 2, 880
3, 28, 3, 84, 4, 194, 3, 277, 3, 777, 3, 1159
3, 627
3, 292, 3, 735, 2, 1008, 2, 1340, 4, 1378
3, 3, 3, 812, 3, 978, 3, 1062
2, 65, 4, 165, 3, 702, 3, 1001, 3, 1478
2, 1147, 2, 1220, 2, 1464
3, 212, 3, 272, 3, 960
3, 6, 4, 815, 5, 848, 4, 1187, 3, 1437
4, 69, 4, 252, 3, 496, 3, 1045, 3, 1234
3, 885, 3, 1161, 4, 1301, 4, 1451
2, 269, 4, 329, 3, 435, 3, 446, 3, 1091, 3, 1311
3, 83, 3, 582, 3, 1392, 3, 1448, 3, 1558
3, 67, 2, 343, 4, 433, 3, 499, 4, 1288, 2, 1442
3, 20, 2, 64, 4, 280, 3, 480, 3, 1189, 3, 1555
4, 320, 3, 1089
2, 390, 3, 397, 3, 546, 3, 840, 3, 1069, 3, 1112, 3, 1395
3, 322, 2, 1464
3, 127, 3, 133, 3, 426, 4, 489, 3, 1148
3, 10, 3, 466, 4, 499, 3, 516, 2, 643, 3, 1252
2, 80, 3, 180, 3, 207, 2, 603, 3, 636, 3, 719, 4, 1389
3, 546, 4, 756, 4, 763, 2, 1056, 5, 1206
3, 383, 3, 421, 4, 1309
4, 117, 4, 234, 3, 467
4, 121, 2, 138, 3, 1409
4, 69, 4, 541, 2, 684, 2, 1017, 3, 1539, 3, 1556
3, 8, 4, 451, 2, 680, 3, 1057
2, 385, 2, 880
4, 1026, 4, 1369
2, 410, 3, 787
2, 1502
3, 494, 2, 537, 4, 1380, 2, 1409
4, 94, 3, 177, 4, 693, 2, 1059, 3, 1496, 3, 1542
4, 75, 3, 258
4, 1084, 4, 1127, 2, 1410
4, 158, 2, 368, 4, 374, 3, 1283
3, 105, 3, 418, 3, 801
4, 82, 3, 249, 2, 904, 4, 1287, 2, 1403
2, 315, 3, 681, 3, 704, 4, 964
4, 928
4, 512, 3, 518, 2, 672, 3, 718, 4, 855, 4, 1221, 2, 1288
5, 786, 4, 965, 3, 1048, 4, 1269
3, 593, 4, 1435
3, 266, 3, 326, 3, 433, 2, 443, 3, 676, 3, 1502
2, 80, 3, 336, 3, 580, 3, 813, 4, 1389, 4, 1449, 3, 1555
3, 247, 2, 889, 3, 933, 5, 1266, 2, 1362
2, 393, 4, 626, 4, 848, 4, 1202, 4, 1368, 3, 1452
3, 836, 3, 1491
3, 64, 2, 590, 4, 646, 4, 667, 2, 829, 3, 1169
4, 629, 3, 733
3, 124, 4, 997, 2, 1145
3, 298, 2, 454, 4, 1020, 3, 1180, 3, 1303
3, 444, 3, 471, 3, 787, 4, 1330, 3, 1392
2, 44, 4, 55, 3, 920, 3, 1113, 2, 1436
4, 208, 4, 641, 3, 857, 4, 1011
2, 418, 4, 491, 3, 794, 3, 900, 2, 1223, 3, 1306
2, 94, 3, 264, 3, 1246
3, 4, 3, 237, 2, 460, 4, 814, 3, 1063
3, 864, 3, 1047, 2, 1323, 3, 1413
4, 368, 3, 684, 4, 1316
2, 351, 5, 595, 2, 828, 3, 1050, 4, 1366, 4, 1437
4, 518, 2, 634, 2, 867
4, 75, 2, 108, 2, 125, 4, 251
4, 105, 3, 382, 4, 521, 2, 831
4, 725, 4, 1047, 4, 1214
3, 209, 3, 698, 3, 841, 2, 1451, 3, 1524
3, 895, 3, 905, 3, 1111, 3, 1421
3, 79, 4, 140, 3, 256, 3, 489
3, 312, 5, 701, 4, 745, 3, 955, 4, 961, 4, 1404
2, 174, 2, 297, 4, 1073
2, 374, 2, 530, 4, 730, 3, 1096, 4, 1256, 3, 1312, 4, 1379
3, 483, 3, 487, 3, 877, 3, 1280, 3, 1303, 2, 1559
2, 344, 4, 1320
3, 284, 4, 1064, 2, 1087, 4, 1130, 3, 1347
3, 218, 4, 252, 3, 840, 2, 940, 3, 1477
3, 541, 2, 1117
2, 108, 2, 119, 3, 164, 4, 275, 4, 358, 3, 874, 3, 1240
3, 83, 3, 178, 4, 495, 3, 1231, 3, 1291, 3, 1408
3, 345, 5, 698, 3, 948, 5, 1447
4, 465, 3, 888
4, 186, 2, 629, 3, 885, 3, 1001, 4, 1234, 3, 1272
2, 227, 5, 449, 4, 1308, 4, 1552
4, 693, 3, 1469
4, 216, 2, 266, 2, 776, 4, 926, 4, 1219, 3, 1448, 4, 1491
4, 286, 2, 562, 4, 702, 2, 1012
3, 905, 4, 1228, 2, 1394, 2, 1405
3, 546, 3, 845, 3, 895, 3, 995
3, 44, 4, 1075, 3, 1086, 3, 1292
2, 260, 2, 320, 2, 437, 4, 670, 3, 765
3, 859, 5, 882, 4, 1342
3, 10, 3, 1165, 3, 1186
4, 114, 2, 334, 3, 1016
3, 750, 2, 912
2, 1083, 4, 1472
3, 351, 3, 966
4, 604, 3, 637, 4, 1226, 4, 1326, 3, 1353
3, 141, 3, 737, 2, 750, 3, 823, 3, 926, 3, 1066
4, 97
2, 417, 2, 1039, 4, 1139
4, 230, 3, 873
3, 1340
3, 44, 2, 261
2, 437, 3, 487, 3, 764, 3, 781, 4, 910, 3, 1053
3, 377, 3, 820
5, 274, 4, 907, 4, 1516
3, 185, 3, 418, 3, 641, 3, 957, 3, 1500
2, 35, 3, 462, 3, 628, 2, 1283, 2, 1504
4, 1021, 2, 1224
4, 59, 4, 532, 2, 675, 2, 1008, 3, 1530, 3, 1547
4, 442, 2, 671, 3, 1048, 3, 1557
4, 376, 4, 871
4, 1017, 4, 1360
2, 401, 3, 778
2, 1493
3, 484, 2, 528, 4, 1370, 2, 1400
4, 85, 3, 168, 3, 684, 2, 1050, 2, 1487, 3, 1533
4, 66, 3, 249
4, 1074, 4, 1118, 3, 1401
3, 149, 2, 359, 3, 365, 2, 1274
4, 96, 3, 506, 3, 889
4, 73, 3, 240, 2, 895, 4, 1278, 2, 1394
2, 470, 4, 1379
3, 559, 3, 576, 3, 647, 3, 696, 4, 1262
4, 174, 3, 683, 4, 1322, 3, 1382, 2, 1499
4, 777, 4, 790, 2, 800, 3, 956, 3, 1039, 3, 1260, 4, 1538
3, 257, 3, 317, 3, 387, 2, 434, 3, 667, 4, 1273, 4, 1303
3, 198, 2, 1413
3, 797
2, 55, 5, 131, 5, 331, 2, 421, 3, 487, 4, 1429
3, 400, 3, 766, 2, 789, 4, 833, 3, 1049
3, 860, 3, 1382, 3, 1416
3, 51, 2, 323, 3, 694, 4, 1166
3, 990
2, 974, 2, 1429
3, 508
3, 414, 3, 1036, 4, 1136
3, 641, 3, 870
2, 1337
2, 455, 2, 671
3, 434, 4, 484, 3, 761, 3, 778, 3, 1050, 3, 1320
3, 788, 3, 817
3, 272, 4, 588
3, 565, 4, 991, 3, 1047, 4, 1158, 3, 1241
2, 99, 3, 881, 4, 1224, 4, 1301
3, 359, 4, 765, 3, 935, 3, 1314
3, 228, 3, 767, 2, 1310
4, 472, 3, 572, 3, 694, 3, 994, 2, 1470
4, 335, 2, 578
3, 968, 3, 991, 4, 1451
2, 119, 3, 1274
3, 70, 4, 436, 2, 502, 4, 1291, 3, 1444, 2, 1490
4, 186, 3, 386, 2, 681, 3, 1461, 3, 1484, 3, 1528
4, 323, 2, 678
3, 400, 3, 429, 3, 549, 2, 1072, 2, 1115, 2, 1398, 4, 1538
3, 589, 3, 896, 3, 1005, 2, 1412
2, 70, 2, 892
2, 264, 2, 1260, 4, 1452
2, 8
2, 1416
2, 314, 3, 934, 4, 1244
4, 68, 5, 484, 4, 944, 4, 1033
3, 937, 4, 1547
4, 171, 3, 1186, 4, 1256
3, 433, 4, 440, 3, 733, 3, 777, 3, 1209, 4, 1455
2, 473, 3, 677, 3, 772, 4, 922
3, 620, 2, 624, 3, 916, 4, 1003, 2, 1432
3, 221, 3, 264, 4, 547, 4, 687, 4, 1256
2, 31, 4, 160, 3, 404, 2, 637, 2, 1246, 4, 1273
3, 838, 4, 954, 3, 1187, 2, 1283
4, 95, 3, 101, 2, 1443
2, 191, 4, 328, 3, 744, 2, 1054
4, 631, 3, 1130, 4, 1367, 3, 1534
4, 271, 5, 475, 4, 985, 2, 1035, 2, 1134
4, 378, 2, 461, 3, 717, 3, 967, 4, 1093, 3, 1204
3, 561, 2, 1170, 2, 1243, 2, 1487
3, 268, 3, 318, 3, 594, 3, 611, 4, 883
4, 209, 3, 718, 4, 1357, 4, 1417, 3, 1534
4, 835
4, 885
4, 76, 4, 725, 3, 908, 2, 1107, 4, 1118, 3, 1324
3, 212, 4, 682, 3, 888, 4, 1044
3, 106
3, 356, 4, 505, 2, 666, 3, 1360, 3, 1448, 3, 1498
3, 642, 3, 1012
2, 359, 3, 596, 2, 630, 3, 646, 2, 746
4, 729, 4, 1491
3, 343, 2, 496, 4, 542, 3, 679, 2, 1046
3, 46
3, 28, 3, 51, 2, 207, 2, 510
4, 774, 3, 1113, 3, 1362, 2, 1489
3, 104, 3, 674, 4, 986, 3, 1240, 3, 1456, 4, 1523
3, 713, 3, 990, 2, 1129, 4, 1279
3, 222, 4, 442, 3, 1124
3, 858, 2, 1434
4, 22, 4, 1191
3, 459, 2, 1074
5, 190, 3, 289, 4, 412, 3, 712, 3, 745, 4, 1188, 2, 1461
4, 223, 4, 452, 3, 589, 2, 612, 2, 655, 3, 872
3, 220, 3, 1002, 3, 1009
3, 526, 3, 1235
3, 1042, 3, 1246, 4, 1341, 4, 1391, 3, 1462, 2, 1491
3, 334, 2, 956
2, 756, 3, 816, 3, 933
3, 74, 3, 373, 3, 407, 2, 423, 4, 523, 2, 550, 3, 1160
3, 210, 2, 869, 2, 992, 3, 1152, 3, 1335, 4, 1412
5, 336, 2, 1445
3, 542, 4, 1019, 3, 1241, 3, 1558
2, 800
3, 107, 4, 423, 3, 806, 4, 922, 3, 1155, 3, 1159
4, 371, 3, 724, 3, 974, 3, 1473
4, 77, 4, 614, 4, 620, 4, 774, 4, 913, 3, 957, 3, 1390
4, 11, 4, 791, 3, 814, 2, 970, 4, 1273
4, 667, 2, 1204, 4, 1503
3, 191, 2, 401, 2, 445, 3, 728, 3, 867, 3, 1437
3, 159, 5, 941, 4, 991, 3, 1268, 4, 1407, 3, 1557
3, 296, 3, 506, 3, 549, 2, 832, 3, 972, 3, 1128
4, 23, 3, 439, 3, 589, 4, 749, 3, 1377, 4, 1444, 4, 1531
2, 109, 4, 165, 4, 186, 4, 1141
3, 259, 4, 502, 2, 735, 3, 958, 3, 1274, 3, 1344
3, 425, 3, 542
2, 76, 3, 265, 3, 841, 2, 1084
3, 13, 3, 289, 3, 306, 3, 578, 3, 849, 2, 911, 2, 1521
2, 466, 3, 778, 2, 1248, 4, 1315, 3, 1454
3, 896, 4, 1025, 4, 1501
3, 187, 2, 286, 3, 409, 3, 709
4, 280, 3, 486, 4, 1368
2, 586, 4, 609
4, 51, 4, 200, 2, 361, 2, 1056, 4, 1193
3, 223, 4, 573
5, 227, 3, 244, 3, 477, 5, 567, 4, 639, 2, 883, 3, 1515
4, 176, 3, 1145
2, 1212, 2, 1534
2, 213, 4, 270, 4, 1245, 4, 1435
3, 193, 2, 363, 3, 426, 3, 1062, 3, 1378
2, 51, 3, 140, 3, 244, 2, 567, 3, 733
2, 1232, 3, 1442
2, 1016
2, 630, 4, 940
3, 21, 3, 1456
6, 8, 4, 104, 4, 547, 4, 1190, 5, 1217, 4, 1233
3, 85, 3, 101, 3, 172, 3, 644, 2, 788, 3, 1120
3, 112, 3, 555, 3, 1160, 4, 1197
3, 585, 3, 1494
4, 675, 4, 691, 4, 762, 5, 812, 5, 1228, 5, 1378
4, 142, 3, 1145, 4, 1374, 4, 1417
4, 915
3, 965
4, 156, 5, 805, 2, 988, 2, 1188, 5, 1198, 4, 1404
3, 196, 3, 666, 2, 872, 3, 1441
4, 718, 3, 778, 4, 968, 4, 1467
4, 485, 4, 908
3, 246, 3, 362
4, 86, 3, 662, 3, 1041
2, 499, 4, 732, 4, 955, 3, 1308, 4, 1475, 3, 1558
3, 39, 2, 942
2, 73, 3, 599, 4, 655, 4, 676, 3, 838, 3, 1082, 2, 1275
4, 563, 2, 646, 3, 902, 3, 1152, 4, 1278, 3, 1389
3, 114, 3, 843, 2, 1428, 3, 1452
3, 550, 3, 600, 3, 876, 3, 893, 2, 1016, 3, 1166, 3, 1326
3, 686, 3, 1362
2, 180, 3, 629, 3, 1528
3, 690, 4, 979
2, 552
3, 380, 3, 563, 4, 929
4, 188, 2, 749, 2, 1276
3, 493, 4, 976, 4, 1086
4, 410, 3, 820, 3, 1203, 3, 1226
3, 383
2, 211, 4, 267, 3, 287, 2, 887, 3, 1242
3, 37, 4, 892, 3, 908, 3, 979, 3, 1029, 3, 1341, 2, 1445
5, 333, 5, 390, 3, 1009, 3, 1365, 3, 1555
3, 213, 5, 1155, 4, 1498
4, 889, 3, 1425
4, 48, 2, 77, 3, 747, 3, 1096
3, 1352
3, 154, 3, 404
2, 54, 3, 437, 3, 447, 4, 963
3, 31, 4, 224, 2, 667, 2, 1240, 3, 1310, 2, 1356
2, 168, 4, 390, 3, 1249, 3, 1493
4, 634, 2, 640, 3, 1410
2, 31, 4, 157, 2, 187, 3, 387, 2, 913, 3, 969, 2, 990
4, 44, 4, 48, 4, 840
5, 846, 5, 1169, 4, 1335, 4, 1346
3, 584, 4, 787, 4, 883, 3, 933, 3, 1033
4, 151, 3, 638, 4, 1453
3, 201, 3, 234, 3, 261, 3, 378, 5, 611, 4, 1120, 4, 1150
3, 142, 2, 1357
4, 741
5, 75, 2, 275, 4, 365, 3, 431, 4, 1373, 4, 1557
2, 212, 4, 1554
3, 302, 3, 318, 2, 389, 3, 439, 3, 861, 3, 1005
4, 329, 4, 478, 3, 772, 2, 1044, 2, 1327, 4, 1414
2, 115, 4, 132, 3, 202, 2, 674, 3, 818
3, 458, 2, 781, 3, 841, 2, 957, 2, 1190
3, 235, 3, 258, 2, 1014
4, 245, 3, 628, 3, 638, 4, 1154
2, 222, 4, 732, 2, 761, 4, 1404, 3, 1431, 3, 1547
4, 29, 3, 262, 3, 898, 3, 1344
4, 1, 3, 646, 3, 867, 3, 1383, 4, 1549
4, 155, 4, 544, 4, 587, 2, 804
3, 327, 2, 365, 4, 438, 3, 847, 4, 1170, 3, 1253
2, 65, 2, 315, 3, 404, 3, 477, 2, 721, 3, 1353
3, 1024, 3, 1028
2, 29, 3, 75, 3, 212, 3, 268, 4, 578, 3, 591, 2, 757
3, 156, 3, 405
3, 56, 3, 438, 4, 449, 4, 965
2, 33, 2, 542, 4, 572, 3, 1214, 5, 1241, 4, 1358
3, 11, 2, 327, 3, 456, 4, 600, 2, 699, 4, 932, 3, 1542
3, 1106, 4, 1150, 2, 1433
4, 181, 2, 391, 4, 397, 3, 1306
2, 31, 2, 441, 4, 824
5, 8, 3, 175, 3, 830, 5, 1213, 2, 1329
2, 338, 3, 704, 3, 727, 4, 987
4, 134, 4, 621, 3, 1436
2, 184, 3, 245, 2, 361, 4, 594, 4, 1104, 4, 1547
2, 125, 2, 498, 2, 668, 3, 731, 3, 1307, 3, 1340, 2, 1367
3, 165, 3, 808
4, 498, 4, 1303, 3, 1320, 3, 1447
4, 61, 4, 211, 2, 371, 4, 1203, 3, 1480
3, 648, 4, 997, 4, 1093, 2, 1536
4, 1350
3, 152, 4, 402
3, 32, 2, 52, 3, 435, 3, 961
4, 125, 2, 568, 3, 824, 3, 941, 4, 1174, 2, 1211
3, 166, 4, 292, 2, 1394
3, 96, 4, 123, 4, 632, 4, 932, 4, 965, 5, 1554
2, 186, 2, 486, 3, 519, 3, 536, 3, 636, 3, 663
4, 3, 3, 103, 2, 130, 4, 640, 3, 939, 4, 972
3, 1109, 4, 1253
3, 117, 4, 926, 3, 986, 4, 1092, 4, 1176
4, 1236
2, 394, 4, 454, 2, 570, 2, 803, 4, 899, 4, 1342
4, 707, 3, 1516
3, 241, 3, 1006, 4, 1396, 3, 1416
5, 374, 4, 630, 4, 980, 2, 1489
4, 537, 3, 926, 4, 970, 3, 1186
2, 816
3, 683, 2, 1219, 3, 1519
4, 416, 2, 460
4, 97, 4, 131, 3, 147, 3, 274
3, 31, 2, 307, 3, 447
4, 181, 3, 258, 3, 1556
3, 796, 3, 1266, 4, 1472
3, 111, 2, 538, 3, 548, 4, 594, 2, 704, 2, 787
3, 172, 2, 588, 2, 1047, 3, 1137
3, 943, 4, 1553
3, 1128, 2, 1184, 3, 1294, 2, 1377
4, 795, 4, 1317, 3, 1350
3, 628, 3, 1101, 3, 1544
4, 212, 3, 362
3, 812
4, 9, 4, 1024, 4, 1336, 3, 1440
4, 55, 4, 161, 2, 171, 3, 1230, 3, 1553
2, 228, 3, 1008, 3, 1031, 4, 1291, 3, 1490
3, 357, 2, 979
2, 779, 3, 839, 3, 956
4, 503, 4, 1308, 3, 1324, 3, 1451
4, 66, 4, 216, 2, 376, 4, 1208, 3, 1485
3, 653, 3, 1002, 4, 1098, 2, 1541
4, 1355
3, 157, 4, 406
3, 36, 3, 57, 3, 440, 3, 966
4, 227, 2, 670, 3, 926, 4, 1042, 3, 1275, 3, 1313
2, 171, 4, 393, 3, 1252, 4, 1496
4, 734, 3, 1510
4, 257, 2, 307, 2, 817, 2, 967, 4, 1260, 3, 1489, 4, 1533
4, 1283
3, 85, 3, 341, 5, 717, 3, 827
3, 660, 4, 1302, 3, 1346
3, 377, 3, 587, 4, 593, 2, 1036
3, 154, 2, 227, 3, 530, 4, 637, 4, 1019, 3, 1030, 4, 1042
3, 291, 3, 1239, 4, 1510
4, 274, 2, 750, 3, 973
2, 994, 4, 1093, 3, 1516, 4, 1549
3, 714, 4, 770, 2, 1390, 4, 1546
3, 358, 4, 608, 2, 1107
4, 548, 3, 581, 3, 664, 3, 920, 4, 1170, 3, 1297
3, 229, 4, 685, 4, 718, 3, 734, 4, 834, 3, 861, 3, 1471
4, 302, 4, 1138
3, 179
3, 362
3, 42, 3, 675, 3, 1284, 2, 1357
3, 576, 4, 625, 4, 902, 5, 919, 3, 1191
2, 107, 2, 167, 3, 284, 4, 517, 4, 612
2, 706, 4, 729
2, 74, 2, 223, 3, 383, 4, 1078, 2, 1215
4, 444, 4, 887, 2, 1143, 4, 1160, 4, 1492, 3, 1530
3, 388, 4, 610
2, 65, 3, 441, 3, 547, 4, 551, 4, 1284, 3, 1367
4, 15, 3, 518, 3, 591, 3, 834, 3, 1323, 4, 1467
3, 316, 3, 399, 3, 655, 3, 904, 3, 1031, 4, 1137, 4, 1141
2, 322, 3, 355, 3, 372
3, 205, 2, 532, 3, 549, 3, 678, 2, 821
3, 146, 4, 242, 4, 558, 4, 685, 3, 1295, 4, 1355, 3, 1471
2, 725, 3, 1268
3, 180, 3, 1068
3, 592, 3, 682
3, 49, 3, 205, 3, 931, 3, 1054
4, 575, 3, 742, 3, 825
4, 66
4, 465, 3, 472, 2, 1241, 3, 1487
4, 20, 4, 130, 3, 203, 3, 446, 4, 995, 4, 1078, 3, 1184
5, 169, 4, 419, 2, 519, 4, 546, 3, 1055, 5, 1355, 2, 1388
3, 83, 4, 549, 4, 915, 3, 982, 3, 1192, 2, 1198, 3, 1352
3, 1392
2, 200, 2, 843, 4, 870, 3, 1219, 4, 1315
2, 20, 5, 374, 2, 430, 3, 540, 2, 623, 2, 1123, 3, 1356
3, 347, 2, 790, 3, 1046, 3, 1395, 3, 1433
2, 187, 2, 243, 2, 354, 2, 437, 3, 936, 3, 1392
4, 283, 3, 573, 4, 896, 4, 965
3, 78
5, 348, 5, 1423, 3, 1446
4, 161, 4, 171, 2, 1336, 3, 1340
3, 265, 2, 294, 2, 937, 4, 964, 3, 1313
2, 524
2, 501, 3, 551, 4, 828, 3, 844, 3, 967, 2, 974, 3, 1117
3, 435, 3, 591
3, 266, 4, 698, 3, 908, 4, 915, 3, 1208, 3, 1358
2, 166, 3, 825, 2, 948, 4, 1247
3, 349, 2, 405, 2, 426, 4, 588, 4, 1381
2, 123
3, 313, 3, 373, 3, 396, 2, 652, 2, 1028, 3, 1134, 3, 1138
3, 319, 4, 352, 3, 369, 4, 469, 2, 496
2, 209, 5, 465, 3, 842, 5, 948, 4, 952, 2, 1330
2, 226, 3, 415, 3, 991, 2, 1235
2, 964
3, 579, 4, 889
2, 1405, 3, 1527
3, 53, 3, 496, 3, 1138, 2, 1165, 2, 1182, 4, 1515
3, 219, 3, 535, 3, 606, 2, 1078, 3, 1222, 3, 1554
3, 83, 2, 133, 2, 170, 4, 643, 3, 1086, 3, 1342, 4, 1358
4, 104, 2, 254, 2, 1042, 3, 1109, 3, 1246, 3, 1558
3, 390, 3, 673
3, 1522
3, 546
2, 157, 3, 530, 3, 700, 2, 763, 2, 1372, 2, 1399
3, 187, 2, 536, 2, 983, 4, 1046
3, 360, 4, 726, 2, 792, 4, 1002, 3, 1009, 3, 1163, 3, 1208
3, 104, 4, 193, 2, 620, 3, 786, 3, 796, 4, 1441
3, 184, 3, 240, 3, 351, 3, 434, 3, 933, 3, 1316
3, 694, 3, 783
4, 151, 3, 307, 3, 1033, 3, 1156
3, 774, 3, 941, 3, 1024, 3, 1523
4, 274, 4, 777
2, 145, 3, 301, 3, 1027, 2, 1150
3, 354, 4, 521, 3, 604, 3, 1103
3, 21, 4, 121, 5, 658, 5, 957, 4, 1020
4, 225, 3, 298, 3, 541, 3, 1030, 4, 1047, 3, 1174
4, 362, 3, 435, 2, 738, 3, 1250
3, 445, 2, 489, 4, 772, 4, 1067, 2, 1360
3, 725, 3, 1534
3, 259, 3, 1025, 4, 1414, 3, 1434
2, 392, 3, 648, 4, 998, 4, 1507
2, 43, 3, 66, 3, 109, 3, 326, 3, 526, 3, 636, 4, 1235
3, 568, 2, 1443
3, 638, 3, 695, 2, 1314, 3, 1470
3, 118
3, 615, 2, 1557
2, 569, 2, 602, 4, 1191, 4, 1291, 2, 1318
3, 250, 2, 702, 3, 882, 2, 892, 2, 1468, 4, 1492
3, 46, 2, 456, 2, 839, 3, 862
2, 530, 3, 626
3, 597
5, 353, 3, 743, 4, 786, 3, 996, 4, 1003, 5, 1446
4, 428, 3, 550, 3, 557, 2, 1326
4, 7, 3, 28, 4, 118, 3, 191, 3, 434, 4, 983, 4, 1066
4, 254, 2, 504, 2, 604, 3, 631, 3, 1140, 4, 1440, 2, 1473
4, 42, 3, 71, 3, 537, 3, 1180, 4, 1317, 3, 1340, 4, 1384
4, 284, 3, 700, 3, 1160, 4, 1249
4, 521, 4, 1326, 3, 1343, 3, 1470
5, 84, 3, 234, 4, 394, 4, 1226, 4, 1436, 4, 1503
3, 785, 3, 1067, 3, 1207, 2, 1363
4, 175, 3, 231, 2, 341, 2, 425, 4, 924, 3, 1380
3, 561, 4, 782, 4, 1298, 4, 1464
3, 915, 2, 948, 3, 965, 3, 1065
4, 645, 2, 848, 2, 1160, 3, 1264
3, 1151
3, 153, 4, 276, 5, 829, 4, 985, 4, 1507, 3, 1551
2, 32, 2, 193, 4, 975, 4, 1025, 3, 1301, 3, 1441
4, 89, 2, 798, 3, 1321, 2, 1364
4, 328, 4, 811, 4, 921, 3, 1004
3, 549, 4, 977
4, 222, 4, 282, 4, 389, 3, 399, 4, 632, 4, 1044
3, 36, 2, 536, 3, 769, 4, 991, 3, 1345, 4, 1511
3, 76, 2, 979
4, 150, 4, 206, 3, 227, 2, 826, 4, 1182
4, 1315, 3, 1385
2, 453, 3, 830
3, 181, 2, 669, 2, 1545
3, 403, 2, 979
2, 736, 2, 1539
2, 4, 3, 619
2, 671, 2, 704, 4, 1293, 3, 1393, 2, 1420
2, 11, 3, 255, 2, 804, 3, 887, 2, 993, 4, 1496
3, 51, 2, 461, 3, 843, 3, 866
2, 535, 4, 631
3, 601
4, 358, 2, 747, 4, 791, 3, 1001, 3, 1007, 4, 1450
3, 256, 3, 379, 4, 385, 3, 1155
5, 19, 3, 262, 3, 812, 4, 1394, 2, 1415, 3, 1504
4, 468, 3, 473, 3, 862, 3, 1265, 3, 1288, 2, 1544
3, 426, 5, 1402
3, 366, 4, 1146, 2, 1169, 4, 1212, 3, 1429
4, 204, 4, 237, 3, 826, 2, 925, 3, 1462
2, 623, 2, 1199, 3, 1443
3, 190, 3, 440
5, 417
3, 930, 3, 1057, 4, 1452, 3, 1486
3, 554, 2, 1090, 2, 1230, 2, 1386
4, 364, 2, 448
2, 794, 4, 1104
2, 62, 4, 185, 4, 961
2, 359, 2, 515, 4, 715, 3, 1081, 4, 1241, 3, 1297, 4, 1364
4, 371, 4, 375, 3, 764, 3, 1168, 3, 1191, 2, 1447
4, 232, 2, 528
2, 339, 2, 555
4, 318, 4, 368, 3, 644, 3, 661, 3, 934, 3, 1204
3, 671, 3, 701
2, 155, 4, 472
3, 448, 4, 931, 4, 1041, 3, 1124
3, 669, 4, 1097
3, 342, 3, 402, 3, 508, 3, 519, 3, 752, 4, 1164
3, 73, 2, 156, 3, 412, 3, 656, 3, 888, 4, 1111, 4, 1465
4, 323, 4, 928, 4, 1438
3, 549, 2, 599, 3, 699
3, 443, 3, 459, 4, 530, 3, 580, 3, 1146
4, 1108, 4, 1169, 2, 1285, 4, 1518
3, 390, 2, 1499
2, 151, 3, 467, 4, 1010, 3, 1072
3, 323, 4, 400, 2, 756
3, 34, 4, 57, 4, 627, 3, 827, 3, 939, 3, 1016, 3, 1409
2, 98, 5, 171, 4, 474, 3, 581, 5, 986
3, 647, 3, 803, 4, 1529
4, 90, 2, 1259
4, 440, 4, 527, 4, 1143
2, 384, 3, 1159
4, 467, 4, 910, 3, 1182, 2, 1515, 4, 1552
3, 275, 3, 730, 4, 1084, 3, 1250, 4, 1333
3, 980, 3, 1317
3, 171, 4, 214, 4, 497, 4, 1207, 2, 1500
2, 78, 4, 451, 2, 621, 3, 684, 3, 1260, 3, 1293, 2, 1320
4, 118
2, 438, 3, 628, 4, 1021
4, 195, 3, 251, 3, 255, 3, 361, 3, 445, 3, 944
3, 581, 3, 802, 3, 1318, 4, 1484
4, 935, 2, 968, 3, 985, 3, 1085
4, 36, 3, 868, 3, 1284, 2, 1543
4, 78, 4, 395, 4, 777, 4, 894, 3, 1127, 3, 1131
3, 812, 3, 822, 3, 959, 3, 1525
3, 96, 4, 972, 4, 1165, 3, 1475, 4, 1488
3, 163, 3, 263, 2, 805, 2, 965, 3, 1009, 3, 1225
2, 579
4, 978, 3, 1301, 2, 1467, 2, 1478
3, 409, 4, 619, 4, 918, 3, 968, 3, 1068
4, 283, 3, 356, 2, 659, 4, 1171
3, 366, 4, 410, 3, 693, 3, 1282
3, 932, 3, 955, 3, 1415
3, 180, 3, 946, 4, 1335, 3, 1356
2, 314, 3, 569, 3, 919, 4, 1429
3, 31, 4, 247, 5, 447, 3, 1156, 5, 1522, 4, 1545
3, 384, 3, 1153
3, 454, 4, 461, 3, 610, 4, 904, 2, 1133, 3, 1176, 3, 1459
3, 386, 2, 1528
4, 191, 4, 197, 3, 490, 4, 553, 4, 1212
2, 74, 3, 627, 4, 660, 4, 677, 2, 804, 2, 1316
2, 144, 3, 244, 3, 271, 3, 666, 3, 700, 4, 783, 4, 1453
3, 178, 4, 610, 3, 820, 4, 827, 3, 1120, 3, 1270
4, 175, 3, 834, 2, 957, 5, 1257
3, 358, 2, 414, 2, 435, 4, 597, 3, 1390
2, 132
2, 322, 3, 382, 3, 405, 2, 661, 2, 1037, 3, 1144, 3, 1148
3, 328, 2, 361, 3, 378, 4, 478, 2, 505
2, 218, 4, 474, 3, 851, 3, 957, 2, 961, 2, 1340
2, 235, 3, 424, 2, 1000, 2, 1244
4, 788, 3, 1265
2, 589, 2, 1331
3, 333, 3, 793, 2, 882
4, 529, 3, 922, 2, 1484
3, 96, 2, 152, 2, 263, 3, 346, 3, 845, 3, 1301
3, 385, 4, 606, 4, 1122, 4, 1288
3, 836, 2, 869, 2, 886
3, 1192
4, 173, 3, 177, 2, 566, 3, 969, 4, 992, 3, 1082
4, 130, 4, 1106, 4, 1295, 2, 1535
4, 53, 3, 224, 3, 286, 4, 923
4, 1166, 3, 1172, 2, 1528
2, 690, 2, 829, 3, 1399
3, 660, 2, 1026, 3, 1309, 2, 1463, 3, 1509
4, 1120
3, 1502
2, 311, 4, 953, 3, 980, 3, 1330, 4, 1426
3, 1266, 3, 1322, 3, 1432, 2, 1516
4, 933, 4, 1455, 3, 1489
2, 124, 2, 396, 3, 767, 4, 1239
3, 966
3, 1047, 2, 1502
4, 581, 3, 1342
3, 194, 4, 348, 3, 394, 3, 531, 4, 897
3, 527, 2, 577, 3, 677
4, 507, 4, 557, 2, 754, 4, 834, 3, 973, 3, 1123
3, 308, 3, 950
2, 808, 2, 1418
2, 538
2, 515, 3, 565, 4, 841, 4, 858, 3, 981, 2, 987, 4, 1131
3, 448, 3, 604
3, 279, 4, 712, 3, 922, 4, 928, 3, 1221, 3, 1371
3, 179, 3, 839, 2, 962, 5, 1261
3, 362, 2, 419, 2, 439, 4, 602, 4, 1394
2, 137
2, 326, 3, 387, 3, 410, 2, 666, 2, 1042, 3, 1148, 3, 1152
4, 509, 3, 937, 3, 970, 4, 987, 4, 1087
3, 205, 4, 688, 4, 692, 3, 1070, 3, 1507
2, 615, 4, 1421
3, 19
4, 951, 4, 1388, 3, 1434
3, 102, 3, 113, 2, 1278
3, 206, 4, 426, 3, 1108
3, 842, 2, 1418
3, 6, 4, 1175
3, 443, 2, 1059
5, 77, 3, 177, 4, 299, 3, 599, 3, 632, 2, 1348
2, 436, 3, 640, 2, 912, 3, 1149, 4, 1183, 2, 1199, 4, 1299
3, 107, 4, 889
4, 463
4, 287, 2, 1169, 2, 1225
2, 386, 3, 409, 2, 565, 3, 649, 3, 869
3, 457, 3, 740, 3, 923, 2, 994, 3, 1000, 3, 1356
3, 391, 3, 823, 4, 1033, 4, 1040, 4, 1194, 5, 1483
3, 271, 4, 393, 2, 814, 2, 1169
4, 264, 3, 277, 4, 447, 3, 826, 2, 1429, 3, 1519
3, 876, 3, 1279
2, 135, 3, 201, 2, 990, 3, 1144, 2, 1327
4, 178, 5, 212, 2, 228, 3, 328, 4, 1023, 3, 1227, 3, 1443
2, 791
2, 415, 3, 737, 5, 798, 3, 914
3, 55, 3, 355, 2, 504
3, 238, 4, 565, 2, 854
3, 606
3, 1005, 3, 1327, 2, 1494, 2, 1504
4, 435, 5, 645, 4, 945, 3, 995, 4, 1094
2, 212, 3, 285, 4, 589, 4, 1101
4, 531
3, 59, 3, 438, 3, 1041, 3, 1434, 2, 1447
3, 554, 4, 691, 4, 1257
4, 504, 3, 841, 5, 1274
4, 828
3, 162, 4, 479
3, 772, 4, 1254, 3, 1365, 3, 1448
4, 578, 4, 1421
4, 27, 2, 349, 3, 409, 2, 418, 2, 526, 2, 759
3, 66, 3, 1541
3, 99, 3, 110, 3, 316, 3, 536, 3, 626, 4, 1275, 4, 1279
2, 833, 3, 1076
3, 956, 3, 1392, 2, 1438
3, 204, 4, 214, 3, 970, 2, 1379
2, 337, 2, 980, 3, 1007, 3, 1356, 4, 1452
2, 61, 4, 414, 2, 470, 3, 580, 3, 664, 2, 1163, 3, 1396
3, 12, 4, 484, 4, 927, 3, 1183, 4, 1200, 4, 1533
4, 428, 4, 651
2, 630, 3, 1369, 3, 1373
3, 614, 2, 936, 3, 996, 3, 1113, 2, 1346
3, 391, 4, 414, 4, 874, 2, 1169
3, 1123, 3, 1379
3, 135, 4, 1010, 4, 1100
2, 1237, 4, 1426
3, 201, 4, 850, 4, 1004
4, 245, 4, 894, 3, 1277, 4, 1287, 4, 1493
4, 592, 2, 635, 4, 918, 4, 1214, 3, 1507
3, 26, 2, 872
3, 492, 3, 881, 4, 901, 3, 1284, 2, 1307
2, 132, 2, 415, 2, 1124
3, 702, 4, 1068, 2, 1091, 2, 1134, 4, 1351
3, 223, 3, 256, 3, 845, 2, 944, 3, 1481
3, 545, 2, 1121
3, 123, 2, 878
3, 146, 3, 472, 2, 761
2, 259, 4, 416, 4, 442, 4, 519, 3, 719, 4, 809, 2, 875
4, 276, 4, 759, 4, 869, 3, 952
3, 869
3, 80, 3, 176, 4, 492, 3, 1229, 4, 1289, 3, 1405
3, 217, 2, 440, 4, 793, 3, 1043, 3, 1542
2, 843, 3, 1026, 2, 1303, 3, 1392
3, 250, 4, 567
4, 860, 4, 1342, 4, 1453, 3, 1536
4, 48, 3, 764
3, 993, 3, 1315, 2, 1482, 2, 1492
4, 633, 3, 837, 4, 933, 4, 983, 3, 1082
4, 200, 2, 577, 3, 687, 4, 1502
3, 381, 4, 424, 5, 707, 3, 847, 2, 1296, 5, 1417
3, 191, 2, 1406
3, 790
4, 145, 4, 222, 2, 422, 4, 511, 3, 578, 3, 1520
3, 45, 2, 261
3, 351, 3, 368, 2, 438, 3, 488, 3, 910, 3, 1054
5, 3, 4, 469, 5, 475, 3, 625, 3, 918, 3, 1191, 3, 1474
3, 874, 3, 1078, 3, 1278, 3, 1390, 3, 1494
3, 82, 3, 968, 2, 1411
3, 245, 3, 544, 3, 694
4, 428, 3, 478, 3, 754, 3, 1044
3, 28, 4, 904, 3, 994
2, 1131, 4, 1320
3, 192, 4, 841, 4, 995
3, 236, 2, 885, 3, 1267, 3, 1278, 3, 1484
3, 485, 2, 529, 4, 812, 4, 1107, 2, 1401
3, 17, 3, 765
5, 482, 4, 892, 3, 1275, 3, 1298
2, 553, 3, 1062
4, 546, 2, 619, 4, 862
3, 24, 3, 773
3, 307, 4, 1068, 2, 1462
4, 120, 2, 313, 2, 802
3, 633, 2, 1209, 3, 1452
3, 200, 3, 450
3, 100, 3, 483, 5, 494, 4, 1009
2, 78, 4, 587, 2, 713, 3, 1286, 3, 1356, 3, 1403
3, 214, 4, 851, 3, 1296, 4, 1539
4, 680, 2, 1100, 3, 1456
3, 77, 4, 234, 3, 433, 2, 959, 3, 1429, 3, 1496
3, 483, 3, 550, 3, 687, 2, 887, 3, 1103, 4, 1413
2, 17, 3, 570, 4, 726, 2, 926, 3, 1452, 4, 1509
3, 1140, 3, 1277
2, 398, 3, 447, 3, 644, 2, 1181, 4, 1187, 2, 1383
4, 12, 4, 82, 3, 112, 3, 577, 3, 1220, 2, 1424, 3, 1520
4, 142, 3, 219, 3, 1517
3, 758, 2, 1228, 4, 1434
3, 412, 3, 458, 2, 568, 3, 652, 3, 1534
3, 169, 3, 292, 4, 1068
3, 843, 3, 1126, 3, 1265, 2, 1421
4, 234, 3, 290, 2, 400, 2, 483, 3, 982, 3, 1438
3, 523, 4, 743, 4, 1259, 4, 1425
3, 973, 2, 1007, 4, 1023, 4, 1123
4, 703, 2, 907, 2, 1219, 4, 1323
3, 1113
4, 8, 3, 51, 3, 211, 4, 334, 4, 887, 3, 1043
3, 91, 2, 251, 4, 1033, 4, 1083, 2, 1360, 3, 1499
3, 388, 2, 501, 3, 544, 2, 827, 2, 967, 4, 1536
3, 46, 4, 195, 3, 356, 3, 1138, 4, 1188, 2, 1398, 4, 1464
3, 395, 2, 472, 2, 865, 4, 1048, 4, 1427
2, 170
3, 419
2, 326, 3, 1362
3, 808, 3, 925, 2, 1162
3, 66, 3, 542, 3, 779, 4, 812, 5, 829, 4, 929, 3, 1152
3, 861, 2, 1398
2, 366, 3, 622, 4, 971, 4, 1481
4, 16, 3, 39, 2, 83, 3, 195, 4, 299, 4, 499, 2, 794
3, 636, 3, 829, 3, 1152, 4, 1318
4, 469, 3, 769, 3, 802, 3, 819, 3, 919
3, 134, 3, 206, 3, 616, 4, 1022
3, 217, 3, 689, 3, 1132
3, 417, 4, 849, 3, 1059, 4, 1066, 4, 1359, 3, 1509
3, 414, 2, 1073, 4, 1196, 3, 1202, 4, 1495
2, 154, 4, 424, 3, 763, 2, 1079
2, 274, 3, 890
3, 430, 3, 464, 3, 1052, 3, 1179
3, 533, 3, 1242
3, 1049, 3, 1253, 4, 1348, 4, 1398, 3, 1469, 2, 1498
4, 244, 4, 866
3, 763, 3, 823, 3, 940
3, 81, 2, 380, 3, 414, 2, 430, 2, 530, 2, 557, 3, 1167
3, 120, 3, 896, 2, 1556
2, 88, 4, 155, 2, 294, 3, 451, 4, 1176, 3, 1430
3, 767, 3, 904, 3, 1320, 3, 1470
2, 51, 2, 288, 3, 455, 3, 1110, 4, 1330, 4, 1493
3, 19, 3, 102, 2, 602, 3, 1411, 3, 1467
3, 86, 4, 452, 2, 518, 4, 1307, 2, 1461, 2, 1507
4, 18, 4, 821, 4, 864, 3, 1081
2, 166, 3, 180, 2, 422, 3, 896, 3, 905, 4, 909
3, 293, 2, 366, 3, 609, 4, 1241, 4, 1348
3, 166, 4, 815, 3, 998, 2, 1198, 5, 1208, 4, 1414
3, 206, 3, 676, 3, 882, 3, 1038
3, 196
3, 30, 3, 446, 3, 596, 3, 756, 3, 1384, 4, 1451, 4, 1538
2, 269, 2, 796, 3, 852, 2, 872, 3, 962, 4, 1035, 3, 1278
3, 843
4, 427, 4, 433, 2, 587, 2, 633, 4, 770, 4, 1136, 3, 1203
3, 603, 3, 782, 4, 1086
3, 131, 4, 613, 3, 617, 3, 996, 3, 1433
2, 540, 3, 1250
3, 846, 3, 1056, 4, 1063, 5, 1356, 4, 1406, 3, 1506
3, 194, 2, 293, 3, 416, 3, 716
4, 287, 3, 493, 4, 1375
2, 593, 5, 616
5, 110, 2, 271, 3, 965, 5, 1103, 4, 1519
3, 230, 4, 580
2, 234, 4, 251, 3, 484, 5, 574, 5, 646, 2, 890, 2, 1522
3, 241, 3, 274, 3, 863, 3, 963, 2, 1499
3, 660, 3, 1237, 3, 1480
3, 228, 4, 477, 3, 977
4, 947, 4, 1203
2, 737, 4, 827
2, 55, 4, 86, 2, 292, 4, 861, 3, 1061, 3, 1174
4, 69, 3, 718, 3, 901, 4, 1101, 2, 1111, 3, 1178, 4, 1317
5, 185, 4, 762, 3, 1140
4, 631, 3, 797, 3, 881, 3, 1380
4, 298, 4, 398, 3, 521, 4, 820
2, 598, 2, 954, 4, 1480, 2, 1536
3, 169, 4, 412, 3, 645, 3, 868, 3, 1184, 4, 1221, 2, 1254
3, 131, 2, 1133, 3, 1362, 4, 1406
5, 807
3, 158, 2, 220, 4, 830, 3, 857, 2, 1156, 3, 1173, 3, 1446
2, 438, 4, 721, 2, 1430
2, 594, 3, 960, 3, 1027, 3, 1243, 2, 1397, 3, 1443
4, 62, 5, 138, 2, 338, 5, 428, 3, 494, 4, 1437
3, 59, 2, 275
4, 365, 4, 381, 4, 452, 3, 502, 4, 924, 3, 1068
5, 392, 4, 482, 3, 638, 3, 835, 3, 1107, 3, 1390, 5, 1477
4, 888, 4, 1092, 3, 1292, 3, 1404, 3, 1508
3, 96, 3, 982, 3, 1425
3, 258, 3, 558, 3, 708
3, 441, 3, 491, 3, 768, 3, 1057
3, 42, 4, 918, 3, 1007
2, 1144, 4, 1334
3, 206, 4, 855, 4, 1009
4, 249, 3, 898, 3, 1281, 3, 1291, 3, 1497
4, 596, 3, 640, 4, 923, 5, 1218, 3, 1414
3, 30, 3, 779
3, 313, 3, 1079, 4, 1468, 2, 1488
4, 100, 3, 543, 3, 799, 3, 1149, 2, 1186
4, 677, 3, 787
3, 703, 4, 1016, 4, 1120
2, 36, 2, 174, 2, 230, 3, 540, 3, 719, 2, 1549
2, 30, 2, 785
3, 53, 3, 380, 4, 669
3, 70, 3, 253, 3, 323, 4, 330, 4, 619, 5, 685
3, 250, 2, 460, 4, 466, 3, 1375
4, 100, 3, 510, 3, 893, 4, 916
2, 487, 3, 583
3, 651
3, 622, 3, 788, 3, 872, 3, 1371
3, 386, 4, 486, 3, 609, 4, 908, 3, 1385
3, 249
3, 419, 3, 648, 2, 809, 4, 852, 3, 1068, 4, 1512
3, 350, 2, 417, 2, 662, 2, 1199, 3, 1205, 2, 1359, 3, 1542
2, 300, 3, 1376, 3, 1399
3, 113, 4, 123, 2, 1288
4, 437, 4, 630, 3, 1119
4, 114, 3, 853, 3, 1356, 2, 1429
2, 454, 3, 503, 4, 780, 3, 797, 4, 926, 3, 1069
4, 175, 2, 818, 3, 861, 4, 1144, 3, 1290, 2, 1440
3, 198, 3, 215, 3, 285, 3, 335, 3, 757, 3, 901
4, 322, 4, 472, 3, 765, 2, 1038, 2, 1320, 4, 1408
3, 805, 4, 1347
3, 1148, 3, 1404
4, 62, 4, 938, 4, 1131, 3, 1441
4, 1201, 5, 1218, 5, 1345
4, 109, 4, 379, 4, 442, 3, 1051, 3, 1395
3, 163, 3, 486, 3, 546, 2, 652, 2, 662, 3, 895, 2, 1405
2, 1032
3, 549, 4, 859
2, 1375, 3, 1498
3, 23, 2, 466, 3, 1109, 2, 1136, 3, 1153, 3, 1485
4, 369, 2, 845, 3, 1068
3, 53, 3, 86, 2, 1089, 3, 1188
3, 712, 3, 768, 2, 1388, 4, 1544
3, 453, 4, 703, 3, 1202
3, 643, 3, 676, 3, 759, 3, 1015, 3, 1265, 3, 1365, 4, 1392
3, 383, 4, 587, 4, 682, 4, 832
3, 530, 2, 534, 4, 913, 3, 923, 2, 1439
3, 131, 3, 174, 4, 457, 3, 596, 3, 1166
3, 38, 4, 167, 3, 411, 3, 644, 2, 1253, 4, 1280
3, 748, 2, 864, 3, 1097, 2, 1193
5, 5, 4, 11, 2, 1353
4, 979
5, 72, 4, 705, 3, 742, 5, 815, 4, 992, 3, 1547
4, 172, 4, 782, 4, 854, 4, 1098
3, 1100
3, 141, 3, 518, 3, 624, 2, 628, 3, 1017, 3, 1421, 4, 1444
5, 595, 4, 1367, 5, 1400, 4, 1417, 5, 1543
3, 39, 2, 49, 2, 1214
4, 266, 2, 948
4, 293, 2, 492, 3, 605, 3, 1075, 2, 1281
2, 379, 4, 429, 3, 706, 3, 722, 3, 852, 3, 995
4, 319, 4, 762
4, 119, 3, 1361
4, 510, 4, 992, 4, 1102
4, 426, 4, 836, 3, 1219, 4, 1242
3, 399
2, 227, 4, 283, 3, 304, 2, 903, 4, 1259
3, 695, 4, 712, 4, 783, 5, 833, 5, 1249, 3, 1398
3, 163, 2, 1165, 3, 1394, 4, 1438
5, 839
3, 889
3, 177, 4, 826, 2, 1009, 2, 1208, 4, 1219, 3, 1425
3, 216, 3, 686, 2, 892, 3, 1462
3, 110
3, 510, 3, 1452
3, 147, 2, 180, 4, 1183, 3, 1283, 2, 1310
2, 280, 2, 363, 2, 883, 3, 973, 3, 1289, 2, 1459
2, 351, 3, 733
4, 182, 3, 444, 3, 598, 3, 781, 2, 1057, 4, 1147
2, 248, 4, 614, 3, 637, 4, 897
3, 44, 3, 531, 3, 1346
3, 973, 3, 1033, 2, 1149, 3, 1382
2, 290, 3, 494, 3, 740
3, 523, 3, 800, 3, 1089
3, 490, 4, 673, 3, 750, 3, 1106
3, 408, 3, 481, 4, 724, 4, 1213, 5, 1357, 5, 1463
2, 448, 4, 521, 3, 824, 4, 930, 4, 1253, 3, 1336
4, 2, 2, 318, 3, 488, 4, 1470
4, 1000, 3, 1071, 4, 1543
3, 242, 3, 902, 2, 1025, 5, 1324
3, 425, 2, 482, 2, 502, 4, 665, 4, 1457
2, 103
3, 389, 3, 450, 4, 473, 3, 729, 2, 1105, 2, 1211, 3, 1215
2, 96, 2, 396, 2, 429, 3, 446, 2, 546, 3, 572
4, 10, 2, 40, 3, 110, 4, 647, 3, 946, 4, 979
2, 1019, 4, 1163
3, 27, 3, 836, 3, 1002, 4, 1086
5, 503, 4, 603, 5, 726, 4, 1025, 3, 1502
4, 100, 3, 562, 2, 832, 3, 1171, 3, 1488
3, 529, 3, 932, 3, 1149, 3, 1458
4, 113, 3, 117, 4, 622, 2, 1321, 3, 1438
3, 813, 5, 836, 4, 1296
2, 1119
4, 493, 4, 1429, 3, 1462
2, 97, 3, 326, 2, 370, 4, 1212
4, 623
2, 234, 3, 606, 4, 777, 4, 839, 2, 1449, 2, 1476
2, 341, 2, 371, 4, 1040, 4, 1157, 3, 1390
3, 21, 4, 504, 3, 614
3, 33
3, 60, 3, 415, 2, 975, 3, 1075, 4, 1198, 3, 1497, 2, 1541
4, 99, 5, 299, 4, 409, 3, 492, 2, 1008, 2, 1374, 2, 1397
4, 629, 3, 1128, 4, 1365, 3, 1532
4, 269, 4, 473, 4, 982, 2, 1032, 2, 1132
3, 323, 2, 1139
4, 150, 2, 980, 4, 1026, 3, 1219, 3, 1529
4, 216, 3, 859, 3, 1063, 4, 1279, 4, 1309
2, 427, 3, 803
2, 1519
2, 607, 3, 650, 3, 933, 3, 1493, 3, 1522
2, 41, 3, 291
4, 324, 3, 334, 3, 850
3, 65, 3, 155, 3, 581, 3, 747, 4, 1403
2, 1247, 4, 1457
3, 92, 3, 108, 3, 179, 3, 651, 2, 795, 3, 1127
3, 119, 4, 562, 3, 1167, 4, 1204
2, 495, 3, 1404
3, 608, 2, 1480, 3, 1550
3, 870, 2, 1407
2, 375, 3, 631, 4, 980, 4, 1490
4, 25, 2, 48, 3, 92, 3, 205, 3, 308, 3, 508, 2, 804
3, 645, 3, 838, 3, 1161, 4, 1327
4, 478, 3, 778, 3, 811, 3, 828, 3, 928
2, 143, 4, 216, 3, 519, 3, 625, 4, 1031
4, 16, 3, 692, 3, 848
4, 426, 4, 792, 3, 815, 4, 1274, 2, 1385
3, 423, 3, 1082, 4, 1205, 3, 1211, 4, 1505
3, 163, 4, 433, 4, 772, 3, 1089
2, 283, 3, 899
3, 382, 3, 1188, 3, 1318, 3, 1351
2, 542, 3, 1251
2, 1058, 3, 1262, 4, 1358, 4, 1407, 3, 1478, 2, 1507
3, 253, 3, 875
2, 772, 3, 833, 3, 949
3, 90, 2, 390, 3, 423, 2, 439, 2, 539, 2, 566, 3, 1176
2, 7, 3, 130, 3, 905
2, 98, 3, 164, 2, 304, 3, 460, 4, 1186, 3, 1439
3, 776, 3, 913, 3, 1329, 3, 1479
2, 60, 2, 297, 3, 464, 3, 1119, 4, 1339, 4, 1502
3, 28, 3, 111, 2, 611, 3, 1420, 3, 1476
3, 95, 2, 461, 2, 527, 4, 1316, 2, 1470, 4, 1516
4, 27, 4, 830, 4, 873, 3, 1090
2, 237, 4, 613, 4, 720, 5, 724, 5, 1539
2, 110, 2, 786, 3, 1356
4, 18, 3, 101, 3, 617, 3, 983, 3, 1420, 3, 1466
3, 181, 4, 1556
3, 1007, 3, 1051
4, 106, 3, 139, 2, 156, 3, 256, 4, 1154, 2, 1364
4, 145, 3, 179, 2, 1181, 2, 1281
2, 20, 4, 176, 3, 376, 3, 902, 2, 958
3, 492, 4, 509, 3, 579, 4, 629, 3, 1045, 3, 1052, 3, 1195
4, 766
3, 100, 4, 416
4, 710, 4, 889, 3, 972, 3, 1192
4, 516, 5, 1359
3, 356, 2, 746, 3, 1068, 3, 1128, 4, 1245, 3, 1478
4, 536, 3, 702, 3, 785
3, 26, 4, 841, 4, 1511
3, 3, 4, 63, 2, 180, 3, 413
5, 333, 3, 722, 4, 766, 2, 976, 4, 982, 4, 1425
3, 233, 2, 893, 2, 1015, 4, 1022, 2, 1176, 3, 1359
3, 457, 2, 1152
3, 120, 3, 663, 2, 1140, 3, 1362
2, 823
3, 447, 2, 769, 3, 830, 2, 946, 2, 1179
3, 321, 3, 344, 2, 1099
4, 234, 3, 617, 3, 627, 4, 1143
3, 211, 5, 721, 3, 750, 3, 1393, 4, 1420, 5, 1536
2, 207, 2, 896
3, 47, 4, 430, 3, 1196
4, 436, 4, 1173, 2, 1339, 3, 1349
3, 490, 3, 790, 3, 840, 3, 940
4, 617, 4, 1020, 3, 1237, 3, 1546
4, 201, 3, 205, 3, 710, 2, 1409, 2, 1526
2, 804, 4, 827, 3, 1286
4, 52, 3, 1207
2, 2, 4, 368, 2, 435, 4, 1223, 2, 1377, 2, 1423
3, 119, 3, 318, 2, 614, 3, 1394, 2, 1417, 3, 1460
4, 255, 3, 611
4, 332, 3, 362, 2, 482, 2, 1004, 2, 1048, 2, 1331
4, 472, 3, 522, 3, 798, 3, 815, 3, 944, 3, 1088
4, 193, 2, 836, 3, 880, 4, 1162, 3, 1308, 2, 1458
3, 216, 3, 233, 3, 303, 3, 353, 3, 776, 3, 919
4, 340, 4, 490, 3, 783, 2, 1056, 2, 1339, 4, 1426
4, 823, 5, 1366
3, 1166, 3, 1422
5, 11, 3, 177, 3, 1053, 4, 1246, 2, 1556
4, 244, 5, 887, 3, 1024, 4, 1047, 3, 1090, 3, 1307
2, 144, 3, 1269, 3, 1340, 4, 1346
4, 786, 3, 996, 5, 1002, 3, 1295, 3, 1329, 5, 1345, 3, 1445
3, 284, 4, 350, 4, 1293, 3, 1476, 4, 1552
2, 361
3, 943
2, 926, 2, 1382
3, 460
2, 367, 3, 1403, 2, 1503
2, 187, 4, 469, 3, 557, 4, 1179, 2, 1472
2, 740, 3, 1549
3, 371, 4, 1132, 3, 1525
4, 184, 3, 377, 3, 700, 2, 866
2, 317, 2, 350, 2, 367
3, 200, 2, 527, 2, 544, 2, 816, 3, 1086
2, 141, 2, 651, 3, 680, 3, 967, 3, 1290, 4, 1350, 2, 1466
3, 1134, 4, 1263
4, 272, 3, 1160
4, 488, 3, 1143, 3, 1364, 2, 1453
3, 1260, 3, 1530
3, 39, 2, 538, 3, 771, 3, 994, 3, 1347, 4, 1514
3, 131, 3, 135, 3, 301, 3, 957, 4, 1340, 3, 1456
4, 351, 4, 584, 4, 807, 4, 1161, 4, 1327, 4, 1410
2, 311, 4, 372, 2, 478, 3, 488, 2, 721, 4, 1547
3, 28, 4, 1503
3, 62, 2, 72, 3, 278, 3, 588, 4, 1237, 3, 1241
3, 725, 3, 1195, 4, 1401
3, 379, 3, 425, 2, 535, 3, 618, 2, 1500
2, 136, 2, 259, 3, 1034
4, 714, 2, 1184, 4, 1250, 2, 1390, 2, 1546
2, 1340
2, 335, 3, 857, 4, 1167
3, 89, 4, 505, 3, 965, 3, 1054
3, 861, 4, 1470
2, 1004, 4, 1114, 4, 1198
2, 49, 4, 425, 3, 532, 4, 536, 4, 1268, 3, 1351
3, 502, 3, 575, 3, 818, 3, 1307, 4, 1451, 4, 1557
3, 203, 3, 286, 3, 542, 4, 918, 3, 1024, 2, 1029
3, 316, 3, 388, 4, 632, 4, 1121, 5, 1264, 4, 1370
2, 355, 4, 428, 4, 732, 3, 838, 4, 1160, 3, 1243
3, 153, 2, 402, 4, 492, 2, 808, 4, 979, 4, 1440
3, 1018, 4, 1428
3, 20, 3, 203, 3, 259, 3, 479, 2, 569, 3, 1162
3, 133, 3, 156, 3, 1325
3, 46, 4, 50, 3, 439, 3, 843, 4, 955
4, 70, 3, 624, 4, 780, 3, 1302, 2, 1345
3, 97, 2, 160, 4, 796, 3, 1485
4, 1040, 3, 1046, 3, 1402
2, 563, 4, 1273
3, 400, 2, 699, 3, 749, 4, 849
2, 843, 2, 1049, 2, 1358
3, 183, 2, 599, 2, 1059, 3, 1148
5, 6, 4, 955
3, 1139, 3, 1196, 3, 1306, 2, 1389
4, 806, 4, 1329, 3, 1362
3, 640, 3, 1112, 3, 1555
4, 224, 3, 374
2, 920, 2, 1376
3, 454
3, 597, 2, 1134, 4, 1433
3, 331
3, 8, 4, 198, 2, 774
3, 112, 3, 1489
3, 145, 3, 155, 3, 361, 4, 582, 3, 671, 4, 1320, 4, 1324
2, 146, 3, 779, 2, 1388, 2, 1461
3, 485, 3, 535, 3, 812, 4, 829, 2, 1101
2, 96, 3, 329, 4, 1478, 3, 1538
2, 116, 4, 565, 5, 1464
3, 212, 3, 915
4, 33, 3, 155, 4, 455, 2, 488, 4, 931, 3, 1491
3, 908, 2, 942, 3, 958, 4, 1155
4, 735, 2, 939, 2, 1251, 4, 1355
3, 1145
3, 146, 4, 269, 4, 822, 3, 978, 4, 1501, 3, 1544
3, 123, 2, 283, 4, 1065, 4, 1115, 3, 1392, 3, 1531
4, 10, 3, 323, 3, 533, 2, 576, 2, 793, 3, 859, 2, 999
4, 347, 4, 357, 4, 873
3, 663
3, 37, 3, 480, 3, 1123, 3, 1166, 2, 1499
2, 557, 3, 723, 3, 806
3, 100, 3, 183, 3, 815, 3, 853, 4, 926, 3, 1102
3, 283, 4, 892, 3, 965, 3, 1208
3, 316, 3, 333, 4, 403, 3, 1019
4, 517, 3, 563, 3, 1066, 4, 1245
3, 873, 2, 1482
4, 713, 4, 796, 4, 1016
3, 61, 3, 447, 4, 451, 3, 1266
3, 144, 3, 1030, 3, 1059
3, 344, 4, 777, 3, 987, 4, 993, 3, 1286, 3, 1436
2, 341, 4, 1000, 3, 1123, 4, 1423
2, 524, 2, 601, 2, 994, 3, 1007, 5, 1177, 4, 1556
3, 48, 3, 69, 3, 451, 3, 978
4, 161, 3, 277, 3, 510
5, 165, 2, 181, 3, 1452
3, 219, 3, 236, 3, 306, 3, 356, 2, 779, 3, 922
4, 246, 4, 396, 3, 689, 4, 918, 4, 962, 4, 1245
4, 49, 3, 322, 3, 592, 3, 1264
3, 182, 3, 272, 2, 376, 3, 698, 2, 864, 2, 1280, 3, 1464
3, 263, 3, 512, 3, 1011
3, 57, 3, 452, 2, 485, 3, 568, 3, 1238, 3, 1488
4, 36, 2, 1278
3, 426, 4, 909, 5, 1019
4, 343, 2, 753, 3, 1136, 3, 1158
3, 266, 2, 316, 4, 353, 2, 826, 3, 975, 5, 1269, 4, 1541
2, 384, 3, 1389, 2, 1526
2, 118, 3, 1339, 2, 1493
3, 1409
5, 114, 3, 147, 3, 164, 4, 263, 4, 290, 2, 900
3, 278
3, 910, 2, 1093, 2, 1170, 3, 1460, 2, 1526
4, 1536
4, 59, 3, 142, 3, 561, 3, 927, 3, 1364, 3, 1410
3, 125, 4, 1500
3, 951, 3, 995
2, 395, 3, 632, 2, 666, 3, 682, 2, 782
2, 383, 4, 765
3, 379, 5, 532, 4, 715, 3, 992, 5, 1082
3, 509, 4, 713, 3, 929, 4, 1222, 2, 1272, 2, 1372
2, 180, 3, 326, 3, 426, 2, 962, 3, 969, 3, 1262
4, 322, 4, 526, 3, 742, 4, 772, 2, 1301, 3, 1351
2, 139, 3, 239, 3, 776, 3, 1075, 3, 1138
4, 343, 4, 416, 3, 659, 3, 1148, 2, 1165, 3, 1292
2, 480, 5, 553, 3, 856, 4, 1285, 4, 1368
2, 353, 3, 430, 3, 823, 2, 1006, 3, 1029, 2, 1385
3, 593, 4, 903
3, 1419, 3, 1542
4, 67, 3, 510, 4, 766, 4, 1116
3, 227
4, 234, 2, 587, 3, 837, 3, 1336
4, 37, 4, 574, 4, 580, 4, 734, 4, 874, 3, 917, 3, 1350
4, 751, 3, 774, 3, 930, 4, 1233, 3, 1529
3, 317, 3, 387, 5, 394, 2, 687, 4, 749, 4, 1409
3, 217, 3, 427, 3, 726, 3, 876
2, 67, 3, 477, 4, 860, 2, 870, 3, 1386
3, 159, 3, 369, 3, 412, 4, 695, 3, 835, 3, 991
3, 627, 4, 715, 2, 1330
3, 571, 2, 577, 3, 1347
4, 28, 2, 95, 3, 648, 4, 804, 2, 1004, 4, 1530
3, 1217, 3, 1354
2, 379, 3, 525, 3, 625, 3, 1161, 4, 1167, 2, 1461, 2, 1504
3, 56, 2, 139, 3, 160, 4, 360, 3, 655, 3, 1435, 3, 1458
4, 593, 3, 915, 4, 1081
2, 77, 3, 709, 2, 1318, 2, 1391
4, 513, 3, 563, 3, 839, 3, 856, 2, 1129
4, 7, 2, 124, 4, 357, 4, 1505
2, 180, 3, 613, 3, 823, 2, 829, 3, 1272
4, 516, 2, 1231, 2, 1268
3, 266, 4, 709, 3, 965, 3, 1314, 2, 1352
4, 842, 4, 952
4, 762, 2, 966, 2, 1278, 4, 1382
3, 1172
3, 14, 3, 174, 4, 296, 4, 850, 3, 1006, 4, 1528
3, 53, 3, 310, 5, 995, 4, 1045, 3, 1322, 2, 1558
4, 38, 3, 350, 3, 560, 3, 604, 2, 820, 3, 886, 2, 1026
3, 277, 3, 287, 3, 803
3, 601, 3, 690
2, 58, 3, 214, 3, 414, 2, 940, 3, 1410, 3, 1477
4, 187, 4, 404, 4, 530, 3, 667, 3, 714, 3, 1342
4, 27, 3, 876, 2, 1429
2, 351, 3, 1260
3, 441, 3, 457, 4, 528, 3, 578, 3, 1144
4, 1106, 4, 1167, 3, 1283, 4, 1516
3, 521, 2, 725, 4, 941, 2, 970
3, 88, 5, 465, 5, 571, 4, 575, 5, 954, 5, 964, 4, 1390
4, 542, 4, 1347, 3, 1363, 3, 1490
4, 63, 4, 202, 3, 352, 4, 512, 4, 1344, 4, 1554
3, 805, 3, 1088, 3, 1228, 2, 1384
3, 196, 2, 252, 2, 362, 2, 445, 3, 945, 3, 1400
3, 26
3, 575, 3, 1047, 3, 1490
4, 159, 3, 309
3, 758
3, 92, 3, 404, 3, 508, 3, 1513
2, 395, 3, 884
3, 216, 3, 516, 3, 549, 2, 566, 2, 665, 3, 692, 3, 1205
4, 133, 3, 599, 4, 669, 3, 676, 3, 1032
4, 29, 2, 329, 3, 362, 2, 379, 2, 479, 2, 506, 3, 1115
4, 69, 3, 1504
2, 104, 3, 153, 3, 249, 3, 692, 3, 1335, 3, 1362, 4, 1379
3, 715, 4, 852, 3, 1268, 3, 1418
3, 97, 4, 330, 3, 334, 4, 500, 3, 1156, 3, 1376, 3, 1538
4, 307, 2, 783, 3, 1006
3, 24, 3, 613, 3, 712, 2, 1549
3, 21, 3, 747, 3, 803, 2, 1423
3, 227, 2, 1536
3, 260, 4, 271, 4, 787
3, 577
2, 733, 3, 1243
3, 800, 3, 1043
2, 922, 3, 1359, 2, 1405
4, 74, 2, 84, 3, 1249
4, 300, 3, 983
4, 11, 3, 210, 2, 737, 3, 814, 3, 1207, 2, 1413
3, 464, 5, 880
3, 570
3, 15, 3, 890, 4, 980
3, 8, 3, 251, 4, 800, 4, 884, 3, 1404, 4, 1493
3, 457, 4, 461, 3, 1254, 3, 1277
4, 434
3, 22, 4, 262, 4, 415, 3, 938, 3, 1390
3, 238, 5, 1180, 4, 1524
4, 914, 3, 1451
4, 5, 3, 675, 3, 1024, 4, 1534
4, 168, 4, 601, 3, 817, 4, 971
3, 378, 4, 451, 4, 754, 3, 861, 5, 1183, 3, 1266
2, 78, 2, 328, 3, 418, 2, 734, 3, 904, 3, 1366
3, 1041, 4, 1451
3, 42, 3, 225, 4, 282, 4, 502, 4, 592, 3, 1018, 2, 1184
4, 229, 2, 583, 3, 832, 3, 1331
3, 472, 5, 479, 4, 772, 2, 816, 4, 1248, 5, 1494
3, 609, 5, 813, 5, 909, 5, 1029, 4, 1058
4, 176, 3, 553, 2, 1395, 3, 1478
3, 50, 3, 260, 3, 303, 3, 586, 2, 726, 3, 1295
4, 605, 4, 655, 2, 932, 4, 1071, 4, 1221
3, 391, 4, 508
3, 231, 3, 807, 3, 1186
3, 48, 2, 547, 3, 780, 3, 1003, 3, 1356, 4, 1523
3, 140, 3, 144, 3, 311, 3, 966, 4, 1349, 3, 1465
2, 361, 4, 593, 3, 816, 4, 1170, 4, 1336, 4, 1419
2, 320, 3, 381, 2, 487, 2, 497, 2, 730, 4, 1556
3, 38, 3, 1512
3, 71, 2, 81, 3, 287, 3, 597, 4, 1246, 3, 1250
4, 734, 3, 1204, 4, 1410
3, 388, 3, 434, 2, 544, 3, 628, 2, 1510
2, 145, 2, 268, 2, 1044
2, 19, 3, 236, 4, 302, 2, 442, 3, 598, 3, 798, 4, 1324
3, 847, 3, 1251
3, 76, 4, 864, 2, 1018, 3, 1201
2, 80, 3, 1232, 3, 1395
3, 223, 3, 446, 4, 800, 3, 1049, 3, 1548
3, 849, 2, 895, 4, 1033, 2, 1399
4, 354, 4, 670, 4, 1302
3, 167, 2, 337, 3, 400, 3, 1036, 3, 1352
3, 17, 3, 121, 2, 443, 3, 610, 2, 1485
2, 1206, 2, 1416
2, 990
2, 507
3, 983, 2, 1360
3, 297, 5, 517, 4, 1200
3, 49, 3, 1031, 3, 1436
3, 244, 3, 598, 3, 847, 4, 1347
5, 365, 4, 787
2, 1386
2, 11, 3, 565, 4, 721, 4, 920, 3, 1447, 2, 1503
3, 291, 4, 357, 3, 494, 2, 807, 3, 910
3, 384, 4, 827, 3, 1056, 3, 1100, 2, 1433
4, 587, 3, 648, 4, 754, 3, 837, 3, 1336
4, 221, 3, 637, 4, 820, 2, 897, 2, 1097, 3, 1187
3, 288, 2, 654, 4, 937, 3, 1091
3, 595, 5, 668, 3, 971, 2, 1400, 4, 1483
2, 468, 4, 545, 5, 938, 2, 1121, 3, 1144, 3, 1500
2, 612, 4, 922
3, 99, 4, 875, 2, 1535
3, 176, 3, 332, 4, 898, 4, 1058, 2, 1114, 3, 1181
4, 163, 2, 866
3, 107, 5, 406, 3, 440, 4, 1028, 3, 1128
3, 87, 2, 826, 2, 1402
3, 393, 4, 643, 3, 1142
3, 1113, 3, 1369
3, 27, 4, 903, 3, 992
2, 450, 3, 639, 3, 1143, 3, 1215, 2, 1459
3, 290, 2, 566, 2, 706, 2, 1016
4, 593, 3, 1329, 2, 1496, 2, 1506
3, 437, 4, 647, 4, 946, 2, 996, 2, 1096
3, 177, 5, 214, 4, 287, 3, 1102
3, 24, 3, 307, 2, 394, 3, 1310
3, 960, 3, 983, 3, 1443
2, 112, 3, 1266
2, 22, 3, 159, 4, 525, 2, 591, 4, 1380, 3, 1534
3, 15, 2, 59, 4, 275, 4, 475, 2, 770, 4, 1550
2, 315, 2, 671
3, 384, 3, 428, 4, 1270, 2, 1299
3, 68, 3, 584, 3, 950, 3, 1387, 3, 1432, 4, 1543
2, 51
3, 904, 4, 1020, 4, 1253, 2, 1349
3, 48, 3, 258, 3, 265, 2, 1174
2, 308, 3, 691
3, 304, 4, 458, 4, 641, 2, 918, 4, 1007
3, 435, 5, 638, 4, 855, 5, 1148, 2, 1198, 4, 1298
2, 106, 3, 252, 3, 352, 2, 888, 3, 894, 3, 1188
3, 1025, 3, 1229, 4, 1324, 4, 1374, 3, 1445, 2, 1474
3, 220, 3, 842
3, 642, 3, 819
2, 353, 3, 542, 4, 935
3, 1044, 4, 1154, 4, 1237
2, 405, 4, 478, 3, 782, 3, 888, 4, 1210, 3, 1294
2, 106, 2, 355, 3, 445, 3, 761, 3, 932, 3, 1394
3, 1068, 4, 1478
3, 70, 4, 253, 4, 309, 4, 529, 4, 619, 3, 1045, 3, 1212
4, 159, 2, 513, 3, 762, 3, 1262
3, 500, 5, 506, 4, 799, 2, 843, 3, 1276, 5, 1521
2, 539, 3, 743, 3, 839, 4, 989
3, 589, 2, 593, 4, 972, 3, 982, 2, 1409, 3, 1498
3, 77, 5, 154, 5, 547, 4, 1522
4, 82, 3, 315, 3, 951, 2, 1396
3, 101, 3, 261, 4, 444, 3, 521, 2, 721, 4, 810, 2, 877
3, 278, 3, 760
3, 584, 3, 650, 3, 787, 2, 987, 3, 1203, 4, 1513
4, 92, 4, 148, 4, 169, 2, 215, 4, 768, 5, 924, 3, 1124
4, 19, 2, 42, 4, 298, 4, 674, 4, 780, 4, 785
2, 156, 3, 345, 3, 921, 2, 1165
3, 272, 3, 289, 3, 561, 3, 832, 2, 894, 2, 1504, 3, 1554
3, 546, 3, 858, 2, 1328, 4, 1395, 3, 1534
4, 879, 4, 1008, 4, 1484
3, 170, 2, 269, 3, 392, 3, 692
2, 127, 2, 653, 4, 730, 4, 1123, 4, 1136, 3, 1306, 2, 1329
2, 700, 3, 1443
3, 444, 5, 904, 4, 994
3, 168, 2, 717, 4, 1299, 2, 1320, 4, 1410, 4, 1483
3, 471, 3, 475, 3, 864, 3, 1267, 3, 1290, 2, 1546
2, 332, 4, 1307
3, 271, 4, 1051, 2, 1074, 4, 1118, 3, 1334
3, 206, 4, 239, 3, 828, 2, 928, 3, 1464
3, 528, 2, 1105
4, 96, 2, 106, 4, 152, 3, 262, 3, 345, 3, 861, 3, 1227
3, 442, 2, 618, 4, 1263
4, 92, 3, 109, 3, 431, 3, 747, 2, 1380
3, 192, 3, 718, 3, 1347
3, 605
4, 422, 3, 1028, 2, 1065, 3, 1537
2, 356, 3, 1265
4, 445, 3, 462, 5, 532, 4, 582, 4, 1148
3, 60, 4, 1208, 4, 1268, 2, 1385
3, 526, 2, 729, 4, 946, 3, 975
3, 93, 3, 469, 4, 576, 2, 580, 4, 958, 3, 969, 4, 1395
4, 34, 4, 643, 2, 1415, 5, 1448, 3, 1465
2, 1166, 4, 1548, 2, 1559
3, 217, 3, 899
3, 553, 4, 709, 4, 1435
3, 286, 4, 652, 3, 675, 4, 1135, 3, 1245
2, 186, 3, 846, 2, 969, 4, 1268
3, 467, 2, 523, 2, 543, 4, 706, 5, 1498
3, 144
3, 333, 3, 394, 4, 417, 2, 673, 2, 1049, 2, 1155, 3, 1159
3, 31, 4, 1446, 4, 1462
3, 161, 3, 178, 3, 451, 4, 721, 2, 783, 3, 1393
3, 188, 5, 218, 2, 860, 4, 1237
3, 151, 3, 305, 3, 351, 2, 461, 3, 544, 3, 1060, 2, 1426
2, 26, 2, 36, 3, 681, 3, 1417
3, 525, 4, 735, 4, 1034, 2, 1084, 2, 1184
3, 362, 3, 399, 4, 472, 3, 1288
2, 112, 4, 395, 2, 482, 4, 1104, 2, 1398
4, 665, 3, 1475
4, 281, 4, 285, 3, 674, 3, 1078, 3, 1101, 4, 1357
3, 142
3, 724, 2, 928, 3, 1024, 3, 1057, 4, 1074, 4, 1174
3, 541, 5, 641, 2, 1477, 3, 1511
3, 262, 4, 732, 2, 938, 3, 1508
4, 156
3, 555, 3, 1497
5, 96, 3, 129, 4, 1131, 4, 1258
2, 126, 3, 852, 2, 1322, 4, 1389, 3, 1528
4, 1002, 3, 1478
3, 802, 4, 1472, 4, 1545
3, 57, 3, 61, 4, 1265, 2, 1382
4, 3, 3, 263, 3, 523, 2, 726, 3, 1172, 2, 1386
4, 296, 5, 1072, 2, 1318
4, 373, 3, 529, 3, 1095, 3, 1255, 4, 1378
4, 7, 5, 616, 4, 643, 3, 959, 4, 1232, 4, 1502
4, 111, 3, 460
3, 454, 3, 527, 4, 770, 3, 1259, 4, 1402, 4, 1508
4, 590, 5, 663, 4, 840, 2, 967, 5, 1073, 4, 1396, 4, 1479
2, 291
4, 970
3, 954, 3, 1409
3, 488
3, 394, 3, 1430, 4, 1530
3, 621, 3, 1264
3, 134, 2, 611, 2, 848, 3, 881, 3, 898, 3, 997, 3, 1220
4, 930, 3, 1466
2, 434, 4, 690, 5, 1040, 4, 1549
4, 85, 2, 108, 3, 151, 3, 264, 3, 368, 4, 567, 2, 863
3, 704, 3, 897, 3, 1220, 4, 1386
4, 538, 4, 837, 4, 871, 4, 887, 4, 987
3, 414, 3, 1450, 4, 1550
2, 641, 2, 1284
4, 1337
3, 22, 4, 411, 4, 455, 2, 671
4, 195, 3, 232, 4, 305, 4, 715, 5, 1121
2, 879, 3, 1035
4, 1555
2, 13, 4, 97, 4, 979, 3, 1405, 3, 1461
3, 177, 2, 610, 3, 1392, 4, 1398
2, 266, 3, 456, 3, 1032, 2, 1275
2, 1005
4, 522
3, 319
2, 9, 2, 951, 2, 1135, 3, 1211, 2, 1411, 4, 1501
2, 602, 3, 968, 3, 1035, 3, 1251, 2, 1405, 3, 1451
4, 167, 4, 243, 2, 443, 4, 533, 3, 599, 4, 1541
3, 67, 2, 283
3, 373, 3, 389, 2, 460, 4, 510, 3, 932, 3, 1076
4, 24, 4, 490, 4, 497, 3, 646, 3, 940, 3, 1212, 3, 1495
4, 896, 4, 1100, 3, 1299, 3, 1412, 4, 1516
3, 104, 3, 990, 3, 1433
2, 400, 2, 1043, 4, 1247, 3, 1343, 4, 1463, 3, 1492
4, 238, 2, 300, 3, 960, 3, 1496
4, 371, 3, 484, 4, 560, 2, 954, 3, 1137
3, 97, 2, 257, 4, 1039, 4, 1089, 3, 1366, 3, 1505
4, 297, 3, 507, 3, 550, 2, 833, 3, 973, 3, 1129
4, 71, 2, 121, 3, 537, 3, 687, 4, 847, 3, 1476, 4, 1542
3, 887
2, 444, 3, 681, 2, 714, 3, 731, 2, 831
2, 268, 3, 329, 3, 351, 2, 607, 2, 984, 3, 1090, 3, 1094
3, 372, 2, 405, 3, 422, 2, 521, 2, 548
3, 122, 2, 126, 3, 505
3, 1022, 3, 1344, 2, 1511, 2, 1521
3, 452, 4, 662, 4, 962, 3, 1012, 3, 1111
4, 229, 3, 302, 2, 703, 3, 1118
3, 410, 3, 453, 3, 736, 3, 1325
4, 976, 3, 999, 5, 1458
3, 127, 3, 892, 4, 1281, 3, 1302
3, 136, 2, 186, 4, 223, 4, 695, 4, 1138, 3, 1394, 5, 1411
3, 53, 4, 157, 2, 306, 2, 1095, 3, 1161, 3, 1298
2, 443, 4, 726, 2, 1435
4, 104, 4, 304, 3, 599, 4, 1379, 2, 1402, 4, 1446
3, 143, 3, 499
4, 220, 4, 250, 2, 370, 2, 892, 2, 936, 4, 1219
2, 457, 3, 507, 3, 783, 3, 800, 3, 929, 3, 1073
3, 397, 3, 840
4, 197, 3, 1439
3, 587, 4, 1070, 4, 1180
4, 504, 4, 914, 3, 1297, 3, 1319
3, 477
2, 304, 4, 361, 3, 381, 3, 980, 3, 1336
3, 755, 3, 771, 4, 842, 4, 892, 3, 1308, 3, 1458
4, 222, 3, 1225, 4, 1454, 4, 1497
4, 898
3, 948
3, 139, 5, 885, 2, 971, 3, 1181, 2, 1268, 2, 1387
3, 276, 3, 746, 2, 952, 3, 1521
3, 169
3, 83, 2, 244, 4, 1026, 4, 1076, 4, 1352, 2, 1492
5, 380, 5, 590, 4, 634, 4, 850, 3, 917, 2, 1056, 5, 1212
4, 307, 4, 834, 3, 1462
3, 631, 4, 721
3, 88, 3, 244, 3, 970, 3, 1093
3, 614, 3, 781, 3, 864, 3, 1363
4, 504, 3, 804, 3, 1426, 4, 1526
4, 2, 3, 59, 2, 678, 3, 1034
3, 152, 3, 215, 4, 791, 2, 851, 3, 1540
4, 425, 2, 841, 3, 1300, 4, 1390, 4, 1494
3, 244, 3, 454, 5, 461, 3, 904
2, 22, 3, 94, 3, 504, 3, 887, 3, 897, 2, 910
4, 69, 4, 158, 5, 365, 3, 474, 4, 645, 4, 927, 4, 1107
3, 574, 4, 612, 2, 861, 3, 961, 2, 1084, 4, 1383, 2, 1417
5, 429, 4, 1123
3, 189, 3, 259, 3, 732, 2, 1208, 2, 1431
4, 322, 3, 515, 3, 838, 4, 1004
2, 455, 2, 488, 2, 505
3, 436, 4, 486, 3, 762, 3, 779, 3, 1051, 3, 1322
3, 789, 3, 818
2, 273, 4, 589
2, 465, 3, 469, 2, 952, 2, 1062
2, 10, 3, 106, 3, 405, 3, 438, 4, 1441, 2, 1541
3, 656, 2, 718, 4, 956, 4, 989, 4, 1005, 4, 1105
3, 186, 5, 1028
3, 36, 4, 269, 3, 273, 3, 440, 3, 1095, 3, 1478
3, 4, 2, 87, 2, 343, 2, 587, 3, 820, 3, 1042, 4, 1396
4, 254, 3, 859, 2, 1369
3, 117
3, 977, 4, 1000
4, 81, 2, 241, 3, 1073, 3, 1349, 4, 1489
3, 614, 3, 964, 4, 1473, 2, 1503
2, 32, 3, 78, 3, 188, 2, 787, 3, 1153, 2, 1220, 2, 1436
3, 408, 4, 628, 3, 1144, 4, 1311
3, 761, 3, 795, 3, 811
3, 1117
3, 102, 3, 491, 4, 512, 4, 894, 3, 1421
3, 621, 3, 991
2, 338, 3, 575, 3, 608, 3, 625, 2, 724
5, 708, 4, 1469
3, 321, 4, 475, 2, 521, 3, 658, 4, 1024
3, 451, 3, 751, 4, 801, 3, 901
3, 884, 4, 894, 3, 1100, 3, 1410
2, 69, 3, 129, 3, 245, 4, 478, 4, 988, 3, 1017
2, 10, 3, 139, 4, 382, 4, 615, 4, 1191, 4, 1224, 3, 1251
4, 49, 4, 692, 2, 736, 3, 1018, 5, 1314
2, 223, 2, 972, 2, 1428
4, 446, 2, 1161, 4, 1199
3, 196, 2, 639, 3, 895, 3, 1245, 4, 1282
3, 37, 3, 93, 3, 203, 3, 286, 3, 785
3, 86, 2, 132, 3, 269, 4, 636, 3, 702, 2, 815, 2, 1491
3, 379, 3, 683
2, 296, 3, 712, 4, 1022
3, 263, 4, 446, 4, 812
3, 1061, 4, 1531
4, 10, 5, 443, 4, 653, 5, 659, 3, 813
3, 597, 4, 1025
3, 270, 3, 331, 3, 437, 3, 447, 3, 680, 3, 1092
4, 1, 3, 234, 2, 457, 4, 810, 3, 1060
3, 957, 3, 1140, 2, 1417, 2, 1506
4, 365, 3, 681, 4, 1313
3, 445, 2, 588, 2, 688, 3, 921, 3, 1144, 3, 1460, 2, 1531
3, 584, 2, 628
3, 168, 2, 202, 4, 218, 4, 318, 4, 345
2, 77, 4, 333, 3, 709, 3, 815, 4, 819, 3, 1198
2, 93, 4, 283, 4, 859, 2, 1102
3, 929
2, 447
3, 923, 2, 1299
3, 236, 4, 457, 3, 1139
3, 873, 2, 1449
3, 37, 2, 1206
3, 483, 4, 571, 2, 1186
2, 427, 3, 1203
4, 48, 3, 135, 2, 510, 4, 953, 2, 1323, 3, 1559
5, 75, 4, 551, 4, 1090, 4, 1161
4, 681, 3, 1023
2, 864, 3, 1093, 4, 1136
2, 377, 4, 581, 4, 797, 2, 826
4, 427, 3, 431, 4, 810, 3, 820, 3, 1246, 2, 1502
4, 385, 4, 495, 3, 568, 3, 811, 3, 1360, 4, 1443, 3, 1550
3, 534, 3, 784, 4, 884, 2, 911, 4, 1306, 2, 1340
5, 62, 3, 299, 2, 332, 4, 349, 5, 671
3, 28, 2, 49, 3, 432, 4, 455, 3, 1197
3, 213, 3, 272, 4, 838, 4, 1095, 3, 1120, 2, 1151
4, 685, 4, 822, 3, 1238, 3, 1388
3, 835, 3, 1028, 2, 1351, 2, 1411, 3, 1517, 2, 1527
2, 609
4, 172, 2, 498, 2, 515, 3, 788, 3, 1058
3, 16, 3, 525, 4, 841, 3, 1164, 4, 1224, 3, 1341
2, 18, 4, 178, 4, 961, 2, 1010, 2, 1287, 3, 1427
4, 75, 2, 370, 3, 1306, 2, 1350
3, 314, 3, 797
3, 620, 3, 687, 3, 824, 3, 1024, 3, 1240, 4, 1550
4, 128, 3, 185, 4, 205, 2, 251, 4, 804, 4, 960, 3, 1160
2, 153, 2, 176, 4, 431, 4, 808, 5, 914, 6, 918
2, 192, 3, 382, 3, 958, 2, 1201
3, 931
2, 448
3, 682, 3, 1022, 4, 1271, 2, 1398
3, 13, 3, 583, 2, 895, 4, 1148, 4, 1431
2, 572, 3, 599, 3, 915, 3, 1044, 3, 1188, 3, 1521
2, 257, 3, 900, 4, 927, 3, 1276, 4, 1372
4, 334, 2, 390, 3, 500, 2, 584, 2, 1083, 3, 1316, 2, 1538
4, 404, 4, 847, 2, 1103, 4, 1120, 3, 1453, 3, 1490
4, 571
4, 803, 2, 1007, 3, 1319, 3, 1423
2, 75, 2, 1310
3, 312, 4, 368, 3, 551, 3, 1344, 3, 1533
3, 42, 3, 191, 3, 351, 4, 1134, 4, 1183, 2, 1394, 4, 1460
4, 376, 3, 488, 2, 565, 2, 958, 3, 1141
3, 166, 4, 492, 3, 781
3, 22, 4, 182, 2, 365, 3, 442, 4, 642, 2, 731, 2, 798
3, 2, 2, 112, 4, 195, 4, 1077, 3, 1504
4, 179, 2, 545, 3, 611, 3, 1393, 3, 1400, 4, 1554
4, 176, 3, 392, 3, 1301, 2, 1530
3, 22, 2, 26, 4, 819
4, 825, 3, 1147, 4, 1314
4, 66, 4, 90, 4, 309, 3, 895, 3, 1038
4, 995, 4, 1005, 3, 1211, 3, 1521
2, 104, 4, 613, 2, 643, 3, 1285, 4, 1312, 2, 1429
4, 7, 3, 240, 4, 877, 3, 1322
4, 706, 3, 1126, 3, 1482
2, 644, 3, 939
3, 48
3, 980, 3, 1003, 3, 1463
3, 131, 3, 897, 4, 1286, 3, 1307
3, 520, 3, 870, 3, 1380
3, 656, 3, 1370, 3, 1403, 4, 1420, 4, 1519
2, 224, 3, 473, 2, 600, 4, 706, 5, 710, 4, 1442, 4, 1526
3, 21, 3, 38
3, 88
3, 487, 3, 1429
3, 441, 3, 475, 3, 1063, 2, 1190
3, 375, 3, 687, 2, 1157, 3, 1223, 2, 1363
3, 805, 4, 934, 4, 1410
2, 95, 3, 195, 4, 318, 3, 617
5, 189, 3, 395, 4, 1277
2, 592, 5, 615
4, 109, 3, 269, 2, 964, 4, 1101, 4, 1517
4, 132, 4, 482
4, 136, 2, 386, 2, 475, 3, 548, 4, 791, 4, 1424
4, 212, 3, 318, 3, 322, 4, 1137, 3, 1393
2, 798, 3, 954
3, 761, 3, 965, 4, 1060, 4, 1181, 5, 1210
4, 86, 3, 169, 5, 425, 3, 675, 3, 802
3, 186, 3, 298, 3, 375, 2, 768, 3, 952
3, 73, 4, 400, 4, 689
4, 90, 3, 273, 4, 350, 3, 639, 4, 705, 3, 1488
3, 173, 2, 383, 3, 389, 2, 1298
4, 120, 3, 530, 2, 913
4, 97, 3, 264, 2, 919, 4, 1302, 2, 1418
3, 330, 4, 696, 3, 719, 5, 979
3, 632, 4, 666, 3, 749, 3, 1005, 4, 1255, 3, 1381, 3, 1492
3, 373, 3, 672, 4, 722, 3, 822
3, 65, 4, 714, 4, 718, 4, 1096, 4, 1107, 4, 1533
5, 983
3, 953
2, 483, 3, 1392
3, 660, 3, 710, 3, 987, 4, 1003, 3, 1276
2, 94, 2, 155, 2, 271, 4, 504, 4, 600
2, 791, 4, 813, 3, 1273
4, 1096, 3, 1117, 5, 1500
2, 169, 3, 851
3, 605, 4, 661, 2, 1281, 3, 1437
3, 249, 4, 499, 3, 998
4, 438, 3, 472, 3, 555, 3, 811, 4, 1060, 3, 1187
2, 119, 2, 575, 4, 608, 3, 625, 4, 725, 3, 752, 3, 1361
3, 1028
3, 59, 4, 935, 3, 1024
2, 482, 3, 671, 3, 1174, 3, 1247, 2, 1491
4, 322, 3, 598, 2, 738, 3, 1048
3, 625, 3, 1361, 2, 1528, 2, 1538
3, 469, 4, 679, 4, 978, 2, 1028, 2, 1128
3, 306, 5, 343, 4, 416, 4, 1231
3, 56, 3, 339, 2, 426, 3, 1342
3, 992, 3, 1015, 3, 1475
2, 143, 3, 1298
4, 8, 2, 53, 3, 191, 4, 557, 2, 623, 4, 1412
3, 24, 2, 47, 3, 91, 4, 203, 3, 307, 3, 507, 2, 802
3, 109, 3, 169, 3, 275, 4, 286, 4, 1151, 3, 1344
3, 1134, 3, 1191, 3, 1301, 2, 1384
3, 899, 2, 998, 4, 1121, 4, 1357, 3, 1421
3, 79, 3, 349, 3, 366, 2, 599, 4, 689, 2, 1005, 4, 1175
3, 56, 5, 356, 2, 389, 4, 1392, 3, 1491
3, 37, 4, 1189, 3, 1351
3, 180, 3, 403, 4, 756, 3, 1006, 3, 1505
3, 903, 2, 949, 4, 1086, 3, 1453
4, 311, 4, 627
3, 920, 2, 933, 4, 1099, 5, 1182, 4, 1403
4, 40, 3, 1166, 4, 1236, 2, 1243
2, 989
4, 386, 3, 596, 4, 896, 3, 946, 3, 1045
4, 163, 3, 236, 3, 1052
2, 311, 3, 371, 3, 487, 4, 720, 3, 816
2, 910, 3, 933, 3, 1392
4, 341, 2, 751, 3, 1133, 3, 1156
3, 264, 2, 314, 3, 351, 2, 824, 3, 973, 4, 1267, 4, 1539
2, 382, 3, 1387, 2, 1524
3, 116, 4, 1337, 3, 1490
3, 1407
3, 112, 3, 145, 3, 161, 2, 261, 2, 288, 3, 898
3, 695, 3, 1034, 4, 1284, 2, 1411
3, 26, 3, 595, 3, 908, 4, 1161, 4, 1444
3, 73, 4, 682, 4, 709, 3, 1025, 2, 1154, 3, 1298
3, 177, 3, 526
4, 16, 3, 106, 3, 422, 4, 593, 3, 1055
3, 545, 5, 961, 2, 1271
4, 512, 3, 695
2, 585, 3, 1151, 4, 1434, 4, 1521
3, 529, 4, 1011, 4, 1122
3, 56, 3, 539, 3, 543, 3, 1335, 3, 1358
2, 466, 3, 1175
2, 982, 3, 1185, 4, 1281, 4, 1331, 3, 1402, 2, 1431
3, 274, 3, 896
3, 696, 3, 873
2, 407, 3, 596, 4, 989
4, 163, 3, 220, 3, 224, 3, 330, 3, 413, 3, 912
3, 550, 3, 770, 3, 1286, 4, 1452
3, 903, 2, 936, 3, 953, 3, 1053
4, 5, 4, 837, 3, 1253, 2, 1511
3, 47, 3, 363, 3, 746, 4, 862, 3, 1095, 3, 1099
4, 310, 3, 664, 3, 913, 4, 1413
5, 17, 4, 554, 4, 560, 4, 714, 4, 853, 3, 897, 3, 1330
3, 48, 4, 827, 3, 850, 2, 1007, 4, 1310
3, 607, 2, 1144, 4, 1443
3, 131, 2, 341, 3, 384, 2, 667, 3, 807, 3, 1377
3, 521, 3, 1463
4, 61, 3, 95, 3, 1097, 3, 1224
3, 721, 4, 1191, 4, 1257, 2, 1397, 2, 1553
4, 191, 4, 667, 3, 1206, 4, 1277
3, 1140, 3, 1476
2, 101, 2, 374, 3, 657, 3, 744, 3, 1210, 3, 1366
3, 222, 2, 238, 4, 309, 3, 924
3, 325, 4, 371, 3, 875
4, 49, 2, 598, 3, 787, 3, 1180, 3, 1363
3, 535, 3, 812, 4, 1101
3, 502, 4, 685, 3, 762, 3, 1117
3, 323, 3, 396, 4, 639, 4, 1128, 4, 1271, 4, 1377
2, 459, 4, 532, 4, 836, 4, 942, 4, 1264, 3, 1348
2, 160, 2, 409, 3, 499, 2, 815, 3, 986, 3, 1447
4, 235, 2, 273, 3, 346, 3, 755, 4, 1161
2, 437, 5, 493, 4, 514, 2, 676, 4, 1113, 2, 1469
4, 477, 6, 581
4, 993, 3, 1529
3, 74, 4, 423
3, 417, 4, 490, 5, 733, 4, 1222, 4, 1365, 5, 1472
3, 117, 2, 200, 3, 456, 3, 833, 3, 939, 4, 943
3, 504, 2, 1080
2, 71, 2, 81, 4, 127, 3, 237, 4, 320, 3, 836, 3, 1202
3, 45, 3, 141, 4, 360, 3, 1193, 3, 1254, 3, 1370
3, 307, 2, 661, 3, 911, 3, 1410
4, 428, 3, 850
2, 1449
4, 49, 4, 105, 4, 126, 2, 172, 4, 725, 5, 881, 3, 1080
3, 255, 3, 737, 3, 741, 3, 1534, 3, 1557
2, 664, 2, 1374
3, 482, 4, 782, 4, 832, 3, 932
3, 915, 4, 925, 3, 1131, 3, 1441
2, 100, 3, 160, 3, 276, 4, 509, 4, 1019, 4, 1048
2, 41, 3, 170, 4, 413, 4, 646, 3, 1222, 4, 1256, 3, 1283
4, 80, 3, 723, 2, 767, 3, 1050, 3, 1189, 4, 1345
2, 200, 3, 217, 3, 288, 3, 903
3, 304, 4, 764, 3, 853
2, 28, 3, 577, 4, 1159, 3, 1180, 4, 1342
4, 790, 3, 928, 3, 1344, 3, 1493
4, 261, 3, 454, 3, 776, 4, 943
2, 394, 2, 427, 2, 444
4, 277, 4, 327, 3, 604, 3, 620, 3, 893, 3, 1163
3, 728, 3, 757
2, 212, 4, 528
3, 408, 4, 890, 4, 1000, 3, 1084
3, 628, 5, 1057
3, 398, 3, 459, 2, 565, 3, 575, 3, 808, 2, 904, 3, 1220
4, 371, 4, 515, 4, 848, 4, 1387, 3, 1457
3, 155, 3, 1058
3, 1488
2, 369, 2, 606, 3, 639, 3, 656, 2, 756, 2, 978
4, 679, 4, 1018, 4, 1267, 2, 1394
2, 465, 4, 748, 2, 1457
3, 126, 3, 326, 2, 621, 3, 1401, 2, 1424, 3, 1467
3, 165, 3, 521
3, 242, 3, 272, 2, 392, 2, 914, 2, 958, 2, 1241
2, 479, 3, 529, 4, 805, 3, 822, 4, 951, 3, 1095
3, 419, 3, 862
4, 316, 3, 948, 3, 1558
3, 226, 3, 459, 3, 682, 3, 998, 3, 1541
2, 77, 3, 503, 3, 669, 2, 1325, 2, 1545
4, 1062, 2, 1266
3, 14, 3, 30, 4, 101, 4, 573, 2, 717, 2, 1049
3, 41, 4, 484, 2, 713, 3, 1089
3, 233, 4, 1013, 3, 1035, 5, 1295, 3, 1495
4, 692
3, 150, 3, 849, 4, 965, 4, 1198
3, 106, 2, 112, 4, 1454
4, 1236, 3, 1512
3, 260, 3, 820, 4, 920, 3, 1042, 3, 1342, 4, 1462
5, 334, 3, 384
2, 185, 2, 933, 2, 1389
3, 407, 2, 1123, 3, 1160
4, 158, 4, 601, 3, 857, 3, 1206, 2, 1243
3, 831, 3, 941
4, 654, 2, 858, 2, 1170, 3, 1274
2, 5, 3, 238, 4, 748, 3, 1064, 4, 1191, 2, 1386, 4, 1447
3, 312, 3, 1327
2, 29, 3, 113, 4, 368, 3, 745
4, 242, 2, 452, 3, 495, 2, 778, 4, 918, 4, 1487
4, 797, 4, 847, 3, 1124, 4, 1263, 3, 1413
4, 292, 4, 408
4, 132, 3, 708, 3, 1087
2, 448, 3, 681, 4, 904, 3, 1257, 4, 1424, 3, 1507
3, 85, 2, 988
2, 119, 3, 645, 4, 701, 4, 722, 3, 884, 3, 1128, 2, 1321
4, 576, 4, 609, 3, 692, 4, 948, 4, 1198, 4, 1324, 3, 1435
4, 615, 2, 665, 4, 765
4, 499, 4, 549, 4, 825, 2, 842, 2, 965, 3, 1114
2, 63, 4, 107, 3, 390, 3, 979, 3, 1099
4, 376, 3, 436, 3, 1125
3, 43, 2, 170, 2, 598, 2, 1351
3, 137, 4, 203, 2, 343, 3, 499, 3, 698, 4, 1225, 3, 1478
3, 845, 3, 1249
3, 74, 2, 862, 4, 1016, 3, 1199
3, 84, 2, 333, 3, 423, 3, 496, 3, 739, 4, 1372
3, 1042, 3, 1046
2, 14, 3, 1023, 2, 1069, 3, 1206
4, 528, 4, 844, 3, 1476
3, 340, 3, 511, 3, 573, 3, 1210, 3, 1526
4, 101, 3, 191, 5, 295, 2, 617, 4, 784, 3, 794
3, 238, 2, 1313
4, 265, 3, 541, 5, 681, 3, 991
3, 471, 3, 1207, 2, 1374, 2, 1384
3, 412, 4, 622, 4, 921, 3, 971, 2, 1071
2, 152, 4, 189, 3, 262, 3, 1078
3, 185, 2, 272, 2, 1188, 2, 1460
3, 159, 2, 182, 3, 585, 4, 641, 2, 751, 4, 835
4, 635, 3, 681, 3, 1184, 4, 1363
4, 42, 4, 991
2, 761, 4, 928, 3, 1011, 3, 1231
4, 428, 3, 1364, 4, 1398
3, 262, 3, 1148, 3, 1177
3, 559, 3, 991, 3, 1104, 3, 1208, 4, 1362, 4, 1404, 3, 1554
2, 26
3, 879, 4, 996, 3, 1229, 2, 1324
4, 136, 4, 143, 2, 1484
2, 263, 3, 329, 3, 467, 2, 883, 2, 1192
3, 356, 4, 799, 2, 1072, 2, 1405, 4, 1442
2, 67, 3, 523, 2, 876, 2, 1043, 2, 1126
3, 93, 4, 247, 4, 430, 3, 796
3, 602, 2, 1212, 2, 1285, 2, 1528
4, 309, 4, 456, 3, 636, 3, 652, 4, 872, 4, 925
3, 200, 3, 789, 4, 1432, 4, 1475
4, 876
4, 926
4, 117, 5, 766, 4, 949, 3, 1149, 4, 1159, 4, 1365
3, 254, 4, 724, 3, 930, 3, 1086
5, 161, 3, 394, 3, 617, 4, 970, 5, 1220
2, 12, 3, 1020, 3, 1203, 2, 1480
4, 525, 2, 841, 3, 1473
3, 751
3, 86, 3, 398, 3, 502, 3, 1507
3, 781
2, 125, 2, 419, 3, 647, 2, 691, 2, 851, 3, 974, 3, 1527
2, 678, 4, 988
4, 482, 3, 489, 2, 844, 2, 1504
2, 123, 3, 366, 3, 915, 2, 1104, 4, 1497
2, 641
3, 1040, 4, 1450
4, 42, 3, 225
4, 1051, 4, 1094, 2, 1377
3, 222, 2, 432, 3, 439, 2, 1348
3, 72, 3, 482, 4, 865
3, 143, 3, 147, 3, 313, 3, 968, 4, 1351, 3, 1468
2, 363, 4, 596, 3, 819, 3, 1172, 4, 1339, 3, 1422
2, 323, 3, 383, 2, 489, 2, 500, 2, 733, 4, 1558
3, 40, 3, 1515
3, 73, 3, 84, 3, 290, 3, 510, 3, 600, 2, 1249, 2, 1253
3, 594
4, 351, 4, 784, 3, 994, 3, 1000, 3, 1154, 4, 1443
2, 251, 2, 910, 3, 1033, 2, 1193, 2, 1376, 4, 1453
2, 26, 3, 475
4, 138, 3, 209, 4, 681, 2, 1157, 2, 1380
3, 465, 4, 685, 4, 1201, 4, 1367
3, 915, 2, 949, 3, 965, 3, 1065
4, 645, 2, 849, 2, 1161, 3, 1265
4, 229, 4, 739, 3, 1055, 4, 1182, 2, 1377, 4, 1437, 2, 1554
3, 303, 3, 1318
3, 1079, 3, 1335
3, 90, 4, 966, 4, 1055
2, 1193, 4, 1382
3, 157, 4, 806, 4, 960
3, 297, 2, 946, 3, 1329, 3, 1340, 3, 1546
4, 547, 2, 591, 4, 874, 4, 1169, 3, 1462
3, 730, 3, 1539
3, 739
4, 527, 2, 1082
2, 90, 3, 327, 3, 1149
4, 317, 4, 633
4, 44, 3, 926, 3, 1353, 3, 1409, 2, 1519
3, 125, 2, 557, 3, 1339, 3, 1346
2, 214, 3, 404, 3, 980, 2, 1223
2, 953
2, 470
3, 607, 3, 946, 4, 1293, 2, 1323
3, 35, 3, 605, 2, 917, 4, 1170, 4, 1453
4, 594, 3, 621, 2, 937, 3, 1066, 3, 1210, 3, 1543
3, 186, 3, 535
4, 26, 3, 115, 3, 431, 4, 602, 3, 1064
4, 92, 3, 402, 3, 1030, 3, 1234, 3, 1434
4, 438, 4, 444, 3, 594, 3, 887, 3, 1160, 3, 1443, 4, 1530
4, 844, 4, 1047, 3, 1247, 3, 1360, 3, 1463
3, 51, 3, 937, 3, 1380
2, 348, 3, 991, 4, 1194, 3, 1290, 4, 1411, 3, 1440
4, 186, 2, 248, 2, 908, 3, 1444
3, 319, 3, 431, 2, 508, 2, 901, 3, 1084
3, 206, 3, 532, 3, 822
3, 62, 3, 222, 4, 406, 4, 482, 2, 682, 4, 772, 2, 838
3, 336, 3, 819
2, 126, 4, 263, 2, 679, 2, 989
5, 566, 4, 1066, 4, 1303, 4, 1469
4, 207, 5, 410, 4, 920, 2, 970, 2, 1070
3, 358, 2, 1173
4, 87, 3, 917, 4, 963, 3, 1156, 4, 1466
4, 321, 3, 537, 3, 797, 3, 1032, 2, 1246
3, 61, 3, 870, 4, 903, 3, 1242, 2, 1492
4, 27, 4, 210, 3, 454, 3, 1003, 3, 1192
3, 940, 3, 1217, 4, 1356, 4, 1506
3, 324, 3, 384, 4, 491, 3, 501, 4, 734, 3, 1146, 3, 1366
4, 394, 2, 871, 3, 1093
3, 78, 3, 111, 2, 1114, 3, 1214
4, 12, 3, 737, 4, 794, 2, 1413
3, 382, 4, 631, 3, 1131
5, 668, 4, 701, 3, 785, 3, 1041, 4, 1290, 3, 1390, 4, 1417
4, 408, 3, 612, 4, 708, 4, 858
4, 172, 4, 687
3, 111, 3, 182, 4, 188, 2, 477, 4, 544, 4, 1486
3, 11, 3, 222, 3, 228, 3, 1137
2, 369, 2, 751, 2, 774, 2, 1517
2, 13, 5, 296, 3, 346, 3, 441, 3, 591, 4, 884, 3, 1527
3, 907
2, 439, 2, 476, 4, 549, 3, 1281, 4, 1364
2, 349, 3, 405, 3, 426, 3, 588, 3, 1025, 2, 1381
3, 493
3, 313, 3, 652, 4, 1029
4, 63, 2, 506, 3, 762, 4, 1112
3, 224
3, 170, 3, 419
3, 70, 3, 453, 2, 463, 4, 979
3, 576, 3, 692, 2, 925
3, 307, 2, 1063
3, 330, 3, 380, 3, 657, 3, 946
4, 807, 3, 896
4, 466, 3, 1003, 2, 1142, 2, 1298
4, 277, 2, 360
2, 610, 4, 919
2, 1435, 3, 1558
4, 180, 4, 623, 3, 879, 3, 1229, 2, 1266
3, 757, 3, 867
3, 784, 3, 1096, 3, 1200
2, 847, 2, 893, 4, 1030, 3, 1397
3, 255, 4, 571
3, 864, 4, 1043, 3, 1126, 4, 1347
3, 671, 5, 1513
3, 119, 3, 441, 3, 501, 2, 608, 2, 618, 3, 851, 2, 1360
3, 268, 3, 285, 3, 414, 3, 558, 2, 890, 3, 1500, 4, 1550
2, 614, 2, 910
3, 22, 4, 487, 3, 920, 4, 1130, 2, 1136, 3, 1430, 4, 1480
4, 1176, 2, 1513
2, 138, 2, 411, 4, 693, 4, 781, 3, 1344, 4, 1403
3, 258, 3, 275, 4, 345, 3, 961
3, 362, 4, 408, 3, 911
3, 182, 3, 634, 3, 921, 3, 1217, 2, 1497
3, 571, 3, 848, 4, 1137
3, 538, 3, 721, 2, 798, 3, 1154
3, 456, 3, 529, 4, 772, 3, 1261, 4, 1405, 4, 1511
2, 496, 4, 569, 4, 872, 4, 978, 2, 1301, 2, 1384
2, 172, 3, 342, 4, 1324, 4, 1414
2, 854, 4, 1397
4, 309, 3, 1197
2, 134, 3, 224, 4, 413, 2, 650, 2, 817, 3, 1472
3, 570, 4, 1052, 4, 1163
3, 483, 4, 487, 3, 1279, 3, 1302
3, 460
5, 287, 4, 343, 2, 963, 4, 1319, 4, 1508
3, 263, 4, 1206, 3, 1549
4, 939, 3, 1476
4, 1, 2, 30, 3, 700, 3, 1050
3, 118, 4, 164, 3, 274, 3, 873, 4, 1239, 3, 1306, 3, 1522
3, 494, 3, 714, 3, 1230, 4, 1396
3, 847, 2, 880, 2, 897
4, 1203
3, 46, 3, 285, 2, 674, 3, 695, 4, 1077, 3, 1100
2, 85, 4, 141, 4, 162, 4, 1117
4, 235, 4, 478, 4, 711, 4, 934, 3, 1250, 3, 1321
2, 53, 4, 563, 3, 1006, 3, 1235, 4, 1262, 2, 1378
3, 30, 2, 93, 4, 729, 3, 1418
4, 1069, 3, 1076, 3, 1431
2, 593, 3, 1302
5, 466, 5, 899, 3, 1109, 3, 1115, 4, 1409, 5, 1458, 3, 1558
4, 31, 3, 108, 3, 1406
2, 120, 2, 647, 4, 723, 4, 1117, 4, 1129, 3, 1300, 2, 1323
2, 597, 3, 1339
4, 341, 5, 800, 4, 890
3, 161, 2, 710, 4, 1293, 2, 1314, 5, 1403, 4, 1476
4, 367, 4, 371, 3, 760, 3, 1164, 3, 1187, 2, 1443
3, 524, 3, 713, 4, 1106, 3, 1289, 5, 1533
2, 640, 3, 929
4, 917
3, 330, 4, 513, 4, 879
5, 332, 3, 1308, 3, 1420
3, 638, 3, 1065, 4, 1121, 4, 1231, 3, 1314
2, 275, 2, 1051
4, 212, 3, 262, 3, 358, 3, 508, 4, 801, 3, 1444, 2, 1487
4, 921
3, 355, 4, 393, 4, 465, 4, 1281
2, 106, 4, 389, 2, 476, 4, 1098, 2, 1391
4, 659, 3, 1468
3, 290, 3, 1347
3, 57, 2, 103, 3, 240, 4, 606, 3, 673, 2, 785, 3, 1461
2, 556
4, 119, 3, 446, 4, 463, 4, 735, 3, 1006
3, 61, 4, 570, 5, 886, 3, 1209, 4, 1269, 3, 1386
3, 676, 3, 737, 4, 926, 4, 1425
2, 443, 4, 866
2, 413, 4, 1082, 4, 1199, 4, 1432, 2, 1528
3, 160, 3, 643
3, 466, 3, 533, 3, 670, 2, 870, 3, 1086, 3, 1396
3, 553, 5, 709, 3, 909, 2, 1435, 5, 1492, 3, 1558
3, 1123, 3, 1260
3, 284, 4, 430, 3, 530, 2, 1066, 3, 1073, 4, 1366
3, 463, 3, 1106, 2, 1310, 3, 1406, 3, 1456, 2, 1526, 2, 1555
4, 28, 3, 105, 3, 1403
3, 644, 2, 1320
2, 138, 3, 587, 3, 1486
4, 648, 4, 937
3, 833, 2, 933, 4, 1056, 3, 1356, 4, 1389
2, 14, 3, 284, 3, 301, 3, 534, 4, 623, 2, 940, 4, 1110
2, 88, 4, 388, 2, 421, 4, 1423, 3, 1523
3, 1124, 3, 1286, 3, 1530
3, 206, 4, 455
3, 85, 3, 489, 3, 601, 3, 1250
3, 179, 3, 878, 4, 994, 4, 1227
3, 232, 3, 436, 3, 652, 2, 1148
2, 282, 2, 286, 3, 665, 3, 1102
4, 209, 3, 259, 2, 769, 4, 798, 3, 919, 3, 1441, 3, 1484
4, 1332
3, 390, 4, 462, 3, 766, 3, 1278
4, 473, 2, 516, 4, 799, 4, 1095, 3, 1388
3, 4, 3, 753
3, 287, 3, 1053, 4, 1442, 3, 1462
3, 420, 3, 676, 4, 1026, 2, 1535
4, 583, 4, 972, 5, 1016, 4, 1232
2, 862
3, 7, 3, 729, 2, 1265
4, 462, 2, 506
3, 80, 4, 143, 3, 193, 3, 223
6, 77, 3, 353, 4, 493
4, 44, 4, 227, 3, 304, 4, 593
3, 181, 3, 670, 3, 813, 2, 1423, 3, 1495
4, 867, 3, 877, 3, 1083, 3, 1393
3, 51, 4, 111, 2, 228, 3, 461
5, 284, 3, 673, 4, 717, 2, 927, 4, 933, 4, 1376
2, 281, 3, 941, 2, 1064, 4, 1070, 2, 1224, 3, 1407
4, 408, 2, 1103
4, 71, 4, 614, 4, 1091, 2, 1313
3, 95, 2, 883, 4, 1037, 3, 1220
3, 444, 3, 517, 4, 760, 3, 1249, 4, 1393, 4, 1499
3, 145, 3, 228, 3, 484, 2, 860, 3, 966, 4, 970
3, 531, 2, 1107
3, 397, 4, 763, 2, 1199, 4, 1245, 3, 1355
2, 297, 4, 956, 3, 1079, 4, 1378
2, 480, 2, 557, 2, 950, 4, 1133, 3, 1512
2, 254, 2, 870
4, 111, 3, 410, 4, 444, 2, 1159, 4, 1446, 2, 1546
3, 248, 2, 724, 3, 961, 4, 994, 2, 1011, 4, 1111
2, 65, 4, 191, 4, 261, 4, 798, 3, 1034, 4, 1098
3, 1170, 4, 1314
3, 178, 4, 349, 2, 411, 4, 987, 3, 1048, 3, 1154, 3, 1237
4, 135, 3, 185, 4, 695, 4, 724, 3, 1367, 3, 1410
5, 225, 4, 834, 3, 1177, 4, 1306
4, 1208
2, 365, 3, 426, 2, 542, 2, 775, 4, 871, 4, 1314
4, 1391
4, 332, 4, 482, 3, 642, 4, 1270, 3, 1337, 4, 1474
2, 53, 3, 618, 2, 779, 3, 901, 3, 1455
3, 69, 3, 385, 2, 456, 4, 928, 3, 1072, 3, 1405
4, 493, 3, 936, 4, 1165, 2, 1192, 3, 1208, 4, 1541
3, 23, 4, 632, 3, 659, 3, 975, 3, 1248, 2, 1518
3, 127, 3, 476
3, 470, 3, 543, 3, 595, 3, 739, 2, 786, 2, 1525
2, 313, 3, 718, 3, 1388, 3, 1461
3, 385, 3, 828
5, 186, 3, 1427
4, 576, 5, 1059, 4, 1169
4, 493, 3, 903, 3, 1285, 3, 1308
3, 466
2, 293, 4, 349, 3, 370, 3, 969, 4, 1325
3, 68, 3, 683, 2, 1555
3, 946, 3, 1482
3, 525, 3, 1234
2, 1041, 2, 1245, 4, 1340, 4, 1390, 3, 1461, 2, 1490
3, 333, 2, 955
2, 755, 3, 816, 3, 932
3, 73, 3, 373, 3, 406, 3, 422, 2, 522, 2, 549, 3, 1159
2, 87, 3, 210, 3, 985
4, 81, 3, 147, 2, 287, 3, 443, 2, 1169, 3, 1422
3, 61, 3, 764
2, 5, 4, 304, 2, 338, 3, 1340, 3, 1440
3, 1041, 3, 1203, 3, 1446
4, 254, 4, 608, 3, 857, 4, 1357
4, 58, 4, 595, 4, 601, 4, 755, 4, 894, 3, 938, 3, 1371
4, 771, 3, 794, 2, 951, 4, 1254, 4, 1550
3, 648, 2, 1185, 4, 1484
3, 172, 2, 382, 2, 426, 3, 708, 4, 848, 3, 1418
3, 465, 3, 1407
5, 103, 3, 136, 3, 1138, 4, 1265
2, 36, 3, 762, 2, 1232, 4, 1298, 2, 1438
2, 1388
3, 9, 2, 226, 4, 536, 3, 775, 4, 1164, 2, 1185
2, 49, 2, 575, 3, 631, 4, 652, 2, 815, 2, 1251
4, 615, 3, 719
3, 206, 4, 982, 2, 1228
3, 283, 2, 439, 3, 1005, 3, 1165, 3, 1288
3, 456, 4, 526, 3, 869, 4, 1315, 3, 1378
2, 127, 4, 137, 3, 1002, 3, 1196, 2, 1518
4, 193, 4, 626, 3, 842, 3, 996
2, 400, 3, 806, 3, 1476, 3, 1549
2, 98, 2, 570, 3, 1013
3, 298, 4, 731, 3, 941, 4, 947, 3, 1240, 3, 1390
2, 295, 4, 954, 2, 1077, 4, 1377
3, 478, 2, 534, 2, 555, 4, 717, 5, 1510
2, 156
4, 405
3, 312, 3, 934
2, 54, 2, 115, 2, 231, 4, 464, 4, 974, 4, 1417
3, 271, 3, 441, 2, 504, 3, 1080, 3, 1140, 3, 1456
3, 644, 3, 821
2, 355, 4, 545, 4, 938
3, 112, 2, 168, 2, 172, 2, 278, 2, 362, 3, 861
3, 401, 4, 622, 3, 1137, 4, 1304
3, 852, 3, 885, 3, 902
3, 1208
4, 192, 3, 581, 4, 602, 3, 985, 3, 1008, 3, 1511
2, 90, 4, 146, 4, 167, 4, 1122
3, 240, 4, 483, 2, 716, 3, 939, 3, 1255, 3, 1325
3, 406, 3, 522
3, 57, 4, 142, 5, 246
4, 692, 3, 752, 3, 858, 3, 941, 3, 1440
4, 325, 3, 741, 4, 925, 2, 1001, 3, 1201, 3, 1291
2, 489, 2, 855, 4, 1138, 2, 1292, 2, 1338
3, 33, 3, 389, 2, 949, 4, 1049, 4, 1171, 3, 1471, 2, 1515
4, 170, 5, 370, 5, 480, 4, 563, 3, 1079, 2, 1445, 4, 1468
4, 603, 3, 1102, 4, 1339, 3, 1506
3, 471, 3, 521, 3, 621
3, 267, 3, 284, 4, 354, 3, 970
4, 468, 3, 514, 3, 1017, 3, 1196
2, 824, 2, 1433
3, 664, 4, 747, 3, 967
3, 398, 4, 402, 3, 1217, 3, 1473
3, 95, 3, 981, 3, 1011
4, 295, 4, 728, 3, 938, 5, 944, 4, 1237, 4, 1387
3, 597
2, 42, 3, 917, 3, 1007
3, 730, 4, 1333
2, 108, 4, 497, 4, 757
4, 152, 3, 780, 3, 801, 3, 1184, 4, 1400
2, 128, 4, 411, 2, 499, 4, 1121, 2, 1414
3, 682, 3, 1491
2, 216, 3, 1370
2, 29, 3, 166, 4, 532, 2, 598, 3, 1387, 4, 1541
4, 96, 2, 119, 3, 163, 2, 275, 3, 379, 3, 579, 2, 875
5, 619, 3, 812, 3, 1134, 4, 1301
4, 549, 3, 849, 3, 882, 3, 899, 3, 999
3, 189, 3, 599, 4, 995, 2, 1005, 4, 1371
4, 142, 3, 342, 2, 868, 3, 945, 2, 1338, 2, 1544
3, 596, 3, 1012, 3, 1322
3, 659, 3, 842, 3, 1209
3, 932, 2, 1458, 5, 1514
2, 676, 4, 1159, 4, 1269, 4, 1352
3, 580, 4, 1422
4, 924, 2, 1247, 3, 1413, 3, 1424
4, 662, 3, 865, 4, 961, 3, 1011, 3, 1111
5, 229, 2, 605, 4, 716, 5, 1531
3, 312, 3, 356, 4, 639, 3, 778, 3, 1228, 4, 1348
3, 220, 2, 1435
3, 819, 2, 1196
4, 133, 4, 353, 3, 1035
3, 866, 2, 1442
3, 30, 2, 1199
3, 380, 4, 467, 3, 1083
2, 323, 2, 1099
4, 407, 3, 850, 4, 1122, 3, 1455, 3, 1492
4, 413, 2, 496
4, 642, 3, 746
3, 137, 4, 913, 2, 1158
2, 214, 2, 370, 3, 935, 3, 1218
3, 590, 3, 673, 3, 893
3, 323, 3, 327, 3, 1143, 4, 1399
3, 810, 3, 839
3, 294, 4, 610
3, 587, 4, 1013, 3, 1069, 3, 1180, 3, 1263
3, 121, 3, 903, 4, 1246, 4, 1323
3, 381, 2, 786, 4, 957, 3, 1336
3, 8, 4, 78, 4, 551, 2, 694, 3, 1027, 3, 1549
3, 18, 4, 461, 3, 1067, 2, 1104
2, 395, 4, 1304
4, 1379, 3, 1450
2, 275, 3, 864, 4, 991
3, 123, 4, 566, 2, 795, 3, 1171
2, 499, 3, 994
3, 262, 3, 312, 3, 589, 3, 605, 4, 878
4, 575, 3, 752
2, 286, 4, 475, 4, 868
3, 42, 2, 98, 2, 103, 2, 209, 2, 292, 3, 791
2, 331, 4, 552, 3, 1234
3, 83, 3, 1065, 3, 1471
3, 279, 3, 632, 3, 882, 4, 1381
4, 399, 3, 822
2, 1421
4, 20, 5, 76, 2, 143, 5, 696, 5, 852, 3, 1052
3, 1168, 4, 1306
2, 330, 3, 476, 3, 576, 3, 1112, 3, 1118, 2, 1412, 3, 1455
3, 7, 2, 90, 3, 111, 4, 311, 3, 606, 3, 1386, 3, 1409
3, 544, 4, 1032
3, 689, 2, 1365
4, 419, 3, 852, 3, 1062, 3, 1068, 3, 1222, 4, 1511
2, 320, 3, 979, 3, 1102, 2, 1262, 3, 1445, 4, 1522
2, 94, 4, 543, 5, 1442
3, 190, 3, 893
4, 11, 3, 134, 4, 433, 2, 467, 4, 910, 3, 1469
2, 920, 4, 984, 2, 1034
4, 797, 4, 1340
3, 1140, 3, 1396
3, 151, 2, 1027, 3, 1220, 2, 1530, 4, 1543
3, 218, 4, 860, 3, 998, 4, 1021, 3, 1064, 3, 1281
3, 634
3, 1034, 3, 1356, 2, 1522, 2, 1533
3, 464, 4, 674, 4, 973, 3, 1023, 3, 1123
2, 209, 3, 868, 3, 991, 4, 1290
4, 392, 4, 469, 2, 862, 2, 1045, 2, 1424
3, 5, 3, 860, 3, 948, 3, 998
3, 382, 3, 548, 3, 1204, 3, 1424, 2, 1514
4, 941, 2, 1145
3, 452, 3, 595, 2, 928, 3, 1467, 3, 1538
2, 725
2, 69, 2, 362, 3, 591, 2, 635, 2, 795, 3, 918, 3, 1471
2, 622, 4, 932
4, 426, 4, 433, 3, 788, 2, 1448
4, 164, 3, 407, 3, 956, 4, 1145, 4, 1539
3, 796, 3, 1073, 5, 1212, 5, 1362
2, 180, 2, 240, 3, 347, 2, 357, 3, 1002, 3, 1222
2, 582
4, 472, 4, 489, 2, 559, 4, 609, 3, 1025, 3, 1032, 3, 1175
3, 56, 4, 493, 4, 649, 2, 849, 3, 1375, 4, 1431, 4, 1452
2, 120, 3, 496, 3, 602, 4, 607, 4, 1339, 3, 1422
3, 61, 3, 70, 3, 573, 3, 646, 4, 889, 2, 1475, 4, 1492
3, 38, 4, 337, 3, 371, 3, 960, 3, 1059
3, 660, 3, 1236, 3, 1479
3, 324, 5, 574, 4, 1073
4, 118, 3, 514, 3, 547, 3, 630, 3, 1300, 4, 1550
4, 98, 2, 1340
3, 391, 2, 874, 2, 984
3, 421
2, 327, 3, 1363
3, 810, 3, 926, 2, 1163
3, 67, 3, 543, 4, 780, 3, 814, 2, 830, 3, 930, 3, 1153
4, 81, 4, 618, 3, 624, 3, 961, 3, 1393
4, 185, 4, 990, 3, 1133
3, 355, 2, 382, 4, 698, 4, 1241, 2, 1303
4, 52, 5, 63, 4, 928, 3, 1122, 3, 1444
4, 119, 4, 552, 3, 768, 4, 922
2, 329, 4, 402, 3, 705, 3, 812, 4, 1134, 3, 1217
2, 127, 2, 376, 3, 466, 3, 782, 3, 952, 4, 1414
3, 992, 4, 1402
3, 91, 3, 274, 4, 330, 4, 550, 3, 640, 3, 1066, 2, 1233
4, 180, 2, 534, 3, 783, 3, 1282
4, 423, 3, 430, 3, 723, 5, 767, 4, 1199, 2, 1445
4, 83, 4, 233
2, 310, 4, 582, 2, 682, 3, 852, 4, 915, 3, 1524, 3, 1551
4, 1089, 4, 1133, 3, 1415
3, 163, 2, 373, 4, 380, 3, 1289
3, 14, 2, 423, 2, 806, 3, 829
2, 497, 3, 593
4, 77, 2, 394, 3, 564, 2, 1026, 3, 1263, 3, 1296, 3, 1313
3, 221, 4, 780, 3, 880, 2, 1003, 3, 1009, 4, 1303
5, 295, 4, 345
2, 145, 2, 894, 2, 1350
3, 368, 3, 707, 2, 1083
4, 138, 4, 487
3, 481, 3, 554, 3, 797, 3, 1286, 4, 1429, 4, 1535
3, 181, 2, 264, 2, 520, 4, 897, 3, 1003, 4, 1007
4, 567, 2, 1144
2, 135, 3, 145, 3, 191, 3, 301, 3, 384, 3, 900, 3, 1266
3, 12, 3, 108, 4, 424, 3, 1160, 3, 1221, 3, 1337
3, 371, 3, 725, 3, 974, 3, 1474
3, 492, 4, 615, 3, 914
4, 138, 3, 226, 4, 692, 4, 848, 2, 1413
3, 262, 4, 506, 2, 739, 3, 961, 3, 1278, 3, 1348
4, 78, 3, 311, 4, 821, 3, 1264, 4, 1493, 4, 1520, 3, 1536
3, 18, 2, 178, 5, 960, 4, 1010, 3, 1287, 3, 1426
4, 2, 3, 315, 3, 525, 2, 568, 3, 785, 3, 851, 2, 991
3, 242, 3, 252, 3, 768
4, 471, 3, 1126, 3, 1347, 2, 1436
3, 1243, 3, 1513
4, 22, 2, 521, 3, 754, 5, 977, 3, 1330, 4, 1497
4, 158, 3, 1061
2, 192, 3, 718, 4, 774, 3, 795, 3, 957, 3, 1201, 2, 1394
4, 585, 2, 668, 3, 924, 3, 1174, 4, 1300, 3, 1411
4, 233, 3, 722, 3, 865, 3, 1474, 3, 1547
3, 832, 2, 1038, 3, 1348
3, 269, 2, 588, 3, 1048, 4, 1138
4, 506, 4, 1312, 3, 1328, 3, 1455
4, 70, 4, 220, 2, 380, 4, 1212, 3, 1488
3, 1535
3, 416, 2, 572
3, 582, 3, 792, 3, 798, 2, 1092, 4, 1241
5, 322, 3, 359, 4, 1248
4, 153, 4, 269, 3, 502
3, 157, 2, 174, 3, 1445
4, 7, 4, 479, 2, 623, 2, 956, 2, 1478, 3, 1495
4, 44, 4, 487, 3, 995
2, 300, 3, 350
3, 150, 2, 210, 2, 899
4, 787, 3, 1126, 3, 1375, 2, 1502
3, 117, 3, 687, 4, 999, 3, 1252, 3, 1469, 4, 1535
3, 823, 3, 1100, 2, 1239, 4, 1389
3, 350, 5, 570, 3, 1086, 4, 1252
3, 703, 2, 737, 2, 753
4, 791, 3, 807, 3, 878, 2, 928, 5, 1344, 4, 1494
3, 581, 3, 1224
4, 94, 3, 571, 4, 808, 4, 841, 3, 858, 3, 958, 4, 1180
4, 11, 4, 645, 4, 651, 2, 1421
3, 102
5, 685, 3, 984, 3, 1017, 5, 1034, 4, 1134
2, 252, 4, 628, 3, 734, 4, 738, 4, 1554
3, 222, 3, 692, 2, 898, 3, 1468
3, 116
3, 515, 3, 1458
4, 56, 3, 89, 3, 1092, 3, 1218
2, 86, 3, 812, 2, 1282, 4, 1349, 2, 1488
2, 1438
2, 336, 3, 956, 3, 1265
2, 90, 3, 506, 3, 966, 3, 1055
4, 182, 3, 419, 2, 453, 3, 469, 4, 792
4, 149, 3, 553, 2, 1314, 3, 1318
3, 340, 2, 783, 2, 1012, 3, 1039, 3, 1388
3, 612, 4, 696, 3, 916
3, 346, 3, 350, 3, 1166, 4, 1421
2, 833, 3, 862
3, 414, 4, 730, 3, 1363
3, 227, 3, 460, 3, 1096, 3, 1412, 3, 1542
3, 77, 3, 503, 3, 670, 3, 1325, 2, 1546
2, 1266, 4, 1476
3, 14, 3, 31, 4, 101, 4, 574, 2, 717, 3, 1050
3, 41, 2, 484, 3, 1089, 2, 1127
3, 647, 3, 1013, 4, 1036, 3, 1296, 3, 1496
4, 693
3, 1489
2, 297, 3, 553, 4, 903, 4, 1412
3, 45, 2, 68, 3, 112, 2, 224, 3, 328, 3, 528, 2, 823
5, 567, 3, 761, 3, 1083, 4, 1249
3, 498, 3, 797, 3, 831, 3, 847, 3, 947
3, 62, 2, 468, 3, 1211
3, 39, 3, 135, 4, 451, 3, 1188, 3, 1248, 3, 1364
3, 302, 3, 655, 3, 905, 3, 1404
3, 519, 4, 642, 3, 942
4, 166, 3, 253, 4, 719, 4, 875, 2, 1441
3, 193, 4, 436, 2, 669, 3, 892, 3, 1208, 3, 1376
4, 456, 2, 573, 2, 806
4, 13, 4, 46, 3, 63, 4, 190
3, 807, 3, 1006, 3, 1017, 3, 1083, 4, 1223, 3, 1533
2, 551, 3, 1260
2, 857, 2, 1067, 3, 1073, 4, 1366, 4, 1416, 2, 1516
3, 65, 3, 421, 2, 981, 3, 1081, 4, 1203, 4, 1503, 2, 1547
4, 105, 4, 305, 2, 415, 2, 595, 2, 1014, 2, 1380, 3, 1403
4, 635, 3, 1134, 4, 1371, 3, 1537
3, 372, 5, 576, 4, 1085, 2, 1135, 2, 1235
3, 426, 3, 1241, 4, 1497
2, 50, 2, 166, 4, 399, 4, 909, 2, 1352, 2, 1547
4, 335, 3, 395, 3, 1084
2, 2, 3, 129, 3, 938, 4, 972, 3, 1311
4, 96, 3, 206, 4, 279, 3, 522, 3, 1071, 3, 1261
3, 1208, 3, 1218
4, 33, 4, 975, 4, 1158, 2, 1235
2, 43, 2, 293, 3, 382, 3, 699, 3, 869, 4, 1331
3, 1006, 4, 1415
3, 7, 3, 190, 2, 246, 3, 467, 3, 556, 3, 1149
3, 47, 2, 1216
3, 396, 4, 483, 2, 1099
4, 437, 4, 443, 2, 597, 2, 643, 4, 780, 4, 1146, 2, 1213
3, 614, 3, 793, 4, 1096
3, 666, 3, 909, 3, 922, 2, 1405, 3, 1409
4, 483, 4, 796, 3, 1266, 4, 1332, 3, 1472
3, 816, 3, 945, 4, 1422
3, 204, 2, 304, 3, 427, 3, 726
3, 298, 2, 504, 2, 859, 4, 1386
3, 495, 4, 582, 2, 1198
3, 439, 3, 1215
3, 12, 4, 50, 4, 522, 4, 965, 2, 1237, 5, 1520
5, 86, 4, 563, 4, 1102, 4, 1172
3, 1035, 2, 1372
3, 226, 4, 270, 4, 552, 4, 1262, 2, 1555
4, 1315
4, 50, 3, 117, 4, 256, 4, 406, 3, 566, 3, 1398
2, 294, 3, 860, 5, 1142, 3, 1282
3, 347, 2, 403, 2, 407, 3, 514, 2, 597, 2, 1096, 4, 1329
5, 174, 3, 224, 4, 320, 3, 763, 4, 1406, 3, 1433, 2, 1450
3, 125, 3, 828
2, 69, 4, 368, 2, 401, 3, 1404, 3, 1504
4, 1104, 3, 1267, 4, 1510
3, 193, 4, 415, 4, 769, 4, 1018, 3, 1518
2, 819, 2, 865, 4, 1002, 4, 1368
3, 226, 4, 542
3, 932, 5, 1111, 5, 1195, 4, 1415
4, 23, 3, 739
3, 90, 3, 413, 3, 473, 2, 579, 2, 589, 3, 822, 2, 1332
2, 959
2, 476
3, 953, 3, 1329
5, 266, 5, 487, 6, 1169
3, 903, 2, 1479
4, 67, 2, 1236
2, 416, 2, 503, 4, 1119
5, 23, 3, 456, 3, 1238, 4, 1245, 2, 1398
4, 196, 4, 433, 4, 466, 2, 483
3, 163, 4, 229, 3, 367, 2, 679, 3, 783
4, 311, 4, 916, 4, 1426
4, 124, 3, 174
2, 723, 4, 1532
3, 354, 4, 365, 2, 1529, 3, 1533
4, 458, 3, 487, 3, 1130, 2, 1157, 2, 1174, 4, 1506
4, 598, 3, 624, 3, 941, 2, 1070, 3, 1213, 3, 1546
3, 189, 3, 539
4, 29, 3, 118, 3, 435, 4, 605, 3, 1067
4, 95, 3, 405, 3, 1034, 3, 1237, 3, 1437
2, 109, 2, 382, 2, 752, 4, 1224
3, 952
2, 935, 2, 1391
3, 68, 3, 551, 3, 555, 3, 1348, 3, 1371
2, 478, 3, 1187
3, 994, 3, 1198, 5, 1294, 4, 1344, 3, 1414, 3, 1443
3, 286, 3, 908
3, 708, 4, 885
2, 419, 3, 609, 5, 1002
4, 176, 3, 232, 3, 236, 3, 342, 3, 425, 4, 925
3, 562, 4, 783, 4, 1298, 5, 1465
3, 916, 2, 949, 3, 966, 3, 1065
3, 17, 4, 645, 3, 849, 3, 1265
2, 93, 3, 330, 3, 1152
4, 320, 4, 636, 4, 1269
3, 303, 4, 547, 2, 780, 3, 1002, 3, 1319, 3, 1389
4, 140, 3, 1348, 4, 1465
4, 939, 4, 1082
4, 179, 3, 755, 3, 816, 4, 922, 4, 1005, 2, 1504
2, 223, 3, 283, 3, 389, 2, 400, 3, 633, 3, 1458
3, 37, 3, 536, 2, 769, 3, 1346, 5, 1406, 3, 1512
2, 328, 2, 504, 3, 1149
4, 317, 4, 633, 4, 1266, 4, 1536
3, 391, 4, 541, 2, 701, 3, 1396, 3, 1483, 3, 1533
3, 581, 3, 951
3, 298, 4, 535, 5, 568, 2, 585
3, 362, 4, 428, 4, 565, 2, 877, 3, 981
5, 455, 4, 898, 4, 1127, 4, 1171, 4, 1504
5, 561, 4, 622, 3, 728, 4, 811, 4, 1310
4, 292, 3, 708, 4, 891, 2, 968, 3, 1168, 3, 1257
3, 359, 4, 725, 4, 1008, 3, 1162
2, 778, 4, 1520
3, 106, 3, 522, 2, 981, 3, 1071
4, 877, 4, 1487
2, 1021, 4, 1131, 3, 1214
3, 442, 2, 479, 4, 552, 4, 962, 4, 1284, 2, 1368
2, 180, 2, 429, 3, 519, 3, 592, 2, 835, 3, 1467
3, 1138, 3, 1142
3, 144, 3, 190, 3, 327, 2, 383, 3, 693, 3, 705, 2, 872
3, 173, 3, 423
3, 170, 3, 456, 5, 466, 4, 982
5, 147, 2, 657, 5, 686, 3, 1329, 3, 1356, 3, 1472
3, 832
4, 167, 3, 443, 3, 583, 2, 892
4, 373, 3, 1109, 4, 1275
3, 27, 3, 489, 2, 759, 3, 1098, 3, 1415
3, 553, 4, 956, 3, 1173, 3, 1482
4, 137, 3, 141, 3, 646, 2, 1345, 3, 1462
2, 837, 4, 860, 3, 1320
3, 1143
3, 517, 3, 1453, 3, 1486
2, 121, 3, 350, 4, 394, 4, 1236
4, 550
2, 258, 4, 531, 3, 631, 4, 801, 4, 864, 3, 1473, 3, 1500
4, 940, 4, 984
3, 21, 4, 54, 3, 71, 4, 197
2, 231, 3, 370, 3, 1512
3, 18, 4, 201, 3, 278
4, 1493
2, 374, 3, 611, 3, 644, 3, 661, 2, 760, 2, 983
3, 757
2, 14, 2, 291, 4, 380, 3, 447, 4, 1235, 2, 1389
3, 131, 3, 330, 3, 1040, 3, 1406, 2, 1429, 2, 1472
3, 267, 3, 1037
4, 344, 2, 494, 3, 787, 2, 1016, 2, 1060, 2, 1343
3, 484, 2, 534, 4, 810, 4, 827, 4, 950, 5, 1100, 3, 1370
2, 514, 3, 1084
3, 248, 4, 681, 4, 891, 4, 897, 4, 1190, 3, 1340
2, 245, 3, 808, 3, 1027, 4, 1230
3, 428, 2, 505, 2, 898, 4, 1081, 4, 1460
2, 106
3, 295, 3, 355, 2, 378, 4, 1011, 3, 1048, 3, 1121, 3, 1531
4, 69, 2, 86, 3, 1357
3, 391, 3, 535, 3, 868, 3, 1407, 3, 1477
4, 175, 3, 498, 3, 558, 2, 664, 2, 674, 3, 1004, 2, 1514
2, 1044
3, 561, 4, 871
3, 366, 4, 372, 3, 728, 2, 1387
4, 103, 2, 346, 3, 895, 3, 1085, 4, 1478
3, 735, 3, 1012, 4, 1151, 4, 1301
2, 120, 4, 180, 2, 286, 4, 296, 3, 941, 3, 1162
3, 1242, 3, 1298, 3, 1409, 2, 1492
3, 909, 3, 1432, 3, 1465
2, 100, 2, 373, 3, 743, 5, 1215
3, 263, 4, 629, 3, 652, 4, 1112, 3, 1222
3, 409, 3, 1245
3, 286
2, 469, 3, 1178
2, 985, 4, 1284, 3, 1286, 4, 1334, 2, 1434, 3, 1502
4, 414, 3, 513, 2, 1050, 3, 1056, 3, 1349, 2, 1412
2, 879, 2, 1090, 3, 1096, 4, 1389, 4, 1439, 2, 1539
5, 1004
3, 1386
3, 194, 3, 837, 4, 864, 3, 1214, 5, 1309
3, 15, 3, 328, 3, 368, 2, 438, 2, 521, 2, 1117
4, 2, 4, 658, 3, 878, 4, 1157, 3, 1394
5, 166, 4, 599, 4, 815
5, 838, 3, 1042, 4, 1354, 5, 1458
4, 12, 4, 1248
4, 1128, 2, 1184
3, 208, 3, 412, 4, 628, 3, 1123
2, 258, 2, 262, 3, 641, 4, 1078
4, 185, 3, 235, 2, 745, 4, 774, 3, 895, 3, 1417, 3, 1460
3, 1308
5, 366, 4, 438, 3, 742, 3, 1254
4, 449, 2, 492, 4, 775, 4, 1071, 2, 1364
3, 729, 4, 1538
3, 263, 3, 1028, 4, 1418, 3, 1438
3, 396, 4, 652, 5, 1001, 5, 1511
3, 210
4, 217, 2, 570, 3, 820, 3, 1319
3, 460, 4, 466, 3, 759, 2, 803, 3, 1236, 4, 1481
3, 499, 2, 703, 3, 799, 2, 949
2, 253, 3, 263, 3, 779
3, 569
3, 356, 4, 386, 2, 1028, 3, 1072, 3, 1405
4, 463, 3, 629, 3, 712
3, 50, 3, 866, 4, 1535
3, 27, 4, 87, 2, 204, 3, 437
5, 260, 4, 649, 5, 693, 3, 903, 4, 909, 4, 1352
2, 257, 3, 917, 2, 1039, 4, 1046, 3, 1200, 3, 1383
5, 384, 3, 1079
3, 47, 3, 590, 3, 1066, 2, 1289
2, 234, 2, 410, 3, 1469
4, 28, 3, 637, 5, 953, 4, 1442
3, 447, 3, 1390
4, 401, 3, 435, 4, 1023, 2, 1150
3, 335, 3, 647, 2, 1184, 2, 1323
4, 388, 4, 555, 3, 638
2, 694, 3, 1437
3, 438, 3, 898, 2, 987
4, 149, 4, 162, 4, 332, 3, 711, 2, 1314, 3, 1403
3, 81, 2, 102, 3, 485, 4, 507, 3, 1250
3, 168, 3, 324, 4, 890, 4, 1050, 2, 1107, 3, 1173
4, 738, 4, 875, 4, 1291, 4, 1441
3, 12, 4, 22, 3, 887, 3, 1081, 2, 1403, 4, 1464
4, 871, 3, 1037, 3, 1120, 3, 1341
2, 13, 3, 46, 3, 635, 4, 735
3, 259, 3, 729, 2, 935, 3, 1504
3, 152
3, 552, 2, 1494
3, 189, 2, 223, 4, 1225, 3, 1325, 2, 1352
2, 322, 2, 406, 2, 926, 3, 1015, 3, 1331, 2, 1502
3, 96, 3, 119, 4, 751, 3, 789, 2, 862, 3, 1271
2, 136, 3, 739, 4, 901, 2, 1145
3, 252, 3, 269, 3, 339, 3, 486, 3, 812, 3, 955, 3, 1288
3, 467, 3, 623, 3, 823, 3, 1349, 3, 1405, 2, 1472
3, 663, 3, 862, 3, 873, 3, 939, 4, 1079, 4, 1389
3, 407
3, 620
4, 377, 4, 810, 3, 1020, 3, 1026, 3, 1180, 4, 1469
2, 277, 3, 937, 3, 1059, 3, 1220, 4, 1403, 5, 1479
4, 190, 4, 623, 3, 833, 4, 839, 3, 1282
3, 363, 3, 400, 4, 650, 3, 750, 3, 1172, 2, 1206
2, 101, 4, 118, 3, 440, 4, 1389
2, 664
3, 91, 3, 578, 3, 1393
2, 141, 3, 201, 2, 318, 4, 551, 4, 1060, 4, 1504
3, 358, 2, 528, 3, 590, 3, 1167, 3, 1227, 3, 1543
2, 731, 3, 791, 3, 908
4, 49, 3, 348, 3, 382, 3, 398, 3, 498, 4, 525, 5, 1135
2, 63, 4, 186, 4, 961
4, 56, 5, 123, 4, 262, 4, 419, 5, 1144, 4, 1398
4, 137, 2, 832, 3, 969, 4, 1385, 4, 1535
4, 1558
3, 853, 3, 1009
4, 1529
2, 70, 4, 952, 4, 1379, 4, 1435, 3, 1545
3, 571
3, 970, 3, 1293, 2, 1459, 2, 1469
4, 610, 3, 814, 4, 910, 3, 960, 3, 1060
4, 19, 4, 275, 2, 651, 3, 761
4, 358, 5, 401, 5, 684, 3, 824, 2, 1273, 5, 1394
3, 169, 2, 1383
3, 865, 2, 1241
3, 178, 4, 399, 3, 1081
3, 815, 2, 1391
2, 1148, 3, 1537
3, 415, 2, 1031
4, 146, 3, 246, 3, 369, 4, 669, 2, 702, 4, 1145, 2, 1417
4, 180, 4, 409, 3, 546, 2, 569, 2, 612, 3, 829
3, 182, 4, 189, 4, 342, 3, 525, 2, 892, 4, 958
3, 222, 3, 426, 3, 642, 2, 1137
2, 272, 2, 276, 3, 655, 3, 1091
3, 13, 4, 296, 3, 346, 2, 856, 4, 885, 3, 1005, 3, 1528
3, 1322
3, 379, 3, 452, 2, 756, 3, 1268
4, 560, 2, 603, 4, 886, 4, 1182, 3, 1475
3, 743, 3, 1552
3, 277, 3, 1042, 4, 1431, 3, 1452
3, 410, 3, 666, 4, 1015, 4, 1525
3, 224
4, 230, 2, 584, 3, 833, 3, 1333
3, 474, 4, 480, 3, 773, 2, 817, 3, 1249, 4, 1495
2, 133, 3, 283
3, 17, 3, 44, 2, 360, 4, 632, 2, 732, 3, 903, 4, 965
2, 102, 3, 132, 2, 444, 3, 914, 3, 1120, 3, 1377
2, 737
3, 1136, 4, 1546
3, 138, 3, 321, 4, 687
3, 1034, 3, 1504
3, 274, 3, 318, 3, 528, 3, 534, 3, 1443
3, 58
4, 312, 3, 574, 3, 728, 3, 911, 2, 1188, 3, 1277
3, 475, 2, 842, 3, 865, 4, 1124
3, 16, 3, 272, 2, 648, 4, 758
2, 223, 4, 452, 2, 496, 3, 779, 3, 1332, 3, 1488
4, 246, 3, 263, 4, 535, 4, 1478
3, 1494
2, 292, 2, 642, 2, 1151
4, 1441
3, 465, 3, 831, 2, 1268, 4, 1314, 2, 1424
3, 9, 4, 365, 3, 1025, 4, 1147, 3, 1447
2, 202, 3, 439, 4, 473, 3, 489, 4, 812, 3, 1128
4, 479, 4, 512, 3, 595, 4, 1228, 3, 1265, 4, 1515
2, 160, 3, 792, 3, 1029, 4, 1063, 4, 1079, 4, 1179, 3, 1402
4, 233, 3, 1069
5, 64, 3, 107, 4, 110, 3, 440, 5, 950, 4, 1393, 4, 1552
3, 147, 3, 307, 4, 1089, 4, 1139, 2, 1349, 4, 1416, 2, 1555
2, 234, 3, 347, 4, 423, 4, 817, 3, 1000
2, 120, 3, 902, 4, 952, 3, 1229, 3, 1368, 2, 1518
4, 160, 4, 370, 3, 414, 2, 696, 4, 836, 4, 992
3, 400, 4, 550, 3, 710, 3, 1405, 3, 1492, 3, 1542
3, 590, 3, 960
2, 404, 3, 641, 2, 674, 3, 691, 2, 791
4, 774, 3, 1536
4, 387, 4, 541, 2, 587, 3, 724, 4, 1090
3, 518, 4, 720, 4, 770, 3, 967
3, 950, 4, 961, 3, 1167, 3, 1477
2, 135, 3, 195, 3, 312, 5, 545, 4, 1054, 3, 1084
3, 481, 2, 541, 3, 1230, 3, 1463
3, 248, 3, 371, 2, 791, 2, 1146
4, 242, 4, 254, 5, 425, 4, 803, 2, 1406, 3, 1496
4, 950, 3, 1354
3, 112, 3, 179, 2, 967, 4, 1121, 3, 1304
3, 156, 4, 189, 2, 205, 3, 305, 3, 1000, 3, 1204, 3, 1420
3, 153, 2, 199, 3, 336, 4, 702, 3, 769, 2, 881, 2, 1557
3, 348, 3, 652
2, 265, 4, 681, 3, 991
3, 329, 4, 512, 4, 878
4, 40, 3, 1128
4, 412, 4, 622, 4, 629, 3, 782, 4, 1538
2, 54, 2, 81, 3, 176, 4, 476, 3, 509, 3, 1512
3, 727, 2, 789, 2, 1026, 4, 1060, 3, 1076, 4, 1176
3, 82
4, 336, 3, 598, 3, 752, 3, 935, 2, 1212, 3, 1301
3, 403, 2, 769, 4, 792, 5, 1052
4, 40, 3, 296, 2, 672, 4, 783
3, 150, 3, 379, 4, 423, 4, 706, 3, 1259, 4, 1415
3, 270, 2, 287, 3, 559, 4, 1502
4, 510, 3, 1518
3, 447, 3, 759, 4, 1013, 3, 1296, 3, 1435
4, 437, 2, 464, 2, 780, 4, 909, 3, 1385
2, 134, 4, 145, 3, 790, 2, 1010, 2, 1526
4, 201, 4, 590, 4, 634, 2, 850
3, 214, 2, 620, 2, 1362
2, 287, 4, 603, 4, 730, 4, 986, 3, 1102, 2, 1335, 4, 1339
3, 769, 3, 1312
3, 1113, 3, 1369
3, 124, 3, 1000, 3, 1193, 2, 1503, 4, 1516
4, 191, 4, 833, 2, 970, 4, 993, 3, 1037, 3, 1253
2, 188, 3, 1313, 2, 1384, 4, 1390
2, 258, 3, 448, 3, 1024, 2, 1267
2, 997
2, 514
3, 991, 2, 1367
3, 401, 4, 622, 3, 1138, 4, 1304
3, 755, 2, 788, 2, 805
3, 1111
4, 96, 3, 485, 3, 505, 3, 888, 3, 1414
3, 614, 3, 984
2, 331, 3, 568, 3, 601, 3, 618, 2, 718
3, 701, 3, 1463
3, 315, 4, 468, 2, 514, 3, 651, 4, 1017
3, 445, 3, 744, 4, 794, 3, 894
4, 878, 4, 888, 3, 1094, 3, 1404
2, 62, 4, 122, 4, 239, 5, 472, 5, 981, 4, 1011
2, 3, 3, 132, 4, 376, 4, 609, 4, 1185, 3, 1218, 3, 1245
3, 43, 4, 685, 2, 729, 3, 1012, 4, 1307
2, 217, 2, 966, 2, 1421
4, 439, 2, 1155, 4, 1192
4, 190, 4, 633, 3, 889, 3, 1238, 4, 1275
3, 30, 3, 86, 3, 196, 3, 280, 3, 779
3, 80, 2, 126, 3, 263, 4, 629, 3, 696, 2, 808, 2, 1484
2, 579
4, 240, 4, 290, 3, 566, 3, 583, 3, 855, 3, 1126
4, 593
3, 1055, 4, 1525
3, 64, 3, 70, 2, 1412
2, 394, 3, 604, 3, 671, 2, 810, 2, 1120
4, 138, 3, 188, 3, 284, 3, 727, 3, 1370, 2, 1413
4, 228, 3, 767, 3, 1309
3, 9, 4, 568, 2, 668, 3, 791, 4, 1090
3, 431, 3, 674
3, 967, 3, 990, 3, 1547
2, 216, 3, 1370
4, 29, 3, 166, 2, 532, 2, 599, 3, 1387, 2, 1541
4, 98, 4, 901, 4, 944, 3, 1161
3, 52, 2, 308, 3, 684, 3, 791, 4, 795, 4, 1527
3, 355, 2, 931
4, 89, 3, 172, 4, 688, 2, 1054, 3, 1491, 3, 1537
3, 156, 4, 1530
3, 981, 3, 1025
2, 425, 3, 662, 2, 696, 3, 712, 2, 812
2, 3, 2, 413, 4, 795
5, 146, 4, 802, 5, 1185, 2, 1301, 5, 1538
2, 310, 3, 676, 3, 699, 4, 959
3, 106, 3, 593, 3, 1408
2, 156, 4, 217, 3, 333, 3, 566, 2, 1076, 3, 1519
3, 502, 3, 562, 3, 1251, 3, 1484
4, 269, 3, 735, 3, 806, 3, 812, 4, 1168
5, 373, 5, 1178, 3, 1195, 3, 1322
4, 33, 4, 183, 2, 343, 4, 1175, 3, 1452
3, 620, 3, 969, 4, 1065, 2, 1508
3, 83, 3, 291, 2, 793, 4, 1159, 2, 1182, 3, 1225, 3, 1442
3, 413, 4, 634, 4, 1150, 4, 1316
3, 767, 2, 800, 3, 817
3, 1123
4, 201, 3, 205, 2, 594, 3, 997, 4, 1020, 3, 1110
2, 5, 4, 61, 4, 1037, 4, 1226
3, 155, 2, 217, 3, 854, 4, 1542
2, 164, 4, 347, 4, 417, 4, 424, 2, 623, 4, 713, 3, 779
3, 180, 4, 663, 3, 773
3, 97, 2, 507, 3, 890, 3, 913
2, 581, 3, 677
3, 648
5, 404, 2, 793, 4, 837, 3, 1047, 4, 1053, 4, 1496
3, 335, 3, 402, 3, 1061, 2, 1184, 3, 1190, 2, 1344, 3, 1527
2, 285, 3, 395, 4, 478, 2, 1360, 4, 1383
3, 216, 4, 992, 2, 1237
3, 293, 2, 449, 3, 1014, 3, 1175, 3, 1297
3, 438, 2, 465, 3, 782, 4, 1324, 2, 1387
4, 39, 2, 49, 3, 915, 3, 1108, 4, 1431
3, 1398
3, 529, 3, 579, 3, 856, 4, 872, 3, 1145
4, 842
3, 919, 4, 1202, 3, 1341, 2, 1497
4, 309, 2, 365, 3, 476, 2, 559, 2, 1058, 3, 1291, 2, 1514
4, 379, 5, 822, 5, 1078, 4, 1095, 5, 1428, 3, 1465
4, 546
4, 876, 4, 1080, 3, 1279, 3, 1392, 3, 1496
3, 83, 3, 969, 3, 1412
3, 283, 4, 926, 5, 1130, 4, 1225, 5, 1346, 4, 1375
4, 218, 2, 280, 3, 940, 3, 1476
4, 351, 3, 463, 4, 540, 2, 933, 3, 1116
2, 77, 2, 237, 4, 1019, 4, 1069, 3, 1346, 3, 1485
3, 277, 3, 487, 3, 530, 2, 813, 3, 953, 3, 1109
4, 51, 2, 101, 3, 517, 3, 667, 4, 827, 3, 1455, 4, 1522
3, 340, 3, 867, 4, 923, 3, 944, 3, 1033, 4, 1106, 3, 1349
4, 914
4, 498, 3, 504, 2, 658, 2, 704, 4, 841, 4, 1207, 2, 1274
3, 675, 3, 854, 3, 937, 3, 1157
3, 578, 4, 1421
3, 252, 3, 312, 3, 418, 2, 429, 3, 661, 3, 1487
2, 468, 4, 701, 3, 1277, 3, 1337, 3, 1444, 3, 1527
4, 65, 5, 125, 4, 231, 2, 242, 2, 887
2, 298, 2, 664, 3, 687, 4, 947
2, 568, 3, 605, 5, 678, 2, 1410, 4, 1493
2, 478, 4, 535, 4, 555, 2, 718, 2, 1154, 2, 1510
2, 51, 3, 1093
3, 321, 3, 1103, 3, 1109
2, 724, 3, 1277, 3, 1433
2, 81, 3, 102, 4, 302, 3, 597, 3, 1377, 3, 1400, 3, 1556
3, 535, 4, 1024
3, 777, 3, 1247, 4, 1453
2, 422, 4, 432, 4, 478, 3, 588, 2, 671, 4, 1553
3, 56, 3, 472, 2, 931, 3, 1021
3, 924, 4, 1534
2, 1068, 4, 1178, 4, 1261
3, 392, 2, 429, 4, 502, 3, 912, 2, 1234, 3, 1318
2, 105, 4, 1258, 4, 1347, 2, 1420
3, 788, 3, 1331
3, 1131, 3, 1387
4, 45, 4, 921, 4, 1114, 3, 1424
4, 1184, 4, 1328
3, 192, 2, 363, 4, 425, 4, 1001, 3, 1062, 3, 1168, 3, 1251
3, 878, 2, 1388, 4, 1417
3, 183, 4, 233
3, 33, 2, 782
3, 316, 4, 327, 3, 1082, 2, 1491
4, 6, 4, 449, 3, 1092, 4, 1119, 3, 1136, 4, 1469
3, 47, 3, 270, 3, 586, 3, 657, 2, 1129, 3, 1272
4, 87, 3, 124, 3, 596, 5, 1039, 2, 1295, 4, 1312
3, 83, 3, 399, 2, 470, 4, 942, 3, 1086, 3, 1419
4, 410, 3, 853, 4, 1082, 3, 1109, 3, 1125, 4, 1458
4, 549, 4, 576, 3, 892, 3, 1165, 2, 1435, 3, 1498
3, 141, 3, 490
3, 71, 4, 315, 5, 1053, 4, 1556
3, 1126
2, 208, 3, 618, 4, 903, 3, 914, 2, 1430
3, 218, 2, 262, 4, 545, 4, 684, 4, 840
4, 255, 4, 498, 2, 731, 3, 954, 3, 1270, 2, 1341
4, 422, 3, 538, 3, 771, 2, 1281
4, 99, 4, 1237, 2, 1441
3, 219, 5, 286, 4, 423, 2, 735, 4, 839
3, 313, 3, 756, 2, 985, 3, 1028, 2, 1361
2, 419, 4, 585, 3, 668, 4, 1168
3, 342, 2, 964
2, 765, 3, 825, 3, 941
3, 82, 2, 382, 3, 415, 2, 432, 2, 532, 2, 559, 3, 1168
3, 96, 4, 219, 4, 995
2, 90, 3, 156, 2, 296, 3, 452, 4, 1178, 3, 1432
4, 768, 4, 905, 3, 1418, 4, 1471
3, 33, 2, 150, 3, 383, 3, 387, 4, 553, 3, 1208, 3, 1429
4, 360, 2, 836, 3, 1059
2, 141, 3, 174, 2, 763, 3, 862
4, 74, 2, 274, 3, 800, 2, 856, 2, 1476
4, 64, 4, 390, 4, 407, 3, 679, 3, 950
4, 54, 2, 376, 2, 553
3, 27, 3, 170, 3, 780, 3, 1096
3, 493, 3, 1435
4, 33, 3, 66, 3, 1069, 3, 1196
2, 64, 3, 790, 3, 1260, 4, 1326, 3, 1466
2, 1416
2, 313, 3, 933, 4, 1243
3, 547, 3, 1556
3, 71, 3, 637, 2, 797, 3, 920, 3, 1473
3, 185, 3, 501, 2, 572, 4, 1044, 3, 1187, 3, 1520
4, 2, 4, 511, 4, 954, 4, 1183, 2, 1210, 4, 1227
3, 76, 2, 138, 3, 748, 4, 775, 2, 1074, 3, 1091, 3, 1364
3, 259, 3, 542
3, 848, 2, 1058, 4, 1064, 2, 1357, 4, 1391, 4, 1407, 2, 1507
4, 56, 2, 256, 4, 346, 2, 412, 3, 1355, 4, 1538
4, 1438
3, 309, 2, 489, 3, 1118
2, 498, 3, 535, 4, 1424
4, 232, 3, 348, 3, 581
4, 236, 2, 253, 3, 1524
3, 96, 3, 113, 3, 183, 4, 656, 2, 799, 2, 1132
3, 123, 4, 566, 2, 795, 3, 1171
2, 499, 3, 995
3, 360, 3, 409, 3, 606, 3, 686, 4, 975
4, 203, 3, 713, 4, 1352, 3, 1412, 3, 1528
4, 830
4, 879
3, 167, 4, 816, 3, 999, 2, 1199, 4, 1209, 3, 1415
3, 207, 3, 677, 3, 883, 3, 1039
3, 101
4, 350, 2, 500, 4, 660, 3, 1355, 3, 1442, 4, 1492
4, 125, 3, 212, 4, 678, 4, 834, 2, 1400
4, 249, 4, 492, 2, 725, 3, 948, 4, 1264, 3, 1335
3, 415, 3, 532
2, 66, 3, 255, 2, 831
3, 86, 4, 319, 5, 895, 2, 955, 4, 1061, 5, 1145
3, 137, 3, 460, 3, 520, 2, 626, 2, 636, 3, 869, 2, 1379
5, 10, 3, 287, 3, 304, 3, 433, 2, 576, 2, 909, 4, 1518
2, 147, 3, 873, 2, 1343, 4, 1409, 3, 1549
4, 1023, 3, 1499
4, 8, 4, 32, 3, 920
3, 78, 3, 82, 4, 1286, 2, 1403
3, 315, 2, 544, 2, 704, 4, 747, 3, 964, 4, 1407
3, 317, 4, 1093, 2, 1339
3, 394, 3, 550, 3, 1116, 3, 1276, 4, 1399
3, 540, 4, 567, 3, 883, 3, 1156, 4, 1426, 3, 1489
3, 132, 3, 481
3, 475, 3, 548, 4, 791, 3, 1280, 4, 1423, 4, 1529
2, 514, 4, 587, 2, 891, 4, 997, 4, 1319, 2, 1403
2, 42, 3, 312, 3, 328, 3, 561, 5, 651, 2, 967, 4, 1138
2, 19, 4, 318, 2, 351, 3, 1354, 3, 1454
4, 1151, 3, 1314, 4, 1557
4, 365, 3, 719, 3, 968, 3, 1468
4, 72, 4, 609, 2, 615, 2, 769, 4, 908, 3, 952, 2, 1384
3, 129, 2, 884
3, 152, 4, 478, 2, 767
2, 168, 4, 351, 4, 422, 4, 428, 2, 628, 4, 717, 3, 784
3, 282, 3, 765, 4, 875, 3, 958
3, 502
4, 342, 3, 758, 3, 941, 2, 1018, 2, 1218, 3, 1307
2, 506, 3, 872, 3, 895, 4, 1155, 3, 1355
2, 406, 2, 966, 3, 1065, 3, 1188, 3, 1195, 2, 1488, 2, 1531
4, 187, 4, 387, 3, 497, 2, 580, 2, 1096, 3, 1462, 3, 1485
4, 513, 2, 556
4, 97, 3, 130, 2, 147, 4, 274
4, 127, 3, 404, 3, 543, 2, 853
4, 747, 3, 1070, 4, 1236
3, 231, 3, 720, 3, 864, 3, 1473, 3, 1546
3, 140, 3, 151, 4, 163, 4, 357, 4, 667, 4, 906, 4, 1316
3, 360, 2, 970, 2, 1286, 2, 1359
3, 393, 3, 410, 3, 481, 3, 531, 2, 1096
3, 1119, 2, 1236, 4, 1469, 4, 1473
3, 245, 2, 474, 2, 634, 4, 678, 4, 894, 4, 1337
4, 145, 3, 391, 2, 927, 4, 934, 4, 1087, 3, 1270
5, 421, 4, 1064, 4, 1224, 3, 1268, 3, 1484, 4, 1513
4, 981, 3, 1517
3, 62, 3, 411
3, 405, 3, 478, 4, 721, 4, 1210, 5, 1354, 5, 1460
2, 445, 4, 517, 3, 821, 4, 927, 4, 1250, 3, 1333
3, 242, 4, 259, 3, 492, 5, 581, 2, 897, 5, 1068, 2, 1530
3, 248, 3, 282, 3, 1284, 3, 1384, 2, 1507
3, 1082, 3, 1244, 3, 1487
4, 296, 2, 649, 3, 899, 3, 1398
4, 2, 4, 539, 4, 545, 4, 699, 3, 838, 3, 882, 2, 1315
3, 33, 4, 813, 3, 836, 3, 992, 4, 1295
3, 592, 2, 1129, 4, 1428
3, 116, 4, 326, 3, 370, 4, 653, 3, 792, 3, 1362
4, 672, 4, 722, 3, 998, 4, 1138, 3, 1288
2, 283
3, 466, 2, 761
3, 869, 3, 1079, 3, 1085, 4, 1378, 4, 1428, 2, 1528
3, 336, 2, 896, 3, 996, 3, 1119, 3, 1125, 2, 1418, 2, 1462
4, 117, 4, 317, 4, 427, 2, 510, 2, 1026, 3, 1392, 2, 1415
3, 550, 4, 1039
2, 227, 3, 1109
2, 190, 3, 491, 3, 639
2, 35, 4, 234, 4, 245, 4, 311, 2, 451, 4, 601, 4, 761
2, 688, 3, 877, 3, 1270, 2, 1453
3, 575, 3, 602, 2, 918, 3, 1047, 3, 1191, 3, 1523
3, 69, 2, 419
2, 315, 3, 485, 5, 1467, 2, 1557
4, 301, 3, 318, 3, 388, 5, 438, 4, 860, 3, 1004
4, 328, 4, 478, 3, 771, 2, 1044, 2, 1326, 4, 1414
4, 908, 3, 1450
5, 325, 3, 1251, 3, 1507
5, 32, 4, 59, 3, 76, 4, 175, 4, 408, 5, 918, 4, 1361
2, 62, 3, 115, 2, 372, 4, 1057, 4, 1204, 3, 1481
4, 100, 3, 412, 3, 622, 2, 666, 2, 882, 3, 948, 2, 1088
3, 349, 3, 436, 3, 865
2, 663, 3, 752
2, 120, 4, 276, 3, 476, 2, 1002, 3, 1472, 3, 1539
3, 526, 3, 592, 3, 729, 4, 929, 3, 1145, 2, 1455
4, 89, 3, 815, 3, 938, 3, 1491
4, 459, 3, 626, 3, 709
2, 746, 3, 765, 4, 779, 4, 1021, 4, 1368, 2, 1398, 3, 1508
3, 486, 4, 786, 4, 835, 3, 935
4, 919, 4, 929, 3, 1135, 3, 1445
3, 200, 3, 234, 3, 261, 3, 377, 5, 610, 4, 1120, 4, 1149
3, 141, 2, 1356
4, 740
5, 75, 2, 274, 5, 364, 3, 431, 4, 1373, 4, 1556
4, 1456
5, 84, 3, 327, 4, 560, 3, 783, 2, 1136, 3, 1386
3, 250, 3, 367, 3, 604, 4, 1425
4, 221, 3, 371
2, 917, 2, 1373
3, 451
2, 358, 3, 980, 3, 1079
3, 584, 3, 813
4, 70, 4, 680, 2, 1451, 4, 1485, 2, 1501
3, 124, 3, 134, 2, 1299
4, 350, 3, 544, 3, 1033
3, 28, 2, 766, 2, 1343
3, 334, 4, 583, 3, 1083
3, 98, 3, 198, 4, 225, 3, 620, 3, 653, 3, 737, 4, 1406
3, 564, 3, 774, 3, 780, 2, 1074, 4, 1223
3, 401, 3, 438, 3, 1327
4, 135, 4, 251, 3, 484
3, 139, 2, 155, 3, 1427
3, 461, 3, 605, 2, 938, 3, 1476, 3, 1547
4, 54, 2, 65, 3, 1123, 3, 1446, 4, 1506
2, 121, 3, 901, 3, 924, 4, 1184, 3, 1383
3, 678
2, 52, 2, 155, 3, 478, 3, 644, 3, 1060, 3, 1520
2, 2, 2, 112, 2, 1077, 3, 1514
3, 921, 2, 1297
2, 332, 4, 552, 3, 1234
3, 968, 3, 1544
4, 109, 4, 132, 4, 1301
4, 26, 2, 415, 3, 436, 3, 818, 5, 1345
5, 46, 5, 133, 3, 599, 3, 755, 2, 1321
3, 73, 3, 316, 3, 549, 4, 772, 3, 1088
3, 167, 2, 179, 4, 346, 2, 356, 4, 1221, 3, 1415
3, 512, 3, 691, 4, 995
3, 425, 2, 429, 3, 808, 3, 1245
3, 402
3, 383, 3, 589, 3, 1358, 4, 1471, 3, 1548
3, 1491
4, 1398, 3, 1408
3, 156, 3, 223, 3, 1165, 2, 1348, 3, 1425
2, 330
4, 913
4, 167, 4, 410, 3, 643, 4, 866, 3, 1182, 2, 1253
3, 334, 2, 450, 2, 683, 2, 1193
4, 11, 5, 1149, 2, 1353
3, 198, 4, 335, 3, 647, 4, 751
3, 541, 4, 1030
2, 218, 3, 1100
2, 181, 3, 385, 3, 630
3, 511, 3, 788, 4, 1077
3, 478, 4, 661, 3, 738, 3, 1094
3, 299, 2, 372, 3, 615, 4, 1247, 4, 1353
3, 172, 2, 821, 4, 1004, 5, 1204, 3, 1214, 4, 1420
3, 364
4, 15, 2, 1256
4, 308, 3, 790
4, 82, 2, 711, 3, 731, 3, 777, 3, 914, 4, 1114, 3, 1330
2, 296, 2, 1251
3, 629, 3, 995, 3, 1018, 3, 1278, 3, 1477
3, 675
3, 1471
2, 279, 3, 535, 2, 885, 4, 1394
3, 27, 2, 50, 3, 93, 2, 206, 3, 310, 3, 510, 2, 805
5, 549, 3, 742, 4, 1231
4, 227, 3, 965, 3, 1468, 4, 1541
3, 229, 3, 358, 3, 502, 4, 1444
3, 86, 4, 1461
4, 912, 2, 955
2, 259, 4, 496, 2, 529, 2, 545
2, 322, 3, 389, 3, 526, 2, 942, 2, 1252
4, 416, 4, 859, 3, 1131, 3, 1464, 4, 1502
4, 224, 4, 679, 5, 1033, 5, 1199, 4, 1283
3, 929, 2, 1266
4, 120, 5, 163, 5, 446, 4, 1156, 2, 1449
2, 28, 4, 400, 3, 570, 3, 633, 3, 1209, 3, 1242, 2, 1269
3, 224, 4, 268, 4, 551, 2, 1140, 4, 1260
3, 35, 3, 164, 5, 408, 5, 640, 3, 1217, 4, 1250, 2, 1277
3, 172, 3, 814, 2, 858, 3, 1141, 3, 1280, 3, 1437
4, 195, 3, 211, 3, 282, 3, 898
3, 79, 2, 168, 3, 595, 2, 761, 2, 1177, 3, 1416
2, 118, 3, 228, 2, 1194, 3, 1217
3, 382, 4, 721, 3, 1097
4, 132, 2, 575, 2, 804, 3, 831, 3, 1181
3, 405, 3, 708
2, 321, 3, 738, 3, 1047
3, 385, 4, 568, 4, 934
4, 96, 3, 1184
4, 36, 3, 468, 4, 679, 4, 685, 3, 839
3, 622, 4, 1148
4, 393, 3, 453, 4, 559, 4, 570, 4, 803, 4, 898, 4, 1215
3, 366, 3, 509, 3, 842, 4, 1381, 3, 1452
3, 220, 3, 224, 3, 391, 3, 1046, 5, 1429, 3, 1545
2, 441, 4, 674, 3, 896, 3, 1250, 4, 1416, 3, 1500
4, 78, 3, 401, 3, 461, 2, 567, 2, 577, 3, 810, 2, 1320
4, 228, 4, 245, 3, 517, 4, 787, 2, 850, 3, 1459, 4, 1509
3, 502, 3, 814, 2, 1284, 4, 1351, 2, 1490
4, 835, 4, 964, 4, 1440
2, 125, 3, 225, 4, 348, 3, 648
4, 316, 3, 425, 4, 1404
2, 622, 4, 645
4, 139, 3, 299, 2, 994, 4, 1131, 4, 1547
4, 162, 4, 512
4, 166, 4, 416, 2, 505, 2, 578, 4, 822, 4, 1454
4, 242, 3, 348, 3, 352, 5, 1167, 2, 1423
3, 925, 3, 1081
2, 245, 3, 888, 4, 1092, 4, 1188, 4, 1308, 3, 1337
5, 83, 3, 145, 2, 805, 4, 1341
4, 313, 3, 426, 2, 503, 2, 896, 3, 1079
3, 467, 2, 540, 4, 844, 3, 950, 3, 1333, 3, 1356
3, 515, 2, 920, 4, 1091, 3, 1469
3, 28, 3, 45, 4, 115, 4, 587, 2, 731, 3, 1064
3, 152, 4, 595, 3, 1200, 4, 1238
2, 528, 4, 1437
3, 618, 4, 635, 4, 705, 3, 755, 5, 1171, 5, 1321
3, 183, 2, 1185, 3, 1414, 4, 1458
4, 859
3, 908
4, 99, 2, 748, 2, 931, 4, 1131, 4, 1141, 3, 1347
4, 112, 5, 135, 3, 705, 4, 905, 4, 1017, 4, 1094, 3, 1487
2, 176, 4, 249, 3, 553, 4, 659, 5, 1064
4, 49, 3, 725, 3, 881
3, 459, 4, 825, 3, 848, 3, 1308, 2, 1418
2, 456, 3, 1116, 4, 1238, 2, 1245, 3, 1538
2, 196, 4, 467, 3, 806, 2, 1122
3, 317, 3, 1030
3, 570, 3, 603, 4, 1192, 3, 1292, 3, 1319
3, 154, 2, 703, 3, 786, 2, 893, 4, 1396, 3, 1469
4, 45
2, 365, 2, 987, 4, 1087
3, 178, 3, 821
3, 105, 2, 405, 3, 438, 2, 455, 2, 554, 2, 581, 3, 1191
2, 119, 3, 242, 3, 1018
2, 113, 3, 179, 2, 319, 3, 475, 4, 1201, 3, 1454
3, 791, 4, 928, 3, 1344, 3, 1494
3, 56, 2, 172, 3, 405, 3, 409, 4, 576, 3, 1231, 3, 1452
4, 382, 2, 859, 3, 1081
2, 66, 3, 100, 2, 688, 3, 788
4, 97, 2, 297, 3, 823, 2, 879, 2, 1499
3, 86, 2, 413, 4, 430, 3, 702, 3, 973
3, 440, 2, 756, 3, 1079, 2, 1139, 3, 1255, 3, 1488
3, 116
3, 516, 3, 1458
4, 56, 3, 89, 3, 1092, 3, 1219
3, 812, 4, 1252, 2, 1282, 2, 1488, 2, 1547
2, 1438
2, 336, 3, 956, 3, 1266
3, 90, 4, 506, 3, 966, 3, 1056
4, 11, 3, 959
4, 617, 4, 728
3, 644, 3, 956, 4, 1060
3, 611, 4, 794, 4, 1160
3, 884, 2, 1410, 4, 1466
4, 725, 4, 904, 3, 987, 3, 1207
3, 531, 4, 1374
2, 302, 3, 362, 3, 371, 2, 479, 3, 712, 4, 1537
3, 19, 3, 518, 4, 751, 3, 1327, 3, 1388, 3, 1494
3, 115, 4, 176, 3, 282, 2, 292, 2, 937
3, 348, 2, 714, 3, 737, 4, 997
2, 521, 3, 558, 4, 631, 4, 1447, 2, 1460
2, 2, 2, 529, 3, 585, 4, 605, 2, 768, 2, 1205
3, 568, 3, 672
3, 63, 2, 1084
3, 243, 2, 686, 2, 915, 3, 942, 3, 1291
3, 515, 3, 819
2, 432, 2, 642, 3, 848, 2, 1158
3, 1149
5, 273, 4, 983, 4, 1505, 3, 1549
3, 513, 3, 939, 4, 995, 4, 1105, 4, 1189
5, 47, 5, 829, 3, 1172, 2, 1249
2, 582
3, 393, 4, 603, 4, 902, 3, 952, 2, 1052
3, 133, 4, 170, 3, 243, 3, 1058
2, 263, 2, 350, 3, 1266, 4, 1538
3, 916, 5, 939, 5, 1399
2, 67, 3, 1222
2, 17, 4, 384, 2, 450, 4, 1239, 4, 1392, 2, 1438
3, 15, 4, 231, 3, 431, 2, 726, 3, 1506, 2, 1529
3, 271, 2, 626
5, 347, 3, 377, 3, 497, 3, 1019, 3, 1063, 4, 1346
2, 584, 2, 634, 4, 911, 4, 927, 3, 1050, 4, 1056, 4, 1200
2, 517, 4, 674
2, 4, 3, 214, 2, 221, 3, 1130, 3, 1193, 3, 1343
3, 553
3, 874, 4, 963, 3, 1556
3, 137, 4, 687, 4, 770, 2, 1290, 4, 1379, 3, 1452
3, 440, 4, 444, 3, 1237, 3, 1260
3, 417
4, 245, 4, 301, 2, 921, 4, 1277, 3, 1466
2, 581, 3, 631, 4, 908, 3, 924, 2, 1047, 3, 1197, 3, 1357
3, 12, 3, 406, 4, 589, 3, 612, 4, 1381, 4, 1494
3, 176, 4, 486, 2, 725, 3, 1135, 3, 1518, 4, 1528
2, 526, 4, 603, 5, 996, 2, 1179, 3, 1202, 4, 1557
2, 669, 5, 979
2, 34, 3, 157, 4, 933
4, 234, 3, 390, 5, 956, 4, 1116, 3, 1172, 4, 1238
2, 706, 3, 843, 3, 1259, 2, 1409
3, 176, 3, 369, 3, 692, 2, 858
2, 309, 2, 342, 2, 359
5, 193, 2, 519, 2, 536, 2, 808, 3, 1079
2, 134, 2, 643, 3, 673, 3, 959, 3, 1282, 4, 1342, 2, 1459
4, 1126, 4, 1255
3, 167, 3, 1055
4, 480, 3, 1136, 4, 1356, 2, 1446
3, 1252, 3, 1523
3, 45, 2, 128, 3, 384, 3, 627, 3, 860, 4, 1083, 4, 1437
4, 295, 3, 900, 3, 1410
4, 521, 4, 571, 4, 671
4, 1231, 4, 1301
3, 272
3, 309, 3, 376, 2, 1164, 3, 1318, 2, 1501
3, 1530
3, 555
2, 263, 3, 538, 3, 771, 3, 806, 2, 1408, 2, 1478
2, 273, 2, 302, 3, 972, 4, 1089, 3, 1322
4, 436, 2, 1511
2, 560, 3, 739, 2, 770, 2, 976, 2, 1286
4, 354
5, 237, 4, 443, 4, 1325
2, 543, 4, 566
4, 60, 2, 221, 2, 915, 4, 1053, 4, 1469
3, 180, 4, 530
2, 184, 2, 434, 3, 524, 3, 596, 2, 840, 3, 1472
3, 1046, 3, 1050
3, 930, 2, 976, 4, 1113, 2, 1479
4, 337, 4, 653, 4, 1285
3, 150, 2, 320, 3, 383, 3, 1019, 3, 1335
3, 8, 3, 97, 3, 201, 2, 524, 3, 690
2, 1189, 3, 1399
4, 11, 3, 1097, 4, 1440
2, 268, 4, 928, 3, 1050, 4, 1350
2, 451, 2, 528, 2, 921, 4, 1104, 4, 1483
2, 226, 2, 842
2, 382, 3, 415, 3, 1131, 4, 1418, 3, 1518
4, 515, 2, 1118, 3, 1208, 2, 1281, 4, 1524
3, 269, 3, 662, 4, 729, 3, 866, 3, 1066, 4, 1178, 3, 1282
2, 1105
3, 712, 3, 916, 4, 1012, 3, 1062, 3, 1161
4, 86
4, 486, 3, 492, 2, 848, 3, 1507
5, 126, 5, 369, 4, 919, 4, 1108, 4, 1501
3, 855, 3, 1132, 4, 1272, 4, 1421
2, 240, 4, 300, 3, 406, 4, 417, 3, 1061, 3, 1282
4, 1265, 3, 1321, 3, 1432, 2, 1515
3, 27, 2, 1029, 3, 1129, 3, 1552
3, 653, 4, 709, 2, 1329, 3, 1485
3, 297, 4, 547, 2, 1046
3, 584, 3, 617, 3, 700, 3, 956, 3, 1206, 3, 1306, 4, 1333
4, 324, 4, 527, 4, 623, 3, 773
3, 374, 4, 378, 2, 756, 4, 767, 4, 1283
3, 853, 2, 896
2, 137, 2, 437, 2, 470, 3, 487, 3, 586, 3, 613
2, 54, 2, 81, 3, 274, 4, 476, 3, 509, 3, 1512
3, 727, 2, 790, 4, 1027, 4, 1060, 2, 1077, 4, 1176
3, 257, 3, 1100
3, 88, 3, 204, 3, 437, 2, 441, 2, 608, 2, 947, 3, 1263
4, 39, 4, 512, 2, 655, 2, 988, 3, 1510, 3, 1527
4, 422, 2, 651, 3, 1027, 3, 1537
2, 355, 3, 851
4, 997, 4, 1340
2, 381
4, 5, 2, 71, 2, 1013, 3, 1197, 4, 1273, 2, 1473
3, 664, 3, 1030, 3, 1097, 3, 1313, 3, 1467, 3, 1513
3, 45, 3, 229, 3, 305, 2, 505, 4, 595, 4, 661, 2, 1187
2, 545
4, 435, 4, 451, 2, 522, 3, 572, 3, 988, 2, 994, 3, 1138
3, 116, 4, 552, 3, 708, 2, 908, 3, 1434, 4, 1491, 4, 1511
2, 82, 2, 459, 3, 565, 4, 569, 4, 1301, 3, 1384
3, 23, 4, 129, 3, 633, 3, 706, 4, 949, 2, 1438, 4, 1454
2, 300, 3, 333, 3, 922, 3, 1022, 3, 1558
3, 446, 3, 519, 4, 762, 3, 1251, 4, 1395, 4, 1501
3, 486, 4, 559, 2, 862, 4, 968, 4, 1291, 3, 1374
2, 13, 3, 283, 4, 300, 3, 533, 4, 622, 2, 939, 4, 1109
4, 290, 3, 323, 3, 1325, 3, 1425, 2, 1548
3, 1123, 3, 1285, 3, 1529
3, 205, 4, 454
3, 84, 3, 488, 2, 600, 3, 1249
3, 178, 3, 877, 4, 993, 4, 1226
3, 231, 3, 435, 3, 651, 2, 1147
2, 281, 2, 285, 3, 664, 3, 1101
3, 22, 3, 258, 4, 305, 2, 768, 4, 797, 3, 1015, 3, 1440
4, 1331
3, 389, 3, 461, 2, 765, 3, 1277
2, 689, 2, 1332
4, 1288
3, 406, 3, 623, 3, 1532
3, 17, 4, 646, 3, 849, 3, 1265
3, 234, 3, 1055, 2, 1555
4, 320, 4, 636, 4, 1269
3, 304, 4, 547, 2, 780, 3, 1003, 3, 1319, 3, 1389
5, 470, 3, 587, 2, 820
3, 124, 3, 157, 3, 174, 2, 274, 2, 301
3, 257, 3, 1433
3, 24, 5, 207, 3, 284
3, 823, 3, 1293, 4, 1499
3, 138, 2, 564, 3, 575, 4, 621, 2, 731, 3, 814
5, 198, 3, 614, 2, 1074, 4, 1164
5, 22, 2, 970
2, 24, 5, 378, 2, 434, 3, 544, 2, 627, 2, 1127, 3, 1360
3, 351, 4, 794, 3, 1050, 3, 1399, 2, 1436
2, 1024, 4, 1134, 4, 1217
4, 348, 3, 454, 4, 458, 4, 1190, 3, 1274, 2, 1530
3, 425, 3, 498, 3, 741, 3, 1327, 4, 1471, 4, 1480
3, 222, 2, 306, 3, 562, 2, 938, 3, 1044, 4, 1048
2, 609, 2, 1185, 3, 1428
3, 176, 3, 426
2, 76, 3, 459, 3, 469, 3, 985
3, 53, 2, 149, 5, 592, 3, 1235, 4, 1262, 3, 1378
4, 23, 5, 495, 4, 638, 5, 738, 4, 971, 6, 1194, 4, 1510
4, 678, 3, 961, 4, 1048
2, 16, 3, 220, 3, 436, 2, 1345
3, 66, 3, 70, 4, 862
5, 869, 4, 1191, 2, 1358, 2, 1368
4, 509, 4, 808, 4, 858, 4, 958
3, 7, 4, 1039, 4, 1049, 3, 1255
3, 223, 3, 256, 3, 283, 3, 400, 4, 633, 4, 1142, 4, 1172
3, 164, 2, 1379
3, 763
4, 21, 5, 98, 2, 297, 4, 387, 3, 453, 4, 1396
4, 137, 4, 1479
4, 107, 4, 1122, 3, 1192
3, 1505
2, 313, 3, 569, 3, 918, 4, 1428
2, 30, 4, 246, 3, 446, 3, 1155, 2, 1521, 3, 1544
4, 328, 2, 394, 3, 1183, 2, 1336, 3, 1382, 2, 1519
4, 78, 4, 278, 3, 573, 4, 1353, 2, 1376, 4, 1420
3, 215, 3, 570
3, 291, 3, 321, 2, 441, 2, 963, 2, 1007, 3, 1290
2, 431, 4, 481, 3, 757, 3, 774, 4, 903, 3, 1047
2, 468, 3, 911
4, 268, 3, 900, 3, 1510
3, 179, 3, 411, 3, 634, 3, 950, 3, 1493
3, 36, 2, 126, 3, 552, 3, 719, 3, 1374
4, 1014, 2, 1218
4, 53, 4, 525, 4, 669, 2, 1002, 3, 1524, 3, 1540
4, 361
4, 189, 4, 245, 2, 865, 4, 1221, 3, 1410
4, 1011, 4, 1354
2, 395, 3, 771
2, 1487
2, 575, 3, 619, 3, 902, 3, 1461, 3, 1490
2, 9, 3, 259
3, 292, 3, 303, 3, 818
3, 608
3, 425, 3, 1068, 3, 1209, 2, 1444, 3, 1540
3, 599, 3, 766, 3, 849, 3, 1348
4, 266, 4, 366, 3, 489, 4, 789
4, 43, 2, 566, 3, 1019, 5, 1545
3, 137, 4, 380, 4, 613, 3, 836, 3, 1152, 4, 1189, 2, 1223
2, 47, 3, 276, 3, 320, 2, 603, 2, 1312
2, 13, 3, 589, 3, 649, 4, 1338
3, 356, 3, 639, 4, 822, 2, 892, 3, 899, 3, 1255
4, 386, 4, 819, 3, 1029, 3, 1035, 3, 1189, 4, 1478
2, 287, 3, 946, 4, 1069, 2, 1229, 2, 1412, 4, 1489
2, 61, 3, 510
3, 174, 3, 244, 3, 716, 2, 1193, 2, 1415
3, 500, 4, 721, 4, 1236, 4, 1403
4, 951, 2, 984, 3, 1001, 3, 1101
4, 680, 2, 884, 2, 1196, 3, 1300
3, 1090
3, 92, 2, 214, 2, 768, 3, 924, 4, 1446, 3, 1490
4, 525, 4, 575, 3, 852, 3, 1141
3, 126, 4, 1001, 4, 1091
2, 548, 3, 738, 4, 1241, 3, 1314, 2, 1557
2, 388, 3, 598, 3, 665, 2, 804, 2, 1114
4, 132, 3, 182, 3, 278, 4, 721, 3, 1364, 2, 1407
5, 319, 3, 858, 2, 1401
3, 3, 4, 562, 2, 662, 2, 785, 3, 1084
3, 522, 3, 766
3, 94, 3, 1059, 3, 1082, 3, 1541
2, 489, 3, 865
2, 23, 3, 216, 2, 705
3, 536, 2, 1112
3, 114, 2, 869
3, 137, 3, 463, 2, 752
3, 153, 3, 336, 4, 407, 4, 413, 2, 703, 4, 769
2, 1115, 3, 1325
3, 277, 3, 293, 3, 422, 3, 566, 2, 899, 3, 1508, 4, 1558
2, 40, 3, 765, 2, 1235, 4, 1302, 2, 1441
4, 1012, 4, 1489
3, 813, 3, 1482, 3, 1555
5, 1179, 3, 1295, 4, 1528, 3, 1532
4, 207, 3, 436, 3, 640, 4, 856, 3, 1299
3, 101, 4, 350, 3, 450, 3, 477, 3, 1286, 2, 1319
4, 554, 4, 1359, 3, 1376, 3, 1502
4, 8, 3, 75, 4, 214, 5, 364, 3, 524, 3, 1356
2, 252, 3, 817, 5, 1100, 3, 1240
3, 208, 2, 264, 3, 268, 2, 374, 2, 458, 3, 957
3, 38
3, 587, 3, 631, 4, 914, 3, 1059, 3, 1502
2, 21, 4, 271
3, 304, 3, 830, 3, 1459
3, 628, 3, 717
4, 85, 3, 241, 3, 967, 4, 1090
3, 611, 3, 778, 3, 861, 3, 1360
4, 501, 4, 801, 4, 1423, 5, 1523
3, 55, 2, 675, 3, 1031, 4, 1557
4, 149, 3, 211, 4, 788, 3, 848, 4, 1536
2, 421, 2, 838, 4, 1297, 3, 1387, 2, 1491
3, 119, 4, 585, 4, 951, 3, 1018, 4, 1228, 2, 1234, 3, 1388
3, 1428
2, 420, 3, 769, 3, 865
4, 10, 2, 27, 4, 127, 4, 1122, 2, 1332, 4, 1535
2, 114, 3, 147, 3, 551, 4, 1149
2, 751, 3, 907
4, 19, 2, 485, 4, 714, 2, 874, 4, 917, 2, 1134, 5, 1427
2, 49, 2, 106, 4, 415, 3, 594, 2, 1424, 2, 1470
2, 661, 3, 1464
3, 545, 3, 1487
4, 596, 2, 629, 4, 1218, 3, 1248
3, 529, 3, 841, 2, 1311, 4, 1378, 3, 1517
4, 862, 4, 991, 4, 1467
3, 153, 2, 253, 3, 375, 3, 675
3, 343, 3, 549, 2, 905, 5, 1431
3, 23, 3, 266, 3, 499, 3, 722, 3, 1038, 3, 1076
3, 1068, 2, 1184, 4, 1417, 4, 1421
3, 96, 3, 325, 4, 529, 4, 745, 3, 1188
4, 142, 3, 242, 5, 269, 3, 1078, 4, 1112, 4, 1451
5, 443, 5, 1248, 3, 1265, 3, 1392
4, 6, 5, 156, 2, 316, 3, 1148, 3, 1425
3, 593, 4, 942, 4, 1452, 2, 1481
2, 108, 3, 153, 2, 264, 2, 863, 3, 1229, 3, 1295, 2, 1512
3, 386, 4, 607, 3, 1123, 4, 1289
3, 837, 3, 870, 2, 887
3, 1193
3, 178, 2, 567, 3, 587, 3, 970, 3, 993, 3, 1496
4, 34, 2, 55, 4, 1010, 2, 1536
3, 147, 2, 1249, 4, 1482
3, 690, 3, 723, 4, 1312, 3, 1412, 3, 1439
3, 31, 3, 274, 2, 823, 3, 906, 3, 1012, 3, 1516
3, 94, 4, 577, 3, 581, 3, 960, 3, 1396
4, 504, 3, 1213
2, 810, 2, 1020, 2, 1026, 4, 1320, 3, 1369, 2, 1469
3, 19, 3, 375, 2, 934, 3, 1034, 4, 1157, 3, 1456, 2, 1500
3, 58, 3, 258, 3, 368, 2, 967, 2, 1333, 2, 1356
3, 195, 4, 349, 3, 532, 3, 808, 4, 898
4, 228, 4, 432, 4, 942, 3, 992, 2, 1091
3, 282, 3, 1098
3, 162, 4, 711
2, 79, 2, 235, 3, 801, 4, 1084
3, 358, 3, 661
2, 302, 2, 1444
3, 107, 3, 113, 3, 406, 4, 469, 3, 1128
2, 87, 3, 543, 4, 576, 3, 593, 2, 720, 3, 1329
2, 60, 3, 160, 3, 187, 3, 582, 3, 616, 3, 699, 4, 1369
3, 191, 4, 623, 4, 833, 4, 840, 3, 1133, 3, 1283
2, 91, 3, 750, 2, 873, 4, 1172
4, 371, 2, 427, 2, 448, 3, 610, 5, 1403
2, 48, 4, 98, 2, 410, 3, 514, 3, 664, 3, 1453, 3, 1519
2, 184, 4, 240, 4, 1216, 4, 1405
3, 164, 2, 334, 3, 397, 3, 1033, 3, 1349
2, 21, 3, 111, 3, 215, 2, 537, 3, 704
2, 1203, 2, 1413
2, 987
2, 504
4, 324, 5, 1077, 3, 1454
3, 75, 3, 518, 3, 1161, 2, 1188, 2, 1204, 3, 1537
3, 19, 3, 241, 3, 557, 3, 628, 2, 1100, 3, 1244
3, 105, 2, 155, 4, 193, 4, 665, 4, 1108, 4, 1364, 5, 1380
5, 22, 3, 126, 3, 276, 5, 1064, 3, 1131, 4, 1268
4, 472, 3, 628, 4, 1194, 3, 1354, 4, 1477
3, 8, 4, 618, 3, 645, 3, 961, 3, 1233, 2, 1504
4, 209, 4, 559
4, 49, 3, 552, 3, 625, 4, 868, 3, 1357, 4, 1501
4, 592, 5, 665, 3, 842, 2, 968, 5, 1074, 4, 1397, 4, 1480
2, 389
4, 972
3, 955, 2, 1411
3, 489
3, 396, 3, 1432, 4, 1531
3, 622, 3, 1265
4, 1319
2, 437, 4, 653
3, 759, 3, 1302
3, 1102, 3, 1358
3, 17, 4, 892, 2, 1086, 3, 1395
3, 346, 2, 379, 3, 396, 2, 495, 2, 522
5, 96, 3, 100, 5, 479
4, 899, 4, 1221, 3, 1388, 3, 1398
4, 426, 4, 636, 4, 936, 4, 986, 3, 1086
5, 204, 4, 276, 2, 580, 4, 1092
4, 243, 2, 539, 3, 1475, 2, 1518
3, 580, 4, 1062, 4, 1172
4, 496, 3, 906, 3, 1289, 3, 1312
4, 469
2, 297, 4, 353, 3, 374, 2, 973, 4, 1328
3, 71, 3, 687, 2, 1559
3, 949, 3, 1486
4, 11, 2, 454, 3, 710, 4, 1059
2, 105, 4, 127, 3, 171, 3, 284, 3, 387, 2, 587, 4, 883
2, 1505
3, 496, 2, 540, 5, 1382, 2, 1412
4, 97, 4, 180, 4, 696, 2, 1062, 3, 1499, 3, 1545
5, 77, 4, 260
4, 1086, 4, 1130, 2, 1413
3, 161, 2, 371, 3, 377, 2, 1286
3, 108, 3, 518, 3, 900
4, 85, 3, 251, 2, 907, 4, 1290, 2, 1406
2, 318, 2, 684, 3, 707, 4, 967
3, 211, 2, 588, 3, 698, 3, 1513
4, 66, 3, 295, 5, 338, 5, 621, 4, 1174, 4, 1330
3, 105, 2, 378, 3, 1320
3, 374, 3, 657, 4, 840, 2, 911, 3, 917, 3, 1273
4, 405, 3, 837, 3, 950, 3, 1054, 3, 1207, 4, 1400
2, 305, 3, 964, 3, 1087, 2, 1247, 3, 1430, 4, 1507
4, 432, 2, 1540
3, 192, 3, 262, 4, 735, 2, 1211, 2, 1434
3, 518, 4, 739, 4, 1255, 4, 1421
3, 872, 2, 905, 2, 922
4, 782, 4, 1325
3, 1125, 3, 1381
4, 39, 5, 915, 4, 1108, 4, 1418
3, 1081, 4, 1225
4, 89, 3, 322, 2, 898, 4, 959, 4, 1065, 2, 1148
4, 922, 4, 1244, 4, 1411, 3, 1421
3, 562, 3, 861, 3, 911, 3, 1011
3, 60, 4, 1092, 3, 1102, 3, 1308
2, 276, 2, 337, 2, 453, 4, 686, 3, 782
2, 875, 4, 898, 3, 1358
3, 27, 3, 1181, 4, 1202
5, 130, 3, 350, 3, 1033
3, 766, 2, 929
3, 1099, 4, 1488
3, 367, 3, 983
3, 620, 3, 654, 4, 1242, 3, 1342, 3, 1369
2, 373, 2, 406, 2, 423
4, 257, 4, 307, 3, 583, 3, 600, 4, 872, 3, 1143
3, 707, 3, 736
3, 191, 4, 508
3, 387, 5, 870, 5, 980, 3, 1063
3, 607, 4, 1036
3, 281, 3, 341, 3, 447, 3, 458, 3, 691, 4, 1103
3, 12, 2, 95, 3, 351, 3, 594, 3, 827, 4, 1050, 4, 1403
4, 261, 4, 867, 3, 1376
2, 585, 2, 635, 3, 735
3, 381, 3, 398, 3, 469, 3, 519, 3, 1084
4, 1047, 3, 1107, 2, 1224, 4, 1457
2, 87, 3, 116, 4, 582, 4, 1225, 3, 1362, 3, 1385, 3, 1429
3, 1425
3, 204, 2, 233, 2, 875, 4, 902, 3, 1252
3, 407, 3, 463, 2, 467, 3, 573, 2, 656, 2, 1156, 3, 1389
3, 1492
3, 373, 2, 530
3, 540, 3, 750, 3, 756, 2, 1049, 4, 1199
3, 377, 3, 414, 3, 1303
4, 111, 3, 227, 3, 460
3, 115, 2, 131, 3, 1402
3, 437, 3, 581, 2, 914, 3, 1452, 3, 1523
3, 807
3, 445
2, 351, 3, 541, 3, 934, 2, 1117
2, 168, 3, 484, 3, 1027, 3, 1090
4, 27, 2, 94, 2, 1036, 3, 1219, 4, 1296, 2, 1496
2, 687, 3, 1053, 3, 1119, 3, 1336, 2, 1490, 3, 1536
4, 154, 5, 231, 2, 431, 5, 520, 3, 587, 4, 1529
3, 82, 3, 289, 2, 791, 2, 1158, 2, 1180, 3, 1440
3, 19, 4, 173, 4, 356, 3, 722
3, 626, 2, 896, 3, 1235, 4, 1308, 3, 1551
3, 592, 3, 996, 4, 1108, 3, 1212
4, 176, 3, 686, 4, 1325, 3, 1385, 2, 1501
4, 900
3, 950
4, 140, 4, 789, 2, 972, 2, 1172, 4, 1183, 3, 1389
3, 180, 4, 650, 2, 856, 3, 1426
5, 703, 3, 763, 4, 952, 5, 1451
4, 470, 4, 892
3, 230, 3, 347
4, 70, 3, 646, 3, 1025
2, 386, 4, 619, 4, 842, 3, 1196, 4, 1362, 3, 1445
3, 24, 2, 926
2, 57, 2, 583, 3, 640, 4, 660, 2, 823, 2, 1259
4, 623, 3, 727
3, 214, 4, 990, 2, 1236
3, 291, 2, 447, 4, 1013, 3, 1173, 3, 1296
3, 437, 2, 464, 3, 780, 4, 1323, 2, 1386
2, 38, 4, 145, 3, 913, 3, 1107, 2, 1429
5, 201, 4, 634, 4, 850, 5, 1004
2, 411, 4, 484, 3, 788, 3, 894, 2, 1216, 3, 1300
2, 88, 3, 258, 3, 1240
3, 231, 2, 454, 4, 807, 3, 1057, 3, 1556
4, 857, 3, 1040, 2, 1317, 3, 1406
4, 264, 4, 580
2, 6, 4, 89, 4, 971, 2, 1397, 3, 1453
4, 72, 2, 505, 3, 1287, 3, 1293
2, 162, 3, 351, 3, 927, 2, 1171
3, 997
2, 515
3, 652, 3, 991, 4, 1241, 2, 1367
3, 552, 2, 864, 4, 1118, 4, 1401, 3, 1540
3, 29, 3, 569, 4, 639, 3, 982, 2, 1111, 3, 1255
4, 93, 4, 536, 3, 1179, 3, 1206, 2, 1222, 4, 1555
3, 37, 4, 259, 3, 576, 5, 646, 4, 1119, 4, 1262
3, 124, 2, 174, 3, 211, 4, 683, 3, 1126, 3, 1382, 4, 1399
3, 40, 4, 144, 2, 294, 4, 1082, 3, 1149, 3, 1286
4, 490, 3, 646, 4, 1212, 3, 1372, 4, 1495
3, 26, 4, 636, 3, 663, 3, 979, 3, 1252, 2, 1522
3, 130, 3, 480
5, 67, 3, 571, 4, 643, 5, 887, 3, 1376, 4, 1392, 3, 1519
3, 860, 2, 960, 4, 1082, 3, 1382, 4, 1415
3, 40, 3, 311, 3, 327, 3, 560, 4, 650, 2, 966, 4, 1136
2, 114, 4, 414, 2, 447, 3, 1450, 3, 1550
3, 1150, 3, 1313, 3, 1556
3, 6, 3, 239, 3, 461, 4, 815, 3, 1064
4, 231, 3, 865, 2, 1048, 4, 1414
3, 364, 4, 397, 3, 414, 2, 541, 2, 1150, 2, 1466
3, 934
2, 264, 3, 447, 4, 518, 3, 524, 2, 724, 4, 813, 2, 880
4, 378, 4, 860, 4, 971, 3, 1054
3, 598, 4, 1027
3, 272, 3, 332, 3, 438, 3, 448, 3, 681, 3, 1093
3, 3, 2, 86, 3, 342, 2, 585, 3, 818, 4, 1041, 4, 1394
4, 252, 4, 858, 4, 1367
4, 479, 4, 529, 4, 629
3, 372, 3, 389, 3, 460, 3, 510, 3, 1075
4, 1038, 3, 1098, 2, 1215, 4, 1448
2, 356, 4, 559, 4, 776, 2, 805
3, 127, 4, 137, 2, 1302, 3, 1306
3, 231, 2, 260, 3, 903, 3, 930, 3, 1279
3, 337, 2, 393, 2, 397, 3, 503, 2, 587, 2, 1086, 3, 1319
3, 1520
3, 401, 2, 557
3, 567, 3, 777, 3, 784, 2, 1077, 4, 1227
4, 307, 3, 345, 3, 1233
4, 138, 4, 255, 3, 488
5, 142, 2, 159, 3, 1430
4, 456, 3, 994, 3, 1065, 4, 1537
3, 928, 2, 1265
3, 119, 4, 162, 4, 445, 4, 1154, 2, 1448
2, 26, 4, 399, 3, 569, 3, 632, 3, 1208, 3, 1241, 2, 1268
3, 66
2, 386, 5, 576, 5, 969
3, 143, 2, 199, 3, 203, 2, 309, 2, 392, 3, 892
3, 529, 3, 750, 3, 1265, 4, 1432
3, 883, 3, 916, 2, 933
3, 696, 3, 1238
4, 1029, 3, 1039
3, 652
3, 26, 5, 469, 3, 1075, 2, 1112
2, 403, 4, 1312
3, 492, 3, 509, 3, 579, 3, 629, 3, 1195
4, 107, 3, 616, 4, 1255, 3, 1315, 3, 1432
4, 710, 4, 722, 2, 733, 3, 889, 3, 972, 4, 1192, 3, 1471
2, 190, 3, 250, 2, 367, 4, 600, 4, 1109, 5, 1236
3, 1313
4, 48, 4, 114, 4, 254, 4, 404, 3, 564, 4, 1396
3, 857, 3, 1140, 3, 1279, 2, 1435
4, 345, 2, 401, 3, 511, 2, 594, 2, 1093, 4, 1326, 2, 1549
3, 318, 4, 761, 3, 1016, 3, 1366, 2, 1403
2, 158, 2, 214, 2, 324, 2, 407, 3, 907, 3, 1362
4, 254, 3, 447, 3, 770, 4, 936
2, 387, 2, 420, 2, 437
3, 270, 4, 320, 3, 597, 3, 613, 3, 886, 3, 1156
3, 721, 3, 750
2, 302, 4, 521
3, 498, 3, 924, 3, 980, 4, 1091, 3, 1174
3, 32, 5, 814, 4, 1157, 4, 1234
3, 292, 2, 697, 4, 868, 3, 1247
3, 462, 3, 605, 2, 938, 4, 1477, 3, 1547
3, 245, 4, 982, 3, 1148
3, 362, 2, 971, 2, 1044, 2, 1287
3, 613, 2, 1484, 3, 1555
3, 875, 3, 1411
4, 34, 2, 477, 3, 733, 4, 1082
4, 127, 3, 150, 3, 194, 3, 306, 3, 410, 3, 610, 3, 905
3, 650, 3, 843, 3, 1165, 2, 1332
3, 136, 3, 153
2, 203
3, 602, 2, 1545
3, 143, 2, 176, 4, 1178, 3, 1278, 2, 1305
2, 276, 3, 456, 2, 879, 3, 1065, 4, 1382, 2, 1455
2, 34, 2, 443, 4, 826
4, 11, 3, 177, 3, 832, 4, 1215, 3, 1332
2, 341, 3, 707, 3, 730, 4, 990
3, 137, 3, 624, 3, 1439
2, 187, 3, 247, 2, 364, 4, 597, 4, 1106, 4, 1549
2, 31, 2, 403, 2, 574, 3, 636, 3, 1212, 2, 1273, 3, 1343
3, 168, 3, 810
3, 95, 2, 394, 3, 428, 2, 444, 2, 544, 2, 571, 3, 1180
3, 231, 2, 890, 2, 1013, 3, 1173, 3, 1356, 4, 1433
4, 357, 2, 1466
3, 21, 3, 563, 4, 1040, 2, 1262
2, 51, 3, 205, 3, 388, 4, 665, 4, 723, 4, 754, 2, 1347
3, 704, 3, 814
3, 731, 3, 1043, 3, 1147
3, 698, 4, 881, 4, 1247
2, 36, 4, 92, 4, 1067, 4, 1257
4, 15, 3, 185, 2, 248, 3, 884
4, 1128, 3, 1134, 3, 1490
2, 651, 4, 1361
3, 56
3, 988, 3, 1424, 2, 1470
3, 139, 4, 149, 3, 905, 2, 1314
2, 272, 3, 915, 4, 942, 3, 1291, 4, 1387
3, 1227, 3, 1284, 4, 1394, 2, 1477
3, 895, 3, 1417, 3, 1450
2, 14, 4, 71, 4, 91, 4, 1046
3, 164, 4, 408, 3, 641, 4, 863, 3, 1179, 3, 1250
4, 510, 2, 953, 4, 1209, 4, 1326, 2, 1559
3, 604, 3, 783, 4, 1086
3, 516, 3, 520, 3, 899, 3, 1336
2, 493, 2, 1003
3, 657
4, 414, 3, 846, 3, 1057, 3, 1063, 3, 1217, 4, 1506
2, 314, 3, 973, 3, 1096, 3, 1256, 2, 1439, 5, 1516
2, 89, 3, 538
3, 201, 3, 272, 4, 744, 2, 1220, 2, 1443
4, 625, 3, 845, 4, 1124, 3, 1361, 4, 1527
2, 469, 4, 685
3, 791, 3, 1334
3, 1134, 3, 1390
2, 48, 3, 924, 3, 1118, 4, 1427
3, 378, 2, 411, 3, 428, 2, 527, 2, 554
5, 128, 3, 132, 4, 511
3, 931, 3, 1253, 2, 1420, 2, 1430
3, 458, 4, 668, 4, 968, 3, 1018, 3, 1117
4, 235, 3, 308, 2, 612, 4, 1124
2, 319, 3, 362, 3, 645, 3, 1234
3, 982, 3, 1005, 3, 1464
3, 133, 3, 898, 4, 1287, 3, 1308
3, 522, 3, 871, 3, 1381
3, 526, 3, 543
3, 440, 4, 690, 3, 1189
3, 629, 3, 663, 3, 746, 3, 1002, 3, 1251, 3, 1351, 4, 1378
3, 369, 3, 573, 3, 669, 2, 819
3, 133, 4, 649
3, 84, 3, 267, 3, 337, 4, 344, 4, 633, 3, 699
3, 264, 3, 474, 3, 480, 3, 634, 3, 1389
3, 418
2, 258, 3, 674, 3, 857, 2, 934, 4, 1133, 3, 1223
2, 294
2, 84, 2, 437, 3, 1186, 4, 1419
2, 204, 2, 327, 4, 1103
2, 404, 3, 560, 3, 760, 4, 1126, 5, 1286, 3, 1342, 4, 1409
2, 31, 3, 513, 3, 518, 3, 907, 3, 1310, 3, 1333
3, 374, 4, 1350
3, 314, 4, 1094, 2, 1117, 4, 1160, 3, 1377
3, 248, 4, 282, 3, 871, 2, 970, 3, 1507
3, 571, 2, 1147
2, 138, 3, 149, 3, 195, 2, 305, 2, 388, 3, 904, 3, 1270
3, 113, 3, 208, 4, 525, 3, 1261, 3, 1321, 3, 1438
4, 375, 4, 728, 3, 978, 4, 1477
2, 238, 4, 282, 3, 714, 4, 1374, 2, 1497, 3, 1503
3, 182, 3, 691, 3, 841, 3, 1536
4, 28, 5, 32, 5, 421, 5, 825, 5, 937
5, 52, 4, 605, 4, 762, 5, 1284, 2, 1327
3, 79, 2, 142, 4, 778, 3, 1467
3, 1021, 3, 1028, 3, 1384
2, 642, 3, 1352
2, 49, 4, 515, 2, 948, 3, 1158, 2, 1164, 3, 1458, 4, 1508
3, 60, 3, 1358, 4, 1541
2, 72, 2, 599, 5, 676, 4, 1069, 4, 1081, 3, 1252, 2, 1275
2, 646, 3, 1388
4, 390, 4, 850, 4, 939
3, 113, 4, 662, 3, 675, 2, 1245, 4, 1266, 2, 1428
2, 33, 3, 436, 3, 1198
4, 734, 3, 1056, 4, 1223
3, 579
4, 336, 3, 978, 3, 1139, 4, 1182, 3, 1399, 3, 1428
4, 895, 2, 1432
3, 656, 3, 1005, 4, 1515, 2, 1544
3, 1358
3, 160, 3, 410
2, 60, 3, 443, 3, 454, 4, 969
4, 37, 4, 133, 2, 576, 3, 1219, 3, 1246, 3, 1362
2, 174, 3, 397, 3, 1256, 4, 1499
4, 640, 2, 646, 3, 1416
4, 41, 4, 97, 4, 118, 2, 164, 4, 717, 5, 873, 3, 1073
3, 65, 2, 88, 3, 344, 3, 721, 3, 827, 3, 831
2, 105, 3, 294, 3, 870, 2, 1114
4, 221, 4, 238, 5, 511, 5, 781, 3, 843, 4, 1453, 4, 1503
2, 567, 3, 1276
3, 873, 2, 1083, 3, 1089, 4, 1383, 4, 1433, 2, 1532
3, 340, 2, 900, 3, 1000, 4, 1123, 4, 1422, 2, 1466, 4, 1543
4, 121, 4, 321, 2, 431, 2, 514, 2, 1030, 2, 1396, 2, 1419
4, 554, 3, 1053, 4, 1290, 3, 1457
4, 291, 4, 495, 4, 1005, 2, 1055, 2, 1154
3, 345, 2, 1161
4, 75, 3, 905, 4, 951, 3, 1144, 4, 1454
5, 239, 3, 881, 3, 1041, 5, 1085, 5, 1301, 5, 1331
3, 798
2, 1541
4, 532, 2, 576, 4, 1418, 3, 1447
4, 52, 4, 418, 3, 855, 3, 901
3, 262, 3, 1150
4, 478, 3, 1134, 3, 1354, 2, 1444
3, 1250, 3, 1520
3, 29, 4, 625, 3, 858, 3, 1081, 3, 1337, 4, 1504
3, 166, 2, 1068
2, 199, 3, 725, 4, 781, 3, 802, 3, 964, 4, 1208, 2, 1401
3, 107, 4, 190, 2, 446, 2, 695, 2, 822
2, 304, 2, 493, 2, 830, 3, 886, 3, 996, 4, 1069, 2, 1312
2, 697, 4, 760, 3, 780, 2, 1036, 3, 1383, 4, 1412, 2, 1482
4, 290, 3, 501, 3, 800, 4, 950
2, 141, 3, 550, 4, 933, 3, 944, 2, 1459
3, 248, 2, 292, 5, 575, 4, 714, 4, 870
4, 188, 4, 431, 3, 664, 4, 887, 3, 1203, 4, 1274
2, 1349
3, 527, 5, 683, 3, 883, 2, 1409, 5, 1466, 3, 1532
5, 1000, 3, 1137
3, 161, 3, 307, 3, 407, 2, 943, 3, 950, 3, 1243
4, 1080, 3, 1284, 5, 1380, 5, 1430, 4, 1500, 3, 1529
3, 372, 2, 994, 4, 1094
3, 185, 3, 828
3, 112, 2, 412, 3, 445, 2, 462, 2, 561, 2, 588, 3, 1198
2, 126, 3, 249, 3, 1025
2, 120, 3, 186, 2, 326, 3, 482, 4, 1208, 3, 1461
3, 798, 4, 935, 3, 1351, 3, 1501
3, 462, 4, 682, 4, 1198, 4, 1364
3, 815, 2, 848, 2, 865
3, 1171
3, 152, 4, 156, 3, 545, 3, 948, 3, 1061
3, 53, 4, 176, 4, 729, 3, 885, 4, 1407, 3, 1451
2, 93, 3, 875, 4, 925, 3, 1201, 4, 1341, 2, 1491
4, 229, 2, 342, 3, 483, 2, 766, 4, 905, 4, 1475
3, 523, 3, 1465
4, 63, 3, 96, 3, 1099, 3, 1226
3, 722, 2, 1192, 4, 1259, 2, 1398, 2, 1554
2, 1445
2, 343, 3, 963, 3, 1273
4, 97, 4, 514, 3, 973, 3, 1063
3, 869, 4, 1479
4, 277, 4, 333, 2, 443, 2, 527, 3, 1026, 3, 1481
4, 373, 3, 566, 4, 889, 4, 1055
4, 506, 2, 539, 3, 556, 5, 656
2, 536, 2, 746, 3, 952, 2, 1262
3, 1156
4, 280, 3, 990, 3, 1512, 2, 1556
3, 520, 4, 946, 3, 1002, 3, 1113, 3, 1196
3, 448, 3, 1223
3, 435
4, 318, 3, 524, 2, 880, 5, 1406
3, 95, 3, 339, 4, 572, 3, 794, 3, 1110, 3, 1148
3, 6, 3, 262, 3, 378, 2, 611, 3, 615, 3, 649, 4, 1121
3, 126, 2, 142, 4, 213, 3, 829
3, 230, 4, 276, 3, 779
2, 502, 3, 692, 3, 1085, 2, 1268, 3, 1511
4, 60, 5, 210, 2, 370, 3, 1202, 3, 1479
3, 647, 3, 996, 4, 1506, 2, 1535
2, 64, 3, 110, 3, 220, 2, 820, 3, 1186, 3, 1252, 2, 1469
3, 440, 4, 661, 3, 1177, 4, 1343
3, 794, 2, 827, 2, 844
4, 1150
4, 134, 3, 524, 4, 544, 5, 927, 3, 1453
5, 155, 3, 242, 4, 708, 4, 864, 2, 1430
3, 182, 4, 425, 3, 658, 4, 881, 3, 1197, 3, 1267
3, 445, 3, 562
2, 96, 3, 285, 3, 861, 2, 1105
3, 212, 3, 229, 3, 501, 3, 772, 2, 834, 2, 1444, 3, 1494
4, 389, 4, 491, 3, 701, 2, 1238, 4, 1377
3, 25, 4, 42, 4, 171, 4, 315, 2, 648, 4, 1257
3, 179, 2, 822, 4, 1198, 3, 1294
4, 112, 4, 312, 2, 422, 2, 505, 2, 1021, 2, 1387, 2, 1410
5, 642, 4, 1141, 4, 1378, 4, 1545
4, 282, 4, 486, 4, 996, 2, 1045, 2, 1145
3, 336, 2, 1152
4, 66, 2, 896, 4, 942, 3, 1135, 4, 1445
4, 230, 3, 872, 3, 1032, 4, 1076, 4, 1292, 4, 1322
5, 789
2, 1532
3, 523, 4, 566, 3, 1409, 4, 1438
4, 43, 4, 409, 3, 846, 3, 892
3, 253, 3, 1141
4, 469, 3, 1125, 3, 1345, 2, 1434
3, 1241, 3, 1511
3, 34, 2, 117, 3, 373, 3, 616, 3, 849, 4, 1072, 4, 1425
5, 283, 4, 889, 4, 1398
3, 510, 3, 560, 3, 660
3, 143, 5, 147, 4, 536, 2, 939, 4, 962
3, 3, 4, 70, 3, 623, 3, 779, 3, 1345, 4, 1505
4, 916, 3, 1192, 5, 1332, 4, 1481
3, 300, 4, 360, 4, 466, 4, 477, 4, 710, 4, 1342, 2, 1535
4, 370, 2, 846, 3, 1483
4, 54, 3, 87, 4, 530, 3, 1090, 4, 1189, 3, 1312
2, 540, 4, 557
3, 454, 4, 704, 4, 1203
3, 122, 3, 221, 3, 644, 3, 677, 3, 760, 4, 1393, 4, 1430
3, 384, 3, 588, 2, 804, 2, 1097, 4, 1247
4, 457, 3, 490, 3, 574, 3, 830, 4, 1079, 3, 1206
2, 41, 4, 497, 5, 530, 3, 547, 3, 673, 3, 1283
3, 1164, 3, 1420
3, 78, 4, 954, 3, 1043
3, 1180, 5, 1370
4, 144, 4, 794, 5, 947
3, 188, 2, 837, 3, 1220, 3, 1230, 3, 1436
4, 535, 2, 578, 4, 861, 4, 1157, 3, 1450
3, 718, 3, 1527
3, 252, 3, 1017, 4, 1406, 3, 1427
4, 39, 2, 482, 3, 641, 4, 1088
4, 133, 3, 156, 3, 199, 3, 416, 3, 615, 3, 725, 2, 1325
2, 655, 4, 848, 4, 1171, 4, 1337, 2, 1348
3, 13, 4, 229, 3, 429, 2, 724, 3, 1504, 2, 1527
3, 268, 2, 624
4, 345, 3, 375, 3, 592, 2, 1017, 2, 1158, 2, 1441
2, 582, 2, 632, 4, 908, 4, 925, 3, 1048, 4, 1054, 4, 1198
3, 612, 3, 769, 4, 1494
4, 346, 4, 712, 3, 735, 4, 1195, 4, 1305
2, 343, 4, 906, 2, 1028, 4, 1328
2, 526, 3, 583, 2, 603, 5, 766, 3, 1009, 4, 1558
3, 50, 3, 454, 2, 566, 3, 1215
3, 298
2, 481, 3, 1190
4, 997, 3, 1200, 5, 1296, 4, 1346, 3, 1417, 3, 1446
3, 192, 3, 814
3, 711, 4, 888
2, 519
5, 1434
3, 459, 3, 825, 2, 1261, 4, 1307, 3, 1417
4, 3, 4, 359, 4, 1018, 4, 1141, 4, 1440
2, 196, 3, 433, 5, 466, 3, 483, 5, 805, 3, 1121
4, 472, 3, 506, 3, 589, 3, 1221, 3, 1259, 4, 1508
2, 154, 3, 786, 4, 1023, 4, 1056, 4, 1073, 4, 1173, 3, 1395
3, 1062
3, 93, 3, 969, 3, 1162, 3, 1472, 4, 1485
3, 257, 4, 900, 3, 1037, 4, 1060, 3, 1103, 3, 1320
2, 157, 3, 1282, 3, 1353, 4, 1359
2, 228, 3, 417, 3, 993, 4, 1236
4, 287, 3, 896, 2, 1239, 3, 1368, 4, 1512
3, 330, 3, 390, 3, 497, 3, 507, 3, 740, 4, 1152
3, 47, 4, 547, 3, 780, 3, 1002, 3, 1356, 4, 1522
3, 184, 3, 920, 3, 1087
3, 300, 4, 910, 2, 983, 2, 1226
3, 334, 4, 350, 4, 421, 3, 1037
4, 535, 4, 581, 4, 1084, 5, 1263
3, 890, 2, 1500
3, 730, 3, 814, 3, 1034
3, 464, 4, 468, 4, 1284, 3, 1539
3, 162, 3, 1048, 3, 1077
3, 361, 4, 794, 3, 1004, 4, 1011, 4, 1304, 3, 1454
2, 262, 4, 921, 3, 1044, 4, 1343
4, 235, 3, 797, 3, 1323
3, 541, 4, 1024, 4, 1134
5, 458, 4, 867, 3, 1250, 4, 1273
3, 431
2, 258, 4, 314, 3, 335, 2, 934, 3, 1290
3, 33, 3, 648, 2, 1520
3, 911, 2, 1447
2, 415, 4, 671, 5, 1021, 4, 1530
4, 66, 2, 89, 3, 132, 3, 245, 3, 349, 3, 549, 2, 844
4, 685, 3, 879, 3, 1201, 4, 1367
4, 519, 3, 818, 3, 852, 3, 868, 3, 968
2, 183, 4, 256, 3, 560, 3, 666, 4, 1071
3, 403
4, 53, 2, 1295
3, 347, 3, 829
4, 24, 3, 653, 3, 719, 3, 856, 3, 1056, 3, 1272
5, 161, 3, 217, 5, 238, 3, 284, 5, 837, 5, 993, 4, 1193
3, 88, 5, 111, 3, 367, 3, 743, 4, 850, 4, 854
2, 1006
4, 613, 3, 817, 4, 912, 3, 962, 3, 1062
4, 21, 4, 277, 2, 654, 3, 764
3, 361, 4, 404, 4, 687, 3, 827, 2, 1276, 4, 1396
3, 268, 4, 541, 3, 1483
2, 1217
3, 181, 4, 401, 3, 1084
3, 817, 2, 1394
2, 1150, 3, 1539
3, 418, 2, 1034
5, 149, 4, 249, 4, 372, 5, 671, 4, 704, 5, 1148, 3, 1420
5, 182, 4, 411, 3, 548, 3, 571, 2, 615, 3, 831
3, 185, 4, 191, 4, 345, 3, 528, 2, 894, 4, 961
3, 225, 3, 428, 3, 645, 2, 1140
2, 274, 2, 279, 3, 657, 3, 1094
3, 16, 4, 299, 3, 349, 2, 858, 4, 887, 3, 1008, 3, 1530
3, 1324
3, 382, 4, 455, 3, 758, 3, 1270
4, 465, 2, 509, 4, 792, 4, 1087, 3, 1380
3, 745, 3, 1554
3, 279, 3, 1045, 4, 1434, 3, 1455
3, 412, 3, 668, 4, 1018, 4, 1527
4, 227
4, 233, 2, 586, 3, 836, 3, 1335
3, 476, 5, 483, 3, 776, 2, 819, 4, 1252, 5, 1498
3, 516, 2, 720, 3, 815, 2, 965
2, 269, 4, 279, 4, 795
3, 585
3, 373, 4, 402, 2, 1045, 3, 1088, 3, 1421
4, 479, 3, 645, 3, 729
3, 66, 3, 882, 3, 1552
3, 1098, 4, 1275
3, 16, 3, 395, 3, 998, 3, 1391, 3, 1404
3, 608, 3, 746, 3, 1214
3, 558, 3, 895, 5, 1328
4, 785
4, 119, 5, 436
3, 729, 4, 1212, 4, 1322, 4, 1405
3, 633, 4, 1475
2, 306, 3, 366, 2, 472, 2, 483, 2, 716, 4, 1542
3, 23, 3, 1498
3, 56, 2, 67, 3, 273, 3, 583, 4, 1232, 3, 1236
3, 719, 2, 1189, 4, 1395
3, 374, 3, 420, 2, 530, 3, 613, 2, 1495
3, 131, 4, 253, 4, 1029
3, 786, 3, 1069, 3, 1209, 2, 1365
4, 177, 3, 233, 2, 343, 2, 427, 4, 926, 3, 1381
3, 466, 4, 686, 4, 1202, 4, 1369
3, 917, 2, 950, 3, 967, 3, 1066
4, 646, 2, 850, 2, 1162, 3, 1266
4, 230, 4, 740, 3, 1056, 4, 1183, 2, 1379, 4, 1439, 2, 1555
3, 305, 3, 1320
2, 22, 3, 105, 4, 361, 4, 737
3, 234, 2, 444, 4, 488, 2, 770, 2, 910, 4, 1480
2, 8, 3, 624
3, 165, 2, 198, 4, 1200, 3, 1300, 2, 1327
3, 221, 3, 797, 3, 1176
3, 38, 2, 537, 3, 770, 4, 993, 3, 1347, 4, 1513
3, 78, 2, 980
2, 208, 3, 637, 4, 791, 3, 811, 3, 974, 3, 1217, 2, 1313
4, 601, 2, 684, 3, 940, 3, 1190, 4, 1317, 4, 1427
3, 152, 3, 784, 3, 1394, 2, 1467
3, 588, 3, 638, 4, 915, 3, 931, 2, 1054, 3, 1204, 3, 1364
4, 316, 2, 522, 4, 1291, 5, 1404, 3, 1480
3, 1521
3, 1045, 4, 1428, 3, 1438
4, 96, 3, 779
5, 436, 5, 906, 4, 1112, 4, 1268, 2, 1467
4, 100, 4, 1115, 4, 1186
2, 357, 3, 1016, 3, 1139, 2, 1146, 3, 1439
2, 97, 4, 367, 3, 707, 2, 1023
2, 218, 3, 833
3, 374, 3, 407, 3, 996, 3, 1123
2, 476, 3, 1186
3, 992, 3, 1196, 4, 1292, 4, 1342, 3, 1412, 2, 1441
4, 187, 4, 809
3, 609, 4, 883
2, 417, 3, 607, 4, 1000
4, 174, 3, 230, 3, 234, 3, 340, 3, 424, 3, 923
3, 463, 3, 684, 3, 1199, 4, 1366
3, 914, 2, 947, 3, 964, 3, 1064
2, 15, 4, 643, 2, 847, 3, 1263
3, 231, 2, 1053, 2, 1552
5, 318, 5, 634, 5, 1267
3, 302, 5, 545, 3, 778, 3, 1001, 4, 1317, 5, 1387
4, 468, 2, 584, 2, 817
4, 937, 4, 1080
4, 177, 3, 754, 3, 814, 4, 920, 4, 1003, 2, 1502
3, 221, 3, 281, 3, 387, 2, 398, 3, 631, 3, 1457
3, 35, 3, 534, 2, 767, 3, 1344, 4, 1404, 3, 1510
4, 75, 4, 977
2, 108, 2, 634, 3, 711, 4, 1104, 4, 1117, 3, 1287, 2, 1310
2, 681, 3, 1424
3, 426, 4, 885, 3, 975
3, 149, 2, 698, 4, 1281, 2, 1301, 4, 1391, 4, 1464
3, 452, 3, 456, 3, 845, 3, 1249, 3, 1272, 2, 1527
3, 313, 5, 1288
4, 252, 4, 1055, 4, 1099, 3, 1315
5, 206, 6, 462, 5, 839, 3, 945, 4, 949, 3, 1002
3, 236, 2, 309, 3, 552, 4, 1185, 4, 1291
5, 109, 4, 758, 3, 941, 3, 1141, 5, 1151, 4, 1357
3, 246, 3, 716, 3, 922, 3, 1078
4, 140
3, 70, 3, 487, 4, 539, 2, 796, 3, 1481, 3, 1491
4, 676, 2, 959, 4, 1046
4, 753, 3, 864
4, 674, 2, 878, 2, 1190, 3, 1294
3, 1084
3, 85, 4, 208, 4, 761, 3, 917, 4, 1439, 3, 1483
2, 62, 2, 222, 5, 1004, 4, 1054, 2, 1330, 3, 1470
2, 261, 2, 471, 3, 515, 2, 798, 4, 937, 4, 1507
2, 36, 3, 652
3, 192, 2, 225, 4, 1228, 3, 1328, 2, 1355
2, 325, 2, 408, 2, 928, 3, 1018, 3, 1334, 2, 1504
3, 99, 3, 122, 4, 754, 4, 791, 4, 864, 4, 1274
2, 138, 3, 742, 4, 904, 2, 1147
4, 255, 4, 272, 3, 342, 4, 392, 4, 814, 3, 958, 3, 1291
3, 373, 3, 529, 3, 1255, 2, 1311, 4, 1377
3, 862, 4, 1404, 4, 1467
2, 152, 2, 252, 2, 789, 3, 1088, 3, 1151
4, 453, 3, 526, 3, 769, 3, 1225, 3, 1258, 3, 1275, 2, 1402
3, 183, 3, 742, 4, 842, 3, 965, 3, 1265, 4, 1385
5, 257, 5, 307
3, 107, 2, 856
2, 7, 4, 390, 3, 413, 3, 1156, 3, 1545
4, 74, 4, 230, 4, 796, 4, 956, 4, 1079
3, 426, 3, 902, 3, 1125, 2, 1441
2, 16, 4, 153, 4, 520, 2, 586, 4, 1375, 4, 1528
2, 54, 4, 84, 3, 107, 4, 270, 3, 567, 2, 765
2, 330, 4, 407, 2, 762
3, 41, 3, 63, 4, 633, 3, 833, 3, 945, 3, 1022, 2, 1415
2, 104, 4, 177, 3, 481, 3, 587, 4, 993
4, 324
2, 1216, 4, 1533
3, 268, 3, 751
3, 574, 3, 640, 3, 777, 4, 977, 4, 1194, 4, 1503
5, 82, 4, 138, 5, 159, 3, 205, 4, 758, 5, 914, 3, 1114
3, 9, 2, 32, 4, 288, 3, 771, 3, 775
2, 795, 2, 1348, 4, 1504
3, 69, 2, 152, 3, 173, 4, 373, 3, 668, 3, 1448, 3, 1471
4, 606, 2, 928, 4, 1094
3, 725, 3, 968
2, 848, 4, 1284, 2, 1330
2, 9, 2, 1174, 4, 1557
3, 225, 3, 908
2, 38, 3, 565, 4, 1035, 2, 1241, 4, 1397
3, 252, 3, 269, 3, 339, 3, 389, 3, 811, 3, 955
4, 279, 4, 429, 3, 722, 2, 995, 2, 1277, 4, 1365
3, 859, 4, 1402
3, 1202, 3, 1458
2, 34, 4, 47, 3, 213, 2, 1089, 3, 1282
2, 280, 4, 922, 3, 1060, 4, 1083, 3, 1126, 3, 1343
2, 180, 3, 1305, 2, 1376, 4, 1382
2, 1129, 4, 1318
3, 93, 4, 742, 4, 896
4, 137, 3, 786, 5, 1168, 5, 1179, 3, 1385
4, 386, 4, 430, 3, 713, 3, 1302
4, 84, 4, 1049, 3, 1072, 5, 1532
3, 856, 3, 893
3, 1500
2, 491, 3, 963, 3, 1406
4, 75
2, 91, 4, 175, 4, 1057, 3, 1483, 4, 1539
2, 72, 3, 255, 3, 688, 3, 1470, 2, 1476
3, 251, 2, 284, 3, 301, 2, 401, 2, 428
3, 1, 2, 6, 4, 384
4, 901, 4, 1224, 3, 1390, 3, 1401
3, 542, 3, 841, 3, 891, 3, 991
3, 974, 3, 985, 3, 1191, 3, 1500
2, 159, 2, 219, 2, 336, 4, 569, 3, 664
2, 855, 4, 878, 3, 1338
4, 6, 2, 1161, 3, 1182
2, 233, 4, 915
3, 114, 4, 550, 3, 706, 2, 906, 3, 1432, 4, 1488, 4, 1509
2, 80, 4, 457, 3, 563, 4, 567, 5, 1299, 3, 1382
4, 30, 3, 534, 3, 606, 3, 850, 3, 1339, 3, 1482
3, 331, 3, 414, 4, 670, 3, 920, 3, 1047, 4, 1153, 4, 1157
2, 337, 3, 371, 3, 387
3, 318, 4, 368, 3, 645, 3, 661, 3, 790, 3, 934
3, 258, 3, 701
4, 58, 2, 1300
3, 351, 3, 834
4, 126, 2, 754, 3, 775, 3, 821, 3, 958, 4, 1158, 3, 1374
3, 242, 2, 1197
3, 575, 3, 941, 3, 964, 3, 1224, 3, 1424
4, 41, 5, 578, 5, 877, 4, 1354, 3, 1499
4, 436, 4, 509, 4, 753, 3, 1208, 3, 1242, 3, 1258, 2, 1385
3, 104, 4, 726
4, 526, 4, 703
4, 237, 2, 819
4, 79, 4, 512, 3, 728, 4, 882
2, 289, 4, 362, 4, 666, 3, 772, 4, 1178
3, 163, 3, 633, 4, 839, 3, 995
3, 153
3, 403, 4, 553, 2, 713, 3, 1408, 3, 1495, 3, 1545
3, 592, 3, 963
3, 310, 4, 547, 4, 580, 4, 597, 3, 696
4, 777, 3, 1538
5, 390, 5, 544, 2, 590, 4, 727, 5, 1093
4, 423, 3, 723, 4, 773, 4, 873
4, 953, 4, 963, 3, 1072, 3, 1479
2, 138, 3, 198, 4, 314, 2, 547, 2, 1057, 2, 1086
3, 483, 2, 544, 3, 1232, 3, 1465
3, 251, 3, 373, 2, 793, 2, 1149
4, 244, 2, 257, 4, 427, 3, 806, 2, 1409, 3, 1499
3, 953, 3, 1356
2, 115, 3, 181, 2, 970, 3, 1123, 2, 1306
3, 158, 4, 192, 2, 208, 2, 308, 3, 1003, 3, 1207, 3, 1423
2, 2, 3, 155, 2, 201, 3, 339, 4, 705, 3, 771, 2, 884
4, 351, 3, 655
2, 365, 4, 781, 3, 1091
4, 332, 5, 515, 5, 881
4, 43, 3, 1131
3, 146, 3, 1487
3, 323, 3, 373, 3, 649, 3, 666, 3, 795, 3, 938
3, 359, 3, 802
4, 160, 2, 1402
3, 453, 4, 936, 4, 1046
4, 370, 3, 779, 3, 1162, 4, 1185
2, 10, 3, 293, 2, 343, 2, 380, 4, 852, 3, 1002, 4, 1295
4, 572, 3, 639, 4, 776, 2, 976, 3, 1088, 3, 1192
4, 40, 2, 106, 4, 659, 4, 815, 2, 1015, 4, 1541
4, 120, 3, 769, 3, 952, 4, 1152, 2, 1162, 2, 1229, 4, 1368
2, 47, 3, 237, 3, 813
4, 67, 5, 151, 3, 406, 4, 650, 3, 883, 4, 1459, 4, 1519
3, 317, 2, 960, 3, 1003, 3, 1336, 3, 1432
4, 394, 3, 560, 3, 644
3, 797, 3, 1467, 2, 1539
4, 1163, 2, 1279, 4, 1512, 4, 1516
4, 191, 3, 420, 4, 624, 4, 840, 3, 1283
3, 527, 3, 866, 2, 1243
3, 277, 2, 720, 2, 949, 3, 976, 3, 1326
3, 550, 3, 853
3, 467, 3, 677, 5, 883, 5, 1193
2, 1184
3, 25, 5, 308, 4, 1017, 4, 1539
3, 547, 3, 973, 3, 1030, 3, 1140, 3, 1223
2, 81, 3, 863, 4, 1206, 4, 1283
3, 438, 2, 844, 4, 1014, 3, 1393
4, 39, 4, 511, 2, 655, 3, 987, 3, 1510, 3, 1526
5, 422, 3, 1027, 3, 1064, 3, 1537
2, 452, 4, 1361
4, 542, 3, 558, 3, 629, 4, 679, 5, 1245
3, 200, 5, 226, 5, 876, 4, 935, 4, 1458, 3, 1501
3, 80, 3, 240, 5, 1022, 4, 1072, 2, 1349, 3, 1488
4, 64, 3, 377, 3, 587, 2, 630, 2, 847, 3, 913, 2, 1053
3, 304, 3, 314, 3, 830
3, 620
3, 437, 3, 444, 3, 1080, 4, 1456, 3, 1552
2, 84, 3, 340, 2, 583, 3, 816, 4, 1039, 4, 1392, 3, 1559
4, 347, 4, 953, 4, 1462
3, 574, 2, 624, 3, 724
3, 370, 3, 387, 3, 457, 3, 507, 3, 1073
4, 1133, 4, 1193, 2, 1310, 4, 1543
3, 451, 3, 654, 5, 871, 4, 900
2, 18, 3, 501, 3, 505, 4, 883, 3, 894, 3, 1320
3, 65, 4, 458, 4, 568, 3, 641, 2, 885, 4, 1434, 4, 1517
4, 608, 2, 858, 4, 958, 3, 984, 4, 1080, 4, 1380, 3, 1413
4, 211, 4, 644, 3, 854, 4, 860, 3, 1303
3, 384, 3, 421, 4, 671, 3, 771, 3, 1193, 2, 1226
2, 122, 4, 138, 3, 461, 4, 1410
4, 685
3, 1080, 3, 1084
2, 86, 3, 132, 3, 269, 3, 325, 3, 635, 3, 648, 2, 814
3, 212, 3, 365
3, 112, 3, 495, 4, 505, 4, 1021
2, 89, 4, 599, 2, 628, 2, 1271, 4, 1298, 2, 1414
2, 129, 4, 765, 3, 1211, 3, 1454
4, 692, 2, 1112, 3, 1468
2, 629, 2, 925
3, 37, 3, 503, 3, 935, 4, 1145, 2, 1152, 4, 1445, 4, 1495
4, 249, 3, 512, 2, 665, 3, 848, 2, 1125, 4, 1215
2, 316, 3, 682, 3, 705, 4, 965
3, 112, 3, 599, 3, 1414
5, 514, 2, 630, 4, 863
3, 982, 4, 1126
5, 223, 3, 799, 4, 859, 4, 966, 4, 1049, 3, 1548
3, 267, 3, 327, 3, 433, 2, 443, 3, 676, 3, 1502
2, 81, 3, 337, 3, 580, 3, 813, 4, 1389, 4, 1450, 3, 1556
4, 247, 3, 890, 3, 934, 5, 1266, 4, 1362
4, 421, 3, 588, 3, 671
2, 727, 3, 1470
3, 55, 4, 471, 3, 931, 3, 1020
2, 827, 4, 1436
2, 1068, 4, 1178, 4, 1261
2, 15, 3, 392, 3, 498, 4, 502, 4, 1234, 3, 1317
3, 468, 3, 541, 3, 785, 3, 1274, 4, 1417, 4, 1523
3, 311, 3, 315, 3, 1130, 4, 1386
4, 798, 3, 827
3, 282, 4, 598
3, 477, 4, 904, 4, 960, 3, 1070, 3, 1153
2, 109, 3, 891, 4, 1234, 4, 1311
3, 369, 4, 774, 5, 945, 4, 1323
3, 441, 3, 585, 2, 918, 4, 1457, 3, 1527
3, 322, 4, 1058, 3, 1225
4, 439, 3, 709, 3, 1048, 4, 1121, 3, 1364
3, 502, 3, 906, 4, 1018, 3, 1122
4, 86, 3, 596, 4, 1235, 3, 1295, 3, 1411
2, 690, 2, 702, 4, 712, 3, 869, 3, 952, 3, 1172, 2, 1451
3, 1048, 3, 1108, 3, 1225, 4, 1458
4, 156, 2, 366, 4, 372, 3, 815
2, 30, 3, 103, 3, 513, 3, 895, 3, 906, 2, 918
4, 70, 4, 373, 3, 386, 3, 556, 3, 935, 4, 1018, 3, 1538
2, 486, 3, 523, 3, 773, 3, 872, 3, 1295, 2, 1328
4, 50, 3, 287, 2, 321, 3, 337, 4, 660
2, 17, 3, 420, 3, 1182
4, 233, 3, 427, 3, 749, 4, 916
2, 464, 2, 497, 2, 513
4, 347, 4, 397, 3, 674, 3, 690, 3, 963, 3, 1233
4, 226, 3, 869
2, 1336
3, 40, 2, 257
2, 433, 3, 483, 4, 760, 3, 777, 4, 906, 3, 1049
3, 373, 3, 816
4, 173, 3, 1415
3, 213, 3, 270, 3, 380, 3, 463, 3, 962, 3, 1345
4, 723, 4, 812
4, 180, 3, 336, 3, 1062, 3, 1185
3, 706, 3, 873, 3, 956, 3, 1552
4, 57, 3, 157, 4, 693, 3, 993, 2, 1469
4, 261, 4, 333, 3, 577, 4, 1066, 4, 1082, 3, 1209
3, 141, 3, 397, 2, 774, 2, 884
4, 480, 2, 524, 5, 807, 3, 946, 2, 1396, 5, 1516
3, 291, 4, 564, 3, 1506
2, 1337, 4, 1460
4, 428, 3, 1070, 6, 1097, 2, 1114, 5, 1447, 4, 1543
3, 151, 2, 467, 2, 538, 4, 1010, 3, 1154, 3, 1487
3, 497, 3, 846, 3, 1356
3, 501, 4, 518
3, 318, 4, 568, 2, 1067
4, 507, 3, 541, 3, 624, 3, 880, 4, 1129, 3, 1256
2, 188, 3, 644, 4, 677, 3, 694, 4, 794, 3, 821, 3, 1430
4, 261, 4, 1097
4, 22, 3, 39, 3, 138, 3, 371, 4, 881, 3, 910, 4, 1553
3, 26, 4, 175, 4, 335, 4, 1118, 5, 1167, 3, 1378, 5, 1444
3, 375, 2, 452, 2, 845, 4, 1028, 4, 1407
2, 150
2, 16, 3, 339, 3, 399, 4, 422, 2, 1055, 3, 1092, 3, 1165
2, 522, 3, 759, 2, 792, 3, 809, 3, 909
2, 213, 2, 235, 3, 491, 3, 868, 3, 974, 2, 978
2, 252, 3, 441, 3, 1018, 2, 1261
3, 1025, 2, 1088
4, 10
5, 409, 4, 416, 3, 772, 2, 1431
4, 147, 2, 390, 3, 939, 3, 1129, 4, 1522
3, 779, 3, 1056, 4, 1195, 4, 1345
2, 163, 4, 224, 3, 330, 4, 340, 3, 985, 3, 1206
3, 1286, 3, 1342, 4, 1452, 2, 1536
2, 953, 3, 1053, 2, 1475, 3, 1509
4, 91, 4, 147, 3, 168, 2, 767, 4, 1123
5, 1353, 3, 1424
2, 394, 3, 771
5, 122, 3, 611, 3, 1486
3, 344, 2, 921
2, 677, 4, 1480
4, 823, 4, 873, 3, 1150, 4, 1289, 3, 1439
3, 318, 4, 434
4, 158, 3, 734, 3, 1526
4, 474, 2, 707, 3, 1283, 3, 1343, 3, 1449, 3, 1533
5, 111, 5, 1014
2, 145, 2, 671, 4, 748, 4, 1141, 4, 1153, 3, 1324, 2, 1347
2, 621, 4, 1363
3, 462, 4, 922, 3, 1011
3, 185, 2, 735, 4, 1317, 2, 1338, 4, 1427, 4, 1500
3, 391, 3, 396, 3, 785, 3, 1188, 3, 1211, 2, 1467
3, 349, 5, 1325
3, 289, 4, 1069, 2, 1092, 4, 1135, 3, 1352
2, 126, 3, 160, 2, 749, 4, 848
2, 368, 3, 938
4, 535, 3, 745, 3, 751, 3, 1044, 4, 1194
3, 312, 3, 1201
3, 362, 3, 529, 3, 1184, 2, 1404, 2, 1494
2, 1125, 3, 1335
3, 432, 3, 576, 2, 909, 4, 1447, 3, 1518
3, 216, 3, 952, 3, 1119
4, 332, 2, 942, 3, 1015, 3, 1258
3, 463, 3, 479, 3, 550, 3, 600, 3, 1166
4, 1128, 4, 1189, 2, 1305, 4, 1538
4, 446, 2, 650, 5, 866, 4, 895
3, 111, 3, 487, 4, 593, 2, 597, 4, 976, 3, 986, 4, 1413
4, 564, 4, 1369, 3, 1386, 3, 1512
2, 590, 4, 866, 5, 1155
3, 739, 3, 816, 4, 1172
3, 473, 3, 629
3, 207, 4, 639, 4, 849, 4, 856, 3, 1149, 3, 1299
2, 204, 3, 863, 2, 986, 4, 1286
3, 387, 2, 443, 2, 464, 4, 626, 4, 1419
4, 65, 2, 114, 4, 427, 3, 531, 3, 680, 4, 1469, 3, 1535
3, 977
3, 357, 2, 391, 3, 407, 2, 507, 2, 534
4, 108, 2, 112, 3, 490
3, 1008, 3, 1330, 2, 1497, 2, 1507
4, 438, 4, 648, 4, 947, 3, 997, 3, 1097
3, 288, 3, 442, 2, 1112, 4, 1488
4, 552
4, 80, 3, 459, 3, 1062, 3, 1455, 2, 1468
3, 672, 3, 809, 3, 1225, 3, 1375
4, 627, 3, 847, 4, 1126, 3, 1363, 4, 1530
2, 471, 4, 687
3, 794, 3, 1336
3, 1137, 3, 1393
3, 148, 2, 1024, 3, 1217, 2, 1527, 4, 1540
3, 215, 4, 857, 3, 994, 4, 1017, 3, 1061, 3, 1277
2, 115, 3, 1240, 3, 1311, 4, 1317
2, 282, 3, 472, 3, 1048, 2, 1291
3, 1021
2, 538
3, 1015, 3, 1391
2, 328, 5, 549, 3, 1231
3, 965, 2, 1541
4, 19, 3, 102, 3, 618, 3, 984, 4, 1007, 3, 1467
2, 85, 2, 142, 2, 362, 4, 452, 3, 1044, 3, 1460
4, 39, 2, 1208
4, 389, 4, 476, 5, 1091
3, 332, 4, 339, 4, 492, 3, 675, 3, 1042, 4, 1108
3, 372, 3, 576, 4, 792, 3, 1287
3, 36, 4, 519, 3, 523, 3, 902, 3, 1338
3, 446, 3, 1155
3, 752, 3, 962, 3, 968, 4, 1261, 3, 1311, 2, 1411
4, 316, 2, 876, 3, 976, 4, 1099, 3, 1398, 2, 1442, 3, 1519
3, 200, 3, 310, 2, 909, 2, 1275, 2, 1298, 3, 1558
3, 918
4, 136, 3, 253, 4, 486, 2, 490, 4, 995, 4, 1438
5, 706, 4, 1515
2, 240, 3, 1394
4, 7, 2, 53, 3, 190, 4, 556, 2, 623, 3, 1411
4, 121, 3, 144, 3, 187, 3, 300, 3, 404, 3, 603, 3, 899
3, 643, 3, 836, 3, 1159, 4, 1325
4, 574, 4, 873, 3, 906, 3, 923, 3, 1023
2, 141, 4, 214, 3, 517, 3, 623, 4, 1029
5, 14, 3, 690, 3, 846
4, 5, 3, 521, 3, 887, 4, 910, 3, 1370, 2, 1480
3, 45, 2, 265, 5, 354, 3, 947, 4, 1363, 3, 1546
3, 1014
3, 74, 3, 318, 3, 551, 4, 773, 3, 1089
3, 168, 4, 180, 2, 347, 4, 357, 2, 1222, 3, 1416
2, 118, 2, 397, 3, 1193, 3, 1206, 2, 1372, 4, 1455
4, 255, 3, 344, 4, 448, 2, 770, 3, 937, 3, 947
3, 294, 2, 1369
3, 321, 2, 598, 2, 737, 2, 1047
4, 624, 3, 1360, 2, 1527, 2, 1537
4, 468, 4, 678, 4, 978, 2, 1028, 2, 1127
4, 245, 2, 305, 3, 318, 3, 1134
3, 56, 3, 338, 2, 426, 3, 1341
3, 992, 3, 1014, 3, 1474
2, 345, 3, 967
2, 767, 3, 828, 4, 944
3, 1268
2, 386, 2, 602
4, 365, 4, 415, 3, 692, 3, 708, 3, 981, 3, 1251
3, 719, 3, 748
4, 310, 2, 327, 2, 454, 4, 1063, 4, 1379
3, 410, 3, 420, 3, 936
2, 637, 3, 726
2, 94, 4, 250, 3, 450, 2, 976, 3, 1446, 3, 1512
3, 597, 3, 663, 3, 800, 2, 1000, 3, 1216, 3, 1526
4, 8, 5, 64, 2, 131, 3, 684, 5, 840, 3, 1040
6, 248, 3, 1253, 3, 1390
3, 1203, 2, 1357, 2, 1540
3, 72, 4, 261, 3, 598, 3, 654, 3, 837, 2, 1080, 2, 1274
4, 562, 3, 645, 3, 901, 3, 1151, 4, 1277, 3, 1388
2, 112, 4, 745, 4, 1354, 3, 1427
3, 452, 3, 778, 2, 795, 4, 1067, 3, 1380
4, 764
3, 841, 4, 1124, 3, 1263, 3, 1420
3, 232, 2, 288, 2, 398, 2, 481, 3, 981, 3, 1436
4, 618, 3, 838, 4, 1117, 3, 1354, 4, 1521
2, 462, 4, 678
3, 784, 3, 1327
3, 1128, 3, 1383
3, 139, 2, 1015, 3, 1208, 2, 1518, 4, 1530
4, 205, 5, 848, 3, 985, 5, 1008, 3, 1052, 4, 1268
2, 106, 3, 1231, 4, 1302, 5, 1308
2, 273, 3, 463, 3, 1039, 2, 1282
3, 1012
2, 529
3, 1006, 2, 1382
3, 319, 5, 540, 3, 1222
4, 956, 3, 1532
2, 37, 3, 94, 3, 204, 3, 287, 5, 803, 3, 1169, 3, 1192
3, 108, 4, 424, 3, 807, 4, 923, 4, 1156, 3, 1160
3, 198
3, 31, 3, 343, 2, 447, 3, 597, 2, 1385, 4, 1452, 4, 1539
2, 270, 2, 460, 2, 797, 3, 853, 3, 963, 4, 1036, 2, 1279
3, 844
3, 174, 4, 357, 5, 428, 5, 434, 3, 634, 5, 723, 3, 790
3, 191, 4, 770, 4, 881
2, 132, 3, 205, 3, 614, 3, 997, 3, 1020
2, 541, 2, 837
3, 847, 4, 1057, 3, 1064, 5, 1357, 4, 1407, 3, 1507
2, 412, 2, 971, 3, 1071, 3, 1194, 3, 1200, 2, 1494, 2, 1537
4, 96, 3, 295, 3, 406, 4, 489, 2, 1005, 3, 1371, 2, 1394
3, 171, 4, 231, 3, 338, 3, 348, 3, 581, 4, 1407
3, 1363
3, 96, 5, 112, 4, 385, 4, 1327
4, 245, 5, 335, 3, 439, 3, 761, 5, 928, 4, 938, 4, 1344
2, 229, 2, 289, 2, 978
2, 120, 4, 548, 2, 1301
2, 153, 4, 203, 4, 299, 3, 742, 2, 1385, 3, 1412, 4, 1428
3, 765, 3, 902, 3, 1318, 3, 1468
3, 30, 3, 146, 3, 379, 3, 383, 4, 550, 3, 1205, 3, 1425
4, 356, 2, 833, 3, 1055
5, 40, 4, 73, 4, 662, 3, 762
2, 696, 3, 852
2, 659, 4, 862, 4, 958, 3, 1079, 4, 1108
4, 226, 3, 602, 2, 1445, 3, 1528
4, 196, 2, 309, 3, 353, 3, 733, 4, 872, 4, 1442
3, 489, 3, 1432
5, 30, 3, 63, 3, 1066, 4, 1192
4, 689, 3, 1159, 3, 1226, 3, 1365, 3, 1521
2, 1412
2, 310, 3, 930, 4, 1240
4, 64, 5, 480, 4, 940, 4, 1029
2, 351, 3, 588, 2, 621, 3, 638, 2, 737
3, 21, 2, 25, 4, 818
5, 824, 3, 1147, 5, 1313
3, 65, 4, 308, 3, 797, 3, 941, 4, 1550
3, 994, 4, 1004, 3, 1210, 3, 1520
2, 179, 3, 239, 2, 355, 5, 588, 5, 1098, 4, 1127
4, 23, 4, 152, 4, 395, 2, 628, 3, 1204, 3, 1237, 3, 1264
4, 25, 4, 69, 2, 941
4, 225, 5, 658, 4, 868, 4, 874, 4, 1317
2, 398, 3, 435, 4, 685, 3, 785, 3, 1207, 2, 1240
2, 233, 4, 249, 3, 572, 4, 1520
2, 699
3, 1094, 3, 1098
4, 99, 3, 145, 4, 283, 2, 339, 3, 649, 3, 661, 3, 828
3, 226, 4, 475, 3, 975
3, 945
3, 276, 4, 459, 5, 529, 4, 536, 3, 735, 5, 825, 4, 891
3, 389, 4, 872, 4, 982, 3, 1065
3, 610, 5, 1038
3, 283, 3, 344, 3, 450, 3, 460, 3, 693, 4, 1105
3, 647, 3, 814, 3, 897, 3, 1396
3, 315, 4, 414, 3, 537, 3, 837
2, 614, 2, 970, 5, 1496, 4, 1552
3, 88, 3, 331, 3, 564, 3, 787, 3, 1103, 3, 1140
3, 95, 3, 291, 3, 324, 3, 351, 2, 468, 4, 701, 3, 1210
4, 118, 4, 135, 4, 408, 4, 1350
3, 1464
3, 242, 2, 272, 2, 914, 3, 941, 3, 1291
2, 502
2, 479, 3, 529, 3, 806, 3, 822, 3, 951, 3, 1095
3, 419, 3, 862
4, 219, 3, 1461
3, 512, 2, 995, 2, 1105
3, 159, 3, 542
4, 155, 4, 309, 4, 492, 4, 769, 4, 858
4, 188, 4, 392, 4, 902, 3, 952, 2, 1052
3, 339, 2, 1155
4, 69, 3, 899, 4, 945, 3, 1138, 4, 1448
4, 136, 3, 778, 3, 982, 4, 1199, 4, 1228
4, 207, 5, 307, 4, 334, 3, 1143, 3, 1176, 5, 1515
4, 411, 4, 1216, 3, 1233, 3, 1359
4, 71, 5, 221, 2, 381, 5, 1213, 4, 1490
3, 658, 4, 1007, 4, 1103, 2, 1546
3, 121, 3, 231, 2, 830, 4, 1196, 2, 1219, 3, 1263, 3, 1479
3, 451, 4, 672, 4, 1187, 4, 1354
3, 805, 2, 838, 2, 855
3, 1160
3, 258, 3, 371, 3, 1413
2, 574
4, 391, 4, 997, 5, 1506
2, 204, 3, 254
4, 54, 2, 803
4, 337, 4, 348, 3, 1513, 3, 1517
4, 29, 3, 538, 4, 568, 3, 1210, 2, 1237, 3, 1254
3, 68, 4, 678, 3, 705, 3, 1021, 2, 1150, 3, 1293
3, 269, 3, 619
5, 109, 4, 199, 4, 515, 4, 685, 3, 1147
5, 176, 3, 486, 3, 1114, 4, 1135, 4, 1318, 3, 1517
3, 622, 4, 679, 2, 1298, 3, 1454
3, 267, 3, 516, 2, 1015
4, 456, 3, 489, 3, 572, 3, 828, 4, 1078, 3, 1205
2, 40, 3, 495, 2, 529, 2, 545, 4, 672, 4, 1282
4, 302, 4, 386, 5, 642, 2, 891, 3, 1018
3, 402, 3, 515, 2, 592, 2, 985, 3, 1168, 3, 1411
3, 156, 3, 539, 3, 549, 3, 1065
3, 133, 4, 229, 2, 672, 3, 1315, 2, 1342, 2, 1458
2, 173, 3, 396, 3, 1255, 4, 1498
4, 736, 3, 742, 3, 1512
4, 137, 3, 193, 5, 214, 2, 260, 4, 813, 5, 969, 3, 1169
2, 64, 2, 184, 3, 440, 4, 816, 3, 825, 3, 830
2, 201, 3, 390, 3, 966, 2, 1210
3, 939
2, 457
3, 594, 3, 933, 2, 1183, 2, 1309
3, 380, 2, 663
3, 1512
5, 20, 4, 536, 3, 902, 3, 1339, 3, 1385, 3, 1495
2, 4
2, 468, 3, 818, 3, 913
4, 25, 3, 58, 2, 75, 2, 175, 4, 1171, 3, 1283
3, 162, 4, 195, 4, 1198, 4, 1297, 2, 1420
2, 995, 4, 1157, 3, 1401
4, 209, 3, 562, 4, 812, 4, 1311
3, 452, 5, 458, 3, 752, 2, 795, 4, 1228, 5, 1474
2, 589, 4, 793, 2, 888, 4, 1009, 3, 1038
4, 156, 4, 533, 3, 1458
3, 266, 4, 383
4, 106, 3, 682, 3, 1475
4, 552, 3, 718, 3, 802
2, 42, 3, 858, 4, 1527
3, 19, 4, 80, 2, 196, 3, 429
5, 252, 3, 641, 4, 685, 2, 895, 4, 901, 4, 1344
4, 250, 2, 909, 2, 1032, 4, 1038, 4, 1192, 3, 1375
4, 376, 2, 1071
3, 40, 3, 582, 3, 1059, 2, 1281
2, 840
3, 463, 2, 786, 3, 846, 2, 962, 2, 1195
3, 241, 3, 264, 2, 1019
4, 153, 3, 536, 5, 546, 4, 1062
2, 227, 4, 737, 2, 766, 3, 1409, 3, 1436, 3, 1553
4, 34, 2, 267, 3, 903, 3, 1349
5, 733, 4, 1153, 3, 1509
2, 112, 4, 268, 3, 468, 2, 994, 3, 1464, 3, 1531
3, 518, 3, 584, 3, 721, 2, 921, 3, 1138, 3, 1447
2, 52, 3, 605, 4, 761, 2, 961, 4, 1487, 4, 1543
3, 1174, 3, 1312
3, 336, 3, 482, 3, 582, 3, 1118, 3, 1124, 2, 1418, 4, 1461
3, 13, 2, 96, 3, 117, 4, 317, 3, 612, 3, 1392, 3, 1415
3, 550, 4, 1038
3, 695, 3, 1371
2, 190, 3, 639, 3, 1538
2, 520, 3, 796, 3, 1086
3, 746, 3, 1102
4, 410, 4, 853
4, 210, 2, 1452
3, 503, 4, 986, 4, 1096
2, 150, 3, 556, 3, 1212, 2, 1298
5, 223, 3, 666, 4, 939, 4, 1271, 5, 1309
3, 743, 3, 909, 3, 992, 3, 1492
3, 96, 5, 633, 4, 932, 4, 1409, 4, 1554
4, 297, 3, 370, 3, 613, 3, 1102, 3, 1119, 3, 1246
3, 81, 4, 337, 2, 713, 3, 823
2, 393, 3, 583, 4, 976
3, 247, 2, 303, 3, 307, 2, 413, 2, 497, 3, 996
3, 536, 3, 757, 3, 1272, 4, 1439
3, 890, 2, 923, 3, 940, 4, 1039
2, 88, 4, 716, 2, 920, 3, 1336
2, 67, 3, 304, 4, 1126
3, 294, 4, 610
2, 35, 4, 119, 4, 1001, 3, 1427, 4, 1483
4, 535, 3, 644, 3, 980, 4, 1317
2, 1070
5, 677, 4, 881, 5, 976, 4, 1026, 3, 1126
4, 244, 2, 621, 3, 731, 4, 1546
4, 424, 2, 468, 4, 751, 3, 890, 2, 1340, 4, 1460
3, 235, 2, 1450
3, 834, 2, 1211
3, 148, 4, 368, 3, 1051
3, 881, 2, 1457
3, 45, 2, 1214
3, 395, 4, 482, 3, 1098
2, 338, 2, 1114
4, 422, 3, 865, 3, 1137, 3, 1470, 5, 1507
4, 230, 4, 685, 5, 1039, 5, 1205, 4, 1288
3, 935, 2, 1272
4, 126, 5, 169, 2, 452, 3, 1161, 2, 1455
3, 438, 2, 499, 3, 1187, 3, 1420
4, 205, 3, 671, 3, 742, 3, 748, 4, 1104
4, 309, 4, 1114, 3, 1258
4, 452, 4, 1089
2, 446, 4, 519, 3, 822, 4, 928, 4, 1251, 3, 1334
4, 97, 2, 413, 3, 584, 4, 1468
4, 80, 4, 1096, 4, 1166
2, 241, 3, 900, 2, 1023, 4, 1322
4, 424, 2, 480, 2, 500, 4, 663, 3, 1455
2, 198
4, 448
2, 354, 3, 976
2, 777, 3, 837, 3, 953
3, 94, 3, 394, 3, 427, 2, 444, 2, 544, 3, 571, 3, 1180
4, 108, 3, 574, 4, 645, 3, 651, 2, 1007
4, 212, 4, 1017, 2, 1161
4, 894
2, 256, 4, 672, 3, 982
3, 223, 3, 406, 4, 772
3, 1021, 3, 1491
3, 262, 4, 306, 3, 516, 3, 522, 4, 1431
3, 46
4, 397, 3, 659, 3, 813, 3, 996, 2, 1272, 3, 1362
3, 463, 3, 829, 4, 852, 5, 1112
3, 4, 3, 259, 2, 636, 3, 746
3, 211, 5, 440, 2, 483, 4, 766, 3, 1320, 4, 1476
4, 234, 3, 250, 4, 523, 4, 1465
3, 1482
5, 261, 3, 290, 2, 933, 4, 960, 4, 1309
2, 520
2, 497, 3, 547, 4, 824, 3, 840, 3, 963, 2, 970, 3, 1113
3, 431, 3, 587
3, 597, 5, 807, 3, 813, 5, 1107, 3, 1256
4, 467, 3, 500, 3, 583, 3, 1216, 3, 1253, 4, 1502
4, 342
3, 269, 4, 498, 3, 635, 4, 658, 2, 702, 3, 918
3, 272, 4, 278, 4, 432, 3, 615, 3, 981, 4, 1048
4, 311, 4, 515, 5, 731, 4, 1227
3, 361, 3, 365, 3, 744, 3, 1181
3, 435
3, 319, 2, 525, 3, 1294, 4, 1407, 3, 1484
3, 1525
3, 1048, 4, 1431, 3, 1441
3, 100, 3, 782
4, 439, 5, 909, 3, 1115, 4, 1271, 2, 1471
3, 46, 3, 116, 2, 126, 3, 589, 3, 829
4, 153, 5, 469, 4, 852, 4, 969, 4, 1202, 3, 1206
3, 320, 4, 673, 3, 923, 4, 1422
2, 183, 2, 659, 2, 905, 4, 1441
2, 316, 2, 505, 2, 842, 3, 898, 3, 1009, 4, 1082, 2, 1325
4, 773, 3, 792, 2, 806, 2, 1145, 3, 1395, 2, 1495, 4, 1522
4, 303, 4, 513, 4, 813, 4, 962
2, 153, 3, 563, 4, 946, 3, 956, 2, 1472
3, 51, 3, 261, 3, 304, 4, 587, 4, 727, 3, 883
3, 194, 2, 344, 2, 504, 4, 1199, 4, 1286, 4, 1336
2, 480, 4, 851
5, 198, 5, 435, 5, 468, 3, 484
3, 164, 4, 231, 3, 368, 2, 680, 3, 784
3, 258, 2, 701, 4, 930, 3, 973, 2, 1306
4, 1409, 3, 1492
4, 184, 4, 493, 3, 1142, 2, 1147, 3, 1525, 5, 1536
3, 533, 2, 1209
2, 28, 3, 477
2, 43, 4, 360, 4, 489, 3, 965
3, 33, 3, 216, 3, 293, 2, 493, 4, 582, 4, 649, 2, 1175
3, 629, 3, 740
3, 656, 4, 1072, 2, 1382
3, 623, 3, 806, 3, 1172
2, 896, 2, 1422, 4, 1478
2, 640, 2, 1122, 3, 1232, 3, 1316
4, 576, 3, 609, 4, 1198, 4, 1298, 3, 1325
4, 160, 3, 709, 3, 792, 2, 898, 5, 1402, 4, 1474
3, 463, 3, 467, 3, 846, 3, 1282
3, 440
3, 323, 2, 529, 3, 1299, 4, 1411, 3, 1488
3, 1432
4, 1339, 3, 1349
3, 194, 4, 260, 3, 1203, 2, 1386, 3, 1463
3, 237, 4, 271, 2, 287, 2, 387, 3, 1286, 4, 1496, 3, 1502
3, 235, 3, 418, 4, 694, 4, 753, 4, 784, 2, 1377, 2, 1542
4, 734, 3, 844
3, 761, 3, 1073, 3, 1177
4, 728, 4, 911, 2, 1277
2, 321, 2, 510, 2, 847, 3, 903, 3, 1013, 4, 1086, 2, 1329
4, 680, 2, 714, 2, 797, 2, 1053, 3, 1302, 2, 1402, 4, 1429
3, 307, 2, 518, 3, 817, 4, 967
2, 158, 3, 567, 4, 950, 3, 961, 2, 1476
3, 168, 2, 212, 4, 495, 4, 634, 4, 790
5, 205, 4, 448, 2, 681, 4, 904, 3, 1220, 3, 1291
3, 468, 3, 585, 3, 818, 2, 1327
4, 146, 4, 1284, 2, 1488
3, 169, 4, 235, 3, 373, 2, 685, 3, 789
4, 202, 2, 807, 3, 1317
4, 112, 3, 162
2, 711, 4, 1520
3, 245, 4, 255, 2, 1420, 3, 1424
3, 349, 4, 378, 4, 1021, 3, 1048, 3, 1397
2, 25, 4, 1333, 3, 1389, 3, 1500
3, 1000, 3, 1100, 4, 1223, 4, 1523, 2, 1556
4, 701
3, 118, 3, 418, 2, 568
3, 399, 2, 1014
4, 32, 2, 132, 3, 255, 4, 555, 4, 588, 2, 1303
3, 295, 2, 771, 4, 1008, 4, 1041, 2, 1058, 4, 1158
4, 63, 2, 209, 3, 309, 4, 336, 3, 845, 2, 1145, 3, 1178
2, 242, 4, 885, 3, 1022, 4, 1045, 3, 1088, 3, 1305
2, 239, 3, 1365, 2, 1435, 4, 1441
3, 310, 3, 499, 4, 1075, 2, 1319
3, 1048
3, 566, 4, 876
5, 53, 5, 712, 3, 835, 3, 1178, 4, 1255
2, 63, 4, 80, 3, 402, 3, 1351
3, 163, 3, 379, 3, 529, 3, 689, 4, 1317, 3, 1384, 3, 1521
2, 299, 3, 882, 3, 903, 2, 1065
3, 116, 3, 433, 2, 503, 4, 975, 3, 1119, 3, 1452
3, 540, 4, 983, 2, 1142, 4, 1212, 4, 1256, 4, 1491
2, 7, 3, 70, 4, 679, 3, 706, 3, 1023, 3, 1295
3, 174, 3, 523
3, 5, 5, 111, 4, 614, 4, 687, 5, 930, 3, 1419, 4, 1436
3, 903, 2, 1003, 4, 1126, 3, 1426, 4, 1459
3, 84, 3, 354, 3, 371, 4, 604, 2, 693, 4, 1009, 2, 1180
4, 198, 3, 460, 3, 614, 3, 797, 2, 1074, 4, 1163
2, 264, 3, 631, 3, 654, 4, 913
4, 600, 2, 683, 3, 939, 3, 1189, 4, 1316, 4, 1426
2, 151, 3, 783, 3, 1392, 2, 1465
5, 490, 4, 540, 5, 816, 3, 833, 3, 956, 4, 1106
3, 54, 5, 98, 4, 381, 4, 970, 3, 1090
3, 237, 3, 470, 3, 1047, 3, 1107, 3, 1423, 3, 1552
3, 2, 4, 611, 3, 644, 3, 671, 4, 788, 2, 1021, 4, 1117
2, 41, 3, 112, 4, 728
3, 1404, 3, 1526
4, 149, 4, 592, 3, 848, 3, 1197, 2, 1234
3, 725, 3, 835
3, 72, 2, 272, 3, 384, 3, 488, 2, 1033, 3, 1037, 2, 1426
3, 501, 2, 1077
3, 78, 2, 834
3, 101, 3, 428, 4, 717
2, 215, 4, 398, 4, 469, 4, 475, 2, 675, 4, 764, 2, 831
3, 232, 3, 714, 3, 825, 3, 908
3, 452
5, 292, 3, 708, 4, 891, 2, 968, 3, 1168, 3, 1257
3, 456, 2, 822, 3, 845, 4, 1105
2, 628, 3, 666, 4, 739, 3, 1471, 4, 1554
2, 110, 3, 636, 4, 692, 4, 713, 3, 875, 2, 1119, 2, 1312
4, 503, 2, 586, 3, 842, 3, 1092, 4, 1218, 3, 1329
3, 25, 4, 54, 3, 1295, 4, 1368
3, 74, 3, 347, 4, 1289
3, 635, 3, 918, 3, 1101, 3, 1171, 4, 1178, 4, 1467, 3, 1533
4, 934, 3, 1371, 3, 1514
3, 183, 4, 193, 3, 948, 2, 1358
2, 316, 2, 958, 3, 985, 3, 1335, 4, 1431
2, 39, 4, 393, 2, 449, 3, 559, 2, 642, 2, 1142, 3, 1375
4, 463, 4, 906, 3, 1162, 4, 1178, 4, 1511, 3, 1548
4, 407, 4, 629
2, 84, 3, 460, 3, 566, 4, 570, 4, 1302, 3, 1386
4, 34, 3, 537, 3, 610, 3, 853, 3, 1342, 4, 1485
3, 237, 3, 321, 2, 576, 3, 826, 3, 953, 4, 1059, 2, 1063
4, 612, 4, 822, 3, 1122, 3, 1155, 4, 1172, 4, 1272
3, 639, 4, 739, 2, 1162, 3, 1195
3, 360, 3, 830, 3, 1036, 3, 1192
3, 4, 5, 254
4, 287, 3, 813, 3, 1442
3, 603
5, 420, 3, 1026, 3, 1063, 3, 1535
2, 451, 4, 1360
3, 540, 3, 557, 3, 628, 3, 678, 4, 1243
3, 58, 4, 1206, 4, 1266, 2, 1383
3, 524, 2, 825, 3, 973, 5, 1041
2, 1064
4, 438, 3, 1374, 4, 1407
3, 271, 3, 1157, 3, 1187
3, 5, 2, 471, 3, 904, 3, 1114, 3, 1120, 2, 1274, 4, 1413
2, 634, 3, 817, 3, 1093, 2, 1183
2, 539, 3, 601, 4, 838, 3, 872, 2, 888, 3, 988, 3, 1211
4, 553, 2, 675, 3, 682, 3, 1019, 3, 1451
4, 243, 3, 1191, 5, 1462
4, 226, 2, 702, 4, 925
2, 7, 3, 40, 3, 629, 3, 729
3, 666, 3, 723, 2, 1342, 3, 1498
3, 146
3, 546, 2, 1488
3, 597, 2, 630, 4, 1219, 4, 1319, 2, 1346
3, 181, 2, 730, 3, 813, 2, 919, 2, 1423, 2, 1496
3, 90
4, 1032
3, 1415
3, 223, 3, 866, 5, 893, 3, 1242, 5, 1338
5, 300, 2, 356, 3, 467, 2, 550, 2, 1049, 3, 1282, 2, 1505
4, 370, 4, 813, 2, 1069, 4, 1086, 3, 1419, 2, 1456
4, 537
5, 770, 3, 973, 4, 1286, 4, 1389
2, 41, 2, 1276
3, 278, 4, 334, 3, 517, 3, 1310, 4, 1499
3, 8, 3, 157, 3, 318, 4, 1100, 4, 1150, 2, 1360, 4, 1426
4, 342, 3, 454, 2, 531, 2, 924, 3, 1107
3, 132, 3, 458, 4, 747
3, 148, 3, 331, 2, 408, 3, 698, 4, 764, 3, 1546
3, 1110, 4, 1320
4, 417, 4, 561, 4, 894, 4, 1432, 3, 1503
3, 201, 3, 937, 3, 1104
3, 415, 3, 685, 2, 1024, 3, 1097, 3, 1340
3, 381, 3, 897, 4, 1001
3, 66, 3, 615
2, 139, 3, 705, 5, 988, 2, 1541
2, 566
4, 226, 4, 276, 3, 552, 3, 569, 3, 842, 3, 1112
4, 579
4, 1041, 4, 1511
3, 326, 3, 536, 3, 542, 3, 696, 4, 1451
3, 577, 4, 1005
3, 250, 3, 310, 3, 417, 3, 427, 3, 660, 3, 1072
3, 466, 3, 699, 3, 922, 4, 1276, 4, 1442, 3, 1525
3, 104, 3, 1007
2, 137, 4, 663, 4, 720, 5, 740, 3, 903, 3, 1146, 2, 1339
2, 530, 5, 613, 4, 869, 4, 1119, 2, 1246, 4, 1356
2, 698
4, 454, 3, 1097, 3, 1257, 3, 1301, 3, 1517, 3, 1546
4, 1014, 3, 1550
5, 173, 2, 202, 3, 845, 4, 872, 3, 1221
3, 279, 3, 335, 3, 339, 2, 445, 2, 529, 3, 1028
3, 568, 3, 789, 3, 1304, 4, 1471
3, 1019, 2, 1052, 3, 1069, 4, 1169
2, 120, 4, 748, 2, 952, 3, 1368
2, 99, 3, 336, 3, 1158
4, 326, 3, 642, 4, 1275
3, 407, 2, 550, 3, 650, 3, 883, 3, 1105, 3, 1422, 3, 1492
3, 546, 2, 590
3, 130, 4, 163, 3, 180, 5, 280, 2, 307
2, 20, 3, 276, 4, 759, 4, 763, 3, 1141
2, 686, 4, 825, 3, 1395
2, 559, 2, 925, 3, 1208, 2, 1362, 3, 1408
3, 730, 2, 853, 4, 1152
3, 254, 3, 464, 3, 508, 2, 790, 2, 930, 3, 1086
4, 28, 2, 78, 3, 494, 3, 644, 3, 804, 3, 1433, 4, 1499
2, 318, 2, 844, 3, 900, 2, 921, 3, 1010, 3, 1083, 3, 1326
4, 891
4, 475, 4, 481, 2, 635, 2, 681, 4, 818, 4, 1184, 2, 1251
3, 652, 4, 831, 3, 914, 3, 1134
3, 555, 4, 1398
3, 229, 4, 289, 3, 395, 2, 406, 3, 639, 3, 1464
4, 445, 5, 678, 4, 1254, 2, 1315, 3, 1421, 3, 1504
3, 42, 5, 103, 3, 209, 2, 219, 2, 864
2, 275, 2, 641, 3, 664, 4, 924
3, 448, 3, 485, 5, 558, 2, 1290, 4, 1374
2, 456, 4, 512, 4, 532, 2, 695, 2, 1132, 2, 1487
3, 495, 3, 599
3, 1011, 3, 1548
5, 170, 2, 613, 2, 842, 3, 869, 3, 1218
3, 442, 3, 746
2, 359, 3, 775, 3, 1085
3, 326, 4, 509, 4, 875
4, 134, 3, 1222
4, 74, 3, 506, 4, 716, 4, 723, 3, 876
3, 660, 4, 1089
4, 334, 4, 394, 3, 500, 3, 510, 3, 743, 4, 1155
3, 679, 3, 846, 3, 929, 3, 1428
4, 347, 4, 446, 3, 569, 4, 869
3, 26, 2, 646, 4, 1002, 4, 1528
3, 217, 4, 460, 3, 693, 2, 916, 3, 1232, 4, 1269, 2, 1303
2, 127, 3, 356, 4, 400, 3, 683, 3, 1236, 3, 1392
3, 247, 2, 264, 3, 537, 4, 1479
3, 1496
3, 274, 2, 304, 2, 946, 3, 973, 3, 1323
3, 381, 2, 437, 3, 441, 3, 547, 2, 630, 2, 1129, 3, 1362
3, 5
3, 444, 3, 600
3, 840, 4, 863, 4, 1323
4, 88, 3, 1243, 3, 1264
4, 95, 2, 315, 3, 997
4, 731
3, 448, 2, 598, 2, 1293
3, 849, 4, 936, 3, 986, 3, 1552
3, 123, 4, 999, 4, 1192, 2, 1502, 4, 1515
2, 287, 5, 832, 3, 1036, 3, 1067, 4, 1090, 3, 1350
2, 187, 3, 1312, 3, 1383, 5, 1389
3, 258, 3, 447, 4, 1023, 2, 1266
3, 617, 2, 1093
4, 1160
3, 1, 2, 1436
3, 84, 4, 527, 3, 1170, 2, 1197, 2, 1214, 4, 1546
3, 28, 4, 251, 3, 567, 3, 638, 2, 1110, 3, 1253
3, 115, 2, 165, 3, 202, 4, 674, 4, 1117, 3, 1373, 2, 1390
3, 461, 3, 598, 3, 1164
4, 411, 4, 748, 3, 1180
3, 45, 3, 481, 4, 637, 3, 837, 3, 1026, 4, 1363, 4, 1420
2, 108, 4, 485, 3, 591, 4, 595, 4, 1411
4, 658, 4, 1227, 5, 1540
4, 391, 3, 757, 2, 1194, 2, 1240, 2, 1350
4, 33, 4, 389, 2, 1048, 4, 1171, 4, 1470
2, 129, 3, 366, 3, 399, 3, 416, 4, 738, 3, 1054
4, 502, 3, 536, 3, 619, 3, 1251, 3, 1289, 4, 1538
2, 86, 4, 719, 3, 956, 3, 989, 3, 1006, 2, 1328
3, 1112, 4, 1368
3, 222, 2, 725
2, 93, 3, 249, 3, 975, 2, 1098
3, 205, 5, 372, 3, 455, 3, 954
3, 164, 5, 264, 4, 800, 4, 1100, 4, 1162
3, 4, 3, 637, 3, 1246, 2, 1319
3, 343, 2, 670, 4, 686, 3, 959
4, 360, 4, 820, 3, 909
4, 168, 3, 180, 4, 351, 2, 730, 2, 1333, 4, 1422
3, 780, 3, 1183
3, 8, 2, 796, 4, 950, 3, 1133
3, 18, 2, 268, 4, 357, 4, 430, 4, 673, 5, 1306
3, 976, 3, 981
2, 28, 2, 165, 2, 221, 3, 531, 3, 710, 2, 1540
3, 22, 2, 777
3, 142, 3, 468, 2, 757
2, 158, 4, 341, 5, 412, 5, 418, 3, 618, 4, 707, 4, 774
3, 175, 2, 658, 2, 768
3, 205, 3, 1380
4, 155, 3, 232, 3, 1530
3, 1446
3, 327, 2, 564, 3, 598, 3, 614, 3, 714, 2, 937
4, 179, 3, 734, 2, 1450, 2, 1487
2, 1200
2, 42, 2, 285, 4, 1437, 4, 1527
4, 967, 3, 1038, 4, 1510
3, 455, 3, 1291
3, 216, 4, 332
4, 56, 3, 632, 3, 1424
3, 1347
3, 272, 4, 1214, 3, 1557
4, 948, 3, 1484
4, 107, 2, 136, 3, 779, 3, 806, 3, 1155
3, 213, 2, 269, 3, 273, 2, 379, 2, 463, 3, 962
5, 114, 4, 334, 4, 1016
3, 750, 2, 1326
2, 1083, 4, 1472
3, 351, 2, 967
4, 576, 4, 863, 4, 1419
2, 659, 3, 1169
4, 653, 2, 726, 4, 969
3, 131, 2, 880
3, 10, 3, 414, 3, 1175
4, 324, 3, 517, 3, 840, 4, 1006
3, 457, 2, 490, 2, 507
3, 437, 4, 487, 3, 764, 3, 781, 3, 1053, 3, 1226
3, 791, 3, 820
3, 275, 5, 591
3, 471, 4, 953, 4, 1064, 4, 1147
3, 661, 3, 788, 4, 1217
3, 871, 2, 967, 3, 1410
3, 129
3, 96, 3, 1061, 3, 1084, 3, 1543
4, 188, 3, 225, 3, 475, 3, 997, 3, 1030
2, 154
3, 42, 2, 737, 4, 941, 3, 1450, 3, 1484, 4, 1500
2, 29, 3, 62, 3, 651, 3, 751
3, 688, 3, 745, 2, 1364, 3, 1520
3, 168
3, 568, 2, 1510
3, 522, 3, 555, 3, 1144, 2, 1271
3, 552, 3, 865, 2, 1335, 4, 1401, 3, 1541
4, 885, 4, 1014, 4, 1491
3, 176, 2, 276, 3, 399, 3, 698
3, 166, 3, 1048
3, 332, 2, 542, 3, 549, 2, 992
3, 295, 3, 1061, 4, 1450, 3, 1471
3, 429, 5, 685, 5, 1034, 5, 1544
4, 79, 3, 102, 3, 146, 3, 362, 4, 562, 3, 672, 2, 1271
3, 698, 4, 892, 2, 1214, 3, 1275, 2, 1381, 4, 1391
3, 682, 4, 848, 4, 931, 3, 1152
4, 446, 3, 1382, 4, 1415
2, 280, 3, 323, 3, 1166, 3, 1195
3, 479, 3, 845, 2, 1282, 3, 1328, 3, 1438
4, 121, 4, 477, 3, 1136, 5, 1259, 3, 1558
2, 217, 3, 454, 4, 487, 3, 504, 4, 826, 3, 1142
2, 493, 3, 526, 3, 610, 3, 1242, 3, 1279, 2, 1529
3, 30, 4, 300, 5, 639, 2, 956
2, 150
3, 340, 3, 400, 4, 423, 2, 679, 2, 1055, 2, 1162, 3, 1166
2, 144, 2, 443, 2, 476, 3, 493, 3, 593, 3, 620
3, 60, 3, 87, 4, 597, 3, 897, 4, 930, 5, 1519
2, 1067, 4, 1210
3, 74, 4, 883, 3, 944, 4, 1050, 4, 1133
3, 517, 4, 933, 3, 1116, 3, 1173, 2, 1193, 3, 1393, 3, 1483
3, 82, 2, 165, 3, 421, 3, 664, 3, 897, 4, 1120, 4, 1473
4, 332, 3, 937, 3, 1446
3, 558, 2, 608, 4, 708
4, 1249, 3, 1320
3, 291
4, 328, 2, 394, 3, 1183, 2, 1337, 3, 1383, 2, 1520
3, 78, 3, 278, 2, 573, 3, 1353, 2, 1376, 3, 1420
4, 215, 3, 571
3, 292, 3, 321, 2, 442, 2, 964, 2, 1007, 3, 1290
2, 140, 2, 483, 4, 756
3, 94, 3, 869, 2, 1529
4, 31, 4, 171, 3, 327, 4, 1053, 3, 1306, 3, 1523
2, 666
4, 1066, 4, 1475
3, 67, 3, 250, 4, 306, 4, 527, 4, 616, 3, 1043, 2, 1209
4, 157, 2, 510, 3, 760, 3, 1259
3, 497, 5, 503, 4, 797, 2, 840, 3, 1273, 5, 1518
2, 537, 3, 740, 3, 836, 4, 986
3, 586, 2, 591, 4, 969, 3, 980, 2, 1406, 3, 1495
3, 74, 4, 151, 4, 544, 4, 1520
3, 95, 4, 224, 3, 467, 2, 700, 3, 1310, 2, 1337
3, 901, 4, 1018, 3, 1251, 2, 1346
4, 159, 4, 165, 2, 1507
3, 188, 3, 254, 3, 392, 2, 808, 2, 1118
3, 281, 4, 317, 2, 688, 2, 724, 4, 1330
4, 288, 2, 371
3, 517, 3, 621
3, 12, 2, 1033
4, 95, 2, 538, 2, 767, 3, 794, 3, 1143
3, 464, 3, 768
2, 381, 3, 591, 4, 797, 2, 1107
2, 175, 3, 685, 4, 714, 3, 1001, 3, 1323, 4, 1384, 2, 1500
4, 1264, 5, 1394
4, 306, 4, 1194
3, 355, 3, 522, 4, 1177, 3, 1398, 3, 1487
3, 1231
2, 73, 3, 328, 3, 572, 3, 805, 4, 1027, 4, 1381, 3, 1547
4, 336, 3, 941, 3, 1451
3, 563, 3, 613, 4, 713
3, 359, 3, 376, 3, 446, 3, 496, 3, 1062
2, 345
3, 422, 3, 705
5, 914
3, 257, 2, 284, 4, 600, 4, 1143, 2, 1206
3, 733, 3, 927, 3, 1249, 4, 1416
4, 567, 3, 866, 3, 900, 3, 916, 4, 1016
2, 231, 4, 304, 4, 608, 3, 714, 4, 1120
3, 104, 3, 780, 3, 937
3, 514, 4, 880, 3, 903, 3, 1363, 3, 1473
3, 35, 4, 511, 3, 1171, 4, 1294, 3, 1300
2, 251, 4, 522, 3, 538, 4, 861, 3, 1177
3, 218, 3, 622, 5, 734, 3, 1383
2, 409, 2, 852, 4, 1108, 4, 1224, 3, 1457
3, 502, 3, 681, 5, 985
3, 415, 2, 419, 3, 798, 3, 1235
4, 222, 3, 251, 3, 894, 6, 938, 5, 1271
3, 495, 2, 578
2, 622, 3, 828, 2, 1137
3, 378, 3, 838, 2, 927
4, 89, 3, 199, 4, 369, 2, 748, 2, 1351, 3, 1441
3, 798, 3, 1201
3, 26, 2, 814, 4, 968, 3, 1151
2, 133, 2, 383, 4, 473, 4, 545, 2, 789, 4, 1421
4, 995, 4, 999
3, 97, 3, 143, 4, 280, 3, 337, 3, 647, 3, 659, 3, 826
2, 127, 3, 376
3, 410, 3, 420, 3, 936
4, 636, 3, 726
2, 832, 2, 972, 4, 1542
4, 705, 3, 1072, 3, 1354, 3, 1508, 4, 1554
2, 421, 3, 1456, 2, 1556
4, 610, 2, 654, 4, 937, 4, 1232, 3, 1526
3, 45, 3, 793
3, 327, 3, 1093, 4, 1482, 2, 1503
4, 115, 4, 558, 3, 814, 3, 1163, 2, 1200
3, 691, 3, 801
3, 718, 4, 1030, 3, 1134
3, 684, 4, 868, 4, 1234
2, 22, 4, 79, 4, 1054, 4, 1243
4, 2, 3, 172, 2, 235, 3, 871
4, 1114, 3, 1121, 3, 1476
2, 735, 3, 875, 3, 1444
3, 608, 2, 974, 3, 1257, 2, 1411, 3, 1457
4, 1068
3, 1451
4, 259, 4, 902, 4, 929, 3, 1278, 2, 1374
3, 1214, 3, 1270, 4, 1381, 2, 1464
3, 881, 3, 1404, 3, 1437
3, 72, 2, 345, 2, 715, 4, 1187
4, 1012
2, 995, 2, 1451
3, 529
3, 436, 3, 1058, 4, 1157
3, 662, 3, 891
2, 1261
3, 476, 3, 693
3, 456, 4, 506, 3, 782, 3, 799, 3, 1071, 3, 1342
4, 809, 3, 838
2, 221, 4, 677, 4, 710, 3, 727, 4, 827, 3, 854, 2, 1463
4, 294, 4, 716
5, 28, 4, 55, 3, 71, 3, 171, 5, 404, 5, 500, 3, 943
2, 58, 3, 208, 4, 1063, 4, 1150, 3, 1200
4, 231, 3, 348, 3, 581
2, 235, 4, 252, 3, 1523
3, 336, 3, 875, 4, 1418
4, 20, 5, 166, 2, 265, 4, 802, 4, 1101
4, 369, 5, 442, 3, 685, 3, 1174, 2, 1191, 3, 1318
3, 167, 4, 250, 2, 506, 2, 882, 3, 993
3, 1055
3, 173, 2, 206, 4, 223, 3, 323, 3, 350, 5, 959
3, 343, 3, 1096, 2, 1472
4, 93, 4, 536, 3, 1179, 3, 1206, 2, 1223, 4, 1556
3, 37, 3, 260, 3, 576, 3, 647, 3, 1119, 3, 1262
3, 124, 2, 174, 3, 211, 4, 683, 3, 1126, 2, 1382, 4, 1399
3, 41, 4, 145, 2, 294, 4, 1083, 3, 1149, 3, 1287
4, 490, 3, 647, 4, 1212, 4, 1372, 4, 1495
3, 61, 2, 124, 3, 733, 4, 760, 2, 1060, 3, 1076, 3, 1349
3, 244, 2, 527
3, 833, 2, 1043, 4, 1050, 2, 1343, 3, 1376, 4, 1393, 2, 1493
4, 42, 2, 242, 4, 331, 2, 398, 4, 1340, 4, 1523
4, 1423
3, 225, 3, 475, 3, 974
4, 511, 3, 545, 3, 628, 3, 1260, 3, 1298, 4, 1547
2, 95, 4, 728, 4, 965, 3, 998, 4, 1015, 2, 1337
3, 1121, 3, 1377
3, 231, 2, 735
3, 693, 3, 749, 2, 1369, 3, 1525
3, 173
3, 572, 2, 1515
3, 526, 3, 560, 3, 1148, 2, 1275
3, 557, 3, 869, 2, 1339, 4, 1406, 3, 1545
3, 890, 4, 1019, 4, 1495
3, 181, 2, 280, 3, 403, 3, 703
3, 371, 2, 577, 2, 933, 4, 1459
3, 51, 3, 294, 3, 527, 3, 750, 3, 1066, 3, 1103
3, 217, 2, 334, 4, 567, 2, 571, 2, 1076, 2, 1519
4, 108, 3, 341, 2, 563, 3, 917, 3, 1422
4, 137, 2, 967, 4, 1013, 3, 1206, 3, 1516
4, 300, 3, 846, 3, 1147, 3, 1295, 4, 1363
2, 510, 3, 887
2, 45, 4, 727
4, 72, 2, 271, 4, 384, 3, 854, 2, 1060
4, 158, 2, 485, 3, 501, 3, 631, 3, 774
3, 2, 3, 98, 4, 414, 3, 1150, 4, 1211, 3, 1327
3, 264, 3, 618, 3, 868, 3, 1367
4, 482, 3, 904
3, 1387, 3, 1503
2, 1038
4, 644, 3, 848, 3, 1064, 5, 1358, 4, 1408, 3, 1508
4, 418, 3, 718, 2, 1340, 4, 1440
2, 495, 2, 851, 4, 1377, 2, 1433
2, 31, 3, 608, 3, 668, 3, 1356
4, 375, 4, 755, 2, 911, 4, 938, 4, 1014, 4, 1370
4, 405, 3, 838, 3, 1048, 3, 1054, 3, 1208, 4, 1497
3, 305, 3, 965, 4, 1087, 2, 1247, 2, 1431, 4, 1507
3, 80, 4, 529
4, 192, 3, 263, 4, 735, 3, 1211, 3, 1434
3, 519, 4, 739, 4, 1255, 4, 1421
3, 969, 2, 1003, 4, 1019, 4, 1119
3, 214, 3, 730, 4, 833
4, 384, 5, 430, 4, 933
4, 205, 2, 754, 2, 943, 2, 1336, 4, 1446, 2, 1519
3, 411, 4, 415, 4, 793, 3, 804, 3, 1230, 2, 1486
2, 271, 2, 454, 4, 698, 3, 1247, 4, 1260, 3, 1436
3, 321, 3, 704, 2, 714, 2, 727, 3, 1396, 3, 1469
4, 182, 3, 194, 4, 365, 2, 743, 2, 1346, 3, 1436
3, 890, 3, 1294
3, 119, 2, 907, 4, 1061, 3, 1244
3, 129, 2, 378, 4, 468, 4, 541, 2, 784, 5, 1417
3, 990, 3, 994
2, 93, 3, 139, 3, 276, 3, 332, 3, 642, 3, 655, 2, 821
2, 122, 3, 372
3, 405, 3, 415, 3, 931
3, 60, 3, 164, 2, 486, 3, 653, 2, 1528
2, 1152, 3, 1362
3, 935
2, 453
3, 929, 2, 1306
2, 243, 4, 463, 3, 1146
3, 976, 3, 1552
3, 117, 3, 140, 3, 1309
4, 34, 2, 423, 3, 444, 3, 827, 5, 1353
5, 44, 3, 510, 3, 666, 2, 1232, 5, 1515
3, 81, 3, 325, 3, 558, 4, 780, 3, 1096
3, 175, 4, 187, 2, 354, 4, 364, 2, 1230, 3, 1423
4, 2, 3, 222, 2, 501, 3, 1297, 3, 1310, 2, 1476
4, 262, 4, 351, 4, 455, 2, 777, 4, 944, 3, 954
2, 301, 4, 1377
3, 1206, 3, 1483
3, 231, 3, 790, 4, 890, 3, 1013, 3, 1313, 4, 1433
4, 208, 4, 258
3, 58, 3, 807
4, 35, 2, 55, 4, 438, 5, 461, 4, 1204
3, 122, 3, 278, 4, 844, 4, 1004, 2, 1060, 3, 1127
4, 594, 5, 731, 4, 1147, 4, 1297
3, 841, 3, 1035, 3, 1357, 4, 1417, 5, 1523, 5, 1534
3, 825, 4, 991, 4, 1074, 3, 1295
3, 1353, 2, 1430
3, 75
2, 396, 3, 585, 4, 978
3, 152, 2, 209, 3, 213, 2, 319, 2, 402, 3, 901
3, 539, 3, 759, 3, 1275, 4, 1441
4, 892, 2, 925, 3, 942, 3, 1042
4, 622, 2, 826, 3, 1242, 2, 1552
3, 36, 3, 352, 2, 735, 4, 851, 4, 1084, 3, 1088
4, 202, 3, 556, 4, 805, 4, 1305
4, 6, 4, 543, 4, 549, 4, 703, 3, 842, 3, 886, 2, 1318
5, 719, 3, 742, 4, 898, 5, 1202, 4, 1497
3, 499, 2, 1036, 4, 1335
4, 120, 2, 330, 3, 373, 4, 656, 5, 796, 4, 1366
3, 413, 3, 1355
3, 989, 4, 1116, 5, 1511, 4, 1545
3, 613, 3, 1149, 2, 1289, 3, 1445
4, 354, 4, 520, 3, 604
2, 660, 3, 1402
2, 184, 3, 274, 4, 404
3, 579, 3, 600, 2, 1555
2, 167, 2, 224, 2, 334, 2, 417, 3, 916, 3, 1372
4, 263, 3, 457, 3, 779, 4, 945
3, 493, 2, 527, 3, 543, 4, 643
2, 427, 2, 637, 3, 843, 2, 1153
3, 221, 3, 730, 5, 760, 4, 1047, 3, 1369, 4, 1429, 2, 1546
3, 1310, 3, 1439
3, 351, 5, 728, 4, 1240
4, 461, 3, 578, 3, 811
3, 52, 2, 68, 3, 1339
4, 471, 2, 615, 2, 948, 3, 1470, 3, 1486, 4, 1557
4, 382, 3, 987, 4, 1497
2, 608, 4, 658, 4, 758
5, 1300, 3, 1370
4, 184, 3, 284, 5, 311, 3, 1120, 4, 1153, 3, 1492
5, 388, 5, 1193, 3, 1209, 4, 1336
4, 101, 2, 261, 3, 1093, 3, 1369, 4, 1509
3, 634, 3, 984, 4, 1493, 2, 1523
2, 52, 3, 98, 2, 208, 2, 807, 3, 1173, 3, 1240, 2, 1456
2, 428, 4, 551, 3, 1331
3, 82, 3, 1064, 3, 1470
3, 278, 2, 632, 3, 881, 3, 1380
4, 399, 3, 821
2, 1420
4, 19, 5, 76, 2, 142, 5, 695, 5, 852, 3, 1051
3, 1168, 3, 1305
3, 329, 3, 475, 3, 575, 3, 1111, 3, 1118, 2, 1411, 3, 1455
4, 609, 3, 632, 4, 891, 2, 1387
3, 39, 3, 525, 4, 1341
2, 89, 3, 149, 3, 265, 4, 498, 4, 1008, 4, 1037
2, 30, 3, 159, 4, 402, 4, 635, 3, 1211, 3, 1245, 3, 1271
4, 69, 3, 712, 2, 756, 3, 1039, 3, 1178, 3, 1334
2, 189, 3, 206, 3, 277, 3, 892
3, 293, 4, 753, 3, 842
2, 17, 3, 566, 3, 1148, 3, 1169, 4, 1331
4, 682, 3, 819, 3, 1235, 3, 1385
4, 53, 4, 64, 5, 297, 5, 929, 4, 1123, 3, 1445, 4, 1505
3, 973
3, 164, 2, 813, 2, 996, 4, 1195, 3, 1206, 3, 1412
4, 769
2, 104, 4, 420
4, 299, 3, 782, 4, 892, 3, 975
3, 520, 5, 948
3, 193, 3, 254, 3, 360, 3, 370, 3, 603, 4, 1015
3, 7, 2, 507, 4, 740, 4, 962, 3, 1316, 4, 1482
4, 47, 3, 950
3, 80, 4, 607, 4, 663, 5, 683, 3, 943, 3, 1186, 3, 1283
3, 168, 3, 424, 2, 801, 2, 911
2, 82, 2, 376, 3, 604, 2, 648, 2, 808, 3, 931, 3, 1484
2, 635, 4, 945
4, 439, 4, 446, 2, 801, 2, 1461
4, 80, 2, 323, 3, 872, 3, 1061, 4, 1454
4, 32, 4, 232, 5, 242, 4, 309, 3, 448, 4, 598, 3, 758
2, 272, 3, 875, 3, 1268, 2, 1451
3, 88, 2, 405, 3, 475, 5, 948, 3, 1091, 2, 1424
5, 3, 3, 40, 5, 512, 5, 955, 4, 1211, 4, 1228
5, 456, 5, 679
2, 36, 3, 412, 3, 518, 4, 522, 4, 1255, 3, 1338
4, 83, 3, 586, 3, 659, 4, 902, 2, 1391, 4, 1408, 3, 1535
4, 253, 3, 287, 3, 875, 3, 975, 4, 1512
2, 673, 2, 1249, 3, 1492
3, 240, 3, 490, 3, 989
3, 34, 3, 430, 4, 463, 3, 546, 3, 1216, 3, 1466
4, 237, 2, 253, 4, 576, 3, 892, 2, 1524
3, 337, 3, 863, 3, 1491
3, 653
3, 27, 5, 470, 3, 1075, 4, 1112
2, 500, 4, 1409
4, 590, 3, 606, 3, 677, 4, 727, 4, 1293
4, 107, 3, 617, 4, 1255, 3, 1316, 3, 1432
4, 830
3, 880
4, 71, 4, 720, 3, 903, 2, 1103, 4, 1113, 3, 1319
4, 111, 3, 787, 3, 1357
3, 520, 3, 887, 2, 1323, 2, 1369, 3, 1479
3, 41, 3, 162, 4, 518, 3, 1177, 4, 1300
2, 258, 3, 495, 4, 528, 3, 545, 4, 867, 3, 1183
3, 604, 4, 641, 2, 1446, 5, 1529
3, 724
2, 591, 3, 753, 2, 1546
3, 19, 3, 519, 3, 752, 2, 974, 3, 1328, 4, 1494
4, 156, 3, 479, 3, 539, 2, 645, 2, 655, 3, 888, 2, 1398
3, 928
2, 542
3, 680, 3, 1019, 4, 1268, 2, 1395
3, 10, 4, 580, 2, 892, 4, 1146, 4, 1429
5, 569, 4, 596, 3, 913, 2, 1042, 4, 1185, 3, 1518
3, 161, 2, 510
3, 90, 3, 407, 3, 577, 3, 1039, 4, 1559
4, 67, 3, 377, 3, 1006, 4, 1209, 3, 1409
4, 432, 5, 438, 3, 588, 3, 881, 3, 1153, 3, 1436, 4, 1524
4, 837, 2, 1041, 3, 1353, 3, 1457
2, 109, 2, 1344
3, 9, 3, 346, 4, 402, 3, 585, 3, 1377
2, 75, 3, 225, 3, 385, 4, 1167, 4, 1217, 2, 1427, 4, 1494
3, 409, 2, 522, 2, 599, 2, 992, 3, 1175, 3, 1418
3, 163, 3, 546, 4, 556, 4, 1072
3, 140, 4, 236, 2, 679, 3, 1322, 2, 1349, 2, 1465
2, 180, 3, 403, 3, 1262, 4, 1505
4, 126, 3, 309, 3, 676, 4, 742, 4, 1524, 3, 1531
2, 6, 4, 210, 3, 426, 3, 1335
3, 56, 3, 60, 4, 852
3, 956, 3, 1278, 2, 1348, 2, 1455
3, 596, 4, 800, 4, 895, 3, 945, 3, 1045
5, 163, 4, 650, 4, 1465
3, 213, 3, 246, 3, 273, 2, 390, 4, 623, 4, 1132, 4, 1162
3, 154, 2, 1369
4, 753
4, 11, 4, 88, 2, 287, 4, 377, 3, 443, 3, 1386
4, 8, 2, 224
3, 314, 3, 330, 2, 401, 3, 451, 3, 873, 3, 1017
4, 341, 2, 491, 4, 784, 2, 1056, 5, 1339, 4, 1426
2, 127, 4, 144, 3, 214, 2, 687, 3, 830
4, 179, 3, 501, 5, 562, 3, 678
2, 119, 3, 269
4, 815
4, 149, 3, 426, 3, 565, 2, 875
4, 769, 3, 1092, 4, 1258
3, 10, 3, 253, 3, 742, 3, 886, 2, 1495
3, 939, 3, 949, 3, 1155, 3, 1465
2, 124, 2, 184, 3, 300, 4, 533, 4, 629
3, 723, 4, 746
2, 90, 3, 240, 2, 400, 4, 1028, 3, 1095, 2, 1232
2, 436, 3, 592, 4, 792, 4, 1158, 5, 1318, 3, 1374, 5, 1441
3, 449, 3, 453, 3, 842, 3, 1245, 3, 1268, 2, 1524
3, 406, 4, 1382
3, 346, 4, 1126, 2, 1149, 4, 1193, 3, 1409
3, 184, 4, 217, 2, 806, 2, 906, 3, 1442
2, 603, 2, 1179, 3, 1423
3, 171, 3, 420
2, 71, 3, 454, 3, 464, 3, 980
3, 48, 4, 144, 3, 587, 3, 1229, 4, 1256, 4, 1373
2, 185, 3, 407, 3, 1266, 4, 1510
4, 650, 3, 657, 3, 1426
2, 51, 3, 108, 2, 128, 2, 174, 2, 727, 3, 883, 3, 1083
4, 60, 4, 64, 4, 857
5, 863, 4, 1186, 2, 1352, 2, 1362
4, 503, 4, 803, 4, 853, 4, 953
3, 1, 4, 1033, 4, 1043, 3, 1249
3, 218, 4, 251, 3, 278, 3, 394, 5, 627, 4, 1137, 5, 1166
3, 62, 2, 1276
3, 758
4, 15, 4, 92, 2, 292, 4, 381, 3, 448, 3, 1390
4, 12, 2, 229
4, 318, 3, 335, 3, 406, 4, 456, 4, 878, 3, 1021
2, 109, 2, 381, 3, 751, 4, 1224
4, 187, 4, 431, 3, 664, 4, 886, 3, 1203, 3, 1273
2, 24, 4, 533, 3, 976, 3, 1205, 4, 1232, 3, 1349
3, 63, 3, 700, 3, 1388
4, 531, 5, 1373
3, 204, 5, 264, 3, 370, 4, 381, 3, 614, 3, 1440
3, 420, 2, 653, 4, 1229, 4, 1290, 3, 1396, 3, 1479
3, 58, 4, 960
2, 91, 3, 617, 5, 694, 4, 1087, 3, 1100, 3, 1270, 2, 1293
2, 567, 3, 1310
3, 311, 4, 771, 3, 861
3, 132, 2, 681, 4, 1264, 2, 1284, 4, 1374, 4, 1447
4, 338, 4, 342, 3, 731, 3, 1134, 4, 1157, 4, 1413
2, 494, 3, 684, 2, 1077, 2, 1260, 3, 1503
2, 611, 3, 900
4, 888
3, 301, 4, 484, 4, 850
4, 12, 4, 1100
4, 49, 3, 481, 4, 691, 4, 698, 3, 851
3, 635, 5, 1064
3, 309, 4, 369, 4, 475, 3, 485, 4, 718, 4, 1130
3, 40, 2, 123, 3, 379, 3, 622, 3, 855, 4, 1078, 4, 1431
4, 289, 4, 895, 3, 1404
3, 516, 2, 566, 3, 666
4, 329, 5, 399, 4, 409, 4, 1112
4, 513, 3, 559, 3, 1062, 4, 1241
3, 869, 2, 1478
3, 709, 3, 792, 3, 1012
4, 443, 2, 447, 4, 838, 3, 1262
4, 250, 4, 279, 3, 399, 3, 921, 3, 965, 3, 1248
2, 389, 3, 439, 3, 715, 3, 732, 3, 861, 3, 1005
3, 426, 3, 869
4, 226, 3, 858, 3, 1468
3, 137, 4, 370, 3, 592, 3, 908, 3, 1451
3, 413, 3, 580, 2, 1235, 2, 1455, 2, 1545
3, 972, 2, 1176
4, 11, 4, 483, 2, 627, 2, 960, 2, 1482, 3, 1498
4, 394, 3, 999, 4, 1509
2, 304, 2, 354
3, 154, 3, 214, 3, 903
4, 790, 3, 1130, 3, 1379, 2, 1506
2, 568, 3, 1278
3, 874, 2, 1084, 3, 1091, 4, 1384, 4, 1434, 2, 1534
3, 342, 2, 901, 3, 1001, 4, 1124, 4, 1423, 2, 1467, 4, 1544
4, 123, 4, 322, 2, 432, 2, 516, 2, 1032, 2, 1398, 2, 1421
4, 555, 3, 1055, 4, 1292, 3, 1458
4, 293, 2, 496, 4, 1006, 2, 1056, 2, 1156
4, 399, 2, 482, 3, 738, 3, 988, 4, 1115, 3, 1225
3, 582, 2, 1192, 2, 1264, 2, 1508
4, 289, 4, 339, 3, 615, 2, 632, 4, 755, 3, 905
4, 180, 4, 769, 4, 1412, 4, 1455
4, 856
5, 906
3, 97, 4, 746, 3, 929, 3, 1129, 5, 1139, 4, 1345
3, 233, 3, 703, 3, 909, 3, 1066
3, 127
4, 377, 4, 527, 3, 687, 3, 1382, 4, 1469, 4, 1519
4, 663, 2, 946, 4, 1034
3, 108, 3, 324, 2, 1233, 2, 1462
3, 751, 3, 1512
4, 364, 3, 518, 4, 564, 4, 701, 3, 1067
3, 67
2, 337, 4, 1413, 3, 1436
3, 150, 4, 161, 2, 1325, 3, 1329
3, 254, 2, 283, 2, 926, 3, 953, 3, 1303
2, 514
2, 491, 3, 541, 4, 817, 4, 834, 3, 957, 3, 963, 3, 1106
3, 424, 2, 580
3, 590, 3, 801, 3, 807, 2, 1100, 5, 1250
3, 428, 3, 465, 4, 1353
4, 161, 4, 278, 3, 511
4, 165, 2, 182, 3, 1453
3, 25, 3, 42, 4, 113, 4, 585, 2, 728, 2, 1061
3, 52, 5, 495, 2, 724, 3, 1101
2, 429, 3, 924
3, 192, 4, 242, 4, 518, 3, 535, 2, 808
4, 523, 4, 699
2, 233, 4, 816
3, 46, 2, 756, 3, 1122, 3, 1188, 3, 1405, 3, 1558
3, 137, 3, 320, 2, 397, 2, 597, 4, 656, 4, 686, 2, 1279
3, 636, 3, 747
3, 663, 5, 1079, 2, 1389
4, 630, 3, 813, 3, 1179
5, 24, 5, 1000, 2, 1526
3, 744, 4, 1226, 3, 1337, 3, 1420
4, 132, 3, 232, 2, 259, 3, 769, 4, 1068, 3, 1102, 2, 1545
2, 129, 2, 332, 4, 549
3, 362, 3, 572, 2, 638, 2, 778, 2, 1088
4, 203, 3, 253, 3, 762, 5, 792, 3, 912, 3, 1434, 3, 1478
4, 120, 4, 769, 3, 952, 4, 1151, 2, 1162, 3, 1228, 4, 1368
3, 333, 2, 739, 3, 909, 3, 1288
3, 406, 3, 550, 3, 882, 4, 1421, 3, 1492
3, 190, 4, 926, 3, 1092
3, 403, 3, 674, 2, 1013, 3, 1086, 3, 1329
3, 370, 3, 886, 4, 990
4, 541, 3, 586, 3, 1090, 4, 1269
4, 896, 2, 1506
3, 57, 3, 140, 3, 360, 3, 639, 3, 872, 4, 1448, 2, 1508
4, 374, 2, 403, 3, 1046, 4, 1073, 2, 1090, 4, 1422
3, 513, 3, 540, 2, 857, 3, 986, 3, 1129, 2, 1462
3, 8
3, 544, 4, 700, 4, 1426
3, 278, 4, 644, 3, 667, 4, 1126, 3, 1237
4, 178, 3, 837, 2, 960, 5, 1260
2, 458, 2, 514, 2, 535, 4, 697, 4, 1490
2, 136
2, 325, 3, 385, 3, 408, 2, 664, 2, 1040, 3, 1147, 3, 1151
3, 331, 4, 364, 3, 381, 4, 508, 4, 1359
2, 221, 4, 477, 3, 854, 3, 960, 2, 964, 2, 1343
2, 238, 3, 427, 3, 1004, 2, 1247
3, 597, 2, 1074
3, 281, 5, 314, 2, 398, 3, 1067, 4, 1140, 4, 1317, 4, 1444
2, 435, 2, 735, 3, 784, 3, 884
3, 561, 3, 965, 3, 1084, 3, 1491
4, 145, 3, 149, 4, 655, 2, 1354, 4, 1470
3, 748, 5, 771
2, 12, 4, 116, 2, 266, 2, 1054, 3, 1121, 3, 1258
3, 402, 3, 685
4, 1534
3, 559
2, 169, 3, 542, 3, 712, 2, 775, 2, 1384, 2, 1411
3, 199, 2, 549, 2, 995, 4, 1058
3, 372, 4, 738, 2, 805, 4, 1015, 3, 1021, 3, 1175, 3, 1221
3, 116, 4, 205, 2, 632, 3, 798, 3, 809, 4, 1454
3, 196, 3, 253, 3, 363, 3, 446, 3, 945, 3, 1328
4, 706, 4, 795
4, 163, 4, 319, 3, 1045, 4, 1168
3, 786, 3, 953, 3, 1036, 3, 1535
4, 40, 3, 140, 4, 676, 3, 976, 2, 1452
2, 171, 4, 627, 4, 660, 3, 677, 4, 777, 3, 804, 3, 1413
4, 341, 4, 1177
3, 219
3, 402
2, 445, 3, 518, 3, 761, 3, 1217, 3, 1250, 3, 1267, 4, 1394
3, 55, 3, 155, 4, 577
2, 804, 2, 1446
2, 793, 4, 1403
2, 937, 4, 1047, 4, 1130
4, 358, 2, 395, 4, 468, 3, 878, 4, 1200, 3, 1284
2, 96, 2, 345, 3, 435, 3, 508, 3, 751, 4, 1383
3, 1054, 3, 1058
2, 60, 3, 106, 3, 243, 3, 299, 4, 609, 3, 621, 2, 788
2, 89, 4, 338
4, 372, 4, 382, 3, 898
2, 696, 4, 785
2, 13, 3, 153, 4, 723, 3, 922, 3, 1035, 3, 1505
5, 264, 4, 762, 4, 972, 4, 1039, 4, 1178, 2, 1488
2, 104, 3, 830, 3, 1300, 4, 1366, 2, 1506
4, 1077, 3, 1553
3, 61, 3, 877, 4, 1547
3, 34, 3, 39, 4, 1243, 2, 1360
3, 271, 3, 500, 2, 661, 4, 704, 3, 921, 4, 1364
2, 269, 3, 514, 2, 1051, 4, 1057, 3, 1211, 3, 1394
3, 448, 4, 1090, 4, 1251, 3, 1294, 3, 1511, 4, 1540
3, 83, 2, 1104
4, 166, 2, 195, 3, 838, 3, 865, 3, 1215
3, 272, 3, 329, 3, 333, 3, 439, 3, 522, 4, 1021
3, 102, 3, 785
4, 441, 4, 911, 2, 1117, 4, 1273, 2, 1473
2, 32, 4, 48, 3, 119, 3, 591, 4, 735
4, 156, 5, 472, 4, 855, 4, 971, 3, 1204, 3, 1208
4, 322, 3, 676, 3, 925, 4, 1424
5, 29, 5, 565, 4, 572, 5, 726, 4, 865, 3, 909, 3, 1341
3, 59, 4, 839, 3, 862, 2, 1018, 4, 1322
4, 619, 2, 1155, 4, 1455
3, 240, 2, 353, 3, 396, 2, 679, 3, 819, 3, 1388
3, 533, 3, 1475
4, 73, 3, 107, 3, 1109, 3, 1236
2, 7, 3, 733, 4, 1203, 4, 1269, 4, 1409
4, 203, 4, 679, 2, 1218, 4, 1289
2, 1151, 2, 1488
3, 113, 2, 386, 4, 669, 4, 756, 3, 1222, 4, 1378
3, 233, 3, 250, 4, 321, 3, 936
3, 337, 4, 383, 3, 886
3, 61, 2, 610, 3, 799, 2, 1192, 2, 1375
3, 450, 3, 726, 4, 1015
3, 513, 4, 697, 3, 773, 3, 1129
3, 334, 3, 407, 4, 651, 4, 1140, 4, 1283, 4, 1389
2, 374, 4, 447, 3, 750, 4, 857, 4, 1179, 2, 1262
3, 911, 2, 1487
3, 75, 2, 1244
4, 522, 4, 609, 2, 1225
3, 465, 3, 1241
3, 39, 3, 76, 3, 549, 4, 992, 2, 1264, 4, 1547
4, 16, 4, 492, 3, 1031, 3, 1102
3, 1062, 2, 1399
3, 24, 3, 253, 4, 296, 5, 579, 5, 1288
2, 63, 4, 436, 2, 606, 3, 669, 3, 1245, 4, 1278, 2, 1305
3, 200, 3, 843
3, 127, 2, 427, 3, 460, 2, 477, 2, 576, 2, 603, 3, 1213
4, 44, 4, 167, 3, 263
4, 700, 3, 983, 4, 1122, 2, 1278
4, 90, 3, 146, 2, 257, 4, 340, 3, 839, 4, 1295
3, 476, 4, 600, 4, 1213, 4, 1282
3, 830, 2, 863, 2, 880
4, 1186
4, 264, 3, 268, 2, 657, 4, 1060, 4, 1083, 3, 1173
3, 68, 5, 124, 4, 1100, 5, 1289
4, 47, 2, 218, 2, 280, 3, 917
2, 61, 4, 1187, 5, 1257, 5, 1263
2, 132, 3, 321, 3, 897, 2, 1141
3, 248, 3, 265, 3, 394, 3, 538, 2, 870, 3, 1480, 2, 1530
2, 594, 2, 890
3, 1, 4, 467, 4, 900, 4, 1110, 2, 1116, 4, 1410, 4, 1460
2, 1156, 2, 1493
3, 118, 3, 390, 4, 673, 5, 761, 3, 1227, 4, 1383
3, 238, 3, 255, 4, 325, 3, 941
3, 342, 4, 388, 3, 891
3, 65, 2, 614, 3, 804, 2, 1197, 2, 1380
3, 551, 3, 828, 4, 1117
3, 518, 4, 701, 4, 778, 3, 1134
4, 339, 3, 412, 4, 655, 5, 1144, 4, 1288, 5, 1394
2, 476, 4, 549, 3, 852, 4, 958, 4, 1281, 2, 1364
2, 176, 2, 426, 3, 515, 2, 831, 3, 1002, 3, 1464
4, 252, 2, 289, 4, 362, 4, 772, 5, 1177
2, 838, 3, 994
4, 1514
4, 56, 4, 938, 2, 1364, 3, 1421, 2, 1531
3, 136, 2, 472, 3, 1254, 3, 1358
2, 226, 3, 415, 3, 991, 2, 1235
2, 964
2, 482
3, 619, 3, 958, 4, 1208, 2, 1335
3, 46, 3, 616, 2, 928, 4, 1182, 4, 1465
4, 606, 3, 633, 2, 949, 3, 1078, 3, 1222, 3, 1555
3, 100, 3, 450
5, 37, 4, 127, 4, 443, 4, 614, 3, 1075
4, 104, 3, 414, 3, 1042, 3, 1246, 3, 1446
3, 21, 3, 663, 3, 1136
2, 1543
2, 1394
3, 291, 3, 807, 4, 911
4, 462, 5, 508, 4, 1011
3, 39, 3, 282, 2, 831, 2, 1021, 3, 1414, 4, 1524
2, 6, 3, 488, 3, 492, 4, 871, 3, 881, 3, 1308
2, 349, 3, 532, 3, 775, 2, 1324, 3, 1337, 3, 1514
3, 419, 2, 689, 2, 1028, 3, 1344
3, 482, 3, 886, 3, 1102, 3, 1412
3, 66, 3, 70, 4, 1275, 2, 1391
4, 303, 2, 532, 2, 693, 4, 736, 4, 952, 4, 1395
2, 301, 3, 546, 2, 1083, 4, 1089, 3, 1243, 3, 1426
3, 14, 4, 480, 4, 1122, 3, 1283, 3, 1326, 3, 1543
3, 115, 4, 477, 3, 1136
2, 348, 3, 914, 4, 1197, 3, 1336
3, 304, 3, 360, 3, 364, 3, 471, 2, 554, 3, 1053, 4, 1286
4, 41, 6, 181, 5, 683, 2, 727, 5, 1010, 3, 1156, 4, 1390
3, 64, 3, 767
2, 7, 4, 307, 2, 340, 3, 1343, 3, 1443
3, 1043, 3, 1206, 3, 1449
4, 354, 3, 708, 3, 957, 3, 1456
4, 61, 4, 597, 4, 604, 4, 758, 4, 897, 3, 941, 3, 1373
3, 797, 5, 871, 2, 1050, 4, 1354, 3, 1552
4, 651, 2, 1187, 5, 1487
3, 175, 2, 385, 2, 428, 3, 711, 4, 851, 3, 1420
3, 565, 3, 1507
4, 105, 3, 139, 3, 1141, 3, 1268
2, 39, 3, 765, 2, 1235, 4, 1301, 2, 1441
2, 1391
4, 288, 3, 908, 3, 1218
2, 18, 2, 239, 2, 328, 4, 518, 4, 755, 4, 921, 3, 1337
3, 222, 2, 971, 2, 1427
3, 445, 3, 784, 2, 1160
3, 292, 2, 735, 2, 964, 3, 991, 3, 1341
3, 565, 3, 868
2, 482, 2, 692, 3, 898, 2, 1208
2, 1101
2, 40, 4, 323, 3, 462, 3, 1032, 3, 1554
3, 179, 4, 412, 4, 1049, 3, 1365, 4, 1494
4, 30, 4, 456, 3, 622, 4, 1278, 3, 1498
2, 1219, 4, 1429
3, 1095
4, 80, 2, 469, 3, 489, 3, 872, 3, 1398
5, 100, 4, 187, 4, 653, 4, 809, 2, 1375
3, 127, 4, 370, 3, 603, 4, 826, 3, 1142, 3, 1213
3, 293, 3, 410
3, 41, 4, 230, 2, 806
3, 47, 3, 1522
3, 81, 3, 91, 3, 297, 4, 517, 3, 607, 5, 1256, 4, 1260
3, 547, 4, 863, 4, 1299, 3, 1495
3, 1545
2, 1069, 4, 1452, 3, 1462
4, 218, 4, 900
2, 30, 3, 557, 5, 1027, 2, 1233, 4, 1389
3, 147, 3, 164, 3, 234, 3, 284, 3, 706, 3, 850
4, 271, 4, 421, 3, 714, 2, 987, 2, 1270, 4, 1357
4, 754, 4, 1297
3, 1097, 3, 1353
3, 11, 4, 887, 4, 1080, 3, 1390
4, 1150, 4, 1294
2, 158, 2, 329, 4, 391, 4, 967, 3, 1028, 3, 1134, 3, 1217
3, 844, 2, 1354, 4, 1383
3, 102
5, 354, 3, 781, 3, 791, 3, 837, 3, 947, 3, 1030, 4, 1529
2, 248, 2, 308, 2, 425, 4, 658, 3, 754
3, 847, 4, 870, 3, 1330
3, 95, 3, 1250, 3, 1271
4, 102, 2, 322, 3, 1004
4, 738, 3, 901
2, 1071, 4, 1460
3, 339, 3, 955
3, 592, 3, 625, 4, 1214, 4, 1314, 3, 1341
3, 176, 2, 725, 3, 808, 2, 914, 4, 1418, 3, 1491
3, 382, 3, 386, 3, 765, 3, 1201
3, 456
3, 340, 2, 546, 3, 1315, 4, 1428, 3, 1505
3, 1448
3, 1355, 3, 1365
3, 113, 3, 179, 3, 1122, 2, 1305, 3, 1382
3, 1035, 2, 1068, 3, 1085, 4, 1185
2, 136, 4, 765, 3, 968, 3, 1384
2, 116, 2, 353, 3, 1174
4, 342, 3, 658, 4, 1291
3, 423, 2, 566, 3, 666, 3, 899, 3, 1122, 3, 1438, 2, 1508
3, 562, 2, 606
3, 146, 3, 179, 3, 196, 2, 296, 2, 323
4, 376, 3, 1552
4, 143, 4, 326, 4, 403, 3, 693
4, 37, 3, 281, 3, 769, 3, 913, 2, 1522
4, 966, 3, 977, 3, 1086, 3, 1396
2, 151, 2, 211, 4, 328, 4, 561, 5, 656
3, 750, 4, 773
3, 118, 4, 267, 3, 428, 5, 1056, 4, 1122, 5, 1260
2, 463, 3, 620, 3, 819, 3, 1185, 5, 1345, 4, 1402, 5, 1468
3, 476, 3, 480, 3, 869, 3, 1273, 3, 1296, 2, 1551
3, 434, 4, 1409
3, 373, 4, 1153, 2, 1176, 4, 1220, 3, 1436
3, 211, 4, 244, 3, 833, 2, 933, 3, 1470
3, 534, 2, 1110
3, 964
2, 258, 2, 947
3, 98, 4, 481, 2, 1246
3, 487, 4, 1223, 2, 1390, 3, 1400
3, 541, 4, 841, 3, 891, 3, 991
3, 39, 3, 668, 2, 1071, 3, 1287
3, 780, 3, 897, 2, 1134
4, 38, 2, 514, 4, 751, 4, 784, 3, 801, 3, 901, 3, 1124
4, 491, 4, 497, 2, 1267, 4, 1513
4, 45, 4, 156, 3, 228, 3, 472, 4, 1021, 4, 1104, 3, 1210
4, 195, 3, 445, 2, 545, 3, 572, 2, 1081, 3, 1381, 2, 1414
4, 109, 4, 575, 5, 941, 3, 1008, 5, 1218, 3, 1224, 3, 1378
3, 1418
2, 226, 3, 868, 4, 895, 3, 1245, 4, 1341
2, 46, 4, 400, 2, 456, 3, 566, 2, 649, 2, 1149, 3, 1382
4, 373, 4, 816, 2, 1072, 4, 1088, 3, 1421, 2, 1458
2, 1417
2, 51, 2, 596, 3, 600, 4, 989, 3, 1393, 3, 1505
4, 63, 5, 400, 4, 457, 3, 640, 4, 1076, 4, 1432
3, 11, 3, 21, 3, 227, 3, 537, 4, 1186, 3, 1190
3, 577, 3, 1253
2, 71, 3, 520
3, 254, 2, 281, 3, 597, 3, 726, 2, 1203
3, 607, 2, 828, 2, 1343, 3, 1510, 4, 1520
3, 18, 4, 407, 4, 451, 2, 667
2, 191, 4, 228, 3, 301, 3, 711, 2, 1117
4, 98, 4, 254, 3, 454, 2, 980, 2, 1036
3, 1130
3, 111, 4, 115, 4, 504, 3, 907, 3, 1020
4, 135, 4, 688, 4, 844, 3, 1366, 2, 1410
3, 162, 2, 224, 3, 861, 4, 1549
4, 1104, 3, 1110, 3, 1466
2, 628, 3, 1337
4, 32
4, 964, 4, 1401, 3, 1447
3, 115, 4, 126, 3, 1291
4, 122, 4, 342, 3, 1024
3, 758, 2, 1334
2, 1091, 3, 1480
3, 456, 2, 1072
4, 90, 2, 190, 3, 312, 4, 612, 3, 645, 2, 1361
5, 352, 4, 556, 2, 828, 4, 1065, 5, 1099, 2, 1115, 5, 1215
3, 126, 3, 132, 2, 286, 2, 469, 4, 901
2, 165, 2, 465, 3, 498, 3, 515, 3, 615, 3, 642
3, 82, 2, 109, 4, 619, 4, 918, 3, 951, 3, 1540
2, 1088, 4, 1232
3, 96, 4, 905, 4, 965, 4, 1071, 5, 1155
4, 1215
2, 373, 3, 433, 2, 549, 2, 782, 4, 878, 4, 1321
3, 686, 3, 1495
3, 220, 3, 985, 4, 1375, 3, 1395
2, 353, 3, 609, 4, 958, 4, 1468
3, 27, 2, 70, 3, 101, 4, 287, 3, 583, 3, 1196
4, 423, 3, 760, 3, 1193
3, 696, 3, 752, 2, 1372, 3, 1528
3, 176
3, 576, 2, 1518
4, 530, 3, 563, 5, 1152, 4, 1279
2, 463, 3, 775, 2, 1245, 4, 1312, 3, 1451
3, 893, 4, 1022, 4, 1499
3, 184, 2, 284, 3, 406, 3, 706
4, 277, 3, 483, 4, 1365
2, 583, 5, 606
4, 48, 4, 198, 2, 358, 2, 1053, 4, 1190
3, 221, 4, 570
2, 225, 4, 241, 3, 474, 5, 564, 4, 637, 2, 880, 2, 1512
2, 29, 4, 328, 2, 361, 3, 950, 3, 1050
2, 651, 2, 1227, 3, 1470
3, 218, 3, 468
3, 118, 3, 501, 5, 511, 4, 1027
4, 624, 4, 741, 3, 973
2, 181, 3, 214, 3, 231, 2, 331, 4, 358
3, 314, 3, 1489
4, 81, 4, 264, 3, 341, 3, 630
4, 72, 3, 534, 3, 804, 3, 1143, 3, 1460
3, 501, 4, 904, 3, 1121, 3, 1430
4, 85, 3, 89, 3, 594, 3, 1293, 3, 1410
2, 785, 4, 808, 3, 1268
3, 1091
4, 465, 3, 1401, 3, 1434
3, 69, 2, 298, 3, 342, 4, 1184
3, 498
2, 109, 3, 481, 3, 652, 3, 714, 2, 1324, 2, 1351
3, 216, 3, 915, 4, 1032, 4, 1265
3, 173, 4, 179, 3, 1521
3, 48, 3, 291, 3, 924, 4, 1533
3, 497, 3, 501, 3, 880, 3, 1317
4, 474
3, 358, 3, 564, 3, 1333, 4, 1446, 3, 1523
3, 444, 3, 494, 3, 770, 3, 787, 2, 1059
2, 55, 4, 288, 4, 1436, 3, 1496
4, 111, 4, 544, 3, 754, 4, 760, 3, 1203
3, 381, 3, 418, 2, 1223
2, 1252
4, 23, 4, 489, 3, 1132, 3, 1269, 3, 1292, 3, 1335, 2, 1552
3, 1428
3, 207, 2, 236, 3, 879, 3, 906, 3, 1256
3, 313, 2, 370, 2, 374, 3, 480, 2, 563, 2, 1062, 3, 1295
2, 50, 4, 719, 4, 1069, 4, 1165
3, 183, 3, 293, 2, 892, 3, 1258, 2, 1281, 3, 1325, 2, 1541
3, 416, 4, 636, 4, 1152, 4, 1319
3, 866, 2, 900, 3, 916
3, 679, 3, 1222
4, 1023, 3, 1278
4, 813, 4, 1006, 4, 1316, 3, 1495
3, 1076, 4, 1122
2, 84, 5, 317, 5, 893, 3, 953, 4, 1059, 4, 1143
4, 38, 2, 360, 3, 421, 3, 527, 2, 537, 3, 770
2, 78, 3, 431, 3, 674, 3, 907, 4, 1386, 4, 1543, 3, 1552
3, 341, 2, 984, 3, 1027, 3, 1360, 3, 1456
4, 418, 3, 584, 3, 668
5, 44, 3, 677, 3, 714, 5, 787, 4, 963, 3, 1519
3, 144, 3, 753, 2, 826, 3, 1070
3, 177, 2, 194, 4, 265, 3, 880
3, 378, 4, 424, 3, 927
4, 102, 2, 651, 3, 840, 2, 1233, 3, 1343, 2, 1416
3, 690, 3, 701
3, 1174
2, 302, 3, 312, 3, 731
3, 618
4, 406, 4, 435, 4, 1078, 3, 1122, 4, 1454
4, 512, 3, 679, 3, 762
2, 3, 3, 818, 3, 1488
3, 77, 4, 137, 3, 253, 3, 486
4, 310, 2, 699, 4, 742, 2, 952, 3, 959, 4, 1402
3, 210, 2, 869, 2, 992, 4, 998, 2, 1152, 3, 1335
4, 434, 2, 1129
3, 97, 3, 640, 2, 1116, 3, 1339
4, 72, 3, 138, 2, 927, 3, 1081, 2, 1264
3, 960, 3, 1164, 2, 1260, 4, 1293, 4, 1310, 2, 1380, 3, 1410
2, 62, 4, 151, 2, 218, 3, 1160, 3, 1343, 3, 1420
3, 152, 3, 198, 3, 308, 3, 908, 4, 1274, 3, 1340, 3, 1557
3, 431, 3, 652, 3, 1167, 4, 1334
3, 882, 2, 915, 2, 932
3, 695, 3, 1238
3, 1038
4, 1005, 4, 1015
2, 189, 3, 249, 2, 366, 4, 599, 4, 1108, 4, 1138
2, 33, 3, 162, 4, 405, 4, 638, 3, 1215, 3, 1248, 3, 1275
3, 170, 3, 812, 2, 856, 3, 1139, 3, 1278, 3, 1434
2, 193, 4, 209, 3, 280, 4, 896
2, 1117, 4, 1506
3, 384, 3, 1000
3, 541, 3, 574, 4, 1163, 3, 1289, 3, 1360
3, 222, 2, 771, 3, 854, 3, 960, 5, 1463, 3, 1536
3, 428, 3, 432, 3, 810, 3, 1247
3, 405
4, 385, 3, 591, 4, 1361, 5, 1473, 3, 1550
3, 1494
4, 1400, 3, 1411
3, 159, 3, 225, 3, 1167, 2, 1350, 3, 1427
3, 1081, 3, 1114, 3, 1130, 4, 1230
4, 182, 4, 810, 4, 1014, 3, 1430
2, 161, 2, 398, 3, 1220
4, 388, 2, 704, 4, 1336
2, 168, 5, 391, 4, 690, 2, 707, 4, 777, 3, 1250, 5, 1393
4, 132, 4, 158, 3, 188, 3, 808, 3, 964, 3, 1433
5, 11, 3, 171, 3, 1004, 2, 1280, 4, 1420
3, 545, 2, 895, 4, 1404, 2, 1433
3, 9, 3, 718, 3, 1084, 3, 1151, 3, 1367, 2, 1521
2, 2, 2, 185, 3, 262, 2, 551, 3, 618
2, 230, 3, 889, 3, 1012
4, 413, 3, 490, 2, 883, 2, 1066, 5, 1445
3, 26, 3, 881, 3, 969, 3, 1019
4, 403, 3, 569, 3, 1225, 3, 1445, 2, 1534
4, 865, 3, 1068
3, 376, 3, 519, 3, 852, 3, 1391, 3, 1462
2, 745
2, 90, 2, 383, 3, 612, 2, 656, 2, 816, 3, 939, 3, 1492
2, 546
4, 683, 3, 1022, 4, 1369, 2, 1399
4, 110, 3, 680, 4, 992, 3, 1246, 3, 1462, 4, 1529
3, 720, 3, 996, 4, 1136, 4, 1286
2, 201, 4, 261, 3, 368, 4, 378, 3, 1023, 3, 1243
4, 1227, 3, 1283, 4, 1393, 3, 1476
3, 894, 3, 1416, 3, 1449
4, 85, 4, 727, 2, 1200, 4, 1217
5, 229, 3, 595, 3, 618, 5, 1078
3, 25, 3, 402, 3, 1328
3, 252
2, 435, 3, 1144
3, 1048, 3, 1252, 4, 1348, 4, 1398, 3, 1468, 2, 1497
3, 243, 3, 865
3, 665, 3, 842
2, 376, 4, 566, 4, 959
2, 189, 3, 230, 3, 290, 2, 299, 2, 382, 3, 979
3, 519, 3, 740, 3, 1255, 4, 1422
3, 873, 3, 906, 3, 923
3, 686, 3, 1228
4, 238, 3, 1126
4, 454, 3, 1109, 3, 1330, 3, 1419
4, 1226, 3, 1496
3, 5, 2, 504, 3, 737, 4, 959, 3, 1313, 4, 1479
3, 923, 4, 1245, 2, 1411, 2, 1422
3, 563, 4, 862, 4, 912, 3, 1012
3, 995, 4, 1006, 3, 1212, 3, 1522
3, 277, 4, 310, 3, 337, 3, 454, 5, 687, 4, 1196, 5, 1226
3, 121, 2, 1336
3, 720
4, 75, 5, 151, 2, 351, 5, 441, 3, 507, 4, 1450
2, 191, 4, 1533
3, 281, 3, 297, 2, 368, 3, 418, 3, 840, 3, 984
4, 398, 3, 405, 3, 554, 3, 848, 3, 1120, 3, 1403, 4, 1490
4, 804, 2, 1008, 3, 1320, 3, 1424
3, 534, 2, 857, 3, 917, 2, 1033, 2, 1266
3, 312, 3, 334, 2, 1090
4, 224, 3, 607, 4, 617, 4, 1133
2, 201, 4, 711, 2, 740, 3, 1383, 3, 1410, 3, 1526
3, 105, 3, 338, 3, 974, 3, 1291, 3, 1420
3, 382, 3, 548, 3, 1203, 2, 1424, 3, 1513
2, 1144, 3, 1354
3, 452, 2, 928
3, 226, 4, 875
3, 223, 3, 883, 2, 1006, 5, 1305
4, 407, 2, 463, 3, 483, 4, 646, 5, 1438
3, 84
3, 273, 3, 334, 4, 357, 3, 613, 2, 989, 3, 1095, 3, 1099
3, 377, 2, 410, 3, 427, 2, 527, 2, 554
4, 127, 2, 131, 3, 510
3, 930, 4, 1253, 2, 1419, 4, 1429
3, 190, 4, 240
3, 40, 2, 789
3, 323, 4, 334, 3, 1089, 2, 1499
4, 13, 4, 456, 3, 1099, 3, 1126, 3, 1143, 4, 1476
3, 54, 3, 277, 3, 593, 3, 664, 2, 1136, 3, 1279
4, 94, 3, 131, 3, 603, 4, 1046, 2, 1302, 4, 1319
3, 547, 4, 770
2, 224, 2, 474, 2, 601, 3, 707, 4, 711, 3, 1443, 3, 1526
3, 1483
3, 507
2, 118, 3, 490, 3, 661, 3, 723, 2, 1333, 2, 1360
2, 225, 3, 924, 4, 1041, 3, 1274
3, 182, 5, 188, 3, 1530
2, 415, 4, 625, 3, 691, 2, 831, 2, 1141
3, 68, 2, 711, 4, 1087, 4, 1183
3, 1, 3, 201, 3, 311, 2, 910, 2, 1277, 2, 1300
3, 41, 4, 292, 4, 475, 3, 841
3, 15, 3, 648, 4, 918, 4, 1257, 4, 1330
3, 1227, 4, 1331
3, 592
4, 133, 3, 166, 4, 1168, 3, 1268, 3, 1295
4, 189, 4, 765, 3, 1144
3, 6, 2, 505, 4, 738, 4, 961, 3, 1315, 4, 1481
3, 46, 2, 948
2, 79, 3, 605, 4, 662, 4, 682, 3, 845, 3, 1088, 2, 1281
4, 569, 2, 652, 3, 908, 3, 1158, 4, 1285, 3, 1395
2, 120, 3, 752, 3, 1362, 2, 1435
4, 556, 3, 606, 3, 883, 3, 899, 2, 1022, 3, 1172, 3, 1332
3, 284, 2, 490, 3, 1259, 4, 1372, 3, 1448
2, 54, 5, 107, 4, 364, 4, 1049, 2, 1196, 4, 1376, 5, 1392
2, 404, 4, 481, 4, 874, 2, 1057, 3, 1080, 2, 1435
3, 547, 2, 857
4, 34, 5, 693, 3, 816, 3, 822, 3, 1159
2, 44, 4, 61, 3, 383, 3, 1332
3, 510, 2, 1365, 3, 1502
5, 243, 4, 247, 2, 636, 4, 1040, 5, 1063
2, 48, 4, 104, 4, 1079, 4, 1269
3, 27, 2, 197, 4, 260, 3, 896
2, 41, 3, 1166, 5, 1237, 5, 1243
2, 111, 3, 301, 3, 877, 2, 1120
3, 228, 3, 245, 3, 374, 2, 517, 2, 850, 3, 1459, 4, 1509
2, 88, 3, 814, 2, 1284, 4, 1351, 2, 1490
3, 1440
2, 338, 3, 957, 3, 1267
4, 92, 3, 508, 3, 968, 3, 1057
4, 12, 3, 961
2, 1104, 4, 1215, 4, 1298
4, 52, 3, 535, 2, 539, 2, 591, 4, 1307, 3, 1354
2, 142, 2, 880, 2, 1384, 2, 1457
3, 481, 2, 531, 4, 808, 4, 824, 4, 947, 4, 1097, 2, 1367
2, 512, 3, 1081
4, 888, 3, 1188, 3, 1337
3, 96, 3, 959
3, 13, 3, 40, 4, 550, 4, 849, 3, 882, 4, 1471
4, 1066
2, 330
4, 59, 2, 808
4, 342, 4, 353, 2, 1518, 3, 1522
4, 446, 3, 475, 3, 1118, 2, 1145, 2, 1162, 4, 1495
4, 586, 3, 613, 3, 929, 2, 1058, 3, 1201, 3, 1534
3, 177, 2, 527
4, 17, 3, 107, 3, 423, 4, 593, 3, 1055
4, 84, 3, 393, 3, 1022, 3, 1226, 3, 1425
2, 97, 2, 370, 2, 740, 4, 1212
3, 940
2, 923, 2, 1379
4, 457
2, 364, 3, 986, 4, 1086
4, 590, 4, 819
2, 1287
2, 405, 2, 621
3, 384, 4, 434, 3, 710, 3, 727, 3, 1000, 3, 1270
3, 737, 3, 767
3, 222, 2, 538
3, 220, 2, 1296
4, 247, 2, 524, 3, 663, 2, 973
4, 453, 4, 1189, 2, 1356, 3, 1366
4, 507, 3, 807, 3, 857, 3, 956
4, 79, 3, 967
3, 295, 3, 951, 3, 1171, 4, 1261
5, 1164, 3, 1435
3, 442, 4, 675, 4, 898, 4, 1252, 4, 1418, 4, 1501
2, 305, 2, 365, 2, 472, 3, 482, 2, 715, 4, 1541
4, 36, 3, 119
3, 153, 3, 163, 3, 369, 3, 589, 3, 679, 4, 1328, 4, 1332
2, 154, 3, 786, 2, 1396, 2, 1469
3, 493, 3, 543, 3, 820, 3, 836, 2, 1109
2, 104, 4, 337, 4, 1485, 4, 1546
2, 111, 3, 803, 2, 1020, 4, 1252, 3, 1453
3, 478, 2, 1193, 2, 1230
3, 228, 4, 671, 4, 927, 3, 1276, 2, 1314
3, 804, 4, 914
4, 724, 2, 928, 2, 1240, 3, 1344
3, 1134
3, 136, 4, 258, 5, 812, 4, 968, 4, 1490, 3, 1534
3, 15, 2, 175, 4, 957, 4, 1007, 3, 1284, 3, 1423
3, 312, 3, 522, 2, 566, 2, 782, 3, 848, 2, 988, 3, 1558
3, 336, 3, 346, 3, 862
4, 652
4, 26, 4, 469, 3, 1488
3, 702, 3, 785, 3, 1006
3, 436, 4, 440, 3, 1255, 3, 1511
3, 134, 3, 1020, 4, 1049
4, 333, 4, 766, 3, 976, 4, 982, 4, 1276, 4, 1425
2, 233, 3, 893, 3, 1016, 4, 1315
2, 514, 2, 590, 2, 984, 3, 996, 4, 1167, 4, 1545
4, 37, 2, 58, 3, 441, 4, 967
2, 131, 4, 574, 4, 830, 3, 946, 3, 1179, 3, 1217
2, 4, 3, 477, 2, 620, 2, 720, 3, 953, 3, 1176, 3, 1492
3, 325
2, 2, 3, 192, 2, 768
3, 9, 3, 1483
3, 139, 3, 149, 4, 355, 3, 576, 3, 665, 4, 1314, 4, 1318
3, 43, 3, 676, 3, 1285, 2, 1358
3, 382, 2, 709, 4, 725, 2, 998
3, 80, 4, 496, 3, 956, 3, 1045
4, 852, 4, 1461
2, 995, 4, 1105, 4, 1189
3, 319, 4, 357, 2, 429, 3, 839, 2, 1162, 4, 1245
3, 33, 3, 1185, 3, 1347
3, 176, 3, 399, 4, 752, 3, 1002, 3, 1501
3, 802, 3, 985, 5, 1351
2, 140, 4, 196, 4, 1172, 4, 1361
3, 119, 2, 290, 3, 352, 3, 989, 3, 1305
3, 74, 2, 396, 3, 563, 2, 1438, 3, 1528
2, 1159, 3, 1369
3, 943
2, 460
3, 936, 2, 1313
4, 250, 4, 470, 4, 1153
3, 2, 3, 983
3, 124, 3, 147, 3, 1316
4, 41, 2, 430, 3, 451, 3, 834, 4, 1360
5, 51, 4, 517, 4, 673, 2, 1239, 5, 1522
2, 11, 3, 1113
3, 647, 3, 1408
3, 260, 4, 414, 3, 460, 3, 597, 4, 963
3, 593, 2, 643, 3, 743
4, 574, 4, 623, 4, 900, 4, 917, 2, 1040, 3, 1189
2, 41, 4, 85, 3, 368, 3, 956, 3, 1077
3, 224, 4, 457, 3, 1033, 3, 1093, 3, 1410, 3, 1539
3, 598, 4, 658, 3, 775, 2, 1008, 4, 1103, 4, 1546
3, 65, 3, 814
3, 42, 2, 62, 3, 445, 4, 468, 3, 1211
3, 129, 3, 285, 4, 851, 2, 1011, 4, 1067, 3, 1134
3, 625
2, 573, 3, 1311, 3, 1315
2, 199, 2, 1435
3, 99, 3, 436, 4, 492, 3, 675, 3, 1468
3, 1258
2, 303, 3, 386, 3, 642, 3, 1018, 4, 1125, 3, 1129, 3, 1507
2, 107, 2, 406, 2, 440, 3, 456, 2, 556, 3, 583
2, 24, 3, 50, 3, 146, 3, 446, 4, 479, 5, 1482
3, 697, 2, 759, 4, 996, 4, 1030, 2, 1046, 4, 1146
3, 227, 4, 1069
3, 77, 4, 310, 3, 314, 4, 480, 4, 1136, 2, 1518
3, 45, 2, 128, 2, 384, 3, 627, 3, 860, 4, 1083, 4, 1437
4, 295, 3, 900, 3, 1410
4, 108, 3, 157
3, 45, 3, 216, 3, 278, 4, 854, 2, 915
2, 488, 2, 904, 4, 1364, 3, 1453, 2, 1557
3, 89, 4, 555, 4, 921, 3, 987, 3, 1198, 2, 1204, 3, 1358
4, 1494
3, 302, 2, 945, 4, 972, 4, 1322, 5, 1417
2, 26, 4, 379, 2, 436, 3, 546, 2, 629, 2, 1128, 3, 1361
4, 449, 4, 892, 3, 1148, 4, 1165, 4, 1498, 3, 1535
4, 393, 4, 616
2, 70, 4, 447, 3, 553, 4, 557, 4, 1289, 3, 1372
5, 20, 3, 524, 4, 596, 3, 840, 4, 1329, 5, 1472
3, 224, 3, 307, 3, 563, 4, 940, 3, 1046, 2, 1050
3, 337, 3, 410, 4, 653, 4, 1142, 4, 1285, 4, 1392
2, 376, 4, 449, 3, 753, 3, 859, 4, 1182, 3, 1265
2, 174, 2, 424, 4, 513, 2, 829, 4, 1000, 3, 1462
3, 1039, 4, 1449
3, 41, 3, 224, 3, 280, 4, 501, 4, 590, 3, 1016, 2, 1183
4, 228, 2, 581, 3, 831, 3, 1330
3, 471, 5, 477, 4, 770, 2, 814, 4, 1247, 5, 1492
2, 608, 4, 811, 2, 907, 3, 1028, 3, 1057
4, 175, 3, 551, 2, 1394, 3, 1477
3, 48, 4, 258, 3, 302, 5, 585, 5, 724, 3, 1294
4, 604, 4, 654, 2, 930, 4, 1070, 4, 1220
2, 215
4, 398
3, 635, 4, 806
4, 249, 3, 272, 4, 675, 4, 731, 3, 842, 3, 925, 4, 1424
4, 139, 3, 143, 2, 648, 2, 1347, 3, 1464
2, 839, 4, 862, 3, 1321
2, 1145
3, 519, 3, 1455, 3, 1488
2, 220, 3, 449, 2, 493, 4, 1335
3, 649, 4, 1452
3, 532, 3, 1475
3, 487, 3, 520, 3, 1109, 2, 1235
3, 517, 3, 829, 2, 1299, 4, 1366, 2, 1505
3, 850, 4, 979, 4, 1455
3, 141, 2, 241, 4, 363, 3, 663
2, 234, 4, 440, 2, 1322
3, 343, 2, 453, 4, 536, 2, 1418, 4, 1441
2, 54, 4, 177, 5, 952
2, 254, 3, 410, 4, 975, 4, 1136, 2, 1192, 3, 1258
4, 823, 3, 960, 3, 1272, 4, 1376, 3, 1526
4, 1549
2, 844, 3, 1000
3, 806, 3, 1010, 4, 1106, 4, 1226, 5, 1256
3, 132, 4, 215, 4, 471, 2, 720, 2, 847
3, 231, 3, 344, 2, 421, 2, 814, 2, 997
2, 21, 3, 637
2, 274, 2, 308, 4, 1310, 4, 1410, 3, 1437
2, 29, 2, 408, 2, 491, 2, 1011, 3, 1100, 3, 1416
3, 68, 2, 478, 5, 861
3, 188, 3, 924, 3, 1090
3, 304, 3, 914, 2, 986, 2, 1230
3, 337, 4, 354, 4, 425, 3, 1040
4, 441, 5, 487, 4, 990
3, 18, 4, 262, 2, 811, 2, 1000, 2, 1393, 4, 1504
3, 468, 3, 472, 4, 851, 3, 861, 3, 1287, 2, 1543
3, 32, 4, 425, 4, 536, 3, 609, 3, 852, 4, 1401, 4, 1484
5, 575, 4, 825, 4, 925, 3, 952, 3, 1048, 5, 1347, 4, 1380
2, 40, 3, 489
3, 152, 3, 223, 3, 695, 2, 1172, 2, 1394
2, 104, 3, 337, 3, 341, 4, 508, 3, 1163, 3, 1384, 3, 1546
3, 411, 3, 888, 3, 1110, 2, 1427
2, 2, 3, 139, 4, 505, 2, 572, 4, 1360, 4, 1514
4, 53, 5, 856, 5, 899, 3, 1116
4, 7, 2, 263, 4, 639, 3, 745, 4, 749
3, 136, 4, 606, 3, 812, 3, 1382
3, 30, 3, 254, 3, 383, 3, 626, 4, 859, 2, 1338, 3, 1496
4, 293, 2, 936, 2, 980, 4, 1263, 3, 1408, 2, 1558
3, 316, 3, 333, 2, 403, 3, 453, 3, 876, 3, 1019
4, 434, 5, 440, 4, 590, 4, 883, 4, 1156, 4, 1439, 4, 1526
4, 840, 2, 1043, 3, 1356, 3, 1459
2, 111, 2, 1347
3, 11, 3, 348, 4, 404, 3, 587, 3, 1380
3, 228, 2, 540, 3, 750, 2, 817, 3, 956, 2, 1170, 3, 1266
4, 218, 3, 1193, 2, 1306
3, 621, 4, 1047, 3, 1103, 3, 1213, 3, 1297
2, 155, 3, 937, 4, 1280, 4, 1357
3, 415, 2, 820, 3, 991, 3, 1369
3, 25, 3, 42, 4, 112, 4, 584, 2, 728, 3, 1061
3, 52, 5, 495, 3, 1100, 2, 1138
2, 428, 3, 1337
3, 518, 3, 535, 3, 605, 3, 655, 4, 1221
4, 132, 3, 642, 5, 1281, 4, 1341, 4, 1457
5, 736, 2, 748, 2, 758, 3, 915, 3, 998, 5, 1218, 2, 1497
4, 1094, 5, 1154, 3, 1271, 4, 1504
4, 202, 3, 412, 4, 418, 2, 861
3, 52, 3, 462, 3, 844, 3, 855, 2, 867, 2, 1537
3, 26, 4, 116, 4, 419, 3, 432, 3, 602, 4, 981, 4, 1064
3, 532, 4, 569, 2, 819, 2, 919, 2, 1041, 4, 1341, 2, 1374
3, 483, 2, 1178
3, 146, 3, 217, 2, 689, 2, 1165, 2, 1388
4, 279, 3, 473, 3, 795, 4, 962
3, 510, 2, 543, 3, 559, 4, 659
2, 443, 2, 653, 3, 859, 2, 1169
2, 4, 3, 237, 3, 747, 2, 776, 4, 1063, 3, 1385, 4, 1446
3, 206, 2, 533, 3, 550, 3, 679, 3, 822
3, 50, 3, 146, 4, 462, 3, 1199, 3, 1259, 3, 1375
2, 214, 2, 830
2, 370, 2, 403, 3, 1119, 4, 1406
2, 427, 3, 589, 3, 1381
3, 160
3, 27, 3, 643, 2, 1515
4, 905, 2, 1442
2, 410, 3, 666
3, 224
3, 420
2, 70, 3, 453, 3, 463
2, 47, 4, 557, 2, 586, 3, 1229, 4, 1256, 3, 1372
2, 184, 3, 820, 3, 1266
4, 650, 2, 1070
2, 587, 2, 883
4, 893, 5, 1103, 2, 1110, 3, 1403, 3, 1553
3, 25, 3, 1246, 4, 1400
2, 115, 4, 697, 4, 718, 3, 1124, 2, 1317
4, 167, 3, 654, 3, 1469
4, 22, 3, 217, 4, 251, 3, 278, 3, 394, 5, 627, 5, 1137
3, 61, 3, 334, 4, 1276
3, 85, 2, 1107
4, 169, 2, 198, 3, 841, 3, 868, 3, 1217
3, 275, 3, 331, 3, 335, 2, 441, 2, 524, 2, 1024
3, 6, 3, 661, 2, 881, 2, 1397
4, 169, 4, 558, 4, 602, 2, 818
4, 342, 2, 379, 4, 452, 3, 862, 4, 1185, 3, 1268
2, 330, 4, 492, 4, 735
3, 174, 3, 280, 3, 284, 4, 1099, 3, 1355
2, 760, 3, 916
4, 1022
2, 192, 3, 531, 2, 848, 3, 1018, 3, 1480
4, 6, 3, 1155
2, 339
4, 79, 2, 522, 4, 778, 4, 895, 4, 1128
3, 173, 3, 655
4, 479, 3, 545, 4, 682, 2, 882, 3, 995, 3, 1099
3, 43, 2, 110, 3, 663, 4, 819, 2, 1019, 3, 1545
4, 304, 2, 1446
4, 108, 4, 115, 3, 408, 4, 470, 4, 1130
3, 447, 4, 481, 3, 497, 2, 624, 3, 1234, 3, 1550
2, 62, 3, 162, 3, 189, 2, 584, 3, 617, 3, 701, 4, 1370
4, 528, 3, 738, 2, 744, 2, 1037, 4, 1187
3, 365, 3, 402, 3, 1291
4, 99, 3, 215, 3, 448
3, 103, 2, 119, 3, 1390
3, 425, 3, 569, 2, 901, 3, 1440, 3, 1511
2, 18, 2, 28, 3, 1087, 2, 1410
4, 727, 3, 931, 4, 1027, 3, 1077, 3, 1177
3, 445, 3, 1148
2, 389, 3, 1165
4, 10, 3, 97, 3, 569, 4, 1012, 2, 1285, 3, 1521
4, 37, 4, 513, 4, 1052, 3, 1123
4, 306, 4, 460, 4, 505, 4, 643, 4, 1009
3, 339, 3, 639, 3, 689, 3, 788
3, 782, 2, 988, 3, 1298
3, 220, 2, 636, 3, 1096, 4, 1185
5, 457, 5, 1262, 3, 1279, 3, 1405
4, 20, 4, 170, 2, 330, 4, 1162, 3, 1439
3, 607, 3, 956, 4, 1052, 2, 1495
3, 167, 2, 277, 2, 876, 3, 1243, 3, 1265, 3, 1309, 2, 1525
3, 400, 4, 620, 4, 1136, 4, 1303
3, 851, 2, 884, 2, 901
3, 1206
4, 187, 3, 191, 2, 580, 3, 984, 4, 1007, 3, 1096
4, 48, 4, 1023, 4, 1213, 2, 1550
4, 849
3, 460
3, 1084, 4, 1466
2, 232, 3, 914
3, 571, 4, 627, 2, 1247, 3, 1403
3, 215, 4, 465
3, 95, 3, 498, 2, 611, 3, 1260
2, 286, 2, 729, 4, 985, 4, 1101, 3, 1334
4, 379, 3, 558, 4, 862
2, 292, 2, 296, 3, 675, 3, 1111
2, 219, 4, 269, 5, 779, 2, 808, 3, 928, 3, 1450, 3, 1494
4, 288, 2, 565, 3, 704, 2, 1014
4, 494, 4, 1231, 3, 1397, 3, 1407
3, 645, 2, 898, 4, 945, 3, 1095
3, 46, 3, 675, 4, 1078, 3, 1294
2, 26, 4, 259, 3, 263, 2, 768, 2, 1467
3, 862, 5, 885, 4, 1344
2, 110, 3, 1265
4, 60, 4, 426, 2, 493, 4, 1281, 4, 1435, 2, 1481
4, 177, 3, 376, 2, 672, 3, 1452, 2, 1475, 3, 1518
5, 313, 2, 669
3, 390, 3, 419, 3, 540, 2, 1062, 2, 1106, 2, 1389, 4, 1528
4, 580, 3, 790, 3, 996, 2, 1305
3, 88, 5, 824, 3, 884, 2, 1001, 2, 1234
2, 1057, 4, 1446
3, 325, 2, 940
2, 58, 3, 181, 3, 481, 4, 514, 2, 1230, 4, 1517
3, 318, 2, 794, 4, 1031, 4, 1064, 2, 1081, 4, 1181
4, 86, 2, 135, 3, 235, 4, 262, 3, 771, 2, 1071, 3, 1104
4, 820, 4, 1037, 3, 1532
2, 18, 3, 850, 4, 1049, 2, 1060, 4, 1266
4, 53, 4, 474, 3, 503, 3, 623, 2, 1146, 2, 1189, 2, 1472
3, 663, 3, 863, 4, 873, 3, 1079, 4, 1389
2, 178, 3, 650, 3, 1093
3, 377, 4, 810, 3, 1020, 4, 1026, 3, 1320, 4, 1469
4, 31, 2, 277, 2, 558, 3, 614, 2, 634, 4, 797, 4, 937, 3, 1040, 2, 1060, 4, 1359
3, 81, 3, 485, 2, 597, 3, 1246
2, 175, 3, 874, 4, 990, 4, 1223
3, 228, 3, 432, 3, 648, 2, 1144
2, 278, 2, 282, 3, 661, 3, 1098
2, 205, 3, 255, 3, 765, 2, 794, 3, 915, 3, 1437, 3, 1480
4, 275, 2, 551, 3, 691, 2, 1000
3, 481, 4, 1217, 2, 1383, 3, 1394
3, 535, 4, 834, 3, 884, 3, 984
3, 33, 3, 661, 4, 1064, 3, 1281
2, 12, 4, 245, 3, 249, 2, 754, 2, 1453
3, 848, 4, 871, 3, 1331
2, 96, 3, 1251
4, 46, 4, 413, 2, 479, 4, 1268, 3, 1421, 2, 1467
4, 163, 3, 363, 2, 658, 3, 1438, 2, 1461, 3, 1505
4, 300, 2, 655
4, 376, 4, 406, 2, 526, 3, 1048, 2, 1092, 3, 1375
2, 516, 4, 566, 2, 842, 4, 859, 3, 982, 2, 988, 4, 1132
3, 125, 3, 652, 3, 729, 3, 1122, 2, 1328, 4, 1484
2, 379, 4, 795
4, 63, 3, 186, 3, 192, 4, 346, 4, 485, 4, 529, 2, 962
5, 93, 5, 460, 3, 483, 4, 942
3, 1192, 3, 1448
3, 106, 4, 982, 4, 1175, 3, 1485, 4, 1498
2, 270, 4, 912, 3, 1050, 4, 1073, 3, 1116, 3, 1333
2, 170, 3, 1295, 2, 1366, 4, 1372
2, 241, 3, 430, 2, 1006, 2, 1249
3, 600, 2, 1076
3, 284, 4, 317, 2, 400, 3, 1070, 3, 1143, 4, 1319, 3, 1446
2, 437, 2, 737, 3, 787, 3, 887
3, 190, 3, 213, 3, 407, 4, 717, 3, 956, 3, 1345, 3, 1366
3, 313, 4, 923, 2, 996, 2, 1239
3, 347, 4, 363, 4, 434, 4, 1050
4, 548, 3, 593, 3, 1097, 4, 1276
4, 903, 3, 1513
3, 743, 3, 826, 3, 1047
3, 477, 4, 481, 4, 1296, 3, 1552
3, 175, 3, 1061, 3, 1090
2, 374, 3, 807, 2, 1017, 4, 1023, 4, 1317, 4, 1466
3, 16, 4, 372, 3, 1031, 4, 1154, 3, 1453
2, 112, 3, 349, 3, 382, 3, 399, 4, 721, 3, 1037
2, 457, 3, 495, 3, 1383
4, 191, 3, 308, 3, 541
3, 195, 2, 212, 3, 1483
4, 45, 4, 518, 2, 994, 3, 1533
5, 100, 4, 1002
3, 736, 2, 898
4, 389, 4, 755, 3, 778, 4, 1238, 3, 1348
3, 535, 2, 1072, 4, 1371
3, 269
3, 83, 3, 93, 3, 520, 3, 609, 4, 1258, 4, 1262
3, 620, 3, 1229, 2, 1302, 3, 1545
3, 326, 2, 653, 4, 669, 3, 942
3, 440, 4, 900, 3, 989
4, 151, 3, 163, 4, 334, 2, 713, 2, 1316, 4, 1405
3, 763, 3, 1166
2, 779, 4, 933, 4, 1116, 4, 1549
4, 98, 2, 348, 4, 437, 4, 510, 4, 753, 4, 1386
3, 959, 3, 963
4, 11, 3, 148, 5, 204, 4, 514, 3, 693, 4, 1523
3, 98, 5, 878, 3, 901, 2, 1057, 4, 1361
3, 658, 2, 1194, 4, 1494
4, 182, 2, 392, 3, 435, 3, 718, 4, 858, 4, 1427
3, 572, 2, 1514
4, 112, 3, 146, 3, 1148, 3, 1275
2, 46, 3, 772, 2, 1242, 4, 1308, 2, 1448
2, 1398
2, 392, 2, 1012, 3, 1322
4, 147, 4, 563, 3, 1023, 3, 1112
4, 919, 5, 1528
2, 1062, 4, 1172, 4, 1256
2, 10, 3, 386, 3, 492, 4, 496, 4, 1229, 3, 1312
4, 57, 3, 560, 3, 633, 3, 876, 3, 1365, 4, 1509
3, 261, 3, 344, 3, 600, 3, 849, 2, 976, 4, 1082, 4, 1086
3, 636, 4, 846, 3, 1145, 3, 1179, 4, 1195, 3, 1295
3, 663, 4, 762, 3, 1185, 3, 1218
3, 860, 3, 1536
3, 241, 3, 354, 3, 457, 2, 803
3, 18, 3, 91, 3, 480, 3, 501, 3, 884, 2, 907
2, 244, 3, 826, 3, 847, 3, 1009
2, 61, 4, 377, 3, 448, 4, 920, 2, 1396
4, 510, 4, 703, 4, 1026, 4, 1192, 4, 1203
3, 644, 3, 861, 4, 1356
4, 674, 3, 873, 4, 884, 3, 1090, 4, 1400
2, 91, 3, 977, 3, 1007
3, 388, 4, 821, 3, 1031, 4, 1037, 3, 1330, 3, 1480
2, 288, 4, 948, 3, 1070, 4, 1370
2, 471, 2, 548, 2, 941, 4, 1124, 4, 1503
2, 246, 2, 862
3, 102, 3, 402, 3, 435, 2, 1151, 4, 1438, 2, 1538
3, 142, 3, 618, 3, 855, 3, 889, 3, 905, 2, 1005
4, 249, 3, 837, 4, 964
4, 442, 2, 671, 3, 1047, 3, 1557
2, 375, 3, 871
3, 138, 3, 188, 3, 465, 3, 481, 4, 754
3, 79, 3, 1228, 4, 1288, 2, 1404
3, 335, 3, 545, 4, 552, 2, 995
3, 113, 2, 185, 3, 489, 4, 595, 4, 978, 3, 988, 3, 1001
3, 249, 3, 1198, 4, 1468
3, 233, 2, 709, 4, 932
2, 952, 3, 1052, 3, 1474, 3, 1508
3, 673, 4, 729, 2, 1349, 3, 1505
3, 317, 5, 567, 3, 1066
2, 506, 3, 540, 3, 623, 3, 879, 4, 1129, 3, 1255
3, 43, 4, 653, 4, 969, 4, 1458
3, 1308
4, 1558
3, 320, 2, 942
2, 742, 3, 802, 3, 919
3, 157, 3, 393, 2, 409, 3, 456, 2, 536, 2, 606, 3, 1146
2, 74, 3, 197, 3, 972
2, 67, 3, 134, 2, 273, 3, 429, 4, 1155, 3, 1409
4, 81, 4, 963, 3, 1390, 3, 1446, 2, 1556
3, 162, 2, 594, 2, 1377, 3, 1383
2, 251, 3, 441, 2, 1017, 2, 1260
2, 990
2, 507
2, 553, 2, 644, 3, 983, 4, 1360
3, 431, 3, 714
3, 4, 3, 21
2, 71, 2, 1379
3, 1378
4, 559, 3, 576, 3, 646, 4, 696, 5, 1262
3, 76, 4, 1225, 4, 1285, 2, 1401
3, 542, 2, 746, 4, 962, 2, 992
2, 1082
4, 456, 3, 1392, 4, 1426
3, 290, 4, 334, 3, 1176, 3, 1205
3, 490, 3, 856, 2, 1293, 2, 1338, 3, 1449
5, 370, 5, 792
2, 247
3, 430, 2, 725
3, 736, 3, 946, 3, 952, 4, 1245, 2, 1295, 2, 1395
2, 203, 3, 763, 3, 863, 2, 985, 3, 1089, 3, 1285
5, 277, 4, 327
3, 128, 2, 876
2, 7, 3, 410, 3, 1172
4, 223, 3, 417, 4, 739, 4, 906
3, 454, 2, 487, 2, 503
4, 337, 4, 387, 3, 664, 3, 680, 3, 953, 3, 1223
3, 691, 3, 720
3, 771
3, 131, 2, 354, 2, 707, 4, 957, 3, 1213, 3, 1456, 3, 1553
5, 121, 4, 171, 4, 208, 2, 680, 4, 1123, 4, 1396
3, 148, 4, 624, 2, 1163, 4, 1233
3, 1193, 2, 1347, 2, 1530
3, 62, 4, 251, 3, 588, 2, 644, 3, 827, 3, 1264
3, 101, 3, 112, 4, 318, 4, 538, 3, 627, 4, 1276, 4, 1281
2, 103, 3, 735, 3, 1344, 2, 1417
3, 442, 3, 492, 3, 768, 3, 785, 2, 1057
2, 53, 4, 286, 3, 1434, 4, 1494
4, 206, 5, 639, 4, 849, 4, 855, 4, 1298
3, 379, 3, 416, 4, 666, 3, 765, 3, 1188, 2, 1221
4, 1352
2, 470, 4, 686
2, 1490
2, 1020
2, 538
3, 1014, 2, 1390
2, 327, 4, 548, 3, 1230
3, 964, 4, 1540
3, 202, 2, 225, 4, 1394
4, 119, 3, 508, 3, 528, 4, 911, 2, 1437
4, 42, 4, 129, 2, 595, 3, 751, 2, 1317
3, 88, 3, 1190, 3, 1423
4, 631, 3, 664, 4, 1253, 4, 1353, 3, 1380
3, 215, 2, 764, 3, 847, 3, 953, 4, 1457, 3, 1530
3, 35, 4, 518, 3, 522, 3, 901, 3, 1337
3, 445, 3, 1154
3, 751, 3, 961, 3, 967, 4, 1261, 3, 1311, 2, 1410
3, 316, 3, 778, 4, 878, 3, 1001, 3, 1300, 4, 1518
4, 293, 4, 343
2, 143, 2, 892, 2, 1347
3, 365, 2, 1081, 3, 1118
4, 116, 4, 559, 4, 815, 3, 1164, 2, 1202
4, 789, 3, 899
2, 816, 3, 1232
2, 884
3, 562, 3, 589, 2, 905, 3, 1034, 3, 1177, 3, 1510
2, 265, 3, 907, 4, 934, 3, 1284, 4, 1380
5, 342, 2, 398, 3, 508, 2, 591, 2, 1090, 4, 1323, 2, 1546
3, 315, 4, 758, 3, 1014, 3, 1363, 3, 1400
2, 988, 4, 1098, 4, 1181
4, 312, 3, 418, 4, 422, 4, 1154, 3, 1237, 2, 1493
3, 486, 3, 559, 3, 802, 3, 1291, 4, 1434, 4, 1541
3, 186, 2, 270, 2, 525, 3, 902, 3, 1008, 4, 1012
3, 476, 2, 1052
2, 140, 3, 150, 3, 196, 3, 306, 3, 390, 3, 905, 3, 1272
3, 17, 4, 113, 4, 429, 3, 1165, 4, 1226, 3, 1342
4, 203
2, 36, 3, 452, 3, 602, 3, 762, 3, 1391, 4, 1457, 4, 1545
2, 276, 2, 802, 3, 858, 3, 879, 3, 968, 4, 1041, 3, 1285
3, 849
4, 433, 4, 439, 2, 593, 2, 639, 4, 776, 4, 1142, 2, 1209
4, 610, 4, 789, 4, 1092
3, 137, 4, 620, 3, 624, 3, 1002, 3, 1439
2, 547, 3, 1256
3, 853, 2, 1063, 3, 1069, 4, 1362, 4, 1412, 2, 1512
2, 61, 3, 417, 2, 977, 3, 1077, 4, 1199, 3, 1499, 4, 1543
2, 330, 2, 696, 3, 719, 4, 979
2, 503, 2, 540, 4, 613, 3, 1346, 4, 1429
2, 414, 3, 470, 4, 490, 2, 653, 3, 1090, 2, 1445
4, 550, 3, 654
3, 45, 2, 1066
4, 128, 2, 571, 2, 800, 3, 827, 3, 1176
3, 498, 3, 801
2, 414, 2, 624, 3, 830, 2, 1140
3, 208, 3, 718, 4, 747, 4, 1034, 3, 1357, 4, 1417, 2, 1533
3, 1298, 3, 1427
3, 339, 4, 715, 3, 1227
3, 449, 4, 565
3, 289, 2, 695, 3, 865, 3, 1244
3, 362, 3, 505, 3, 838, 2, 1377, 3, 1447
3, 198, 3, 202, 3, 368, 3, 1024, 5, 1406, 3, 1523
2, 418, 4, 651, 3, 874, 3, 1227, 4, 1394, 3, 1477
4, 56, 2, 378, 3, 439, 2, 545, 3, 555, 2, 788
3, 12, 3, 95
3, 129, 3, 139, 3, 345, 4, 565, 3, 655, 4, 1304, 4, 1308
2, 130, 3, 762, 2, 1372, 2, 1445
3, 469, 4, 519, 3, 796, 4, 812, 2, 1085
2, 80, 4, 313, 4, 1461, 4, 1521
5, 233, 3, 622, 4, 666, 2, 876, 4, 882, 4, 1325
4, 133, 3, 793, 2, 916, 4, 922, 3, 1076, 3, 1259
3, 28, 3, 257, 4, 461, 3, 677, 3, 1120
3, 74, 4, 201, 3, 1010, 4, 1043, 3, 1383
3, 168
3, 750, 4, 954, 3, 1050, 3, 1083, 4, 1100, 3, 1200
2, 42, 3, 76, 3, 664, 4, 764
3, 288, 3, 758, 2, 964, 3, 1534
3, 182
3, 62, 3, 389, 4, 678
4, 79, 4, 262, 4, 339, 3, 628, 4, 695, 3, 1477
3, 162, 2, 372, 3, 379, 2, 1288
3, 12, 3, 422, 3, 805
4, 87, 3, 253, 2, 908, 4, 1291, 2, 1408
2, 320, 3, 686, 3, 709, 4, 969
3, 116, 3, 603, 3, 1418
4, 1044, 3, 1104, 2, 1221, 4, 1454
2, 362, 4, 566, 4, 782, 3, 811
3, 412, 3, 416, 4, 795, 3, 805, 3, 1231, 2, 1487
4, 369, 4, 480, 3, 553, 3, 796, 3, 1345, 4, 1428, 3, 1534
3, 519, 4, 769, 4, 869, 2, 896, 4, 1291, 2, 1324
5, 46, 3, 283, 2, 317, 4, 333, 5, 656
3, 13, 2, 34, 3, 417, 4, 440, 3, 1182
4, 919, 5, 1202
3, 1160
2, 411, 2, 971, 3, 1070, 3, 1193, 3, 1199, 2, 1493, 2, 1536
4, 95, 4, 295, 3, 405, 2, 585, 2, 1004, 3, 1370, 3, 1393
4, 625, 3, 947, 4, 1114
2, 109, 3, 741, 3, 1351, 2, 1423
2, 95, 2, 111, 3, 234, 3, 384, 2, 1326, 2, 1376
4, 151
3, 471, 3, 661, 5, 1054
3, 228, 2, 284, 3, 288, 2, 394, 2, 477, 3, 977
3, 614, 2, 835, 2, 1350, 3, 1517, 4, 1527
4, 25, 4, 414, 4, 458, 2, 674
4, 198, 2, 235, 3, 308, 3, 718, 4, 1124
2, 882, 3, 1038
4, 1558
2, 16, 4, 100, 4, 982, 3, 1408, 3, 1464
3, 83, 2, 516, 4, 1298, 4, 1304
2, 270, 3, 459, 3, 1035, 2, 1278
2, 1008
2, 525
3, 663, 3, 1002, 4, 1251, 2, 1378
4, 195, 3, 563, 2, 1129, 3, 1411, 4, 1551
4, 345, 2, 821, 3, 1458
4, 29, 3, 62, 3, 505, 3, 1065, 4, 1165, 3, 1287
2, 516, 3, 532
3, 430, 4, 679, 4, 1178
4, 97, 5, 197, 4, 619, 5, 652, 3, 735, 5, 1368, 4, 1405
3, 359, 3, 563, 4, 779, 2, 1072, 4, 1222
3, 23, 3, 400, 4, 1325
3, 250
2, 433, 3, 1142
3, 949, 3, 1153, 4, 1249, 4, 1298, 3, 1369, 2, 1398
3, 241, 3, 863
3, 663, 3, 840
2, 374, 4, 563, 4, 957
3, 131, 2, 187, 3, 191, 2, 297, 2, 380, 3, 880
3, 1519
3, 510, 2, 554, 4, 982, 3, 1425
4, 111, 3, 194, 4, 710, 3, 1076, 5, 1099, 4, 1558
2, 177, 3, 233, 3, 454, 2, 543, 3, 1136, 3, 1552
3, 108, 3, 131, 3, 1300
3, 21, 4, 25, 3, 414, 2, 817, 4, 929
3, 598, 3, 754, 4, 1179, 2, 1223, 4, 1506
3, 72, 2, 134, 4, 771, 3, 1459
4, 1111, 3, 1117, 3, 1473
2, 635, 3, 1344
2, 42, 5, 508, 2, 941, 3, 1151, 2, 1157, 4, 1450, 5, 1500
3, 52, 3, 671, 2, 854
3, 382, 2, 588, 2, 943, 4, 1470
3, 61, 3, 305, 4, 538, 4, 760, 3, 1076, 3, 1114
3, 228, 3, 344, 2, 577, 2, 581, 4, 1087, 5, 1530
2, 146, 2, 895, 2, 1350
3, 368, 3, 708, 2, 1084
4, 119, 2, 562, 2, 791, 3, 818, 3, 1167
3, 488, 3, 792
2, 405, 2, 615, 3, 821, 2, 1131
3, 199, 3, 709, 4, 738, 4, 1025, 3, 1348, 4, 1408, 2, 1524
3, 1289, 3, 1418
3, 330, 5, 706, 4, 1218
3, 440, 4, 556
3, 280, 2, 685, 3, 856, 3, 1235
3, 353, 3, 496, 3, 829, 2, 1368, 3, 1438
3, 189, 3, 193, 3, 359, 3, 1015, 4, 1397, 3, 1514
2, 409, 4, 642, 3, 865, 3, 1218, 4, 1385, 3, 1468
4, 47, 2, 369, 3, 429, 2, 536, 2, 546, 2, 779
4, 3, 3, 86
3, 119, 3, 130, 4, 336, 5, 556, 3, 646, 5, 1295, 4, 1299
2, 121, 3, 753, 3, 1363, 2, 1435
3, 460, 3, 510, 3, 786, 3, 803, 2, 1076
2, 71, 4, 304, 4, 1452, 3, 1512
4, 224, 4, 657, 3, 867, 4, 873, 3, 1316
3, 397, 3, 434, 4, 684, 3, 784, 3, 1206, 2, 1239
4, 135, 2, 151, 3, 474, 3, 1422
4, 794, 3, 931, 3, 1347, 4, 1497
4, 68, 4, 79, 4, 312, 4, 944, 4, 1137, 3, 1460, 3, 1520
3, 988
3, 276, 4, 925, 2, 1011, 2, 1307, 3, 1318, 2, 1427
3, 3, 3, 315, 4, 785, 2, 991
2, 209
3, 608, 2, 1551
4, 149, 2, 182, 4, 1185, 4, 1284, 4, 1311
2, 379, 2, 462, 2, 982, 3, 1072, 3, 1388, 2, 1558
4, 40, 2, 450, 5, 832
4, 17, 3, 183, 2, 839, 4, 1221, 2, 1338
3, 347, 3, 713, 3, 736, 4, 996
3, 143, 3, 630, 3, 1445
2, 193, 3, 253, 2, 370
4, 70, 3, 380, 5, 1212
4, 754
3, 1220
2, 175, 5, 398, 3, 1257, 4, 1500
3, 641
4, 1040, 2, 1363, 2, 1529, 2, 1540
4, 845
3, 895
3, 238, 4, 654, 4, 964
3, 205, 4, 388, 4, 754
5, 1004
4, 975
2, 505, 3, 1414
5, 1025
4, 230, 5, 267
2, 78, 4, 360, 2, 448, 4, 1070, 2, 1363
3, 631, 3, 1440
2, 165, 3, 1319
3, 115, 4, 481, 2, 548, 4, 1336, 4, 1490, 2, 1536
3, 46, 2, 68, 3, 112, 2, 225, 3, 328, 3, 528, 2, 824
4, 568, 3, 761, 3, 1084, 2, 1250
3, 36, 3, 53
3, 103
3, 502, 3, 1444
5, 43, 3, 76, 3, 1078, 4, 1205
3, 702, 3, 1172, 3, 1238, 3, 1378, 2, 1534
2, 1425
2, 323, 3, 942, 4, 1252
3, 8, 3, 557
2, 81, 3, 646, 2, 807, 3, 929, 3, 1483
3, 194, 3, 511, 3, 581, 4, 1053, 3, 1197, 3, 1530
4, 11, 3, 521, 4, 964, 4, 1193, 2, 1220, 4, 1236
3, 85, 3, 148, 3, 757, 5, 784, 2, 1084, 4, 1101, 4, 1373
3, 268, 3, 551
3, 857, 2, 1067, 5, 1074, 3, 1367, 4, 1400, 3, 1417, 3, 1517
5, 66, 2, 266, 4, 355, 3, 422, 4, 1364, 4, 1547
4, 1447
4, 75, 3, 318, 4, 551, 3, 774, 2, 1127, 3, 1377
3, 241, 3, 358, 3, 595, 4, 1417
3, 309, 3, 459
2, 908, 2, 1364
4, 442
2, 349, 3, 971
2, 771, 3, 831, 3, 948
2, 1272
2, 390, 2, 606
3, 369, 4, 419, 3, 696, 3, 712, 3, 985, 3, 1255
3, 723, 3, 752
2, 304, 4, 620
3, 499, 3, 926, 3, 982, 4, 1092, 3, 1175
3, 33, 5, 816, 3, 1159, 4, 1236
3, 293, 4, 699, 3, 870, 3, 1248
3, 163, 4, 1245
4, 157, 3, 229, 3, 1045
4, 203, 3, 207, 4, 712, 2, 1411, 3, 1528
2, 903, 3, 926, 3, 1385
3, 54, 3, 1209
2, 4, 4, 370, 2, 437, 4, 1225, 2, 1379, 2, 1425
4, 121, 4, 320, 3, 616, 4, 1396, 2, 1419, 3, 1462
3, 257, 3, 613
4, 334, 3, 363, 2, 484, 2, 1006, 2, 1050, 2, 1333
2, 474, 3, 524, 3, 800, 3, 817, 4, 946, 3, 1089
3, 38, 2, 510, 3, 953
3, 238, 4, 671, 4, 881, 4, 887, 3, 1180, 3, 1330
2, 152, 4, 195, 3, 628, 3, 1287, 3, 1410, 3, 1416
3, 39, 4, 43, 3, 95, 3, 432, 3, 605, 2, 755, 3, 835, 4, 948, 3, 1450
4, 519, 4, 675, 5, 1197, 2, 1241, 5, 1524
3, 55, 4, 692, 3, 1380
3, 523, 4, 1365
4, 196, 5, 256, 4, 363, 4, 373, 4, 606, 4, 1432
3, 412, 3, 645, 4, 1222, 4, 1282, 3, 1388, 3, 1471
3, 50, 4, 953
2, 83, 2, 609, 4, 686, 4, 1079, 3, 1092, 3, 1262, 2, 1285
2, 559, 3, 1302
3, 84, 2, 173, 3, 599, 2, 766, 2, 1182, 3, 1421
2, 123, 3, 233, 2, 1199, 3, 1222
3, 629, 4, 1005
4, 260, 3, 453, 3, 776, 4, 942
2, 393, 2, 426, 2, 443
4, 276, 4, 326, 3, 603, 3, 620, 3, 892, 3, 1163
3, 727, 3, 756
2, 211, 4, 527
3, 407, 5, 889, 5, 1000, 3, 1083
3, 627, 5, 1056
3, 301, 2, 361, 4, 467, 3, 477, 4, 710, 4, 1122
4, 32, 2, 115, 3, 371, 3, 614, 3, 847, 4, 1070, 4, 1423
4, 281, 3, 887, 2, 1396
3, 673, 3, 877, 3, 1093, 5, 1386, 4, 1436, 3, 1536
2, 344, 3, 490, 3, 590, 3, 1126, 4, 1133, 2, 1426, 2, 1470
3, 21, 2, 104, 3, 125, 4, 325, 3, 620, 3, 1400, 3, 1423
3, 558, 4, 1047
2, 801, 2, 1271, 4, 1477
4, 18, 2, 445, 4, 455, 4, 501, 3, 611, 2, 694
3, 79, 4, 495, 3, 954, 3, 1044
4, 948, 5, 1557
2, 1091, 4, 1201, 4, 1285
4, 415, 2, 452, 4, 525, 5, 935, 4, 1258, 3, 1341
4, 153, 2, 403, 2, 492, 4, 565, 4, 808, 4, 1441
4, 247, 3, 353, 3, 357, 5, 1172, 4, 1428
3, 19, 2, 639, 2, 995, 4, 1521
3, 113, 3, 175, 4, 751, 2, 812, 3, 1500
2, 482, 2, 801, 3, 1351, 4, 1358, 2, 1552
4, 83, 4, 549, 4, 915, 3, 982, 3, 1192, 2, 1198, 3, 1352
3, 1391
3, 190, 3, 539
4, 30, 3, 119, 3, 435, 4, 606, 3, 1068
4, 96, 3, 406, 3, 1034, 3, 1238, 3, 1438
2, 13, 3, 656, 3, 1128
3, 337, 3, 486
2, 936, 2, 1391
4, 470
3, 376, 3, 998, 4, 1098
3, 603, 3, 832
3, 1299
2, 417, 2, 633
3, 396, 4, 446, 3, 723, 3, 740, 3, 1012, 3, 1282
3, 750, 3, 779
3, 234, 4, 550
3, 527, 3, 953, 4, 1009, 4, 1120, 4, 1203
3, 61, 5, 843, 4, 1186, 4, 1263
3, 321, 2, 726, 3, 897, 3, 1276
3, 190, 3, 729, 2, 1272
4, 434, 3, 533, 3, 656, 3, 956, 2, 1432
4, 296, 3, 540
3, 833, 5, 856, 3, 1316
2, 81, 3, 1236
2, 31, 4, 398, 2, 464, 4, 1253, 3, 1406, 2, 1452
4, 148, 3, 348, 2, 643, 3, 1423, 2, 1446, 3, 1490
3, 285, 2, 640
4, 362, 3, 391, 2, 511, 2, 1034, 2, 1077, 2, 1360
2, 501, 2, 551, 4, 828, 3, 844, 3, 967, 2, 973, 4, 1117
3, 532, 4, 688, 4, 1414
4, 265, 4, 631, 3, 654, 4, 1114, 4, 1224
2, 145, 4, 268, 5, 1044, 2, 1247
4, 1227, 4, 1283
4, 79, 4, 308, 3, 445, 2, 468, 2, 511, 4, 728
3, 76, 4, 858
3, 432
5, 259, 4, 315, 2, 935, 4, 1291, 3, 1480
3, 138, 5, 1081, 5, 1424
3, 814
3, 126, 4, 187, 3, 293, 5, 303, 4, 1169, 4, 1362
4, 1249, 4, 1305, 3, 1415, 3, 1499
3, 916, 2, 1016, 4, 1139, 3, 1438, 4, 1472
3, 617
3, 334, 3, 483
4, 1030, 2, 1486
4, 181, 5, 564
4, 177, 5, 331, 4, 514, 4, 791, 4, 880
2, 210, 2, 414, 4, 924, 3, 974, 2, 1074
2, 317, 3, 400, 3, 656, 3, 1033, 3, 1143
3, 61, 4, 943
2, 24, 3, 473
3, 207, 3, 234, 5, 550, 4, 1093, 3, 1155
3, 780, 3, 974, 3, 1296, 4, 1462
4, 614, 4, 913, 3, 947, 4, 963, 4, 1063
2, 181, 4, 254, 4, 558, 4, 664, 5, 1069
3, 151, 3, 621, 4, 827, 3, 983
3, 45, 3, 301, 3, 544, 3, 777, 3, 1000, 3, 1316, 3, 1354
4, 309, 3, 581, 4, 864, 2, 951, 3, 1424
3, 386, 4, 635, 3, 1134
2, 575, 3, 608, 3, 691, 3, 947, 3, 1197, 3, 1297, 2, 1324
3, 55, 3, 85, 3, 551, 3, 1193, 3, 1353, 3, 1397, 3, 1493
2, 18
2, 172, 3, 871, 4, 987, 4, 1220
3, 15, 4, 225, 4, 232, 3, 1141
2, 275, 2, 658, 2, 681, 2, 1424
5, 202, 3, 252, 3, 348, 3, 498, 4, 791, 4, 1434, 2, 1478
4, 911
2, 345, 3, 383, 3, 456, 3, 1271
2, 96, 4, 379, 2, 466, 4, 1088, 2, 1381
3, 746, 3, 1555
3, 280, 4, 1042, 2, 1435
3, 93, 3, 286, 2, 775
3, 509, 2, 1085
3, 87, 2, 842
2, 28, 2, 188, 4, 970, 4, 1020, 3, 1296, 3, 1436
3, 227, 2, 437, 3, 481, 2, 764, 3, 903, 3, 1473
3, 520, 3, 1463
3, 158, 2, 191, 4, 1194, 3, 1294, 2, 1321
2, 291, 3, 374, 2, 894, 3, 984, 3, 1300, 2, 1470
2, 362, 3, 744
4, 192, 3, 455, 3, 609, 3, 792, 2, 1068, 4, 1158
3, 635
2, 157, 2, 407, 2, 533, 3, 640, 4, 644, 3, 1376, 3, 1459
4, 1083, 3, 1286, 2, 1382, 4, 1415, 4, 1432, 3, 1503, 2, 1532
3, 603, 3, 786, 2, 863, 3, 1218
3, 424, 3, 497, 4, 740, 4, 1229, 5, 1372, 5, 1478
4, 536, 3, 560, 3, 937, 4, 946, 4, 1365, 2, 1449
3, 261, 4, 277, 3, 510, 4, 600, 2, 916, 4, 1087, 2, 1548
4, 267, 3, 300, 3, 1303, 3, 1403, 2, 1526
3, 1100, 3, 1263, 3, 1506
4, 314, 2, 668, 3, 917, 3, 1417
4, 21, 4, 558, 4, 564, 4, 718, 3, 857, 3, 901, 3, 1333
3, 52, 4, 831, 3, 854, 2, 1010, 4, 1314
3, 611, 2, 1148, 4, 1447
3, 131, 5, 345, 3, 388, 5, 671, 4, 1013, 4, 1381
4, 691, 4, 741, 3, 1017, 4, 1157, 3, 1306
2, 302
4, 485, 2, 780
4, 455, 4, 888, 4, 1098, 3, 1104, 3, 1397, 4, 1447, 3, 1547
2, 1143, 2, 1480
2, 105, 2, 378, 4, 661, 3, 748, 3, 1214, 4, 1370
3, 225, 2, 242, 4, 313, 3, 928
3, 329, 4, 375, 3, 878
3, 53, 2, 602, 3, 791, 2, 1184, 2, 1367
3, 539, 3, 815, 4, 1105
3, 506, 4, 689, 3, 766, 3, 1121
3, 327, 3, 399, 4, 643, 4, 1132, 5, 1275, 4, 1381
5, 366, 3, 439, 3, 743, 3, 849, 2, 1171, 4, 1254
3, 42, 3, 213, 3, 1195
3, 186, 2, 408, 4, 762, 4, 1012, 3, 1511
3, 909, 3, 1092, 2, 1369, 3, 1458
4, 316, 4, 632
4, 44, 3, 926, 2, 1352, 4, 1408, 3, 1518
3, 27, 2, 460, 4, 1242, 4, 1248
3, 214, 3, 403
4, 1071
2, 18, 4, 251, 3, 761, 4, 1399, 3, 1460
3, 411, 3, 1066, 3, 1287, 3, 1376
4, 1437
3, 897, 3, 1141
4, 525, 2, 608, 3, 864, 3, 1114, 4, 1240, 3, 1351
3, 173, 3, 662, 3, 805, 3, 1414, 2, 1487
3, 772, 2, 978, 3, 1288
3, 112, 3, 528, 3, 988, 4, 1078
3, 142, 3, 442, 3, 475, 2, 491, 2, 591, 2, 618, 3, 1228
2, 59, 3, 182, 3, 957
2, 52, 4, 119, 2, 258, 4, 415, 4, 1140, 3, 1394
3, 133, 2, 828, 3, 965, 3, 1381, 4, 1531
4, 1554
3, 849, 3, 1005
4, 1525
4, 80, 4, 163, 4, 1045, 3, 1472, 4, 1528
3, 147, 2, 580, 2, 1362, 3, 1368
2, 236, 3, 426, 2, 1002, 2, 1245
2, 975
3, 589, 4, 899
4, 394, 5, 400, 4, 756, 2, 1415
3, 34, 2, 277, 3, 826, 3, 1016, 3, 1409
3, 170, 3, 959, 4, 1402
2, 370, 3, 1013, 4, 1217, 3, 1312, 4, 1433, 3, 1462
5, 208, 2, 270, 3, 930, 4, 1466
3, 341, 3, 453, 2, 530, 2, 923, 3, 1106
3, 228, 4, 554, 3, 844
4, 84, 3, 245, 4, 428, 4, 505, 4, 704, 4, 794, 2, 860
3, 8, 2, 64, 3, 174, 4, 258, 4, 1140
4, 58, 4, 241, 2, 607, 3, 674, 3, 1456, 3, 1462
3, 141, 3, 357, 3, 1266, 2, 1495
4, 84, 3, 88, 4, 881
4, 887, 5, 1210, 3, 1376, 2, 1386
3, 527, 4, 827, 4, 877, 3, 977
4, 25, 5, 1057, 4, 1068, 4, 1274
3, 242, 3, 275, 3, 302, 2, 419, 3, 652, 4, 1161, 4, 1190
3, 183, 2, 1398
3, 782
4, 39, 4, 116, 4, 316, 4, 405, 3, 472, 3, 1414
3, 385, 3, 751, 2, 774, 4, 818, 3, 1034
4, 845, 4, 1367, 3, 1400
3, 36, 3, 678, 3, 1151
5, 262, 4, 412
2, 959, 2, 1414
3, 493
3, 399, 3, 1021, 4, 1121
4, 626, 4, 855
3, 139, 3, 439, 3, 472, 2, 489, 2, 588, 2, 615, 3, 1225
4, 153, 3, 619, 3, 690, 3, 696, 3, 1052
5, 257, 4, 1062, 3, 1205
4, 11, 3, 964, 2, 1093
4, 1115
3, 1498
2, 306, 2, 948, 3, 975, 3, 1325, 4, 1421
2, 439, 3, 549, 2, 632
4, 397
3, 353, 3, 459, 4, 463, 4, 1195, 3, 1279, 2, 1534
3, 471, 3, 475, 3, 854, 3, 1291
2, 545, 4, 1055
3, 612
4, 369, 4, 801, 3, 1011, 3, 1018, 3, 1171, 4, 1461
4, 584, 3, 617, 4, 1206, 4, 1306
2, 38, 3, 227, 2, 803
3, 302, 4, 551, 3, 1051
3, 1118, 3, 1374
3, 33, 4, 908, 3, 998
2, 1135, 4, 1324
4, 885
2, 283, 3, 439, 4, 1005, 4, 1165, 2, 1222, 3, 1288
4, 756, 3, 893, 3, 1309, 3, 1459
3, 30, 4, 40, 4, 905, 3, 1099, 2, 1421, 4, 1482
4, 177, 3, 986, 3, 1152, 3, 1235, 3, 1456
2, 539, 5, 616, 4, 972
2, 273, 3, 843
3, 949
4, 344, 3, 1459
3, 571, 2, 621, 3, 721
3, 367, 3, 384, 3, 455, 3, 504, 3, 1070
4, 1130, 4, 1190, 2, 1307, 4, 1540
3, 448, 3, 651, 4, 868, 2, 897
4, 15, 3, 498, 3, 502, 4, 880, 3, 891, 3, 1317
2, 654, 3, 844, 3, 1237, 3, 1420
3, 444, 2, 471, 2, 787, 3, 916, 2, 1393
3, 45, 3, 700, 2, 920, 2, 1436
3, 61, 3, 290, 4, 666, 4, 1176
3, 100, 3, 373, 3, 1315
3, 27, 3, 1049
3, 208, 2, 237, 3, 880, 3, 907, 3, 1256
2, 370, 3, 480, 2, 563
2, 946, 3, 1045, 2, 1468, 3, 1501
4, 666, 4, 722, 2, 1342, 3, 1498
3, 310, 4, 560
3, 544
3, 1114, 3, 1370
3, 28, 4, 904, 3, 993
2, 1130, 5, 1320
3, 192, 4, 841, 4, 995
3, 235, 2, 884, 3, 1267, 3, 1277, 3, 1483
3, 485, 2, 529, 4, 812, 4, 1107, 2, 1400
3, 16, 3, 765
3, 299, 3, 1065, 4, 1454, 3, 1474
2, 432, 4, 688, 4, 1038, 4, 1547
3, 106, 3, 149, 3, 366, 2, 961, 4, 1275, 2, 1444, 3, 1554
4, 119, 2, 608, 2, 1483
3, 341, 2, 918
2, 674, 2, 1477
2, 39, 3, 655
3, 609, 2, 642, 4, 1231, 4, 1331, 2, 1358
3, 193, 2, 742, 3, 825, 2, 931, 4, 1435, 2, 1508
3, 86, 2, 496, 3, 879, 3, 902
3, 473
3, 357, 2, 563, 2, 918, 4, 1445
3, 36, 3, 280, 5, 513, 4, 735, 4, 1052, 3, 1089
3, 44, 3, 300, 3, 416, 2, 649, 3, 653, 3, 687, 3, 1159
3, 90, 4, 945, 3, 962, 2, 1033, 3, 1082, 3, 1395, 2, 1498
5, 290, 4, 346, 3, 966, 4, 1322, 4, 1511
3, 267, 4, 1209, 3, 1552
4, 943, 3, 1479
4, 4, 2, 34, 3, 703, 3, 1053
2, 121, 3, 167, 3, 277, 2, 876, 3, 1242, 3, 1309, 2, 1525
3, 497, 3, 717, 3, 1233, 4, 1399
3, 850, 3, 884, 3, 900
3, 1206
3, 49, 3, 288, 2, 677, 3, 698, 4, 1080, 3, 1103
3, 88, 5, 145, 5, 165, 5, 1120
4, 238, 4, 481, 2, 714, 3, 937, 3, 1253, 3, 1324
2, 93, 4, 602, 3, 1045, 3, 1274, 4, 1301, 2, 1418
3, 70, 2, 132, 4, 769, 3, 1457
4, 1012, 3, 1115, 3, 1471
2, 633, 3, 1342
2, 40, 4, 506, 2, 939, 3, 1149, 2, 1155, 3, 1448, 4, 1498
3, 50, 3, 1348, 4, 1531
2, 160, 3, 686, 5, 763, 4, 1156, 4, 1169, 3, 1339, 2, 1362
2, 636, 3, 1379
3, 380, 4, 840, 3, 929
3, 201, 2, 750, 4, 1332, 2, 1353, 3, 1443, 4, 1515
4, 407, 4, 411, 3, 800, 3, 1203, 3, 1226, 2, 1482
2, 267, 2, 1243
2, 374, 2, 590
4, 353, 4, 403, 3, 680, 3, 696, 3, 969, 3, 1239
3, 707, 3, 736
3, 191, 4, 507
3, 484, 3, 910, 4, 966, 3, 1076, 3, 1160
2, 18, 4, 800, 3, 1143, 4, 1220
3, 278, 2, 683, 3, 854, 3, 1232
3, 448, 3, 591, 2, 924, 4, 1463, 3, 1533
3, 231, 4, 967, 3, 1134
4, 348, 2, 957, 3, 1030, 4, 1273
4, 381, 3, 398, 3, 468, 4, 518, 4, 1084
4, 1144, 5, 1204, 3, 1320, 4, 1553
3, 461, 3, 665, 4, 882, 3, 911
4, 29, 3, 511, 3, 515, 2, 894, 3, 904, 3, 1331
2, 668, 3, 857, 3, 1250, 2, 1433
2, 458, 3, 485, 2, 801, 3, 930, 3, 1074, 2, 1406
3, 49, 2, 399
2, 295, 3, 465, 4, 1447, 4, 1537
4, 977, 4, 1048, 4, 1520
2, 122, 3, 782, 2, 904, 4, 1204
3, 402, 2, 459, 2, 479, 4, 642, 4, 1434
3, 80
3, 329, 4, 352, 3, 366, 3, 608, 2, 985, 2, 1091, 3, 1095
3, 406, 4, 549, 3, 1251, 3, 1301, 4, 1401
2, 263, 4, 519, 3, 895, 3, 1001, 2, 1005, 2, 1384
2, 279, 3, 469, 3, 1045, 2, 1288
3, 639, 3, 1115
4, 1182
3, 23, 3, 1458
4, 10, 4, 106, 4, 549, 3, 1192, 3, 1219, 3, 1236
3, 50, 4, 273, 3, 589, 3, 659, 2, 1132, 3, 1275
3, 137, 2, 187, 3, 224, 4, 696, 3, 1139, 2, 1395, 4, 1412
2, 54, 4, 157, 2, 307, 2, 1096, 3, 1162, 3, 1299
3, 444, 4, 727, 2, 1436
3, 105, 4, 304, 3, 600, 4, 1380, 2, 1403, 3, 1446
3, 144, 3, 500
3, 214, 3, 1100, 3, 1129
3, 413, 3, 846, 2, 1056, 4, 1062, 4, 1356, 4, 1505
4, 67, 4, 313, 2, 594, 2, 671, 4, 973, 2, 1064, 3, 1076, 4, 1096, 4, 1247, 4, 1395
3, 117, 3, 138, 3, 521, 3, 1047
4, 211, 2, 654, 3, 910, 3, 1026, 3, 1259, 3, 1297
4, 19, 2, 252, 4, 474, 3, 1333
4, 718, 3, 1494
4, 241, 2, 291, 2, 801, 2, 951, 4, 1244, 4, 1473, 4, 1516
3, 1364
3, 166, 3, 422, 2, 798, 2, 908
5, 505, 2, 549, 4, 831, 3, 971, 2, 1420, 4, 1541
3, 851, 5, 1177, 4, 1194, 4, 1466
3, 342, 2, 1091
4, 629, 4, 662, 3, 745, 3, 1001, 4, 1251, 4, 1378
3, 213, 4, 668, 4, 702, 3, 718, 4, 818, 3, 845, 3, 1455
4, 286, 5, 1122
3, 260
3, 443, 3, 1152
3, 749, 3, 959, 4, 965, 5, 1258, 3, 1308, 3, 1408
3, 216, 3, 776, 4, 876, 3, 999, 3, 1298, 2, 1419
3, 562, 3, 772, 4, 1072, 2, 1122, 2, 1222
3, 302, 5, 340, 4, 412, 3, 1228
3, 53, 3, 336, 2, 423, 3, 1338
3, 10, 3, 120, 3, 1086, 3, 1109
2, 516, 4, 892
2, 50, 3, 243, 2, 732
3, 466, 2, 1042
2, 118, 3, 141, 2, 896
4, 413, 4, 424, 3, 939
2, 640, 4, 729
2, 97, 4, 667, 3, 964, 2, 979, 2, 1516, 3, 1546
3, 804, 2, 1003, 3, 1014, 3, 1080, 3, 1220, 3, 1529
2, 548, 2, 843
3, 174, 3, 384, 3, 390, 3, 683, 2, 733, 4, 833
3, 201, 4, 301, 3, 423, 3, 723
2, 500, 2, 856, 5, 1382, 3, 1439
3, 71, 4, 315, 3, 548, 3, 770, 3, 1086, 3, 1124
2, 177, 3, 238, 2, 354, 4, 587, 4, 1097, 4, 1540
2, 118, 2, 491, 2, 661, 3, 724, 3, 1203, 3, 1333, 2, 1360
4, 158
2, 478, 3, 668, 4, 1061
3, 235, 2, 291, 3, 295, 2, 401, 2, 485, 3, 984
3, 621, 2, 842, 2, 1357, 4, 1524, 4, 1534
4, 32, 4, 422, 4, 465, 2, 681
2, 205, 4, 242, 3, 315, 3, 725, 2, 1131
4, 94, 4, 250, 3, 450, 2, 976, 2, 1032
3, 1126
3, 106, 4, 110, 4, 499, 3, 903, 4, 1015
4, 131, 4, 684, 4, 840, 3, 1362, 2, 1406
3, 158, 2, 220, 3, 857, 4, 1545
4, 1100, 3, 1106, 3, 1462
2, 721, 3, 860, 3, 1430
3, 594, 2, 960, 3, 1243, 2, 1397, 3, 1443
4, 1053
3, 1436
2, 244, 2, 887, 4, 914, 3, 1264, 4, 1359
2, 65, 4, 418, 2, 475, 3, 585, 2, 668, 2, 1167, 3, 1400
4, 391, 4, 834, 3, 1090, 2, 1107, 4, 1440, 2, 1477
3, 194, 3, 265, 4, 737, 2, 1213, 2, 1436
4, 327, 3, 521, 3, 843, 4, 1010
3, 461, 2, 494, 2, 511
3, 344, 4, 394, 3, 671, 3, 687, 3, 960, 3, 1230
3, 795, 3, 824
3, 279, 4, 595
3, 474, 3, 901, 4, 957, 3, 1067, 3, 1150
2, 106, 3, 888, 4, 1231, 4, 1308
3, 366, 3, 771, 4, 942, 4, 1320
3, 438, 3, 582, 2, 915, 4, 1454, 3, 1524
2, 546, 4, 1162
3, 310, 4, 743, 3, 953, 4, 959
2, 210, 4, 870, 2, 992, 4, 1292
2, 490, 2, 547, 2, 567, 4, 730, 4, 1522
2, 168
4, 417
2, 324, 3, 946
2, 746, 3, 807, 3, 923
3, 272
3, 218, 3, 468
2, 118, 3, 501, 5, 512, 4, 1027
4, 624, 4, 741, 3, 974
2, 181, 3, 215, 3, 231, 2, 331, 4, 358
3, 315, 3, 1490
4, 82, 3, 265, 3, 341, 3, 631
4, 72, 3, 534, 3, 805, 3, 1144, 3, 1460
3, 501, 4, 905, 3, 1121, 3, 1431
4, 182, 3, 186, 3, 692, 2, 1391, 2, 1507
2, 785, 4, 808, 3, 1268
3, 1091
4, 465, 2, 1401, 3, 1434
2, 167, 2, 396, 3, 439, 4, 1282
3, 595
2, 206, 3, 579, 3, 749, 3, 812, 2, 1421, 2, 1448
5, 217, 3, 916, 4, 1032, 3, 1265
3, 427, 4, 793, 2, 860, 4, 1070, 2, 1076, 3, 1230, 3, 1276
3, 171, 4, 261, 2, 687, 3, 853, 3, 864, 4, 1509
4, 252, 3, 308, 3, 418, 3, 501, 3, 1000, 4, 1383
4, 761, 4, 851
3, 218, 4, 374, 2, 1100, 4, 1156, 5, 1223
4, 265, 3, 804, 3, 1347
4, 95, 3, 195, 4, 731, 3, 1031, 3, 1507
4, 299, 3, 372, 3, 615, 3, 1104, 3, 1120, 3, 1247
3, 96, 4, 179, 3, 435, 2, 812, 3, 922
2, 196, 3, 309, 3, 385, 3, 779, 4, 962, 2, 985, 3, 1205
5, 249, 4, 322, 2, 625, 4, 1137
2, 332, 4, 376, 3, 658, 3, 1247
3, 995, 3, 1018, 4, 1477
3, 146, 3, 912, 4, 1301, 3, 1321
2, 279, 3, 535, 2, 885, 4, 1394
3, 27, 3, 50, 4, 213, 3, 509, 3, 1122, 2, 1554
3, 349, 3, 1119
4, 420, 3, 426, 3, 576, 3, 869, 2, 1098, 3, 1142, 3, 1425
3, 713, 3, 912, 4, 923, 3, 1129, 4, 1439
3, 130, 3, 1016, 5, 1046
3, 301, 3, 451
2, 212, 2, 900
3, 52, 4, 434, 2, 1200
3, 441, 3, 1177, 2, 1343, 2, 1354
4, 382, 3, 592, 4, 891, 3, 941, 2, 1041
4, 159, 3, 232, 3, 1047
4, 205, 3, 209, 2, 715, 2, 1414, 3, 1530
2, 905, 3, 928, 3, 1388
4, 56, 3, 1211
4, 548, 3, 885, 3, 1318
4, 775
3, 109, 4, 425
5, 719, 4, 898, 3, 981, 3, 1201
3, 622, 4, 1465
2, 296, 3, 356, 3, 462, 2, 472, 3, 705, 4, 1531
3, 13, 3, 512, 2, 745, 3, 1321, 3, 1381, 3, 1488
3, 149, 4, 1052
3, 183, 3, 709, 5, 786, 4, 1179, 4, 1192, 3, 1362, 2, 1385
2, 659, 3, 1402
3, 403, 4, 863, 4, 952
3, 224, 2, 773, 4, 1355, 2, 1376, 3, 1465, 4, 1538
4, 430, 4, 434, 3, 823, 3, 1226, 3, 1249, 4, 1505
4, 37, 2, 586, 3, 775, 3, 1169, 3, 1352
2, 703, 4, 992
2, 10, 2, 979
3, 220, 3, 730, 4, 759, 3, 1046, 3, 1368, 4, 1429, 2, 1545
3, 1309, 3, 1438
3, 350, 4, 727, 3, 1239
4, 461, 4, 577, 4, 810
4, 148, 2, 165, 3, 1436
3, 470, 3, 614, 2, 947, 4, 1486, 3, 1556
3, 254, 4, 990, 3, 1157
4, 371, 2, 980, 3, 1053, 3, 1296
4, 501, 3, 518, 3, 588, 4, 638, 4, 1204
3, 18, 4, 1167, 4, 1227, 2, 1343
3, 484, 4, 688, 2, 904, 2, 934
4, 237, 4, 248, 2, 1413, 3, 1417
2, 73, 3, 123, 3, 632, 2, 662, 3, 1304, 3, 1348
2, 1041
3, 558, 4, 868
2, 1384, 3, 1507
3, 32, 4, 475, 3, 1118, 2, 1145, 3, 1161, 3, 1494
3, 73, 3, 296, 3, 612, 4, 682, 2, 1155, 3, 1298
3, 63, 2, 112, 3, 150, 4, 622, 3, 1065, 3, 1321, 4, 1338
3, 76, 4, 180, 2, 330, 2, 1119, 3, 1185, 3, 1322
3, 370, 2, 653
3, 1501
3, 623
2, 234, 3, 606, 3, 777, 3, 839, 2, 1449, 2, 1476
3, 244, 4, 943, 4, 1060, 4, 1293
3, 200, 2, 207, 2, 1548
3, 12, 4, 1294
4, 318, 2, 878, 3, 977, 4, 1100, 3, 1400, 2, 1443, 3, 1520
3, 2, 3, 202, 3, 312, 2, 911, 2, 1277, 2, 1300
3, 139, 4, 292, 4, 475, 3, 842
3, 16, 3, 648, 2, 918, 4, 1258, 4, 1330
3, 319, 3, 712, 4, 1115, 3, 1228, 4, 1332
3, 246, 3, 1248, 3, 1477, 4, 1521
4, 922
3, 972
3, 163, 4, 812, 2, 995, 2, 1195, 3, 1205, 2, 1411
3, 299, 3, 769, 4, 975, 4, 1545
3, 13, 3, 246, 4, 822, 2, 882, 4, 1072
2, 456, 4, 872, 2, 1055, 3, 1332, 3, 1421
4, 4
2, 20, 4, 104, 4, 986, 3, 1412, 3, 1468
4, 87, 2, 453, 4, 520, 3, 1302, 3, 1308, 3, 1462
4, 204, 4, 1341, 2, 1545
3, 324, 4, 390, 4, 527, 2, 839, 3, 943
3, 417, 4, 860, 3, 1089, 4, 1133, 2, 1466
4, 523, 3, 584, 4, 690, 3, 773, 3, 1272
4, 254, 3, 670, 4, 853, 2, 930, 3, 1130, 3, 1219
3, 321, 4, 687, 4, 970, 3, 1124
2, 740, 2, 1482
2, 68, 3, 484, 2, 943, 3, 1033
3, 839, 4, 1449
3, 983, 5, 1093, 5, 1176
4, 404, 4, 417, 2, 441, 5, 827, 4, 1246, 3, 1330
2, 142, 2, 391, 3, 481, 3, 554, 2, 797, 4, 1429
3, 1003, 3, 1007
2, 106, 3, 152, 3, 289, 3, 345, 3, 655, 3, 667, 2, 834
4, 93
4, 755, 4, 805, 3, 1082, 4, 1221, 3, 1371
3, 250, 4, 366
4, 90, 3, 666, 3, 1458
3, 406, 3, 639, 3, 1215, 4, 1275, 3, 1381, 3, 1465
3, 43, 4, 946
2, 77, 3, 603, 5, 680, 4, 1073, 4, 1085, 3, 1256, 2, 1279
2, 650, 3, 1392
5, 394, 5, 854, 4, 943
3, 117, 2, 667, 4, 1249, 2, 1270, 4, 1359, 4, 1432
4, 420, 4, 425, 3, 814, 3, 1217, 3, 1240, 2, 1496
2, 281, 4, 1257
4, 221, 4, 1024, 4, 1067, 3, 1284
3, 92, 4, 175, 4, 431, 3, 807, 3, 913, 2, 917
3, 205, 3, 277, 4, 521, 4, 1153, 4, 1259
4, 78, 4, 727, 3, 910, 2, 1109, 4, 1120, 3, 1326
3, 214, 3, 684, 3, 890, 3, 1046
4, 108
3, 358, 4, 508, 2, 668, 3, 1363, 3, 1450, 3, 1500
3, 644, 3, 1014
2, 361, 3, 598, 2, 632, 3, 648, 3, 748
3, 732, 3, 1493
3, 345, 4, 499, 2, 544, 2, 682, 4, 1048
3, 475, 4, 775, 4, 825, 3, 924
3, 908, 4, 918, 3, 1124, 3, 1434
2, 92, 3, 153, 3, 269, 2, 502, 2, 1012, 2, 1041
3, 438, 2, 498, 3, 1187, 3, 1420
2, 205, 2, 328, 3, 1104
4, 266, 3, 296, 2, 502, 3, 658, 3, 858, 4, 1384, 2, 1541
3, 908, 4, 1311
2, 166, 3, 233, 2, 1021, 3, 1175, 2, 1358
3, 210, 5, 243, 2, 260, 2, 360, 3, 1055, 3, 1258, 3, 1475
2, 823
3, 447, 2, 769, 3, 829, 2, 946, 2, 1179
3, 224, 3, 247, 2, 1002
3, 137, 3, 519, 4, 530, 4, 1046
3, 643, 4, 759, 2, 992
2, 200, 3, 233, 3, 250, 2, 349, 4, 376
3, 333, 3, 1508
5, 100, 4, 283, 4, 360, 3, 649
4, 91, 3, 553, 2, 823, 3, 1162, 3, 1478
3, 519, 3, 923, 3, 1139, 3, 1449
4, 103, 3, 107, 3, 613, 2, 1312, 3, 1428
2, 804, 4, 826, 3, 1286
4, 249, 3, 253, 3, 642, 2, 1046, 3, 1069
5, 151, 2, 207, 5, 273, 4, 827, 5, 983, 3, 1182, 3, 1548
2, 1222, 3, 1232
2, 47, 4, 77, 3, 989, 3, 1172, 4, 1249, 2, 1546
3, 27, 2, 737, 3, 1103, 3, 1169, 3, 1386, 3, 1539
2, 21, 2, 204, 3, 281, 5, 481, 3, 570, 3, 637
3, 550, 3, 916, 3, 939, 3, 983, 2, 1199, 3, 1399
3, 17, 2, 294, 4, 383, 3, 450, 4, 1238, 3, 1392
2, 15, 4, 231, 3, 431, 3, 1140, 3, 1506, 2, 1529
4, 270, 3, 1040
4, 347, 3, 497, 2, 790, 2, 1019, 2, 1063, 2, 1346
3, 584, 2, 634, 4, 910, 4, 927, 4, 1050, 4, 1200, 4, 1470
2, 517, 3, 1087
3, 348, 4, 781, 3, 991, 4, 997, 4, 1290, 3, 1440
2, 248, 3, 908, 3, 1030, 4, 1330
3, 431, 4, 508, 2, 901, 2, 1084, 4, 1463
3, 45, 3, 900, 4, 987, 3, 1037, 4, 1453
4, 68, 4, 184, 3, 417
3, 72, 2, 89, 3, 1360
4, 19, 4, 492, 2, 635, 2, 968, 2, 1490, 3, 1507
4, 402, 2, 631, 3, 1007, 3, 1517
2, 335
4, 65, 3, 814
2, 62, 4, 66, 3, 445, 5, 456, 4, 882
3, 129, 3, 699, 4, 1011, 3, 1265, 2, 1481, 4, 1548
3, 738, 3, 1015, 4, 1154, 4, 1304
2, 220, 4, 280, 3, 386, 4, 397, 3, 1042, 3, 1262
3, 1245, 3, 1301, 4, 1412, 2, 1495
3, 233, 4, 333, 4, 455, 5, 462, 2, 755, 4, 788, 2, 1231
3, 266, 3, 699, 3, 915
3, 97, 4, 1035, 3, 1239, 3, 1439, 3, 1551
3, 14, 3, 243, 3, 1129
4, 442, 3, 1085, 3, 1245, 3, 1289, 4, 1385, 3, 1505, 4, 1534
2, 7
2, 161, 3, 860, 4, 976, 3, 1209
3, 117, 3, 123, 2, 1465
2, 350, 3, 627, 4, 657, 2, 766, 2, 1173
4, 191, 3, 241, 2, 337, 3, 487, 4, 780, 2, 1423, 2, 1466
2, 108, 4, 736, 3, 757, 3, 803, 3, 940, 2, 1140, 3, 1356
4, 500, 2, 1103, 3, 1192, 2, 1265, 3, 1509
4, 550, 3, 616, 4, 753, 2, 953, 4, 1066, 3, 1169
4, 58, 3, 114, 2, 181, 4, 734, 4, 890, 3, 1090, 4, 1279
3, 8, 4, 264, 4, 747, 4, 751, 3, 1129
2, 771, 2, 910, 4, 1480
3, 1326
4, 61, 4, 128, 3, 267, 4, 417, 3, 577, 4, 1409
2, 714, 3, 967, 3, 1250, 3, 1390, 2, 1546
2, 4, 2, 320, 3, 391, 3, 863, 2, 1340
3, 1173
3, 724, 3, 1267, 3, 1329
2, 14
4, 315, 3, 1120, 3, 1137, 3, 1264
4, 355, 3, 428, 2, 731, 3, 1243
3, 438, 2, 482, 4, 765, 2, 1353
3, 1404
2, 42, 4, 458
2, 263, 2, 562, 4, 625, 4, 1284
4, 87, 3, 1102
2, 91, 3, 180, 4, 369, 2, 607, 2, 773, 3, 1428
4, 74, 2, 130, 2, 240, 4, 324, 3, 823, 3, 1206
3, 267, 3, 770
4, 138, 3, 294, 3, 1020, 2, 1143
3, 1295
3, 220, 4, 1162, 3, 1505
4, 896, 2, 1432
3, 656, 3, 1006, 4, 1515, 2, 1545
3, 1359
3, 161, 3, 410
2, 61, 3, 444, 3, 454, 3, 970
4, 38, 4, 134, 2, 577, 2, 1219, 3, 1246, 3, 1363
4, 397, 4, 1500
2, 89, 4, 344, 4, 721, 4, 831
2, 105, 3, 295, 3, 871, 2, 1114
3, 222, 3, 238, 4, 511, 3, 781, 2, 844, 4, 1453, 3, 1503
2, 568, 3, 1277
3, 873, 2, 1083, 3, 1090, 4, 1383, 4, 1433, 2, 1533
3, 341, 2, 900, 3, 1000, 4, 1123, 4, 1423, 2, 1466, 4, 1543
4, 122, 4, 321, 2, 432, 2, 515, 2, 1031, 2, 1397, 2, 1420
4, 554, 3, 1054, 4, 1291, 3, 1457
4, 292, 4, 495, 4, 1005, 2, 1055, 2, 1155
3, 346, 2, 1161
3, 905
2, 112
2, 301, 3, 361, 3, 384, 3, 640, 2, 1017, 3, 1123, 3, 1127
2, 438, 3, 455, 3, 581
2, 597, 2, 1239
3, 194, 4, 831, 3, 1276, 4, 1519
4, 660, 2, 1080, 3, 1436
2, 598, 2, 893
3, 5, 2, 471, 4, 904, 4, 1114, 3, 1120, 4, 1413, 4, 1463
4, 218, 3, 480, 3, 634, 3, 817, 2, 1093, 4, 1183
2, 284, 3, 650, 3, 673, 4, 933
3, 81, 3, 567, 3, 1383
3, 32, 3, 228, 3, 261, 3, 288, 3, 404, 4, 637, 4, 1147
3, 72, 3, 344, 4, 1286
3, 1020, 3, 1557
5, 179, 2, 208, 3, 851, 4, 878, 3, 1227
4, 285, 3, 341, 3, 345, 3, 452, 3, 535, 3, 1034
3, 574, 3, 795, 3, 1311, 4, 1477
3, 1025, 2, 1058, 3, 1075, 4, 1175
2, 75, 3, 958, 3, 1005, 3, 1374
3, 169, 4, 485, 3, 867, 4, 984, 3, 1217, 3, 1221
4, 335, 3, 688, 3, 938, 4, 1437
3, 975
3, 6, 4, 881, 4, 1075, 3, 1385
3, 1048, 4, 1191
2, 56, 4, 289, 3, 865, 3, 925, 4, 1031, 4, 1114
3, 107, 3, 429, 3, 490, 2, 596, 2, 606, 3, 839, 2, 1349
2, 517, 2, 567, 4, 844, 4, 860, 3, 983, 2, 989, 4, 1133
3, 548, 4, 704, 4, 1430
3, 281, 4, 648, 3, 670, 4, 1130, 3, 1240
2, 279, 4, 938, 2, 1061, 5, 1360
3, 462, 2, 518, 2, 539, 4, 701, 5, 1493
2, 139
2, 329, 3, 389, 4, 412, 3, 668, 2, 1044, 2, 1150, 3, 1154
2, 132, 3, 432, 2, 465, 3, 482, 3, 582, 3, 609
4, 76, 2, 206, 3, 828, 3, 919, 3, 928, 2, 1464
2, 245, 3, 279, 3, 295, 2, 395, 4, 422
3, 378, 3, 1554
4, 243, 3, 426, 3, 502, 3, 792
4, 136, 3, 598, 2, 869, 3, 1208, 3, 1524
3, 565, 3, 968, 3, 1185, 3, 1495
2, 13, 4, 246, 3, 250, 2, 756, 2, 1455
2, 849, 4, 872, 3, 1332
3, 1155
3, 529, 3, 629, 2, 1465, 3, 1498
3, 663, 3, 720, 2, 1339, 3, 1495
3, 143
3, 543, 3, 1485
3, 497, 3, 530, 3, 1119, 2, 1246
2, 581, 3, 1291
4, 454, 4, 887, 3, 1097, 3, 1103, 3, 1397, 4, 1447, 2, 1546
3, 1480, 2, 1557
3, 105, 4, 748, 2, 791, 3, 1074, 3, 1214, 3, 1370
2, 225, 3, 242, 3, 312, 4, 928
3, 329, 4, 789, 3, 878
3, 601, 3, 1184
4, 989
4, 66, 4, 432, 3, 869, 3, 915
3, 276, 3, 1164
4, 492, 4, 1148, 4, 1368, 3, 1458
3, 1264, 3, 1535
3, 57, 2, 140, 3, 396, 3, 639, 3, 872, 4, 1095, 4, 1449
4, 307, 3, 912, 3, 1422
3, 533, 2, 583, 3, 683
3, 427, 3, 443, 4, 514, 3, 564, 3, 1130
3, 41, 4, 1189, 4, 1250, 2, 1366
3, 507, 2, 711, 4, 927, 2, 956
4, 74, 4, 451, 5, 557, 4, 561, 5, 940, 4, 950, 3, 1376
2, 797, 2, 1406
3, 526
2, 503, 4, 553, 4, 830, 4, 847, 4, 969, 3, 976, 4, 1119
3, 534, 4, 690, 5, 1416
4, 268, 4, 634, 3, 657, 4, 1116, 4, 1227
2, 168, 3, 827, 2, 950, 4, 1250
2, 351, 2, 504, 2, 525, 4, 687, 4, 1480
2, 126
2, 315, 3, 375, 3, 398, 2, 654, 2, 1030, 3, 1137, 3, 1141
3, 321, 2, 354, 3, 371, 2, 498, 2, 568
3, 169, 2, 173, 3, 551
4, 971, 3, 1294, 2, 1460, 2, 1471
3, 402, 2, 612, 2, 911, 3, 961, 3, 1061
3, 271, 4, 304, 2, 388, 3, 1057, 3, 1130, 4, 1307, 3, 1434
2, 425, 2, 725, 3, 774, 3, 874
3, 551, 3, 955, 3, 1171, 3, 1481
4, 135, 3, 139, 4, 645, 2, 1344, 4, 1460
3, 738, 4, 761
3, 2, 4, 106, 2, 256, 2, 1044, 3, 1111, 3, 1248
3, 392, 3, 675
4, 1524
4, 549
2, 160, 3, 532, 3, 702, 2, 765, 2, 1374, 2, 1401
3, 267, 3, 966, 4, 1082, 4, 1315
3, 13, 3, 223, 3, 230, 2, 1139
2, 273, 2, 656, 2, 679, 2, 1421
3, 109, 2, 752, 4, 1129, 3, 1224
3, 43, 4, 243, 4, 353, 3, 952, 2, 1318, 2, 1341
3, 83, 4, 236, 4, 419, 3, 785
3, 57, 3, 689, 4, 959, 5, 976, 4, 1299, 3, 1371
3, 267, 2, 1082
3, 826, 3, 872, 3, 1066, 4, 1376, 4, 1555
4, 160, 3, 803, 3, 1007, 4, 1223, 4, 1252
2, 370
2, 60, 3, 1003, 3, 1186, 4, 1263, 2, 1462, 4, 1552
2, 653, 3, 1019, 3, 1086, 3, 1302, 3, 1456, 3, 1502
4, 35, 4, 218, 4, 295, 3, 494, 5, 584, 4, 650, 2, 1177
2, 534
4, 297, 2, 440, 4, 447, 4, 983, 3, 1302, 4, 1389, 3, 1439
3, 647, 4, 703, 2, 1323, 3, 1479
3, 291, 4, 541, 3, 1040
4, 577, 3, 611, 3, 694, 3, 950, 4, 1199, 3, 1299, 4, 1326
4, 317, 4, 521, 3, 617, 3, 767
3, 367, 2, 371, 4, 750, 3, 760, 3, 1276
3, 65, 2, 109, 4, 392, 3, 531, 3, 1101
4, 102, 3, 345, 3, 578, 3, 1215, 3, 1531
3, 106, 4, 195, 2, 622, 4, 788, 4, 799, 4, 1444
3, 89, 3, 146, 3, 256, 3, 339, 3, 838, 3, 1221
2, 9, 3, 435, 3, 602, 2, 1257, 2, 1477
3, 897, 2, 1101
3, 408, 3, 552, 4, 884, 3, 1423, 3, 1494
3, 778
2, 123, 2, 416, 3, 645, 2, 688, 2, 848, 3, 971, 3, 1524
3, 578, 4, 888
4, 382, 3, 389, 2, 745, 2, 1404
4, 120, 2, 363, 3, 912, 3, 1102, 4, 1495
3, 752, 3, 1029, 4, 1318
3, 906
2, 1050, 4, 1160, 4, 1243
3, 374, 3, 480, 4, 484, 2, 1216, 3, 1299, 2, 1555
3, 87, 2, 826, 2, 1402
3, 393, 4, 643, 3, 1142
3, 1113, 3, 1369
3, 27, 3, 903, 3, 992
2, 1226, 4, 1416
3, 191, 4, 840, 4, 993
3, 234, 2, 883, 3, 1266, 3, 1276, 3, 1482
4, 484, 2, 527, 4, 810, 4, 1106, 2, 1399
3, 15, 3, 764
3, 298, 3, 1063, 4, 1453, 3, 1473
4, 431, 4, 687, 4, 1036, 4, 1546
3, 245
4, 252, 3, 605, 3, 855, 4, 1354
3, 495, 4, 501, 3, 794, 2, 838, 2, 1271, 4, 1516
3, 534, 2, 738, 4, 834, 2, 984
2, 288, 3, 298, 3, 814
3, 604
4, 391, 4, 421, 4, 1063, 3, 1107, 4, 1440
4, 595, 3, 761, 4, 844, 3, 1344
4, 262, 2, 362, 3, 484, 3, 784
3, 355, 2, 561, 2, 917, 4, 1443
3, 35, 3, 278, 4, 511, 3, 734, 3, 1050, 3, 1088
4, 43, 3, 299, 3, 415, 2, 648, 3, 652, 3, 685, 5, 1158
2, 82, 3, 153, 3, 769
3, 107, 4, 882, 2, 1128
2, 183, 2, 340, 3, 905, 4, 1188
4, 462, 3, 766
2, 379, 5, 589, 3, 795, 4, 1105
2, 319, 3, 642, 4, 702, 3, 818
4, 259, 3, 409
3, 858
4, 192, 2, 469, 3, 608, 2, 918
4, 398, 3, 1135, 4, 1301
4, 150, 3, 612, 3, 882, 3, 1221, 3, 1538
3, 47, 3, 676, 4, 1079, 3, 1296
2, 27, 4, 260, 3, 264, 2, 769, 2, 1468
2, 863, 4, 886, 3, 1345
2, 111, 3, 1266
4, 61, 4, 427, 2, 494, 4, 1282, 4, 1436, 2, 1482
4, 178, 3, 378, 2, 673, 3, 1453, 2, 1476, 3, 1519
3, 836, 2, 1019, 2, 1096, 2, 1385, 4, 1452
3, 1462
4, 486, 3, 852, 3, 1289, 2, 1335, 3, 1445
3, 7, 4, 128, 4, 484, 3, 1143, 5, 1266
2, 224, 3, 461, 5, 494, 3, 511, 5, 833, 3, 1149
4, 500, 3, 534, 3, 617, 3, 1249, 3, 1286, 4, 1536
2, 181, 3, 814, 4, 1051, 4, 1084, 4, 1101, 4, 1200, 3, 1423
4, 254, 3, 1090
4, 15, 4, 85, 3, 129, 4, 131, 3, 364, 4, 874, 3, 1414
2, 18, 3, 168, 3, 328, 4, 1110, 5, 1160, 3, 1370, 4, 1437
4, 158, 3, 1246
4, 98, 3, 464, 3, 531, 4, 741, 4, 747, 3, 901
5, 780, 3, 1123, 4, 1200, 2, 1556
3, 258, 2, 664, 3, 834, 3, 1213
3, 428, 3, 572, 2, 904, 4, 1443, 3, 1514
3, 212, 3, 948, 3, 1114
3, 328, 2, 938, 2, 1011, 2, 1254
3, 459, 3, 475, 3, 546, 3, 596, 3, 1162
4, 1124, 4, 1185, 3, 1301, 4, 1534
3, 442, 2, 646, 4, 862, 2, 891
3, 106, 3, 483, 4, 589, 2, 593, 4, 972, 3, 982, 4, 1408
4, 560, 4, 1365, 3, 1381, 3, 1508
2, 585, 2, 795, 2, 862, 2, 1001, 3, 1151, 3, 1311
2, 46
2, 275, 4, 446, 5, 1428, 5, 1517
4, 958, 3, 1028, 4, 1501
3, 200, 3, 859, 2, 982, 5, 1282
3, 383, 2, 439, 2, 460, 3, 622, 4, 1415
4, 60, 2, 110, 4, 422, 3, 526, 3, 676, 4, 1465, 3, 1531
3, 973
3, 353, 2, 386, 3, 403, 2, 503, 2, 530
4, 104, 2, 108, 4, 486
3, 1003, 3, 1326, 2, 1492, 2, 1503
3, 434, 4, 644, 4, 943, 4, 993, 3, 1093
5, 211, 4, 284, 2, 587, 4, 1099
4, 530
3, 58, 3, 436, 3, 1039, 3, 1432, 2, 1445
3, 553, 3, 690, 4, 1256
3, 503, 3, 840, 4, 1272
4, 729
4, 161, 5, 477
3, 770, 4, 1253, 3, 1363, 3, 1446
3, 577, 4, 1419
4, 25, 2, 348, 3, 408, 2, 514, 2, 524, 2, 757
3, 65, 3, 1539
3, 98, 3, 108, 3, 314, 3, 535, 3, 624, 4, 1273, 4, 1277
2, 99, 3, 732, 3, 1341, 2, 1414
3, 438, 3, 488, 3, 765, 4, 781, 2, 1054
2, 49, 4, 282, 4, 1431, 3, 1491
2, 50, 3, 500
3, 163, 3, 233, 3, 706, 2, 1182, 2, 1405
3, 489, 4, 710, 4, 1226, 4, 1392
3, 843, 2, 876, 2, 893
3, 753, 3, 1296
3, 1096, 3, 1352
3, 10, 4, 886, 4, 1079, 3, 1389
3, 1052, 4, 1196
2, 60, 4, 293, 3, 869, 2, 930, 4, 1036, 4, 1119
3, 111, 3, 434, 3, 494, 2, 600, 2, 611, 3, 844, 2, 1353
3, 261, 3, 278, 3, 407, 2, 550, 2, 883, 4, 1493, 5, 1543
3, 121, 3, 847, 2, 1317, 4, 1384, 3, 1523
4, 997, 4, 1473
3, 797, 3, 1467, 2, 1540
3, 837
2, 500, 4, 783, 3, 1336, 2, 1493
4, 305, 2, 361, 3, 471, 3, 554, 3, 1054, 3, 1287, 2, 1509
3, 278, 2, 721, 2, 950, 3, 977, 3, 1326
3, 647, 3, 731, 3, 951
3, 381, 4, 385, 3, 1201, 4, 1456
2, 868, 3, 897
3, 352, 4, 668, 3, 1300
3, 19, 3, 262, 3, 495, 3, 1131, 3, 1447
2, 23, 3, 112, 3, 538, 3, 705, 3, 1360
2, 1204, 5, 1414
3, 49, 3, 66, 4, 136, 3, 609, 2, 752, 3, 1085
3, 76, 4, 519, 3, 1124, 3, 1162
2, 452, 3, 1361
4, 542, 3, 559, 3, 629, 3, 679, 2, 1245
4, 528, 3, 705
2, 239, 2, 428, 3, 821, 2, 1004
2, 56, 3, 372, 3, 915, 3, 977
3, 326, 4, 402, 2, 758
3, 36, 3, 59, 4, 629, 3, 829, 3, 941, 3, 1018, 2, 1411
3, 3, 3, 76, 3, 486, 3, 891
2, 183, 3, 656, 3, 1099
3, 383, 4, 816, 3, 1026, 4, 1032, 3, 1325, 4, 1475
2, 283, 4, 943, 2, 1065, 4, 1365
4, 37, 2, 563, 3, 620, 2, 640, 5, 803, 3, 1046
3, 87, 3, 490, 2, 603, 3, 1252
2, 181, 3, 880, 4, 996, 3, 1229
2, 77, 3, 373, 5, 1015, 3, 1153, 3, 1175, 3, 1219, 3, 1435
4, 214, 3, 303, 5, 407, 2, 730, 4, 896, 3, 906
3, 253, 2, 1329
4, 280, 2, 557, 3, 696, 3, 1006
3, 583, 3, 1320, 2, 1486, 2, 1496
4, 359, 3, 1334, 3, 1524
3, 182, 2, 1124, 3, 1467
4, 178, 3, 644, 4, 715, 3, 721, 4, 1077
4, 282, 4, 1087, 2, 1231
4, 964
3, 155, 4, 804, 3, 987, 2, 1187, 3, 1197, 3, 1403
3, 292, 3, 762, 3, 968, 3, 1124
3, 186
4, 19, 4, 435, 3, 585, 4, 745, 3, 1374, 4, 1440, 4, 1527
3, 356, 3, 882, 4, 938, 3, 959, 4, 1048, 4, 1121, 4, 1365
3, 832
4, 416, 3, 422, 2, 576, 2, 622, 4, 759, 4, 1125, 2, 1192
3, 690, 4, 869, 3, 952, 3, 1173
3, 497
2, 336, 3, 752, 2, 935, 2, 1012, 3, 1212, 3, 1302
2, 372, 3, 1281
3, 549, 4, 599, 3, 876, 5, 892, 2, 1165
4, 44, 2, 160, 3, 393, 3, 1541
4, 313, 2, 702, 4, 746, 2, 956, 3, 962, 4, 1405
3, 214, 2, 873, 2, 996, 4, 1002, 3, 1156, 3, 1339
4, 437, 2, 1132
3, 101, 3, 643, 2, 1120, 3, 1342
2, 804
3, 427, 2, 750, 3, 810, 2, 926, 2, 1159
3, 204, 3, 227, 2, 983
4, 1123
3, 194, 3, 677
3, 500, 3, 566, 3, 704, 2, 903, 3, 1120, 3, 1430
4, 8, 5, 64, 2, 131, 4, 684, 5, 840, 3, 1040
3, 1156, 4, 1294
2, 318, 3, 464, 3, 564, 3, 1100, 3, 1107, 2, 1400, 3, 1443
2, 78, 3, 99, 4, 299, 3, 594, 3, 1374, 3, 1397, 3, 1553
3, 532, 4, 1021
2, 775, 2, 1244, 4, 1450
4, 419, 3, 429, 2, 475, 4, 585, 4, 668, 3, 1550
2, 28, 3, 249, 4, 338, 3, 765, 4, 931, 4, 941, 4, 1347
2, 232, 2, 981, 2, 1437
4, 552, 2, 1267, 2, 1305
3, 302, 4, 745, 3, 1001, 3, 1351, 2, 1388
2, 878, 4, 988, 4, 1072
4, 202, 3, 308, 3, 312, 4, 1128, 3, 1384
2, 886, 3, 1042
2, 206, 3, 849, 4, 1052, 4, 1148, 4, 1269, 3, 1298
5, 43, 3, 106, 3, 765, 3, 1302
5, 274, 3, 386, 2, 463, 2, 856, 2, 1039
3, 64, 3, 390, 4, 679
3, 80, 3, 263, 4, 340, 3, 629, 4, 696, 3, 1478
2, 1042, 3, 1252
3, 349, 3, 493, 4, 826, 4, 1364, 3, 1435
4, 133, 3, 1036
2, 166, 3, 692, 3, 749, 3, 769, 3, 932, 4, 1175, 2, 1368
3, 623, 4, 656, 3, 740, 3, 995, 4, 1245, 3, 1372, 3, 1482
3, 363, 3, 663, 4, 713, 3, 812
3, 893, 4, 903, 3, 1109, 3, 1419
2, 77, 3, 138, 3, 254, 4, 487, 3, 997, 3, 1026
3, 50, 3, 294, 4, 527, 3, 1103, 3, 1163, 3, 1479
3, 58, 4, 667, 3, 701, 3, 728, 4, 844, 2, 1077, 4, 1173
2, 98, 2, 168, 3, 784
3, 121, 3, 780, 2, 903, 4, 909, 3, 1063, 3, 1246
4, 248
3, 4, 3, 115, 3, 198, 2, 697, 3, 1506
3, 95, 2, 141, 3, 278, 4, 644, 3, 711, 2, 823, 2, 1499
2, 595
3, 158, 2, 484, 2, 501, 3, 774, 3, 1044
3, 99, 3, 608, 4, 828, 3, 1150, 4, 1307, 3, 1327
4, 715, 3, 775, 4, 964, 4, 1463
4, 482, 4, 904
3, 242, 3, 359
3, 179, 3, 755, 3, 1134
2, 495, 4, 728, 4, 951, 3, 1305, 4, 1471, 3, 1554
3, 36, 2, 938
3, 19, 3, 29, 3, 545, 4, 1194, 3, 1198
3, 585, 2, 1261
2, 79, 3, 529
3, 262, 2, 289, 3, 606, 3, 735, 2, 1211
3, 615, 2, 836, 2, 1352, 3, 1518, 4, 1528
4, 27, 4, 416, 4, 459, 2, 676
4, 296, 3, 310, 3, 334, 4, 719, 5, 1222
2, 883, 3, 1039
4, 1559
3, 285, 3, 768
4, 591, 3, 657, 4, 794, 2, 994, 4, 1107, 3, 1211
3, 2, 4, 58, 2, 125, 3, 678, 4, 834, 2, 1034
5, 139, 4, 788, 6, 971, 5, 1170, 2, 1181, 3, 1247, 5, 1387
3, 66, 3, 255, 4, 831
2, 72, 3, 328, 3, 571, 3, 804, 4, 1380, 4, 1441, 3, 1547
3, 336, 2, 978, 3, 1022, 3, 1355, 3, 1451
4, 413, 3, 579, 3, 662
2, 718, 3, 1461
4, 144, 4, 560, 3, 1019, 3, 1109
4, 915, 5, 1525
2, 1059, 4, 1169, 4, 1252
2, 6, 3, 383, 3, 489, 4, 493, 3, 1225, 3, 1308
3, 96, 3, 835, 2, 1411
3, 402, 4, 652, 4, 1151
3, 1122, 3, 1378
3, 36, 4, 912, 3, 1001
2, 1138, 4, 1328
3, 200, 4, 849, 5, 1002
4, 243, 3, 892, 3, 1275, 3, 1285, 3, 1491
3, 493, 2, 537, 4, 819, 5, 1115, 2, 1408
3, 24, 3, 773
4, 307, 4, 1073, 4, 1462, 4, 1482
2, 440, 3, 696, 4, 1046, 4, 1555
4, 91, 4, 114, 3, 157, 3, 374, 5, 573, 3, 684, 3, 1283
3, 710, 5, 903, 2, 1226, 3, 1286, 2, 1392, 4, 1403
2, 693, 3, 860, 4, 943, 2, 1163
4, 317, 4, 617, 2, 650, 4, 679, 3, 1239, 4, 1339
3, 656, 2, 690, 2, 706, 4, 806
4, 590, 3, 800, 3, 1006, 2, 1316
2, 71, 2, 893
5, 364, 4, 926, 3, 1452
2, 670, 4, 1153, 3, 1263, 4, 1346
4, 477, 3, 764, 4, 1319
3, 560, 3, 1070
4, 651, 2, 724, 4, 967
3, 129, 2, 878
2, 8, 3, 412, 3, 1173
4, 225, 3, 418, 4, 740, 4, 907
2, 391, 2, 408, 3, 455
4, 338, 4, 388, 3, 665, 3, 681, 3, 954, 3, 1224
3, 692, 3, 721
3, 176, 5, 492
4, 372, 2, 854, 2, 964, 2, 1048
2, 308, 2, 341, 4, 1343, 3, 1443, 3, 1470
2, 62, 3, 441, 3, 524, 3, 794, 3, 1044, 2, 1133, 3, 1450
3, 89
3, 604, 3, 758, 3, 941
2, 453, 2, 765, 3, 1019, 3, 1302, 3, 1441
2, 443, 2, 470, 4, 786, 2, 915, 2, 1391
3, 240, 3, 922
2, 52, 3, 579, 5, 1049, 2, 1255, 4, 1411
3, 169, 3, 186, 3, 256, 3, 306, 3, 728, 3, 872
4, 293, 4, 443, 3, 736, 2, 1009, 2, 1292, 4, 1379
3, 776, 3, 1318
3, 1119, 3, 1375
4, 33, 4, 909, 4, 1199, 2, 1412
3, 1172, 4, 1316
3, 180, 2, 351, 4, 413, 4, 989, 3, 1049, 3, 1156, 3, 1239
3, 866, 3, 1376, 4, 1405
3, 171, 4, 221
3, 21, 2, 770
3, 304, 4, 314, 3, 1070, 2, 1479
3, 437, 3, 1080, 3, 1107, 4, 1124, 3, 1456, 3, 1552
4, 340, 2, 816, 3, 1039
3, 24, 4, 57, 3, 1060, 4, 1160
4, 683, 4, 739, 3, 1359, 3, 1515
3, 327, 5, 577, 3, 1076
3, 614, 3, 647, 3, 730, 3, 986, 3, 1236, 3, 1336, 4, 1363
3, 354, 3, 558, 3, 654, 2, 803
3, 501, 2, 505, 4, 884, 3, 894, 2, 1410
3, 102, 3, 145, 4, 428, 3, 568, 3, 1137
3, 41, 3, 285, 3, 518, 3, 1154, 3, 1470
3, 142, 4, 232, 2, 658, 3, 825, 4, 835, 4, 1480
3, 126, 2, 182, 3, 292, 3, 375, 3, 875, 3, 1257
3, 635, 3, 725
2, 418, 2, 1127
3, 139
3, 106, 3, 1071, 3, 1094, 3, 1553
2, 501, 3, 877
2, 35, 3, 228, 2, 717
3, 548, 2, 1124
3, 126, 2, 881
3, 149, 3, 475, 2, 764
3, 165, 4, 348, 5, 419, 5, 425, 3, 625, 5, 714, 4, 781
3, 279, 3, 762, 4, 872, 3, 955
3, 499
5, 339, 3, 755, 3, 938, 2, 1015, 2, 1215, 4, 1305
3, 406, 2, 772, 3, 795, 4, 1055
5, 43, 5, 786
3, 176, 2, 193, 2, 264, 3, 879
2, 150, 4, 162, 2, 329, 2, 1159, 3, 1205, 4, 1398
3, 100, 2, 1175, 4, 1198
3, 1088, 3, 1471, 2, 1481
3, 237, 2, 919
4, 264, 2, 463, 3, 576, 3, 1046, 2, 1252
3, 350, 3, 400, 3, 677, 3, 694, 3, 823, 3, 966
3, 290, 3, 733
4, 90, 3, 1332
4, 384, 3, 866, 3, 976
4, 398, 4, 807, 3, 1190, 4, 1213
3, 371
3, 198, 4, 254, 3, 275, 2, 874, 4, 1230
5, 1363, 3, 1433
2, 404, 3, 780
2, 281, 4, 510, 4, 553, 4, 836, 3, 1390, 4, 1546
4, 856, 4, 1199
5, 240, 4, 490, 4, 589, 4, 616, 3, 1126, 5, 1426, 2, 1459
4, 154
2, 21, 2, 104, 3, 603, 3, 1412, 3, 1469
4, 87, 4, 164, 2, 364, 4, 454, 3, 520, 3, 1462
2, 85, 2, 301
3, 391, 3, 407, 2, 478, 3, 528, 3, 950, 3, 1093
4, 411, 4, 417, 3, 567, 3, 861, 3, 1133, 3, 1416, 4, 1503
3, 914, 3, 1118, 3, 1317, 3, 1430, 3, 1534
3, 121, 3, 1008, 3, 1451
4, 321, 5, 964, 3, 1168, 3, 1263, 3, 1384, 3, 1413
3, 1037
3, 68, 4, 944, 3, 1033
2, 1170, 4, 1360
3, 232, 3, 598, 4, 881, 3, 1034
3, 442, 4, 515, 2, 818, 3, 1247, 4, 1330
2, 315, 3, 392, 4, 785, 3, 991, 3, 1347
2, 19, 3, 89, 4, 705
3, 1381, 3, 1504
4, 29, 2, 472, 4, 728, 4, 1078
4, 123, 3, 146, 3, 189, 3, 406, 4, 605, 3, 715, 2, 1315
3, 742, 4, 935, 2, 1258, 3, 1318, 2, 1424, 4, 1435
4, 725, 3, 892, 3, 975, 3, 1195
3, 349, 4, 649, 2, 682, 4, 711, 3, 1271, 4, 1371
4, 688, 2, 722, 2, 738, 4, 838
2, 622, 3, 929, 3, 1038, 2, 1348
2, 103, 2, 925
4, 396, 3, 958, 2, 1484
2, 702, 4, 1185, 3, 1295, 4, 1378
4, 606, 4, 893, 4, 1448
2, 689, 3, 1199
4, 683, 2, 756, 4, 999
3, 161, 2, 910, 2, 1365
3, 383, 3, 722, 2, 1099
3, 231, 2, 674, 2, 903, 4, 930, 3, 1279
3, 503, 3, 807
2, 420, 2, 630, 3, 836, 2, 1146
2, 360, 3, 683, 4, 743, 3, 860
4, 1549
2, 7, 3, 90, 4, 590, 3, 972, 3, 1399, 3, 1455
5, 227, 4, 447, 4, 537, 3, 963, 2, 1024, 4, 1130, 2, 1140
3, 77, 2, 1180, 3, 1413
4, 195, 3, 295, 3, 418, 3, 717, 3, 751, 4, 1194, 2, 1466
3, 228, 5, 457, 4, 594, 4, 617, 5, 661, 3, 877
3, 231, 4, 237, 4, 391, 3, 574, 3, 940, 4, 1007
3, 271, 3, 474, 5, 691, 3, 1186
3, 418, 2, 422, 3, 800, 3, 1237
3, 395
3, 278, 2, 484, 3, 1254, 4, 1366, 3, 1443
4, 101, 3, 262, 3, 1044, 2, 1094, 4, 1370, 4, 1387, 2, 1510
2, 398, 4, 475, 4, 868, 2, 1051, 3, 1074, 2, 1430
3, 542
3, 981, 4, 1018
3, 429, 4, 649, 4, 1165, 4, 1331
3, 782, 2, 816, 2, 832
3, 1138
3, 119, 2, 123, 4, 512, 3, 915, 3, 1028
3, 598, 2, 641
3, 182, 2, 215, 3, 232, 2, 332, 2, 359
4, 315, 3, 1490
4, 82, 4, 265, 3, 342, 3, 631
3, 73, 3, 316, 3, 805, 3, 949, 3, 1558
3, 905, 3, 915, 3, 1121, 3, 1431
2, 90, 2, 150, 3, 266, 4, 499, 4, 595
2, 786, 4, 809, 3, 1268
3, 1092, 3, 1112, 4, 1495
2, 164, 3, 846
2, 503, 2, 1179, 3, 1335
4, 1010
3, 993, 2, 1449
3, 527
3, 433, 3, 1055, 4, 1155
3, 660, 3, 889
2, 1259
2, 377, 5, 594
4, 20, 3, 563, 2, 1235
4, 247, 2, 309, 3, 969, 3, 1505
3, 122, 5, 671, 3, 784, 5, 861, 2, 1254, 2, 1364, 3, 1437
5, 54, 3, 724, 3, 1100, 4, 1529
5, 807, 2, 851
3, 154, 4, 391, 4, 424, 2, 441
3, 218, 3, 284, 3, 421, 2, 838, 2, 1147
3, 311, 3, 754, 2, 1027, 2, 1360, 4, 1397
4, 119, 3, 575, 4, 928, 4, 1095, 4, 1178
4, 824
3, 42, 2, 159, 5, 392, 4, 901, 4, 1344, 2, 1540
3, 295, 3, 466, 2, 528, 3, 1007, 3, 1165, 3, 1481
4, 572, 4, 749
2, 283, 4, 472, 4, 865
3, 39, 2, 96, 3, 100, 4, 206, 4, 289, 3, 788
3, 385, 3, 446, 4, 552, 2, 562, 3, 795, 3, 1207, 3, 1427
4, 358, 2, 835, 3, 1057
3, 139, 3, 173, 2, 1175, 3, 1275
4, 73, 2, 272, 3, 799, 2, 855, 2, 1475
3, 389, 3, 406, 3, 476, 4, 526, 3, 948, 3, 1092
4, 513
3, 862, 2, 1389, 4, 1445
3, 704, 4, 883, 3, 966, 3, 1186
3, 510, 4, 1353
3, 184, 5, 244, 3, 350, 4, 360, 3, 593, 3, 1419
4, 530, 3, 696, 3, 779
2, 20, 3, 835, 3, 1505
4, 57, 2, 174, 4, 407, 3, 1555
5, 230, 3, 619, 4, 663, 2, 873, 4, 879, 4, 1322
3, 227, 2, 887, 2, 1009, 4, 1016, 3, 1169, 3, 1353
4, 354, 2, 1049
3, 17, 3, 560, 2, 1036, 3, 1259
2, 817
3, 441, 2, 763, 3, 824, 3, 940, 2, 1173
3, 218, 3, 241, 2, 996
4, 131, 3, 514, 5, 524, 4, 1040
2, 205, 4, 715, 2, 744, 3, 1387, 3, 1414, 3, 1530
4, 12, 2, 245, 3, 881, 3, 1326
2, 711, 2, 1131, 3, 1486
2, 108, 4, 264, 3, 464, 2, 990, 3, 1460, 3, 1526
3, 514, 3, 580, 3, 717, 2, 917, 3, 1133, 3, 1443
4, 133, 4, 289, 3, 1015, 4, 1138
3, 659, 3, 825, 3, 909, 3, 1408
5, 12, 5, 549, 4, 848, 4, 1470
4, 47, 3, 103, 2, 723, 4, 1079
4, 26, 4, 197, 3, 259, 4, 835, 3, 896
5, 469, 2, 885, 3, 1345, 4, 1434, 3, 1538
3, 289, 3, 499, 4, 505, 2, 948
2, 66, 2, 139, 3, 443, 4, 549, 4, 931, 3, 942, 3, 954
4, 203, 3, 1151, 4, 1422
4, 186, 3, 662, 4, 885
3, 906, 3, 1428, 3, 1461
2, 97, 2, 369, 2, 739, 4, 1212
3, 1036
2, 1019, 2, 1475
3, 554, 3, 1315
4, 167, 4, 321, 4, 366, 4, 504, 4, 870
3, 500, 2, 549, 3, 649
4, 480, 4, 530, 3, 807, 2, 823, 3, 946, 3, 1096
4, 274, 3, 863, 3, 1506, 4, 1549
3, 513, 4, 950
3, 620, 3, 909
2, 483
3, 310, 3, 493, 4, 859
4, 21, 3, 1109
3, 350, 3, 393, 4, 603, 3, 610, 4, 1519
3, 230, 4, 1073
3, 81, 3, 314, 3, 318, 3, 484, 4, 1139, 3, 1522
3, 35, 3, 534, 3, 767, 3, 990, 3, 1343, 4, 1510
3, 171, 3, 494, 3, 554, 2, 660, 2, 671, 3, 904, 2, 1413
3, 943
2, 461
3, 598, 3, 937, 4, 1187, 2, 1313
3, 25, 3, 595, 2, 907, 4, 1161, 4, 1444
2, 585, 3, 612, 3, 928, 4, 1057, 3, 1200, 3, 1533
2, 288, 2, 931, 4, 958, 3, 1307, 4, 1403
2, 11, 4, 365, 2, 421, 3, 531, 2, 614, 2, 1114, 3, 1347
4, 435, 4, 878, 2, 1134, 4, 1150, 4, 1483, 3, 1521
4, 379, 4, 601
3, 335, 3, 441, 4, 445, 4, 1177, 3, 1261, 2, 1517
4, 121, 4, 194, 4, 437, 3, 1069, 4, 1175
3, 826, 3, 1026, 4, 1036, 3, 1242, 4, 1552
2, 341, 3, 384, 4, 1227, 2, 1256
4, 24, 3, 540, 3, 906, 3, 1343, 3, 1389, 3, 1499
2, 8
2, 297
3, 480, 2, 776
3, 786, 3, 996, 4, 1003, 5, 1296, 2, 1346, 3, 1446
3, 254, 4, 813, 3, 913, 2, 1036, 4, 1042, 4, 1335
4, 328, 4, 378
2, 178, 2, 927, 2, 1383
3, 401, 3, 740, 2, 1116
3, 151, 2, 594, 2, 823, 3, 850, 3, 1200
3, 521, 3, 824
2, 438, 2, 648, 3, 854, 2, 1163
3, 232, 3, 741, 4, 770, 3, 1057, 3, 1380, 4, 1440, 2, 1557
3, 1321, 3, 1450
3, 362, 4, 738, 3, 1250
4, 472, 3, 589, 3, 822
4, 62, 5, 79, 4, 1350
4, 182, 3, 720, 2, 1263
4, 425, 3, 525, 3, 648, 3, 947, 2, 1423
3, 288
3, 458, 3, 687, 2, 847, 4, 891, 3, 1107, 4, 1550
3, 23, 3, 389, 2, 455, 2, 701, 3, 1238, 3, 1244, 2, 1398
2, 339, 4, 1414, 3, 1437
4, 249, 4, 259, 2, 1424, 4, 1428
3, 353, 2, 382, 2, 1025, 3, 1052, 3, 1401
2, 515
2, 492, 2, 542, 4, 819, 4, 835, 3, 958, 3, 964, 4, 1108
2, 523, 5, 679
3, 256, 4, 689, 4, 899, 4, 906, 3, 1199, 3, 1349
3, 559
3, 3, 3, 879, 4, 968
3, 143, 4, 692, 4, 775, 2, 1295, 4, 1384, 3, 1457
2, 349, 5, 353, 4, 1145, 3, 1168
3, 423
5, 250, 4, 306, 2, 926, 4, 1282, 3, 1471
3, 130, 4, 1072, 4, 1415
4, 268, 2, 950
4, 295, 2, 494, 3, 607, 3, 1077, 2, 1283
2, 381, 3, 431, 3, 708, 3, 725, 3, 854, 3, 997
4, 321, 3, 764
4, 219, 3, 1460
3, 512, 4, 994, 4, 1105
4, 429, 3, 838, 3, 1221, 3, 1244
4, 499, 4, 1008
4, 492, 2, 565, 4, 809
3, 719, 3, 1528
3, 253, 3, 1408
2, 20, 4, 66, 4, 203, 2, 569, 2, 636, 4, 1424
4, 135, 4, 938, 5, 982, 3, 1198
4, 6, 3, 89, 2, 345, 3, 722, 3, 828, 4, 832
3, 392, 2, 969
3, 16, 4, 126, 4, 209, 3, 725, 2, 1091, 3, 1528
4, 10, 3, 193
3, 1019, 3, 1062
2, 463, 3, 700, 2, 733, 4, 750, 3, 849
4, 40, 2, 450, 5, 833
5, 17, 3, 184, 4, 839, 5, 1222, 2, 1338
3, 347, 3, 713, 3, 736, 4, 996
3, 144, 3, 630, 3, 1446
2, 194, 3, 254, 2, 370, 4, 603, 2, 1113, 2, 1556
3, 539, 3, 600, 3, 1288, 3, 1521
4, 306, 3, 772, 2, 843, 3, 849, 4, 1205
5, 410, 5, 1215, 3, 1232, 3, 1359
4, 71, 5, 220, 2, 381, 5, 1213, 4, 1489
3, 657, 3, 1007, 4, 1102, 2, 1545
3, 121, 3, 231, 2, 830, 3, 1196, 2, 1219, 3, 1263, 2, 1479
3, 451, 4, 671, 4, 1187, 4, 1353
3, 804, 2, 837, 2, 854
3, 714, 3, 1257
3, 1057, 3, 1313
4, 847, 4, 1041, 4, 1351, 3, 1530
4, 1014, 5, 1157
4, 22, 3, 255, 2, 831, 4, 891, 4, 997, 4, 1080
5, 854, 4, 1177, 2, 1343, 2, 1353
3, 494, 3, 794, 3, 844, 3, 944
4, 253, 3, 636, 2, 646, 3, 1162
3, 94, 4, 327, 5, 423, 3, 866, 4, 1509, 3, 1536, 3, 1552
4, 34, 3, 889, 3, 976, 3, 1026
3, 410, 3, 577, 3, 1232, 3, 1452, 2, 1542
3, 969, 2, 1173
4, 8, 4, 480, 2, 624, 2, 957, 2, 1479, 3, 1495
2, 391, 3, 996, 2, 1506
4, 783, 4, 986, 5, 1082, 4, 1132, 3, 1232
3, 94, 4, 350, 2, 726, 3, 837
4, 433, 2, 477, 4, 760, 3, 899, 2, 1348, 3, 1469
2, 341, 4, 613, 3, 1556
2, 1289, 3, 1412
2, 380, 2, 1023, 3, 1050, 3, 1400, 4, 1495
3, 611
4, 500, 4, 517, 2, 588, 3, 638, 3, 1054, 3, 1060, 3, 1203
4, 84, 5, 521, 3, 677, 3, 877, 3, 1403, 5, 1459, 4, 1480
4, 148, 4, 525, 3, 631, 4, 635, 2, 1367, 3, 1450
3, 13, 3, 256, 3, 995, 3, 1498
4, 596, 3, 645, 4, 922, 5, 939, 4, 1061, 5, 1211, 5, 1482
3, 626, 3, 1196, 4, 1508
3, 360, 4, 726, 3, 1163, 4, 1208, 3, 1319
2, 260, 4, 919, 3, 1042, 4, 1342
4, 14, 2, 540, 2, 617, 2, 1010, 3, 1023, 4, 1193
3, 64, 3, 84, 3, 467, 3, 993
4, 157, 2, 600, 3, 856, 3, 973, 5, 1206, 3, 1243
2, 198, 4, 421, 3, 1280, 4, 1523
3, 664
2, 5, 3, 1064, 2, 1386, 2, 1552
3, 704, 3, 907, 2, 1003, 3, 1053, 3, 1153
4, 78
4, 477, 3, 484, 2, 840, 2, 1499
4, 118, 3, 361, 3, 910, 3, 1100, 4, 1493
4, 847, 3, 1124, 5, 1263, 4, 1413
2, 231, 4, 292, 3, 398, 4, 408, 3, 1053, 3, 1273
4, 1257, 3, 1313, 3, 1423, 2, 1506
3, 19, 2, 1021, 3, 1121, 3, 1543
3, 645, 4, 701, 2, 1321, 3, 1477
3, 289, 4, 539, 3, 1038
3, 575, 3, 609, 3, 692, 3, 948, 3, 1197, 3, 1297, 4, 1324
5, 315, 4, 519, 4, 615, 3, 765
3, 365, 4, 369, 2, 748, 3, 758, 3, 1274
4, 844, 3, 888
2, 129, 2, 428, 2, 462, 3, 478, 2, 578, 3, 605
2, 45, 3, 72, 3, 168, 4, 468, 3, 501, 3, 1504
2, 630, 2, 663, 2, 680
4, 426, 4, 443, 2, 513, 3, 563, 3, 979, 2, 986, 3, 1129
3, 107, 4, 544, 3, 700, 2, 900, 3, 1426, 4, 1482, 4, 1503
2, 74, 2, 450, 3, 557, 4, 561, 4, 1293, 3, 1376
3, 15, 4, 121, 3, 624, 3, 697, 4, 941, 2, 1429, 4, 1446
2, 292, 4, 325, 3, 914, 3, 1013, 3, 1550
3, 438, 3, 511, 4, 754, 4, 1243, 4, 1386, 5, 1492
2, 477, 4, 550, 4, 854, 4, 960, 5, 1282, 2, 1366
2, 5, 3, 275, 4, 291, 3, 524, 4, 614, 2, 930, 4, 1101
3, 281, 3, 314, 3, 1317, 3, 1417, 2, 1540
3, 1114, 3, 1277, 3, 1520
4, 328, 4, 682, 3, 931, 4, 1431
4, 35, 4, 572, 4, 578, 4, 732, 3, 871, 3, 915, 3, 1347
3, 66, 5, 845, 3, 868, 4, 1024, 4, 1328
2, 411, 2, 482, 4, 488, 2, 782, 2, 844, 4, 1503
3, 312, 2, 522, 3, 821, 4, 971
2, 162, 4, 572, 4, 954, 3, 965, 3, 977, 3, 1481
2, 59, 4, 136, 4, 529, 4, 1091
4, 209, 4, 452, 2, 685, 4, 908, 3, 1224, 3, 1295
3, 472, 3, 589, 3, 822, 2, 1332
5, 150, 5, 1288, 3, 1492
3, 173, 4, 239, 4, 377, 2, 689, 3, 793
3, 364, 4, 807, 2, 1036, 3, 1079, 2, 1412
2, 470, 3, 530, 4, 636, 3, 719, 4, 1219
2, 520, 3, 703, 4, 780, 4, 979, 3, 1069
3, 433, 3, 483, 3, 583
3, 316, 2, 643, 4, 659, 2, 932
4, 333, 4, 793, 2, 882
4, 44, 2, 153, 4, 324, 4, 703, 2, 1306
3, 819, 3, 956, 3, 1372, 3, 1522
2, 104, 3, 336, 3, 341, 4, 507, 3, 1162, 3, 1383, 3, 1545
3, 411, 3, 887, 3, 1110, 2, 1426
3, 138, 4, 504, 2, 571, 4, 1359, 4, 1513, 2, 1559
4, 69, 2, 92, 3, 135, 2, 248, 3, 352, 3, 551, 2, 847
4, 591, 3, 784, 3, 1107, 4, 1273
3, 724, 2, 757, 4, 774, 3, 874
3, 394, 2, 1536
3, 84, 3, 205, 4, 560, 3, 1220, 4, 1342
2, 300, 3, 537, 4, 571, 3, 587, 4, 910, 2, 1226
3, 152, 3, 252, 4, 674, 3, 707, 3, 791, 4, 1423, 4, 1460
3, 185, 4, 414, 4, 618, 4, 834, 3, 1127, 3, 1277
3, 428, 3, 1264
3, 305
2, 488, 3, 1198
3, 1004, 3, 1208, 4, 1304, 4, 1354, 3, 1424, 2, 1453
3, 296, 3, 918
2, 718, 3, 779, 3, 895
4, 36, 2, 336, 3, 369, 2, 386, 2, 485, 2, 512, 3, 1122
3, 76, 2, 1511
3, 574, 3, 923, 4, 1019, 2, 1462
3, 37, 3, 747, 3, 1113, 4, 1136, 3, 1179, 3, 1396
4, 31, 3, 214, 2, 491, 4, 580, 3, 647, 3, 1435
2, 17, 4, 233, 3, 433, 3, 1142, 3, 1508, 2, 1531
3, 273, 3, 1043
4, 350, 3, 500, 3, 793, 4, 1022, 4, 1065, 4, 1348
3, 153, 3, 425, 3, 696, 3, 1368
3, 9
3, 163, 3, 862, 4, 979, 3, 1212
3, 7, 3, 217, 3, 223, 2, 1132
2, 267, 2, 649, 2, 672, 2, 1415
2, 8, 4, 291, 3, 341, 2, 437, 3, 586, 4, 880, 3, 1522
3, 902
3, 337, 5, 374, 4, 447, 3, 1262
2, 184, 4, 467, 3, 554, 4, 1176, 2, 1470
3, 737, 4, 1546
3, 271, 3, 1426
3, 38, 4, 84, 3, 221, 2, 588, 2, 654, 4, 767, 3, 1443
2, 137, 3, 946, 3, 1112, 3, 1196, 2, 1416
2, 54, 2, 996, 2, 1179, 4, 1256, 2, 1456, 4, 1545
3, 34, 2, 744, 3, 1110, 3, 1176, 3, 1393, 3, 1546
4, 28, 4, 211, 4, 288, 2, 488, 4, 577, 3, 644
2, 208, 4, 425, 3, 1334
3, 651, 4, 1067, 2, 1377
3, 618, 3, 801, 3, 1167
2, 891, 2, 1417, 4, 1473
3, 732, 4, 1214, 3, 1325, 3, 1408
3, 538, 4, 1381
3, 212, 4, 272, 2, 378, 2, 389, 3, 622, 4, 1447
3, 1404, 3, 1487
3, 851, 2, 1057, 3, 1367
3, 192, 2, 608, 3, 1067, 4, 1157
4, 429, 4, 1234, 3, 1250, 3, 1377
4, 89, 4, 142, 3, 399, 4, 1231, 3, 1410
2, 6, 3, 675, 3, 1025, 4, 1121
3, 139, 3, 249, 2, 848, 4, 1214, 4, 1237, 3, 1281, 3, 1497
3, 469, 4, 689, 4, 1205, 4, 1372
3, 822, 2, 856, 2, 872
3, 1178
5, 159, 4, 163, 2, 552, 4, 956, 5, 979, 4, 1068
2, 60, 4, 117, 4, 1092, 4, 1282
4, 40, 3, 210, 2, 273, 3, 909
4, 1153, 2, 1159, 4, 1515
3, 136, 5, 706, 3, 906, 4, 1018, 4, 1488, 3, 1555
3, 745, 2, 945, 3, 956, 3, 1022, 3, 1162, 3, 1471
2, 490, 2, 785
4, 460, 4, 892, 4, 1103, 3, 1109, 3, 1402, 4, 1452, 3, 1552
3, 1148, 3, 1485
2, 110, 2, 383, 3, 666, 4, 753, 3, 1219, 3, 1375
3, 230, 3, 247, 4, 318, 3, 933
4, 334, 4, 380, 4, 883
4, 58, 2, 607, 3, 796, 3, 1189, 3, 1372
3, 544, 3, 820, 3, 1110
3, 511, 4, 694, 3, 770, 3, 1126
3, 331, 3, 404, 4, 648, 2, 1137, 2, 1280, 4, 1386
3, 934, 4, 1344
3, 119, 4, 1493
4, 944, 4, 988
2, 388, 3, 625, 2, 659, 3, 675, 3, 775
2, 376, 4, 758
3, 372, 4, 623, 2, 709, 2, 1082, 4, 1172
3, 502, 4, 706, 3, 922, 4, 1215, 2, 1265, 2, 1365
2, 270, 3, 416, 3, 516, 2, 1053, 3, 1059, 3, 1352
3, 1092, 3, 1296, 5, 1392, 5, 1442, 3, 1512, 3, 1541
3, 287, 4, 909
2, 48, 3, 108, 3, 225, 5, 458, 3, 967, 3, 997
3, 21, 3, 264, 4, 497, 3, 1073, 4, 1134, 4, 1450
4, 29, 4, 638, 3, 671, 3, 698, 4, 815, 2, 1048, 5, 1144
2, 68, 2, 139, 4, 754
2, 1430, 3, 1553
5, 176, 5, 619, 4, 875, 4, 1224, 2, 1261
3, 752, 3, 862
3, 779, 3, 1091, 3, 1195
3, 745, 4, 928, 4, 1295
2, 83, 4, 140, 4, 1115, 4, 1304
4, 63, 3, 233, 2, 296, 3, 932
4, 1175, 3, 1182, 2, 1537
2, 19, 2, 159, 4, 729, 3, 928, 2, 1041, 3, 1511
3, 768, 3, 968, 3, 978, 3, 1045, 4, 1184, 4, 1494
2, 609, 2, 905
3, 17, 4, 483, 4, 915, 4, 1125, 2, 1132, 3, 1425, 4, 1475
2, 1171, 2, 1508
3, 133, 3, 406, 4, 689, 5, 776, 3, 1242, 4, 1398
3, 253, 3, 270, 4, 340, 3, 956
3, 357, 4, 403, 3, 906
3, 178, 3, 630, 3, 819, 3, 1212, 2, 1395
3, 567, 3, 843, 3, 1132
3, 533, 4, 716, 2, 793, 3, 1149
3, 354, 3, 427, 2, 671, 3, 1159, 2, 1303, 2, 1409
2, 197, 2, 603, 2, 1345
3, 174, 2, 270, 4, 586, 4, 713, 3, 1322, 4, 1382, 3, 1499
2, 849, 4, 1392
3, 304, 3, 1193
3, 354, 3, 521, 2, 1176, 2, 1396, 3, 1486
3, 816
3, 85, 2, 168, 2, 424, 3, 668, 3, 901, 4, 1123, 4, 1477
4, 335, 3, 940, 3, 1450
3, 148, 3, 198
2, 747, 4, 1556
4, 378, 4, 388, 2, 1553, 3, 1557
4, 482, 3, 511, 3, 1154, 2, 1181, 2, 1197, 4, 1530
3, 12, 2, 621, 3, 648, 3, 964, 4, 1094, 3, 1237
2, 324, 2, 967, 3, 994, 3, 1344, 4, 1439
2, 48, 4, 401, 2, 458, 3, 568, 2, 651, 2, 1150, 3, 1383
4, 471, 4, 914, 2, 1170, 4, 1187, 4, 1520, 3, 1557
4, 415, 4, 638
4, 372, 3, 478, 4, 482, 3, 1297, 4, 1311, 2, 1553
2, 249, 3, 299
4, 100, 3, 848
2, 1261, 3, 1271
4, 19, 2, 86, 2, 1028, 3, 1211, 4, 1288, 2, 1488
2, 678, 3, 1045, 3, 1111, 3, 1327, 2, 1481, 3, 1527
4, 60, 4, 243, 4, 320, 2, 520, 5, 609, 4, 676, 2, 1202
3, 559
4, 449, 4, 466, 3, 536, 3, 586, 3, 1002, 3, 1009, 3, 1152
4, 723
4, 373
4, 301, 5, 529, 3, 667, 3, 690, 2, 733, 3, 950
3, 298, 3, 983, 3, 1086
2, 604, 3, 1313
3, 11, 3, 477, 3, 1119, 3, 1323, 4, 1419, 4, 1469, 3, 1540
4, 21, 2, 1502
2, 72, 4, 116, 3, 399, 3, 987, 3, 1108
4, 12, 3, 255, 4, 488, 4, 1064, 4, 1125, 4, 1441
4, 19, 4, 629, 3, 662, 3, 689, 4, 806, 2, 1039, 5, 1134
2, 59, 3, 130, 4, 745
3, 1421, 3, 1544
4, 69, 4, 609, 4, 768, 4, 1118
3, 327
4, 333, 3, 686, 3, 936, 4, 1435
4, 40, 4, 576, 4, 582, 4, 736, 4, 876, 3, 919, 3, 1352
3, 70, 4, 850, 3, 873, 2, 1029, 4, 1333
3, 630, 2, 1166, 4, 1466
3, 153, 2, 363, 2, 407, 4, 690, 3, 829, 3, 1399
4, 709, 4, 759, 3, 1036, 4, 1175, 3, 1325
3, 204, 3, 320
4, 44, 3, 620, 3, 998
2, 457, 4, 690, 5, 912, 5, 1266, 4, 1432, 4, 1516
2, 900, 2, 1555
2, 30, 2, 557, 3, 613, 4, 634, 2, 796, 2, 1233
4, 693, 3, 797
3, 188, 4, 964, 2, 1209
3, 265, 2, 421, 4, 987, 3, 1147, 3, 1270
3, 508, 3, 535, 3, 851, 3, 1123, 3, 1394, 2, 1456
4, 376, 3, 405, 3, 1048, 4, 1075, 2, 1091, 4, 1424
3, 3, 4, 612, 3, 639, 2, 955, 3, 1084, 3, 1228
3, 107, 3, 456
3, 825, 2, 1401
2, 1158, 3, 1547
3, 425, 2, 1041
5, 59, 3, 159, 5, 282, 4, 582, 3, 615, 2, 1330
3, 419, 4, 622, 2, 895, 3, 1132, 4, 1165, 2, 1182, 5, 1282
3, 90, 5, 872
3, 446
3, 33, 4, 370, 3, 426, 4, 609, 3, 1046, 3, 1402
3, 100, 3, 410, 3, 1059, 2, 1063, 3, 1441, 4, 1452
3, 449, 2, 1125
2, 41, 3, 490
3, 224, 2, 251, 3, 567, 3, 696, 2, 1172
3, 20
3, 570, 3, 613, 3, 896, 3, 1042, 3, 1485
2, 4, 4, 253
3, 287, 3, 813, 3, 1441
3, 603
3, 74, 4, 517, 3, 1122, 3, 1160
2, 450, 3, 1359
3, 540, 3, 557, 3, 627, 3, 677, 4, 1243
3, 57, 4, 1206, 4, 1266, 3, 1382
3, 620, 3, 824, 4, 1040, 3, 1070, 4, 1536
4, 188, 3, 437, 2, 537, 3, 564, 2, 1074, 4, 1373, 2, 1407
3, 102, 4, 568, 4, 934, 3, 1000, 4, 1210, 2, 1217, 3, 1370
3, 1410
4, 218, 4, 861, 4, 888, 3, 1237, 2, 1333
3, 1173, 3, 1230, 3, 1340, 2, 1423
3, 841, 3, 1363, 3, 1396
4, 31, 3, 674, 3, 1146
3, 355, 2, 505, 4, 1200
2, 239, 3, 855
3, 395, 3, 428, 3, 1017, 3, 1144
2, 172, 3, 328, 3, 1054, 2, 1177
3, 382, 4, 451, 3, 631, 3, 1131
2, 597, 2, 1219, 4, 1318
3, 409, 3, 1052
2, 813, 3, 1422
3, 543
3, 1089
2, 74, 3, 484, 4, 866, 2, 877, 3, 1393
3, 84, 2, 128, 5, 411, 3, 550, 4, 706
3, 267, 3, 359, 3, 500, 3, 723, 2, 902
3, 31, 3, 906, 4, 996
3, 170, 4, 719, 4, 802, 2, 1322, 4, 1412, 4, 1485
3, 473, 5, 477, 3, 1270, 3, 1293
4, 450
4, 277, 4, 334, 2, 953, 4, 1309, 3, 1499
3, 157, 4, 1099, 3, 1442
4, 930, 3, 1467
2, 21, 3, 691, 3, 1040, 4, 1550
2, 108, 3, 154, 3, 264, 2, 863, 3, 1230, 3, 1296, 2, 1513
3, 484, 3, 705, 3, 1221, 4, 1387
3, 838, 2, 871, 2, 888
3, 1194
3, 178, 2, 567, 3, 588, 3, 971, 3, 994, 3, 1497
2, 349, 2, 875, 4, 932, 2, 952, 3, 1042, 4, 1115, 3, 1358
3, 825
4, 409, 5, 416, 2, 570, 3, 615, 4, 753, 4, 1119, 4, 1185
3, 683, 3, 862, 3, 945, 3, 1166
3, 490
5, 330, 3, 746, 4, 929, 3, 1006, 3, 1205, 3, 1295
2, 493, 2, 860, 4, 1142, 2, 1296, 2, 1342
4, 38, 3, 394, 2, 953, 4, 1053, 4, 1176, 3, 1475, 2, 1519
4, 174, 2, 374, 4, 484, 4, 568, 2, 1083, 2, 1450, 3, 1472
2, 830, 2, 1485
2, 487, 4, 543, 4, 564, 2, 726, 2, 1163, 2, 1519
3, 527, 3, 630
3, 118, 4, 894, 2, 1140
2, 195, 2, 351, 3, 917, 3, 1200
4, 474, 3, 777
2, 391, 2, 601, 3, 807, 2, 1117
3, 622, 3, 945, 4, 1005, 3, 1121, 3, 1354
3, 519, 2, 1275
5, 542, 3, 592, 2, 869, 4, 1158
2, 143, 3, 1019, 4, 1108
2, 929, 4, 1532
2, 307, 2, 673, 3, 696, 4, 956
2, 479, 2, 517, 4, 590, 4, 1322, 4, 1405
4, 390, 2, 446, 2, 467, 4, 629, 3, 1066, 4, 1422
3, 399, 3, 792, 4, 1195, 3, 1308, 4, 1412
4, 43, 4, 326, 3, 1329, 3, 1557
3, 1076, 5, 1099
4, 30, 4, 180, 2, 340, 3, 1172, 3, 1449
3, 617, 3, 966, 4, 1476, 2, 1505
2, 34, 3, 177, 3, 287, 2, 789, 3, 1222, 3, 1252, 2, 1438
3, 410, 5, 630, 3, 1146, 5, 1313
3, 764, 2, 797, 2, 813
3, 674, 3, 1216
3, 128, 3, 1017
3, 345, 3, 1000, 3, 1220, 4, 1310
5, 1117, 3, 1387
4, 395, 2, 628, 3, 850, 3, 1204, 4, 1370, 3, 1453
4, 813, 3, 1136, 4, 1302
3, 54, 4, 297, 3, 786, 3, 930, 3, 1539
3, 886, 4, 897, 3, 1103, 3, 1412
2, 168, 3, 228, 3, 345, 4, 578, 4, 1087, 3, 1116
2, 12, 2, 141, 4, 384, 4, 617, 4, 1193, 3, 1227, 3, 1254
3, 148, 4, 791, 3, 835, 3, 1118, 3, 1257, 4, 1413
4, 171, 3, 188, 3, 259, 4, 874
4, 372, 4, 832, 4, 922
3, 96, 2, 645, 4, 1227, 2, 1248, 4, 1338, 4, 1410
4, 302, 4, 306, 3, 695, 3, 1098, 2, 1121, 4, 1377
2, 458, 3, 648, 2, 1041, 2, 1224, 3, 1467
2, 575, 3, 864
4, 851
4, 265, 4, 448, 4, 814
4, 73, 3, 1064
4, 13, 4, 445, 4, 655, 4, 662, 3, 815
2, 87, 2, 114, 3, 209, 4, 509, 3, 542, 3, 1545
3, 550, 3, 760, 2, 822, 4, 1059, 4, 1093, 2, 1109, 3, 1209
3, 114, 3, 896, 4, 903, 3, 1240
2, 374, 2, 1329
3, 707, 3, 1073, 3, 1096, 3, 1356, 3, 1556
2, 228, 4, 850
3, 650, 3, 827
2, 361, 3, 551, 3, 944, 4, 1127
4, 420, 4, 1057
4, 75, 3, 158, 2, 414, 3, 790, 2, 896, 4, 900
3, 364, 2, 940
4, 98, 3, 181, 3, 697, 2, 1063, 2, 1500, 3, 1545
5, 78, 4, 261
4, 1087, 4, 1131, 2, 1414
3, 161, 2, 371, 3, 378, 2, 1287
3, 109, 3, 518, 3, 901
4, 86, 3, 252, 2, 908, 4, 1290, 2, 1407
2, 319, 3, 685, 3, 708, 4, 968
3, 212, 2, 589, 4, 699, 3, 1514
3, 66, 3, 295, 4, 339, 4, 622, 3, 1175, 3, 1331
3, 106, 2, 379, 3, 1321
3, 357, 3, 640, 4, 823, 2, 893, 3, 900, 3, 1255
4, 290, 4, 723, 3, 933, 3, 939, 3, 1093, 4, 1382
2, 190, 3, 850, 3, 972, 3, 1230, 5, 1392, 4, 1413
5, 414, 2, 1523
4, 77, 3, 620, 4, 1096, 2, 1319
2, 780
4, 185, 5, 404, 4, 884, 4, 1000, 3, 1233, 3, 1237
4, 351, 3, 705, 3, 954, 3, 1454
4, 58, 4, 594, 4, 601, 4, 755, 4, 894, 3, 938, 3, 1370
3, 88, 4, 868, 3, 891, 2, 1047, 4, 1351
3, 648, 2, 1184, 4, 1484
3, 172, 4, 382, 3, 425, 4, 708, 3, 848, 3, 1417
4, 727, 4, 777, 3, 1054, 4, 1193, 3, 1343
3, 222, 3, 338
4, 62, 3, 638, 3, 1017
2, 475, 4, 708, 4, 931, 3, 1284, 4, 1451, 3, 1534
2, 145, 3, 438, 3, 711, 2, 871, 3, 994, 3, 1081, 3, 1547
3, 394, 3, 910, 2, 1014
4, 662, 2, 708, 3, 1211, 4, 1390
4, 69, 3, 1018
2, 691, 3, 858, 4, 941, 2, 1161
3, 358, 3, 1294, 4, 1328
3, 289, 4, 333, 3, 1175, 3, 1204
4, 489, 3, 855, 3, 1292, 2, 1338, 3, 1448
3, 10, 4, 130, 4, 486, 3, 1145, 5, 1268
2, 226, 3, 463, 5, 496, 3, 513, 5, 836, 3, 1152
3, 503, 3, 536, 3, 619, 4, 1252, 4, 1289, 2, 1539
3, 39, 4, 310, 5, 649, 2, 965
2, 160
3, 410
2, 316, 3, 938
2, 835, 3, 896, 3, 1012
3, 153, 3, 453, 3, 486, 2, 503, 2, 602, 2, 629, 3, 1239
3, 70, 4, 607, 3, 613, 3, 969
4, 161, 4, 271, 4, 344, 3, 587, 2, 1136, 3, 1326
3, 1176, 3, 1186
3, 98, 4, 1040, 3, 1223, 2, 1300
2, 108, 2, 358, 3, 447, 3, 763, 3, 934, 4, 1396
3, 973, 4, 1383
2, 853, 3, 1036, 2, 1313, 3, 1402
3, 260, 5, 577
4, 870, 4, 1353, 4, 1463, 4, 1546
4, 677, 5, 1519
4, 125, 2, 447, 2, 507, 2, 516, 3, 624, 2, 857
3, 81, 3, 164
3, 197, 3, 208, 3, 414, 4, 634, 3, 724, 4, 1373, 4, 1377
3, 199, 3, 688, 3, 831, 2, 1441, 3, 1513
2, 798, 3, 1004, 2, 1314
3, 138, 3, 555, 2, 1014, 3, 1104
4, 59, 3, 1007
4, 1095, 2, 1151, 3, 1261, 3, 1344
3, 762, 3, 1284, 3, 1317
3, 595, 3, 1068, 3, 1511
3, 344, 5, 548, 5, 764, 2, 1058, 5, 1207
4, 288, 3, 1214, 3, 1470
4, 22, 3, 39, 4, 138, 3, 371, 5, 881, 4, 1324, 5, 1553
2, 25, 3, 175, 3, 335, 4, 1117, 5, 1167, 3, 1377, 4, 1444
4, 262, 3, 375, 2, 452, 2, 845, 3, 1028
3, 150, 3, 476, 3, 765
3, 6, 3, 166, 4, 349, 4, 426, 2, 626, 4, 715, 3, 782
3, 183, 3, 665
3, 586, 3, 652, 3, 789, 2, 989, 3, 1206, 3, 1515
4, 53, 2, 120, 3, 673, 4, 829, 2, 1029, 3, 1555
3, 1145, 3, 1282
4, 428, 3, 727, 2, 1349, 4, 1449
2, 505, 3, 860, 4, 1387, 3, 1443
2, 41, 3, 617, 3, 677, 3, 1366
3, 384, 3, 667, 3, 850, 2, 921, 3, 927, 3, 1283
4, 415, 3, 847, 3, 1057, 3, 1064, 3, 1217, 4, 1507
3, 315, 3, 974, 4, 1097, 2, 1257, 2, 1440, 4, 1517
2, 89, 3, 539
3, 202, 3, 272, 3, 745, 2, 1221, 2, 1444
3, 528, 4, 749, 5, 1265, 5, 1431
3, 61, 2, 756, 4, 959, 3, 1469, 3, 1502, 3, 1519
3, 573, 3, 672, 2, 1508, 3, 1542
3, 707, 3, 763, 2, 1383, 3, 1539
3, 187
3, 586, 2, 1529
2, 541, 2, 574, 4, 1163, 3, 1262, 2, 1289
3, 222, 2, 771, 3, 854, 2, 960, 4, 1463, 2, 1536
3, 18, 2, 428, 2, 810, 3, 833
3, 405
3, 385, 2, 591, 2, 947, 4, 1473
3, 65, 3, 308, 2, 541, 3, 764, 3, 1080, 3, 1117
4, 1110, 3, 1226, 4, 1459, 4, 1463
4, 138, 3, 367, 4, 571, 4, 787, 3, 1230
4, 184, 3, 284, 3, 311, 3, 1120, 2, 1153, 3, 1493
5, 485, 4, 1290, 3, 1307, 3, 1434
4, 48, 4, 198, 2, 358, 3, 1190, 3, 1467
4, 33, 2, 62, 3, 732, 3, 1081
3, 149, 3, 195, 3, 305, 3, 905, 4, 1271, 3, 1337, 3, 1554
3, 428, 3, 649, 3, 1165, 4, 1331
3, 879, 2, 912, 2, 929
3, 692, 3, 1235
3, 147, 3, 1035
2, 363, 3, 1018, 3, 1239, 4, 1328
2, 455, 3, 692, 2, 725, 4, 742, 3, 842
3, 29, 2, 33, 4, 825
5, 832, 4, 1154, 4, 1321
4, 97, 4, 169, 4, 413, 3, 902, 3, 1045
3, 1002, 4, 1012, 3, 1218, 3, 1528
2, 186, 3, 246, 2, 363, 4, 596, 4, 1105, 4, 1135
2, 127, 2, 256, 2, 500, 4, 733, 3, 1309, 3, 1342, 2, 1369
3, 167, 3, 809, 2, 853, 3, 1136, 3, 1275, 3, 1431
2, 287, 4, 303, 3, 374, 3, 990
3, 391, 4, 850, 3, 940
3, 114, 2, 663, 4, 1246, 2, 1266, 3, 1356, 2, 1429
2, 34, 3, 437, 3, 1198
4, 250, 3, 443, 3, 766, 4, 932
2, 383, 2, 416, 2, 433
4, 267, 4, 414, 3, 593, 3, 610, 3, 882, 3, 1153
4, 717, 3, 746
3, 201, 4, 517
3, 397, 4, 879, 4, 990, 4, 1073
3, 714, 4, 1143
3, 388, 3, 448, 3, 554, 3, 565, 4, 798, 2, 893, 3, 1210
3, 361, 3, 504, 3, 837, 4, 1376, 3, 1447
3, 242, 4, 978, 3, 1144
3, 358, 2, 968, 2, 1040, 2, 1284
3, 391, 3, 408, 3, 479, 3, 529, 3, 1094
3, 377
2, 454, 4, 737, 2, 1446
3, 115, 3, 315, 2, 610, 3, 1390, 2, 1413, 3, 1457
4, 155, 3, 511
4, 329, 3, 358, 2, 479, 2, 1001, 2, 1044, 2, 1327
2, 468, 3, 518, 4, 795, 3, 811, 4, 940, 3, 1084
4, 408, 3, 851
4, 305, 3, 938, 3, 1547
3, 216, 4, 449, 4, 671, 3, 988, 4, 1530
2, 66, 4, 492, 3, 659, 3, 1314, 3, 1535
3, 62, 3, 222, 3, 266, 2, 482, 3, 1391
3, 6, 4, 516, 4, 815, 4, 848, 4, 1437, 3, 1537
3, 985, 4, 1129
4, 226, 3, 802, 3, 862, 4, 968, 4, 1052, 2, 1551
4, 44, 2, 367, 3, 427, 3, 436, 2, 543, 3, 776
2, 84, 3, 340, 3, 583, 3, 816, 4, 1392, 4, 1452, 3, 1559
2, 590, 3, 656, 2, 685
4, 413, 2, 802, 4, 846, 3, 1056, 3, 1062, 4, 1505
2, 313, 3, 972, 2, 1095, 4, 1102, 2, 1255, 2, 1438
3, 537, 2, 1232
3, 200, 3, 271, 3, 743, 2, 1219, 2, 1442
4, 333, 3, 527, 4, 849, 4, 1016
3, 563, 2, 597, 3, 613, 4, 713
2, 497, 2, 707, 3, 913, 2, 1223
3, 1117
4, 241, 3, 950, 3, 1472, 2, 1516
3, 577, 4, 1004, 3, 1060, 3, 1170, 3, 1253
2, 111, 3, 894, 4, 1237, 4, 1314
3, 371, 4, 777, 2, 948, 3, 1326
3, 241, 3, 780, 2, 1323
4, 484, 3, 584, 3, 707, 3, 1006, 3, 1483
4, 347, 3, 590
3, 981, 3, 1004, 3, 1463
2, 132, 3, 1287
3, 82, 4, 448, 2, 515, 4, 1303, 2, 1457, 2, 1503
4, 199, 3, 398, 2, 694, 3, 1474, 3, 1497, 3, 1540
4, 335, 2, 691
3, 412, 3, 441, 3, 562, 2, 1084, 2, 1128, 2, 1411, 4, 1550
3, 699, 3, 898, 3, 909, 3, 1115, 3, 1425
2, 116, 2, 588, 3, 1031
4, 316, 4, 749, 3, 959, 2, 965, 3, 1258, 3, 1408
3, 618
4, 63, 4, 938, 4, 1028
3, 202, 4, 751, 4, 834, 2, 1354, 4, 1444, 3, 1517
3, 408, 4, 412, 3, 1205, 3, 1227
2, 482, 3, 992
4, 476, 4, 549, 4, 792, 3, 1248, 3, 1281, 3, 1298, 2, 1424
3, 143, 3, 765
3, 662, 3, 839
2, 373, 4, 563, 4, 956
3, 130, 2, 186, 3, 190, 2, 296, 2, 380, 3, 879
3, 516, 3, 737, 3, 1252, 4, 1419
3, 870, 3, 903, 3, 920
3, 683, 3, 1226
3, 138, 3, 1026
3, 639
3, 13, 4, 456, 3, 1062, 2, 1099
2, 390, 3, 1299
3, 479, 3, 496, 3, 567, 3, 616, 3, 1182
4, 94, 3, 603, 4, 1242, 3, 1302, 3, 1419
4, 697, 2, 720, 4, 807, 3, 876, 3, 1056, 3, 1180, 4, 1555
3, 274, 4, 307, 3, 334, 3, 451, 5, 684, 4, 1193, 4, 1223
3, 215, 2, 1430
3, 814, 2, 1191
5, 128, 4, 348, 3, 1031
4, 764, 3, 1340
3, 127, 2, 1296
3, 476, 4, 564, 2, 1179
3, 420, 4, 1196
4, 41, 3, 91, 3, 128, 3, 600, 4, 1043, 2, 1316
4, 68, 4, 544, 3, 1083, 3, 1154
3, 1016, 2, 1353
3, 207, 4, 251, 4, 534, 4, 1243, 3, 1536
2, 115, 2, 488, 2, 658, 3, 720, 3, 1297, 3, 1330, 2, 1357
4, 155
3, 3, 4, 396, 4, 506, 3, 579, 3, 822, 3, 1372, 4, 1455
4, 546, 3, 795, 3, 895, 2, 922, 2, 1018, 4, 1318, 2, 1351
2, 10, 3, 460
3, 123, 3, 666, 3, 1142, 3, 1365
2, 826
3, 133, 4, 449, 3, 832, 4, 949, 3, 1182, 3, 1186
3, 174, 3, 397, 4, 750, 3, 1000, 3, 1499
4, 800, 5, 983, 5, 1349
2, 41, 4, 97, 4, 1073, 4, 1262
3, 117, 2, 288, 3, 350, 3, 987, 3, 1303
3, 72, 2, 394, 3, 560, 2, 1436, 3, 1526
3, 1060, 4, 1270
4, 164, 4, 773, 3, 1116, 4, 1245
4, 374, 3, 790, 3, 973, 2, 1050, 2, 1249, 3, 1339
3, 440, 2, 806, 4, 829, 5, 1089
3, 78, 3, 710, 3, 747, 4, 820, 3, 997, 3, 1553
3, 178, 4, 787, 3, 860, 4, 1103
4, 211, 2, 228, 5, 298, 4, 914
3, 412, 4, 458, 3, 961
4, 135, 2, 684, 3, 874, 2, 1267, 4, 1377, 2, 1450
3, 341, 3, 345, 4, 724, 3, 734, 3, 1161, 2, 1417
5, 299, 3, 409, 5, 482, 4, 725, 4, 1274, 3, 1464
3, 1314, 3, 1324
3, 661, 3, 1017
3, 325, 3, 768
4, 125, 3, 1367
3, 418, 4, 901, 4, 1011
4, 335, 2, 745, 3, 1127, 3, 1150
4, 405
2, 232, 4, 288, 3, 309, 2, 908, 4, 1264
4, 1397, 3, 1468
2, 438, 3, 815
3, 166, 2, 655, 2, 1530
3, 485, 2, 1062
3, 63, 2, 818
3, 86, 3, 413, 4, 702
3, 103, 3, 286, 3, 356, 4, 363, 4, 652, 4, 718
3, 283, 3, 493, 3, 499, 3, 653, 3, 1408
3, 437
4, 13, 4, 196, 5, 473, 4, 562, 4, 953, 3, 1155
2, 313
2, 103, 3, 456, 4, 1205, 5, 1438
3, 320, 3, 443, 4, 449, 2, 1219
3, 10, 4, 83, 3, 326, 2, 876, 4, 1458, 2, 1479
3, 50, 3, 426, 3, 532, 2, 537, 3, 926, 3, 1329, 3, 1352
4, 600, 2, 1372, 4, 1405, 2, 1422, 4, 1549
3, 1123, 3, 1505, 2, 1516
4, 271, 2, 953
2, 315, 3, 885
4, 482, 3, 692, 3, 698, 3, 991, 4, 1141
3, 259, 3, 1147
3, 406, 3, 572, 3, 1228, 3, 1448, 3, 1538
3, 1072, 4, 1282
4, 379, 4, 523, 4, 855, 4, 1394, 3, 1465
3, 260, 4, 996, 3, 1163
3, 376, 2, 986, 2, 1059, 2, 1302
3, 410, 3, 426, 4, 497, 3, 547, 4, 1113
3, 805, 3, 1075, 2, 1136, 5, 1252
3, 163
3, 30, 2, 113, 3, 333, 3, 612, 3, 1421, 2, 1481
4, 373, 3, 566, 3, 1055
3, 147, 2, 886, 2, 1389, 2, 1462
2, 486, 3, 536, 4, 813, 3, 830, 3, 952, 2, 959, 3, 1102
2, 420, 3, 576
3, 251, 4, 683, 4, 893, 4, 900, 3, 1193, 3, 1343
2, 151, 3, 810, 2, 933, 4, 1233
4, 334, 2, 390, 3, 411, 4, 573, 5, 1366
2, 108
3, 298, 3, 358, 3, 381, 2, 637, 2, 1013, 4, 1120, 3, 1124
4, 337, 4, 481, 3, 1183, 3, 1232, 4, 1332
2, 194, 4, 450, 3, 827, 3, 933, 3, 937, 2, 1316
2, 211, 3, 400, 3, 977, 2, 1220
2, 1047
3, 564, 4, 874
2, 1390, 3, 1513
4, 38, 4, 481, 3, 1124, 4, 1151, 2, 1167, 5, 1500
3, 79, 3, 301, 3, 618, 3, 688, 2, 1160, 3, 1304
3, 68, 2, 118, 2, 156, 4, 628, 4, 1071, 4, 1327, 5, 1343
4, 82, 5, 186, 3, 336, 2, 1124, 3, 1191, 4, 1328
3, 375, 2, 658
3, 1507
3, 532
4, 142, 3, 515, 3, 685, 3, 748, 4, 1357, 2, 1384
3, 270
3, 453, 3, 1163
3, 759, 3, 969, 4, 976, 5, 1269, 3, 1319, 3, 1419
4, 227, 4, 786, 4, 886, 4, 1009, 4, 1308, 4, 1429
4, 301, 3, 351
3, 151, 2, 900, 2, 1356
3, 374, 2, 1089, 3, 1127
3, 221, 4, 664, 4, 920, 3, 1270, 2, 1307
3, 797, 4, 908
4, 718, 2, 921, 2, 1234, 3, 1337
3, 1127
3, 129, 4, 252, 5, 805, 4, 961, 4, 1483, 3, 1527
3, 8, 4, 169, 2, 951, 2, 1001, 3, 1277, 3, 1417
4, 65, 3, 774, 4, 1297, 2, 1340
5, 304, 4, 787, 4, 897, 3, 980
3, 622, 5, 1050
3, 295, 3, 356, 3, 462, 3, 472, 3, 705, 4, 1117
3, 12, 2, 512, 3, 745, 4, 967, 3, 1321, 4, 1487
3, 149, 2, 1052
2, 182, 3, 709, 4, 765, 5, 785, 3, 948, 3, 1191, 2, 1385
4, 575, 2, 659, 3, 915, 3, 1164, 4, 1291, 3, 1401
4, 223, 3, 712, 3, 856, 3, 1465, 3, 1538
3, 340
2, 30, 3, 972, 3, 1155, 4, 1232, 4, 1432, 2, 1521
3, 375, 3, 592, 4, 1501
3, 818, 3, 1018, 4, 1029, 3, 1235, 4, 1544
3, 236, 4, 708, 3, 1151
4, 67, 2, 533, 5, 922, 4, 966, 4, 1176, 3, 1182, 5, 1475
2, 57, 2, 277, 4, 366, 3, 959, 3, 1375, 3, 1558
2, 1123, 3, 1512
3, 391, 3, 1006
2, 547, 3, 580, 4, 1169, 4, 1269, 3, 1296
4, 131, 3, 680, 4, 763, 3, 869, 5, 1372, 4, 1445
3, 434, 2, 438, 3, 817, 3, 1253
3, 411
3, 294, 2, 500, 3, 1270, 4, 1382, 3, 1459
4, 380, 2, 707, 4, 723, 4, 996
3, 397, 3, 857, 2, 946
4, 108, 3, 120, 4, 291, 3, 669, 2, 1273, 3, 1362
3, 816, 3, 1220
3, 45, 2, 833, 4, 987, 3, 1170
2, 55, 2, 305, 3, 394, 3, 467, 3, 710, 4, 1343
3, 1013, 3, 1017
2, 19, 2, 65, 2, 202, 2, 258, 3, 568, 3, 747
3, 59, 2, 814
3, 81, 4, 408, 4, 697
2, 195, 4, 378, 4, 449, 5, 455, 3, 655, 4, 744, 2, 811
3, 212, 4, 694, 3, 805
3, 241, 3, 1417
3, 8, 4, 192, 3, 268
3, 1483
2, 364, 2, 601, 3, 635, 3, 651, 2, 751, 2, 974
4, 216, 3, 771, 3, 1487, 2, 1524
2, 1237
4, 6, 2, 79, 2, 322, 4, 1474
4, 1004, 3, 1075, 4, 1547
3, 492, 2, 1028, 4, 1328
2, 226, 4, 269, 3, 429, 3, 486, 4, 552, 3, 1105, 3, 1261
3, 50, 4, 566
3, 60, 3, 67, 4, 423, 2, 1365, 3, 1548
5, 100, 4, 400, 2, 433, 3, 450, 4, 549, 3, 576
4, 814, 4, 940, 4, 1369
3, 5, 2, 647, 4, 1024, 4, 1119
4, 138, 3, 248, 3, 847, 2, 1213, 2, 1236, 3, 1496
3, 75, 4, 228, 4, 411, 3, 778
3, 584, 2, 855, 3, 1194, 4, 1267, 3, 1510
3, 648, 4, 1051, 3, 1164, 3, 1268
4, 232, 3, 742, 4, 1380, 3, 1440, 2, 1557
5, 858
3, 908
4, 99, 5, 748, 2, 931, 2, 1131, 5, 1141, 3, 1347
3, 236, 3, 706, 2, 912, 3, 1481
3, 129
3, 529, 3, 1471
2, 69, 4, 102, 3, 1105, 3, 1232
3, 531, 4, 687, 4, 1413
3, 361, 4, 728, 3, 751, 4, 1210, 3, 1320
2, 262, 4, 921, 2, 1044, 4, 1343
4, 445, 4, 501, 4, 522, 2, 684, 3, 1476
4, 58, 3, 913, 4, 1001, 3, 1050, 3, 1467
3, 198
3, 381
4, 424, 4, 497, 4, 741, 3, 1196, 3, 1230, 3, 1246, 2, 1373
3, 189, 3, 811
4, 611, 3, 788
2, 322, 3, 511, 4, 904
4, 1425
3, 1020, 2, 1053, 3, 1070, 4, 1170
2, 953, 2, 1266, 3, 1369
3, 361
4, 1410
2, 474, 4, 824, 3, 1333
3, 64, 3, 81
3, 131
3, 530, 3, 1473
3, 485, 2, 518, 3, 1107, 2, 1233
3, 515, 3, 827, 2, 1297, 4, 1364, 2, 1503
3, 848, 3, 977, 4, 1453
4, 139, 5, 238, 3, 361, 4, 661
3, 329, 2, 535, 2, 891, 4, 1417
3, 9, 3, 252, 3, 485, 4, 708, 3, 1024, 3, 1061
3, 175, 2, 292, 2, 525, 2, 529, 4, 1034, 4, 1477
4, 93, 2, 842
3, 376, 4, 1138, 3, 1531
3, 189, 3, 383, 3, 705, 3, 872
4, 322, 4, 356, 4, 372
4, 412, 2, 1084, 4, 1427
4, 96, 2, 159, 2, 818, 3, 1355
3, 229, 3, 342, 2, 419, 2, 812, 3, 995
3, 116, 3, 443, 4, 732
3, 133, 3, 316, 4, 393, 2, 682, 4, 749, 3, 1531
4, 216, 2, 426, 4, 433, 3, 1342
3, 163, 3, 573, 2, 956
4, 556, 3, 1055, 4, 1292, 3, 1458
4, 196, 4, 400, 4, 909, 3, 959, 2, 1059
4, 347, 2, 1162
4, 77, 3, 906, 4, 952, 3, 1146, 4, 1456
4, 143, 4, 786, 3, 990, 4, 1206, 5, 1235
3, 50, 4, 859, 5, 892, 3, 1232, 3, 1481
4, 17, 4, 200, 3, 443, 3, 992, 3, 1182
3, 832, 3, 1109, 4, 1248, 4, 1398
3, 314, 3, 374, 4, 480, 3, 490, 4, 723, 3, 1135, 3, 1356
4, 287, 2, 763, 3, 986
3, 67, 4, 101, 3, 1103, 4, 1203
3, 727, 4, 783, 2, 1403, 4, 1559
3, 371, 4, 621, 2, 1120
4, 560, 4, 594, 3, 677, 3, 933, 4, 1182, 4, 1309
3, 241, 4, 697, 4, 730, 3, 747, 4, 847, 3, 874, 3, 1483
4, 314, 4, 1150
3, 254, 3, 953, 4, 1070, 4, 1303
3, 211, 3, 217, 2, 1126, 3, 1559
2, 261, 2, 644, 4, 666, 2, 1409
4, 188, 3, 238, 2, 334, 3, 483, 4, 777, 3, 1419, 2, 1463
3, 897
3, 368, 2, 428, 3, 441, 3, 1257
2, 178, 4, 461, 3, 549, 4, 1171, 2, 1464
3, 732, 3, 1541
3, 266, 3, 1420
3, 130, 2, 176, 3, 313, 4, 679, 3, 745, 2, 858, 2, 1534
3, 325, 3, 629
2, 242, 4, 658, 3, 968
4, 209, 5, 392, 3, 758
3, 216, 3, 328, 2, 405, 2, 798, 2, 981
2, 6, 3, 621
3, 162, 2, 195, 4, 1197, 3, 1297, 2, 1324
2, 13, 2, 392, 2, 475, 2, 995, 3, 1084, 3, 1401
3, 53, 2, 462, 4, 845
4, 30, 3, 196, 3, 852, 4, 1234, 2, 1351
3, 360, 3, 726, 3, 749, 4, 1009
4, 156, 3, 643, 3, 1458
4, 10, 3, 206, 3, 239, 3, 266, 3, 383, 5, 616, 5, 1125
3, 130, 2, 147, 3, 420, 4, 1362
3, 1379
4, 157, 2, 187, 3, 829, 3, 856, 3, 1206
3, 264, 2, 320, 3, 324, 4, 430, 4, 513, 4, 1012
3, 93, 4, 776
4, 433, 4, 903, 2, 1109, 4, 1265, 2, 1464
2, 23, 3, 40, 3, 110, 3, 582, 3, 726
3, 147, 4, 463, 3, 846, 4, 962, 3, 1195, 3, 1199
4, 313, 2, 667, 3, 917, 3, 1416
3, 953
4, 860, 4, 1053, 5, 1363, 3, 1542
3, 1026, 4, 1170
2, 34, 4, 267, 3, 843, 3, 903, 4, 1010, 4, 1093
3, 85, 3, 408, 3, 468, 2, 574, 2, 584, 3, 817, 2, 1327
3, 235, 4, 252, 4, 381, 3, 524, 2, 857, 4, 1466, 2, 1516
2, 581, 2, 876
4, 454, 4, 887, 4, 1097, 3, 1103, 3, 1396, 4, 1446, 3, 1546
2, 1143, 2, 1479
2, 105, 2, 377, 4, 660, 4, 747, 3, 1213, 4, 1369
4, 225, 2, 241, 5, 312, 4, 928
3, 328, 4, 374, 3, 878
3, 52, 2, 601, 3, 790, 2, 1183, 2, 1367
3, 538, 3, 815, 4, 1104
3, 505, 4, 688, 3, 765, 3, 1120
3, 326, 3, 399, 4, 642, 4, 1131, 5, 1274, 4, 1380
2, 462, 4, 535, 3, 839, 4, 945, 4, 1267, 3, 1351
3, 383, 2, 902, 3, 992, 2, 1308, 2, 1479
2, 553, 4, 969, 2, 1279
5, 520, 4, 703
3, 593, 3, 1158, 5, 1441, 5, 1529
2, 633, 4, 1116, 3, 1226, 3, 1309
3, 440
3, 956, 2, 1293
3, 244, 4, 288, 5, 570, 5, 1280, 3, 1476
2, 55, 4, 427, 2, 597, 3, 660, 3, 1236, 4, 1269, 2, 1296
3, 191, 3, 834
4, 118, 2, 418, 3, 451, 3, 468, 3, 568, 3, 595, 4, 1204
4, 35, 3, 272, 4, 1055
4, 709, 3, 992, 5, 1131, 2, 1288
3, 100, 2, 156, 2, 266, 3, 349, 3, 849, 3, 1304
3, 486, 4, 609, 4, 1222, 4, 1292
3, 839, 2, 873, 2, 889
3, 1195
4, 176, 3, 180, 2, 569, 3, 973, 4, 996, 3, 1085
2, 78, 4, 134, 4, 1109, 4, 1299
4, 57, 3, 227, 3, 290, 4, 926
4, 1170, 3, 1176, 2, 1532
2, 693, 2, 930, 4, 1403
3, 664, 2, 1030, 3, 1313, 2, 1466, 3, 1512
4, 1123
4, 497, 3, 1506
4, 21, 5, 747, 3, 1000, 3, 1283, 3, 1423
3, 217, 2, 693, 3, 916
3, 936, 3, 1459, 3, 1492
2, 127, 2, 400, 3, 770, 4, 1242
2, 1067, 4, 1456
3, 335, 3, 950
4, 491, 3, 524, 4, 1113, 3, 1240
2, 268, 3, 424, 3, 1150, 3, 1206, 4, 1273
3, 854, 4, 1397, 4, 1459
2, 145, 2, 245, 3, 781, 3, 1081, 3, 1143
4, 349, 4, 421, 3, 665, 3, 1154, 2, 1170, 3, 1297
2, 485, 4, 558, 2, 862, 4, 1290, 4, 1373
2, 358, 3, 435, 3, 828, 3, 1011, 3, 1034, 2, 1390
5, 502
4, 261, 3, 299, 4, 548, 3, 648, 3, 1070, 2, 1104
4, 16, 3, 338, 3, 1287, 3, 1557
2, 211, 3, 315, 4, 465, 3, 1253, 2, 1320, 4, 1457
2, 36, 5, 602, 4, 884
3, 2, 3, 46, 4, 262, 3, 462, 2, 758, 3, 1538
3, 322, 4, 399, 2, 755
3, 33, 3, 56, 4, 626, 3, 826, 3, 938, 3, 1015, 2, 1408
3, 73, 3, 482, 3, 888, 3, 1558
2, 180, 3, 652, 3, 1095
3, 380, 4, 812, 3, 1022, 4, 1029, 3, 1322, 3, 1472
5, 280, 4, 939, 2, 1062, 5, 1362
2, 815, 2, 1341, 4, 1398
3, 559, 4, 1042, 4, 1152
3, 472, 5, 476, 3, 1268, 3, 1291
4, 449
3, 36, 4, 373, 4, 430, 3, 952, 3, 1405
3, 253, 5, 1195, 4, 1538
4, 929, 3, 1465
2, 20, 4, 690, 3, 1039, 4, 1549
3, 1392
3, 194, 3, 443
4, 94, 3, 477, 3, 487, 3, 1003
3, 168, 5, 264, 3, 707, 3, 1350, 3, 1377, 4, 1493
2, 208, 3, 430, 3, 1289, 4, 1533
2, 674, 3, 1450, 3, 1558
2, 687, 2, 1241, 3, 1397
3, 65, 2, 265, 3, 375, 2, 974, 2, 1340, 2, 1363
4, 202, 5, 356, 4, 402, 4, 539, 4, 905
3, 535, 2, 585, 3, 685
4, 418, 4, 468, 4, 745, 2, 762, 3, 884, 3, 1034
4, 27, 4, 309, 3, 898, 3, 1541
3, 549, 4, 985
5, 66, 2, 226, 3, 1058, 3, 1335, 4, 1474
3, 600, 3, 949, 4, 1045, 2, 1488
3, 63, 3, 773, 3, 1139, 4, 1162, 2, 1205, 3, 1422
4, 519, 2, 673, 4, 782, 3, 935, 3, 1118, 3, 1395, 2, 1485
3, 70, 2, 569, 3, 1378, 3, 1435, 3, 1545
3, 53, 4, 420, 2, 486, 4, 1275, 3, 1428, 2, 1474
3, 7, 3, 51, 4, 267, 3, 467, 2, 762, 3, 1542
3, 307, 2, 662
4, 61, 5, 384, 3, 510, 4, 630, 3, 1153, 2, 1196, 2, 1479
3, 670, 3, 870, 3, 880, 3, 1086, 3, 1396
3, 88, 2, 560, 5, 1003
3, 384, 4, 817, 3, 1027, 4, 1033, 3, 1327, 3, 1476
2, 284, 4, 944, 2, 1067, 4, 1366
4, 468, 4, 524, 4, 544, 2, 707, 3, 1499
5, 81, 4, 936, 5, 1023, 3, 1073, 3, 1489
3, 221
3, 404
4, 447, 4, 520, 4, 763, 3, 1219, 3, 1252, 3, 1269, 2, 1396
3, 211, 3, 834
4, 634, 3, 811
2, 345, 3, 534, 5, 927
3, 198, 2, 255, 3, 259, 2, 365, 2, 448, 3, 947
3, 488, 4, 708, 3, 1224, 4, 1390
4, 841, 2, 874, 2, 891
2, 751, 3, 1294
3, 206, 3, 1094
3, 422, 3, 1078, 3, 1298, 3, 1388
4, 1194, 3, 1464
4, 472, 3, 705, 3, 928, 3, 1281, 4, 1448, 3, 1531
4, 873, 4, 1195, 2, 1362, 2, 1372
3, 513, 4, 812, 4, 862, 3, 962
3, 11, 4, 1043, 4, 1053, 3, 1162
3, 227, 3, 261, 3, 287, 3, 404, 4, 637, 4, 1147, 4, 1176
3, 71, 4, 1286
4, 14, 2, 670, 3, 1017, 2, 1117, 3, 1144, 3, 1240, 5, 1539
3, 22, 2, 135, 4, 584
3, 328, 2, 465, 3, 1031
3, 278, 3, 1047
2, 355, 4, 674, 4, 798, 4, 1070, 2, 1383, 2, 1441
3, 141, 3, 158, 3, 228, 3, 278, 2, 701, 3, 844
4, 168, 2, 318, 4, 611, 2, 840, 2, 884, 2, 1167
3, 405, 4, 455, 3, 731, 3, 748, 3, 1020, 4, 1291
3, 758, 3, 787
4, 339, 4, 656, 4, 1288
3, 152, 3, 385, 3, 1022, 3, 1338, 3, 1467
3, 3, 3, 429, 3, 595, 3, 1251, 2, 1471
2, 1192, 3, 1402
4, 27, 4, 499, 2, 642, 3, 975, 3, 1497, 3, 1514
4, 409, 3, 1015, 2, 1052, 3, 1524
2, 343
4, 1365
5, 202, 5, 306, 4, 456, 4, 1244, 3, 1311, 6, 1448
2, 495, 4, 778, 2, 1488
4, 156, 3, 356, 2, 651, 3, 1431, 3, 1454, 3, 1498
4, 293, 2, 649
4, 370, 3, 399, 2, 520, 2, 1042, 2, 1085, 2, 1368
2, 509, 2, 559, 4, 836, 4, 852, 3, 975, 2, 982, 4, 1125
1, 761, 2, 932
2, 76, 2, 186, 2, 785, 1, 1152, 1, 1175, 1, 1435
1, 209, 2, 243, 1, 1245, 1, 1345, 1, 1468
1, 84, 2, 240, 1, 440, 1, 966, 1, 1022
1, 125, 2, 374
1, 208
2, 347, 2, 430, 1, 686, 2, 1063, 1, 1173
2, 541
1, 151, 2, 544, 2, 1520
1, 188, 2, 484, 1, 1264, 2, 1276, 1, 1287, 2, 1443, 1, 1526
2, 384
1, 518, 2, 1007
1, 618, 1, 1327
2, 52, 2, 1434, 1, 1467, 2, 1483
1, 199, 2, 328, 2, 472, 2, 1414
2, 1148
1, 306, 2, 527, 2, 1209
1, 186, 2, 263, 1, 656, 1, 1218
2, 80, 2, 579, 2, 1388, 2, 1445, 2, 1555
2, 20, 1, 53, 2, 1056, 1, 1155
1, 236, 1, 762, 1, 819, 2, 839, 1, 929, 1, 1002, 1, 1245
1, 490, 3, 1003
3, 394, 3, 400, 3, 693, 2, 726, 2, 1169, 3, 1315, 2, 1415
1, 909, 2, 1519
2, 570, 1, 583, 2, 593, 3, 749, 2, 833, 2, 1053
2, 331, 3, 401, 3, 407, 1, 701, 1, 763, 2, 1423
1, 66, 2, 138, 1, 382, 2, 871, 2, 1014
1, 721, 2, 771, 2, 1047, 2, 1064, 1, 1187, 1, 1337
2, 155, 1, 977
2, 75, 1, 751, 2, 907
1, 335, 2, 552, 1, 1461
1, 738, 1, 825, 1, 875, 1, 1441
1, 688, 1, 842, 1, 1025, 2, 1458
2, 83, 1, 139, 2, 160, 1, 759, 2, 1115
2, 1382
1, 220, 2, 323, 1, 473, 1, 1328, 1, 1415, 1, 1465
2, 30, 2, 263, 2, 773, 3, 1411, 1, 1472
2, 183, 2, 826, 2, 1030, 2, 1246, 2, 1275
1, 1259, 2, 1269
1, 743
2, 25, 1, 114, 1, 218, 1, 540, 2, 707
1, 158, 1, 191, 1, 208, 1, 307, 2, 334
2, 1164, 1, 1440
1, 748, 2, 874, 2, 1303
2, 36, 2, 645, 2, 678, 1, 705, 1, 822, 1, 1055, 1, 1151
2, 279, 1, 362
3, 59, 2, 196, 3, 612, 2, 922
3, 32, 1, 1041, 2, 1224, 1, 1500
2, 98, 1, 132, 1, 148, 2, 248, 1, 943, 1, 1147
1, 268, 1, 329, 2, 352, 2, 608, 1, 984, 1, 1090, 1, 1094
1, 894
2, 275, 1, 308, 2, 325, 2, 424, 1, 451, 1, 1061
1, 122, 2, 505, 2, 515, 2, 1031
1, 149, 2, 831
1, 176, 2, 742, 2, 1025, 1, 1164
1, 86, 1, 240, 1, 286, 2, 396, 2, 995, 1, 1361
1, 452
1, 279, 3, 462, 2, 539, 3, 829
2, 67, 1, 593, 2, 670, 1, 1063, 2, 1075, 1, 1246
1, 280, 2, 297, 1, 367, 1, 983
1, 224
3, 65, 2, 720, 3, 941, 3, 1220, 3, 1457
2, 1074, 1, 1107, 1, 1124, 1, 1224
2, 304, 1, 375, 1, 385, 1, 1088
2, 328, 1, 335, 1, 489, 2, 672, 1, 1038, 2, 1104
1, 844, 1, 1454
2, 602, 1, 615, 1, 625, 2, 781, 1, 865, 2, 1085
1, 382, 2, 1218
2, 419, 2, 735, 2, 1058, 1, 1118, 3, 1235, 2, 1468
1, 479, 2, 1388
2, 46, 1, 656, 1, 999, 2, 1128
1, 389, 2, 812
2, 187, 1, 1009
1, 650
1, 406, 2, 839, 2, 1049, 2, 1055, 1, 1349, 2, 1498
3, 44, 1, 676, 2, 713, 3, 786, 2, 963, 2, 1518
1, 587, 2, 643, 1, 1263, 1, 1419
1, 877, 1, 1360, 1, 1470, 1, 1553
1, 790
1, 411, 1, 557, 1, 657, 1, 1193, 1, 1199, 1, 1493, 1, 1536
2, 71, 1, 105, 1, 121, 2, 248
2, 298, 1, 571, 1, 841, 1, 1513
1, 761
1, 35, 1, 139, 1, 462, 2, 628, 2, 1504
1, 79, 2, 112, 1, 129, 2, 256
1, 59, 2, 386, 1, 403, 1, 532, 1, 675
2, 76, 1, 259
2, 502, 2, 643, 1, 926, 2, 1222, 1, 1418
1, 90, 1, 200, 2, 1165, 1, 1188
2, 256, 1, 317, 2, 340, 1, 972, 2, 1009, 1, 1082, 2, 1492
1, 979
2, 60, 1, 536, 1, 773, 2, 807, 1, 823, 1, 923, 1, 1146
1, 167, 1, 250, 2, 506, 1, 882, 1, 992
2, 554
1, 987
2, 68, 2, 367, 1, 400, 1, 417, 2, 517, 1, 544, 1, 1153
1, 219, 2, 1034
1, 364, 2, 548, 2, 624, 2, 824, 1, 914
1, 258, 1, 311, 2, 328, 1, 454, 2, 1064, 3, 1380
2, 1199
2, 40, 1, 340, 2, 384, 2, 461, 1, 816, 1, 1476
1, 21, 2, 192, 2, 653, 1, 924, 1, 940, 1, 1263
1, 620, 1, 824, 1, 1240, 1, 1550
1, 569, 1, 985, 2, 1224, 2, 1444, 1, 1534
2, 1270
2, 185, 2, 345, 2, 388, 1, 605, 2, 1514
2, 332, 3, 336, 2, 1128, 2, 1151
1, 93, 2, 153, 2, 270, 2, 503, 2, 1012, 2, 1455
2, 326, 2, 426, 1, 605, 2, 689, 2, 909, 2, 1129
1, 106, 2, 206, 1, 743, 2, 1042, 2, 1105
3, 200, 1, 406, 2, 1175, 2, 1288, 2, 1365
3, 220, 3, 453, 1, 1029, 3, 1089, 3, 1405, 3, 1535
1, 594, 2, 777, 1, 1053, 2, 1143
2, 304, 2, 317, 1, 487, 2, 866, 2, 1469, 2, 1559
1, 75, 2, 225, 1, 1080, 2, 1167, 3, 1217
1, 85, 1, 175, 2, 364, 1, 601, 2, 768, 1, 1423
1, 368, 2, 1063
3, 89, 2, 332, 3, 565, 3, 788, 3, 1104, 2, 1141
1, 182, 1, 361, 1, 1191, 2, 1237, 1, 1374
3, 86, 3, 695, 3, 1012, 2, 1500
1, 679, 2, 741, 2, 1378
2, 363, 2, 396, 1, 479, 2, 735, 2, 985, 1, 1111
1, 30, 1, 485, 1, 519, 2, 535, 1, 662, 2, 1272
1, 726, 1, 932, 2, 1242
1, 743, 2, 1098
1, 1519
1, 602, 1, 1138, 1, 1278, 2, 1434
1, 14, 1, 37, 1, 497, 2, 537, 2, 607, 1, 690
1, 304, 2, 727
2, 5, 2, 827
3, 67, 1, 504, 2, 660, 2, 860, 2, 1386, 2, 1442, 1, 1463
1, 297, 2, 1000
2, 573, 2, 912, 1, 1162, 1, 1289
1, 378, 1, 984, 2, 1493
2, 191, 1, 225, 2, 241, 2, 341, 1, 368, 2, 977
2, 422, 3, 432, 1, 948
1, 189, 2, 372, 2, 448, 2, 738
3, 987
2, 107, 1, 912, 1, 1055
1, 146, 1, 396
2, 229, 2, 645, 2, 955
1, 36, 2, 196, 1, 379, 1, 456, 2, 656, 2, 745, 2, 812
2, 376, 2, 586, 2, 593, 1, 886, 2, 1036
1, 227, 2, 616, 2, 636, 2, 1019, 1, 1042, 1, 1545
2, 247, 2, 334, 2, 1249, 1, 1522
1, 481, 2, 697
2, 487
1, 424, 2, 787, 2, 817, 2, 1021, 2, 1221, 2, 1333, 1, 1437
2, 25, 1, 68, 2, 229, 2, 351, 2, 905, 2, 1061
2, 305, 2, 475, 2, 538, 2, 1114, 3, 1174, 2, 1491
2, 66, 1, 155, 3, 259, 1, 748, 3, 1164, 1, 1347
2, 586, 1, 796, 2, 1095, 1, 1145, 2, 1245
1, 465, 1, 714, 1, 814, 2, 841, 2, 1237, 1, 1270
1, 338, 2, 415, 1, 808, 1, 991, 2, 1370
2, 828
1, 728
1, 302, 1, 362, 2, 385, 1, 1018, 2, 1055, 1, 1128, 1, 1537
1, 443, 1, 499, 2, 519, 1, 682, 2, 1474
2, 836
1, 130, 1, 833
1, 407, 1, 746, 2, 1122
1, 473, 2, 796, 1, 856, 2, 972, 3, 1205
2, 48, 1, 543, 1, 1089, 2, 1346, 1, 1388, 2, 1390, 2, 1538
1, 81, 2, 381, 1, 414, 3, 1003, 3, 1103
1, 411, 2, 611, 1, 723, 1, 800, 1, 1193, 1, 1399
2, 744, 2, 873, 2, 1350
1, 35, 1, 162, 2, 590, 1, 1343
2, 102, 2, 395, 2, 1038, 1, 1082, 1, 1365, 2, 1510
2, 472, 1, 639, 2, 722
2, 60, 2, 449, 1, 469, 1, 852, 2, 875, 2, 1545
2, 70, 1, 536, 2, 692, 1, 1258, 2, 1541
2, 11, 1, 364, 2, 421, 2, 531, 1, 614, 1, 1113, 2, 1496
2, 414, 1, 597
2, 629
2, 3, 1, 622, 2, 978, 2, 1504
1, 43
1, 115, 1, 432, 1, 975, 1, 1037
3, 359, 1, 658, 1, 1280, 2, 1380
1, 1211, 2, 1255, 1, 1538
2, 223, 1, 650, 1, 660, 2, 706, 2, 816, 1, 899
3, 514, 2, 637, 2, 936
1, 624, 2, 720
2, 115, 2, 691, 1, 1069
2, 813, 2, 836, 2, 1296
1, 6, 1, 634, 1, 838, 1, 1254
1, 388, 2, 804, 2, 1044, 2, 1264, 1, 1353
2, 212, 2, 1160, 2, 1430
1, 36, 1, 292, 1, 535, 1, 768, 1, 991, 2, 1307, 1, 1344
2, 565, 1, 1440
3, 150, 3, 206, 2, 272, 3, 826, 3, 982, 3, 1181, 2, 1371
1, 29, 1, 286, 2, 971, 2, 1118, 1, 1395, 2, 1534
2, 503, 1, 679
2, 1002
1, 153, 1, 170, 2, 297, 2, 906, 1, 1222
1, 101, 1, 427, 1, 716
1, 169, 3, 728, 2, 828, 2, 951, 2, 1250, 2, 1371
2, 6, 1, 276, 1, 293, 1, 526, 1, 615, 2, 931, 2, 1102
2, 70, 2, 90, 1, 473, 2, 496, 1, 1239
2, 163, 2, 606, 2, 862, 2, 1212, 2, 1249
2, 323
1, 683, 2, 752, 2, 849, 1, 933
1, 420, 1, 759, 2, 1136
1, 487, 2, 809, 2, 870, 2, 986, 2, 1219
1, 224, 1, 524, 1, 673
1, 750, 2, 1293, 2, 1356
2, 41, 2, 168, 3, 977, 1, 1010, 1, 1349
1, 231, 2, 797, 2, 1080, 1, 1219
1, 44, 1, 198, 1, 243, 2, 354, 2, 953, 1, 1319
2, 339, 2, 522, 1, 888
1, 50, 2, 116, 3, 256, 3, 412, 3, 611, 2, 1138
2, 525
1, 130, 2, 758, 2, 779, 2, 825, 2, 962, 2, 1162, 1, 1378
1, 107, 2, 267, 1, 389, 2, 477, 2, 943, 1, 1099
2, 660, 2, 1469
1, 373, 1, 766, 2, 1169, 2, 1282, 2, 1386
1, 37, 2, 97, 2, 214, 1, 447, 2, 956, 2, 1399
1, 270, 2, 1050, 2, 1073, 3, 1229, 1, 1312, 2, 1533
2, 205, 2, 827
1, 794
1, 18, 2, 660, 1, 704, 1, 987, 2, 1546
2, 356, 2, 723, 1, 1159, 2, 1205, 2, 1315
2, 566, 2, 943, 2, 1455
2, 880, 3, 1535
1, 537, 1, 1073, 1, 1213, 2, 1369
2, 946
1, 181, 2, 930, 1, 1385
2, 1, 1, 634, 3, 671, 2, 744, 1, 921, 3, 1154, 2, 1476
1, 115, 2, 600, 1, 718
1, 1051, 1, 1440
1, 232, 2, 248, 2, 319, 2, 369, 1, 791, 2, 935
1, 218, 1, 278, 1, 384, 1, 394, 2, 627, 1, 1453
1, 451, 1, 1230, 1, 1253, 2, 1297, 1, 1513
2, 1435, 2, 1439
1, 905, 2, 1088, 1, 1165, 2, 1454, 1, 1520
2, 222
2, 89, 2, 555, 1, 988, 1, 1198, 1, 1204, 1, 1497, 2, 1547
2, 76, 1, 109, 2, 1112, 3, 1239
2, 10, 2, 303, 2, 946, 1, 989, 1, 1272, 1, 1418
1, 330, 1, 347, 2, 418, 1, 467, 2, 890, 1, 1033
1, 115, 2, 771, 1, 1153, 2, 1270, 1, 1507
1, 411, 2, 615, 2, 1124, 1, 1174, 2, 1274
2, 13, 1, 558, 1, 951, 2, 1354, 2, 1467
1, 125, 2, 185, 2, 302, 2, 535, 1, 1044, 2, 1487
2, 671, 1, 694, 3, 850, 2, 1153, 2, 1449
2, 101, 2, 477, 1, 1403
1, 248, 2, 308, 3, 414, 2, 425, 3, 658, 1, 1483
1, 481, 1, 847, 2, 914, 1, 1130, 1, 1284
2, 11, 1, 84, 2, 494, 2, 900
1, 255, 1, 316, 2, 432, 2, 665, 2, 761
3, 120, 2, 586, 1, 952, 2, 975, 1, 1018, 2, 1228, 2, 1235
2, 1045
2, 53, 2, 330, 2, 419, 1, 988, 2, 1012, 1, 1428
1, 628, 1, 832, 1, 1048, 2, 1341, 2, 1391, 1, 1491
1, 969, 1, 973
1, 20, 2, 158, 2, 524, 1, 590, 2, 1379, 2, 1533
2, 187, 2, 203, 2, 330, 1, 1032, 1, 1182
2, 133, 1, 782, 2, 965, 1, 1165, 2, 1175, 1, 1242, 1, 1381
2, 173, 1, 383, 2, 427, 1, 709, 2, 849, 1, 1419
2, 108, 1, 857
1, 608, 1, 917
1, 94, 2, 654, 1, 754, 2, 877, 1, 1176, 2, 1297
1, 105, 1, 354, 1, 444, 2, 760, 2, 930, 1, 1392
1, 102, 1, 518, 2, 828, 1, 1523
2, 794, 2, 1031
2, 1530
1, 411, 1, 681, 1, 698, 1, 1020, 2, 1336
2, 541, 2, 628, 2, 1244
3, 485, 3, 784, 2, 1406, 3, 1506
1, 755, 1, 798, 2, 1081
2, 339, 1, 389
1, 189, 2, 355, 1, 438, 2, 938
2, 908
1, 53, 2, 589, 1, 596, 2, 952
2, 240, 1, 552, 1, 1089, 1, 1228
1, 304, 1, 1059
2, 327, 1, 377, 1, 653, 1, 670, 2, 799, 2, 942
3, 583, 1, 1319, 1, 1485, 1, 1496
2, 164, 2, 1406
2, 357, 2, 467, 1, 551, 2, 1433, 2, 1455
1, 65, 2, 621, 1, 1336, 1, 1374
3, 371, 3, 814, 2, 1087, 2, 1419, 3, 1457
2, 98, 1, 487, 2, 747
2, 79, 2, 934, 2, 1071, 2, 1383, 1, 1487
2, 1084
2, 378, 2, 625, 2, 822, 2, 1148, 2, 1191, 1, 1474
2, 582, 2, 642, 2, 748, 2, 831, 2, 1331
1, 249, 1, 349, 2, 885, 1, 989, 1, 1185, 1, 1247
2, 46, 2, 550, 2, 623, 2, 866, 1, 1355, 1, 1498
1, 71, 2, 1352
1, 936, 2, 1063, 1, 1458, 2, 1491
1, 127, 3, 770, 1, 813, 1, 1096, 3, 1242
2, 150, 1, 393, 1, 626, 2, 849, 2, 1165, 2, 1202, 2, 1235
2, 30, 1, 933
1, 713, 1, 1266, 2, 1422
1, 534, 2, 1229
2, 331, 2, 1080, 2, 1536
2, 637, 2, 1376, 1, 1380
2, 427, 1, 930
1, 534, 1, 817, 2, 1527
1, 172, 1, 322
1, 22, 1, 272
1, 105, 2, 521
1, 326, 2, 625, 1, 658, 2, 688, 1, 1247, 1, 1347
1, 79, 2, 268, 2, 844, 2, 1087
2, 85
1, 212, 1, 1427
3, 423, 2, 495, 2, 799, 2, 1311
2, 533, 2, 649, 1, 882
1, 778, 2, 949
2, 93, 2, 203, 2, 803, 1, 1169, 1, 1192, 1, 1452
1, 226, 2, 260, 1, 1262, 1, 1362, 1, 1485
1, 101, 2, 257, 1, 457, 1, 983, 1, 1039
2, 274, 2, 627, 2, 877, 2, 1376
2, 7, 1, 816, 1, 850, 1, 1189, 2, 1438
1, 108, 1, 264, 2, 830, 2, 1113
1, 588, 1, 1083
1, 1237, 1, 1300
2, 218, 1, 222, 2, 601
2, 368, 1, 827, 2, 917
1, 382, 1, 952
3, 548, 3, 758, 2, 1058, 1, 1091, 2, 1108, 1, 1207
2, 325, 2, 398, 1, 702, 2, 808, 1, 1191, 1, 1214
2, 347
2, 293, 2, 463, 2, 1445, 1, 1535
2, 203, 1, 436, 2, 659, 1, 975, 1, 1012, 1, 1518
2, 383, 2, 566
2, 306, 1, 456, 2, 749, 2, 1021, 1, 1304, 2, 1392
2, 17, 2, 826, 1, 992, 2, 1075
2, 303, 1, 1229, 2, 1485
2, 74, 2, 134, 2, 240, 2, 250, 1, 1309
1, 949, 1, 1153, 2, 1249, 2, 1299, 1, 1369, 1, 1399
5, 33, 3, 96, 3, 755, 4, 1292
5, 264, 3, 376, 2, 453, 2, 846, 2, 1029
3, 54, 3, 380, 4, 669
4, 70, 4, 253, 4, 330, 3, 619, 4, 686, 3, 1468
3, 207, 3, 251, 2, 461, 3, 467, 3, 1376
3, 1549
2, 244, 3, 507, 2, 660, 3, 843, 2, 1120, 4, 1210
4, 280
3, 70, 2, 424, 3, 1173, 4, 1406
3, 314, 4, 1089, 2, 1335
4, 390, 3, 547, 3, 1112, 3, 1272, 4, 1395
3, 24, 4, 633, 4, 660, 3, 976, 3, 1249, 2, 1519
3, 128, 3, 477
3, 471, 3, 544, 4, 787, 3, 1276, 3, 1419, 4, 1526
4, 608, 5, 680, 4, 857, 2, 984, 5, 1090, 4, 1413, 4, 1496
2, 308
3, 988
2, 971, 2, 1427
3, 505
3, 411, 3, 1447, 4, 1547
3, 638, 3, 1281
3, 335, 2, 628, 2, 865, 4, 898, 3, 915, 3, 1030, 4, 1237
3, 947, 3, 1483
4, 8, 2, 451, 3, 707, 4, 1057
3, 266
3, 212, 3, 461
3, 112, 3, 495, 4, 505, 4, 1021
2, 89, 4, 598, 2, 628, 2, 1270, 5, 1297, 2, 1414
2, 226, 3, 862, 3, 1307, 4, 1551
4, 691, 2, 1112, 3, 1467
2, 629, 3, 924
3, 644, 3, 854, 3, 860, 4, 1153, 2, 1203, 3, 1303
3, 111, 4, 671, 3, 770, 2, 893, 4, 899, 4, 1193
4, 253, 4, 457, 4, 966, 2, 1016, 2, 1116
3, 307, 2, 1123
4, 37, 3, 867, 4, 912, 3, 1106, 4, 1416
4, 200, 3, 843, 3, 1047, 4, 1263, 4, 1292
2, 410, 4, 787
2, 1502
3, 494, 2, 537, 3, 1380, 2, 1409
2, 25, 2, 35, 4, 81, 3, 191, 4, 275, 3, 790, 3, 1157
4, 314, 4, 1050, 4, 1111, 3, 1227, 3, 1460, 3, 1556
3, 261, 2, 615, 3, 865, 3, 1364
4, 382, 3, 804
2, 1403
2, 28, 3, 582, 2, 738, 4, 937, 2, 1464, 2, 1520
3, 326, 4, 393, 4, 530, 2, 842, 3, 946
3, 420, 4, 863, 3, 1092, 4, 1135, 2, 1468
4, 623, 3, 683, 4, 789, 3, 872, 3, 1372
4, 354, 3, 770, 4, 953, 2, 1030, 3, 1229, 3, 1319
3, 420, 2, 786, 4, 1069, 3, 1223
3, 630, 5, 703, 4, 1007, 4, 1435, 5, 1519
2, 74, 2, 601, 4, 678, 4, 1071, 3, 1083, 3, 1254, 2, 1277
2, 551, 4, 1293
3, 295, 2, 754, 3, 844
3, 470, 5, 491, 2, 1446
2, 58, 2, 114, 2, 225, 3, 308, 3, 807, 3, 1263
3, 154, 3, 347, 3, 670, 4, 836
2, 384, 2, 418, 2, 434
4, 268, 4, 318, 3, 594, 3, 611, 3, 883, 3, 1154
4, 621
4, 92, 3, 1180
3, 76, 2, 286, 4, 293, 3, 1202
2, 336, 2, 719, 2, 742, 2, 1485
3, 410
3, 294, 2, 500, 2, 856, 4, 1382
3, 217, 3, 450, 4, 673, 3, 989, 3, 1026, 3, 1532
2, 320, 4, 494, 2, 763, 3, 1018, 4, 1135, 4, 1368
4, 30, 3, 263, 2, 486, 4, 839, 2, 1345
4, 60, 3, 889, 4, 935, 3, 1129, 3, 1439
4, 223, 3, 866, 3, 1070, 4, 1286, 4, 1315
2, 433, 3, 810
2, 1525
2, 614, 3, 657, 3, 940, 3, 1500, 3, 1529
2, 48, 3, 297
3, 331, 3, 341, 3, 857
3, 647
4, 21, 3, 464, 4, 1107, 3, 1150, 2, 1483
3, 638, 3, 804, 3, 887, 3, 1387
3, 305, 4, 405, 3, 528, 3, 827
4, 605, 2, 960, 2, 1487, 3, 1543
3, 98, 2, 451, 3, 1200, 4, 1433
3, 341, 4, 1117, 2, 1362
4, 418, 4, 574, 4, 1140, 4, 1300, 4, 1423
3, 51, 4, 661, 4, 688, 3, 1004, 3, 1276, 2, 1547
3, 155, 3, 505
4, 498, 3, 571, 5, 814, 3, 1303, 3, 1447, 5, 1553
4, 635, 5, 708, 5, 885, 2, 1011, 5, 1118, 4, 1440, 4, 1523
2, 335
3, 918
2, 998, 2, 1454
3, 532
4, 16, 3, 439, 3, 1475
3, 550, 4, 920
4, 267, 5, 504, 5, 537, 2, 554
4, 233, 4, 300, 4, 437, 5, 749, 3, 853
2, 696, 3, 1205
3, 762, 3, 1006
2, 224, 2, 1299, 3, 1322
3, 36, 2, 47, 2, 1212
4, 360, 3, 554, 3, 1043
3, 38, 2, 776, 2, 1352
3, 344, 5, 593, 3, 1092
3, 11, 3, 138, 3, 533, 2, 566, 3, 649, 3, 1319
4, 214, 3, 1456
3, 507, 4, 990, 4, 1100
5, 424, 5, 834, 4, 1217, 5, 1337
2, 494, 3, 1004
4, 488, 2, 561, 4, 804
3, 715, 3, 1524
3, 249, 4, 1403
4, 740, 4, 894, 5, 1077, 4, 1510
3, 301, 4, 374, 4, 617, 3, 1250, 4, 1356
4, 174, 5, 823, 2, 1006, 2, 1206, 3, 1216, 3, 1422
3, 311, 3, 781, 2, 987, 3, 1557
3, 205
3, 604, 2, 1547
2, 145, 2, 178, 4, 1180, 3, 1280, 2, 1307
2, 375, 2, 458, 2, 978, 3, 1067, 3, 1384, 2, 1554
2, 36, 2, 445, 4, 828
4, 13, 3, 179, 2, 834, 4, 1217, 2, 1334
3, 343, 3, 709, 3, 732, 4, 992
4, 139, 4, 626, 3, 1441
2, 189, 4, 249, 3, 366, 3, 599, 2, 1108, 3, 1551
3, 517, 3, 577, 3, 1265, 3, 1498
4, 284, 3, 750, 4, 820, 3, 826, 4, 1182
5, 387, 5, 1290, 3, 1306, 3, 1433
4, 48, 5, 198, 2, 358, 5, 1190, 4, 1466
3, 634, 3, 984, 4, 1080, 2, 1523
4, 516, 4, 882, 3, 905, 5, 948, 3, 1165
3, 37, 5, 70, 5, 1073, 4, 1172
3, 696, 4, 752, 2, 1372, 3, 1528
3, 340, 5, 590, 3, 1089
4, 222, 3, 599, 2, 1441, 3, 1525
3, 306
3, 173, 2, 749, 2, 1541
3, 1464, 3, 1547
2, 33, 3, 120, 4, 239, 3, 549, 4, 1295, 3, 1299
3, 686, 2, 1362
2, 180, 3, 629, 3, 1528
3, 690, 4, 979
2, 94, 2, 650
3, 716
4, 254, 3, 550, 4, 1486, 3, 1529
3, 494, 4, 976, 4, 1086
4, 410, 3, 820, 3, 1203, 3, 1226
2, 480, 3, 990
3, 547, 3, 790
3, 8, 3, 118, 3, 1084, 3, 1107
2, 514, 3, 890
4, 50, 4, 61, 4, 294, 4, 926, 4, 1120, 3, 1442, 3, 1502
3, 970
3, 161, 5, 810, 2, 993, 2, 1192, 3, 1203, 4, 1409
3, 297, 3, 767, 2, 973, 3, 1543
3, 191
3, 591, 2, 1533
2, 131, 2, 164, 4, 1167, 3, 1267, 2, 1294
2, 361, 2, 444, 2, 964, 3, 1054, 3, 1370, 2, 1540
2, 22, 2, 432, 4, 814
3, 165, 2, 821, 4, 1301, 2, 1320, 4, 1557
3, 329, 4, 695, 3, 718, 2, 978
3, 631, 4, 665, 3, 748, 3, 1004, 4, 1253, 3, 1380, 3, 1490
3, 371, 4, 671, 4, 721, 3, 821
3, 901, 4, 911, 3, 1117, 3, 1427
2, 86, 3, 146, 3, 262, 4, 495, 3, 1005, 3, 1034
4, 778, 4, 828, 4, 1105, 5, 1244, 3, 1394
3, 370, 4, 486
3, 210, 3, 786, 3, 1164
3, 26, 4, 526, 3, 759, 3, 981, 3, 1335, 4, 1501
3, 163, 2, 1066
2, 196, 3, 723, 4, 779, 3, 800, 3, 962, 4, 1205, 2, 1399
4, 653, 4, 687, 4, 770, 4, 1026, 5, 1275, 4, 1402, 4, 1512
4, 393, 3, 693, 4, 743, 4, 843
3, 836, 4, 1042, 3, 1352
3, 1471
3, 250, 2, 280, 3, 922, 3, 949, 3, 1299
3, 356, 2, 413, 2, 417, 3, 523, 2, 606, 2, 1105, 3, 1338
3, 1539
3, 420, 2, 576
3, 587, 3, 797, 3, 803, 2, 1096, 4, 1246
3, 327, 3, 364, 3, 1252
4, 158, 3, 274, 3, 507
5, 162, 2, 178, 3, 1449
4, 12, 4, 484, 2, 628, 2, 960, 3, 1483, 3, 1499
3, 49, 4, 492, 2, 721, 3, 1097
2, 425, 3, 920
3, 188, 3, 238, 3, 515, 3, 531, 2, 804
4, 501, 4, 677
2, 211, 4, 794
3, 24, 2, 734, 3, 1100, 3, 1166, 3, 1383, 2, 1536
4, 115, 4, 298, 3, 375, 3, 575, 4, 664, 4, 731, 2, 1257
4, 614, 4, 725
3, 641, 4, 1057, 2, 1367
3, 705, 3, 888, 3, 1254
5, 2, 4, 978, 2, 1504
3, 236, 3, 719
4, 542, 3, 609, 4, 746, 2, 946, 4, 1058, 3, 1162
4, 51, 3, 107, 2, 173, 4, 727, 4, 883, 3, 1082, 4, 1272
4, 257, 4, 739, 4, 743, 3, 1122, 2, 1559
2, 763, 2, 903, 4, 1473
4, 637, 2, 1003, 3, 1286, 3, 1439, 4, 1485
4, 1096
3, 1479
2, 277, 3, 627, 2, 722
4, 1093, 4, 1392, 3, 1425, 5, 1442, 4, 1542
2, 623, 2, 660, 4, 733, 3, 909, 4, 1142, 3, 1465, 4, 1548
3, 457, 4, 474
3, 274, 3, 524, 2, 1023
4, 464, 3, 497, 3, 580, 3, 836, 4, 1086, 3, 1213
2, 145, 3, 600, 5, 634, 3, 650, 4, 750, 3, 777, 3, 1387
4, 1054
3, 182, 4, 1057, 2, 1147
2, 1284, 4, 1473
3, 248, 4, 614, 4, 897, 3, 1051
2, 667, 3, 1409
3, 411, 3, 871, 2, 960
4, 122, 3, 134, 5, 305, 3, 683, 2, 1287, 5, 1376
3, 733
4, 618, 3, 1174
2, 181, 2, 419, 3, 1240
4, 408, 2, 724, 4, 1357
3, 392, 2, 535, 3, 635, 3, 868, 3, 1090, 3, 1407, 2, 1477
4, 628, 3, 672, 2, 955
2, 116, 3, 1470
3, 1044
4, 483, 3, 1525
3, 340, 2, 1282, 3, 1465, 3, 1535, 2, 1542
3, 317, 3, 350, 3, 367, 3, 466, 3, 493
2, 164, 3, 547, 2, 1312
4, 553, 3, 1289, 2, 1456, 2, 1466
3, 397, 2, 607, 4, 907, 3, 957, 2, 1056
4, 267, 4, 300, 2, 383, 3, 1015, 3, 1053, 4, 1126, 4, 1302
3, 7, 2, 720, 3, 770, 4, 870
3, 547, 4, 950, 4, 1063, 3, 1167
4, 131, 3, 640, 4, 1279, 3, 1339, 3, 1456
4, 734, 4, 746, 2, 757, 2, 913, 3, 996, 3, 1216, 4, 1495
3, 311, 3, 344, 3, 371, 2, 488, 5, 721, 4, 1230, 4, 1260
3, 155, 2, 1370
3, 851, 2, 1228
5, 165, 4, 385, 4, 1067
3, 801, 2, 1377
2, 1134, 3, 1523
3, 402, 2, 1018
5, 609, 4, 896, 5, 1451
2, 692, 4, 1202
4, 686, 2, 759, 4, 1002
2, 164, 2, 912, 2, 1368
3, 483, 3, 725, 2, 1102
3, 234, 2, 677, 2, 906, 4, 933, 3, 1282
3, 506, 3, 810
2, 423, 2, 633, 3, 839, 2, 1149
3, 1140
4, 264, 3, 973, 3, 1496, 2, 1539
3, 503, 3, 930, 3, 986, 3, 1096, 3, 1179
2, 38, 3, 820, 4, 1240, 4, 1260
3, 395, 2, 800, 3, 971, 3, 1349
5, 467, 4, 611, 4, 944, 4, 1483, 4, 1553
3, 251, 3, 987, 3, 1154
4, 370, 2, 614
2, 907, 3, 930, 3, 1389
4, 58, 3, 1213
3, 83, 3, 150, 2, 938, 3, 1092, 2, 1275
3, 1068, 3, 1272, 3, 1368, 4, 1401, 5, 1418, 3, 1488, 2, 1518
2, 170, 5, 259, 3, 326, 3, 852, 3, 1268, 3, 1451, 2, 1528
3, 250, 2, 306, 3, 310, 2, 417, 2, 500, 3, 999
3, 539, 3, 760, 3, 1276, 2, 1442
3, 213, 4, 247, 2, 263, 2, 363, 3, 1262, 4, 1472, 3, 1478
3, 113, 3, 297, 4, 573, 4, 663, 4, 729, 2, 1353, 2, 1518
4, 710, 3, 820
3, 737, 3, 1049, 3, 1153
3, 801, 4, 887, 4, 1350
2, 41, 4, 98, 4, 1073, 4, 1263
4, 21, 3, 191, 2, 254, 3, 890
4, 1133, 4, 1140, 2, 1495
2, 754, 2, 894, 4, 1463
4, 627, 2, 993, 3, 1276, 3, 1430, 4, 1476
4, 1087
3, 1470
3, 268, 3, 617
5, 108, 4, 197, 5, 514, 5, 684, 4, 1146
4, 174, 3, 484, 2, 1113, 3, 1133, 3, 1316, 2, 1516
3, 621, 4, 677, 2, 1297, 3, 1453
3, 265, 3, 515, 2, 1014
4, 455, 3, 488, 3, 571, 3, 827, 4, 1077, 3, 1203
2, 136, 2, 591, 4, 625, 3, 641, 4, 741, 3, 768, 3, 1377
3, 1045
3, 75, 4, 951, 3, 1041
2, 1275, 4, 1464
3, 239, 4, 605, 5, 888, 3, 1042
3, 449, 4, 522, 2, 826, 4, 1254, 4, 1337
2, 113, 3, 674, 3, 998, 4, 1201, 3, 1277
3, 791, 3, 807, 3, 878, 5, 928, 2, 1344, 4, 1494
3, 258, 3, 346, 4, 1261, 4, 1533
3, 1008, 3, 1031, 3, 1491
2, 160, 3, 1314
3, 110, 4, 476, 2, 543, 4, 1331, 3, 1485, 2, 1531
3, 41, 2, 63, 3, 107, 2, 220, 3, 323, 3, 523, 2, 819
4, 271, 2, 954
4, 298, 2, 498, 3, 611, 3, 1081, 2, 1287
4, 224, 3, 760, 5, 1166, 4, 1216, 4, 1493, 4, 1510
3, 634, 3, 678, 4, 960, 3, 1106, 3, 1549
2, 68, 4, 318
3, 45, 2, 65, 3, 448, 3, 974
4, 138, 2, 581, 3, 837, 3, 954, 4, 1187, 2, 1224
2, 82, 4, 305, 3, 1164, 3, 1407
3, 645
3, 1044, 2, 1367, 2, 1533, 2, 1544
4, 685, 3, 888, 4, 984, 3, 1034, 3, 1134
4, 93, 5, 349, 2, 725, 3, 836
4, 432, 2, 476, 4, 759, 3, 898, 2, 1348, 4, 1468
3, 243, 4, 1458
3, 181, 2, 430, 4, 557, 2, 952, 3, 986
2, 524
3, 1106, 3, 1406, 3, 1439, 4, 1456, 4, 1556
3, 4, 3, 18, 3, 674, 3, 733, 3, 746, 3, 1020, 4, 1156
3, 471, 4, 488
3, 385, 4, 635, 3, 1134
4, 574, 4, 608, 3, 691, 3, 947, 4, 1197, 4, 1296, 4, 1323
3, 315, 3, 518, 3, 614, 3, 764
3, 462, 2, 466, 5, 844, 3, 855, 4, 1371
4, 62, 3, 106, 5, 389, 4, 528, 4, 1098
3, 435, 3, 1124
2, 275, 2, 658, 2, 681, 2, 1423
4, 202, 3, 252, 2, 348, 3, 497, 4, 791, 2, 1433, 2, 1477
3, 911
2, 345, 3, 382, 3, 455, 3, 1271
2, 95, 4, 378, 2, 465, 4, 1088, 2, 1381
3, 649, 3, 1458
3, 280, 3, 1041, 2, 1434
3, 93, 3, 286, 3, 775
3, 509, 2, 1085
3, 86, 2, 841
3, 109, 5, 436, 2, 725
4, 686, 4, 1009, 4, 1175
2, 171, 3, 803, 2, 1412, 2, 1485
3, 607, 3, 657, 3, 933, 4, 950, 3, 1222
3, 41, 4, 101, 2, 218, 3, 451
5, 371, 4, 760, 4, 804, 4, 1014, 4, 1020, 5, 1463
2, 271, 3, 930, 2, 1053, 4, 1060, 2, 1213, 3, 1396
4, 184, 3, 413, 4, 617, 4, 833, 3, 1276
4, 230, 3, 330, 3, 357, 3, 1166, 2, 1199, 3, 1539
4, 434, 4, 1239, 3, 1256, 3, 1382
4, 94, 4, 244, 3, 404, 4, 1236, 3, 1446, 3, 1513
2, 229, 3, 697, 5, 1077, 3, 1217
3, 185, 2, 241, 3, 245, 2, 351, 2, 435, 3, 934
3, 474, 3, 695, 3, 1211, 4, 1377
4, 925, 3, 958, 3, 975, 3, 1075
2, 26, 4, 655, 2, 858, 3, 1274
2, 6, 3, 243, 2, 1064
3, 501, 3, 738, 3, 771, 3, 788, 2, 1111, 2, 1427
5, 894
5, 478, 4, 485, 2, 638, 4, 684, 5, 821, 4, 1188, 3, 1254
4, 752, 4, 931, 3, 1014, 4, 1235
4, 559, 5, 1401
2, 232, 3, 292, 3, 399, 2, 409, 3, 642, 4, 1468
3, 46, 3, 546, 2, 779, 3, 1355, 4, 1415, 3, 1521
4, 86, 4, 989
4, 1419
4, 300, 2, 537, 3, 570, 4, 586, 3, 686, 2, 909
4, 54, 2, 609, 2, 1325, 2, 1362
3, 11, 2, 538, 3, 594, 2, 660, 3, 1075, 5, 1214, 4, 1370
2, 173, 2, 196, 3, 452, 3, 829, 3, 935, 3, 939
2, 213, 3, 402, 3, 979, 2, 1222
2, 952
3, 566, 5, 876
3, 370, 4, 377, 3, 732, 2, 1392
4, 108, 2, 351, 3, 900, 3, 1090, 4, 1386
3, 740, 3, 1017, 4, 1156, 4, 1306
4, 124, 2, 185, 2, 291, 3, 301, 5, 946, 4, 1166
3, 526
4, 416, 3, 433, 2, 503, 4, 553, 3, 969, 2, 976, 3, 1119
4, 437, 4, 593, 2, 793, 3, 1319, 4, 1375, 4, 1396, 3, 1558
2, 64, 3, 440, 3, 547, 4, 551, 4, 1283, 3, 1366
5, 14, 4, 517, 4, 590, 3, 834, 3, 1322, 3, 1466
3, 315, 3, 398, 3, 654, 3, 904, 3, 1030, 4, 1137, 4, 1141
2, 321, 3, 354, 3, 371
3, 302, 3, 352, 3, 628, 3, 645, 3, 774, 3, 917
3, 241, 3, 685
4, 42, 2, 1284
3, 82, 2, 138, 4, 248, 3, 331, 3, 831, 3, 1213
3, 591, 4, 681
3, 49, 3, 205, 3, 931, 3, 1053
3, 672, 3, 838, 3, 921, 3, 1421
5, 25, 4, 562, 4, 861, 4, 1483
3, 19, 2, 639, 2, 994, 4, 1521
4, 39, 4, 209, 3, 272, 4, 848, 3, 908
2, 482, 2, 898, 4, 1358, 3, 1447, 2, 1551
3, 83, 4, 549, 4, 915, 3, 981, 3, 1191, 2, 1198, 3, 1351
3, 1488
2, 296, 2, 939, 3, 966, 3, 1315, 4, 1411
4, 20, 2, 373, 2, 429, 3, 539, 4, 623, 4, 1122, 3, 1355
2, 365, 3, 715, 3, 1224
2, 369
4, 74, 2, 1243
2, 193, 3, 297, 2, 447, 3, 1302, 3, 1389, 3, 1439
4, 443, 2, 487
4, 27, 4, 60, 3, 77, 4, 204
3, 57, 2, 334, 3, 474
3, 24, 4, 207, 3, 284
3, 823, 2, 1293, 4, 1499
3, 41, 3, 478, 2, 564, 4, 621, 2, 731, 3, 814
3, 198, 2, 614, 2, 1074, 3, 1163
4, 21, 3, 970
3, 1113, 4, 1224, 3, 1307
2, 535, 2, 572, 5, 645, 3, 822, 4, 1054, 3, 1377, 4, 1460
2, 272
4, 89, 2, 146, 3, 256, 3, 339, 4, 855, 4, 1221, 3, 1244
2, 21, 2, 1257
3, 258, 5, 315, 3, 498, 4, 1290, 5, 1480
2, 85, 3, 235, 3, 395, 4, 1177, 4, 1227, 2, 1437, 4, 1504
4, 322, 3, 435, 2, 512, 2, 905, 3, 1088
3, 112, 4, 536, 3, 728
3, 66, 2, 226, 4, 409, 3, 486, 2, 686, 4, 775, 2, 842
3, 340, 3, 822
4, 17, 3, 645, 3, 712, 3, 849, 2, 1049, 3, 1265
2, 57, 4, 179, 3, 409, 2, 733, 2, 889, 3, 991, 2, 1012
4, 66, 4, 70, 4, 862
4, 869, 4, 1191, 2, 1357, 2, 1368
4, 606, 3, 810, 4, 905, 3, 955, 3, 1055
4, 173, 2, 550, 3, 660, 4, 1475
3, 256, 4, 300, 4, 583, 2, 1172, 4, 1292
3, 1346
4, 81, 3, 147, 3, 287, 4, 437, 3, 597, 4, 1429
3, 890, 4, 1173, 2, 1312, 2, 1468
2, 24, 4, 378, 2, 434, 3, 544, 2, 627, 2, 1126, 3, 1359
4, 326, 3, 932, 4, 1441
2, 650, 3, 700, 3, 800, 2, 1495
3, 380, 3, 896, 4, 1000
4, 550, 4, 596, 4, 1100, 3, 1279
2, 50, 3, 83, 4, 100, 4, 227, 4, 836
4, 183, 4, 193, 2, 1358, 4, 1362
3, 287, 2, 316, 2, 959, 3, 986, 3, 1335
2, 546
2, 523, 3, 573, 4, 850, 4, 866, 3, 989, 3, 996, 4, 1139
2, 457, 3, 613
3, 288, 4, 720, 3, 930, 4, 937, 3, 1230, 3, 1380
2, 188, 3, 847, 2, 970, 4, 1269
2, 371, 2, 427, 2, 545, 4, 707, 4, 1403
2, 145
2, 335, 3, 395, 4, 418, 2, 674, 2, 1050, 2, 1156, 3, 1161
3, 1253, 4, 1269, 4, 1396
4, 161, 4, 431, 3, 494, 3, 1103, 3, 1446
2, 704
2, 48, 2, 360, 3, 570, 2, 614, 5, 897, 3, 1036, 2, 1486
2, 601, 4, 911
2, 1427, 3, 1549
4, 75, 4, 518, 3, 1160, 4, 1187, 4, 1204, 5, 1537
3, 116, 4, 338, 4, 638, 3, 654, 3, 725, 3, 1197, 3, 1341
2, 105, 4, 1380
3, 621, 3, 1334, 3, 1368, 4, 1384, 4, 1484
2, 768
3, 635, 2, 1172, 4, 1471
4, 369, 2, 412
3, 3, 4, 129, 2, 1511, 4, 1544
3, 765, 3, 964, 3, 975, 3, 1041, 4, 1181, 3, 1490
3, 509, 3, 1218
2, 814, 2, 1024, 3, 1031, 5, 1324, 3, 1374, 3, 1474
3, 23, 3, 379, 2, 938, 3, 1038, 4, 1161, 3, 1461, 2, 1504
3, 63, 4, 262, 4, 373, 3, 972, 2, 1338, 2, 1361
3, 199, 4, 353, 3, 536, 3, 813, 4, 902
4, 330, 4, 534, 4, 1043, 2, 1093, 2, 1193
3, 384, 3, 1199
4, 555, 4, 601, 3, 1104, 2, 1283
2, 54, 3, 88, 4, 104, 4, 231, 4, 841
4, 187, 4, 198, 2, 1363, 3, 1367
3, 291, 2, 321, 2, 963, 4, 990, 4, 1340
2, 551
2, 528, 3, 578, 4, 854, 4, 871, 3, 994, 3, 1000, 4, 1144
2, 461, 3, 617
3, 292, 4, 725, 3, 935, 4, 941, 3, 1234, 3, 1384
2, 192, 3, 852, 2, 974, 4, 1274
3, 375, 2, 432, 2, 452, 4, 615, 4, 1407
2, 150
3, 339, 4, 400, 4, 423, 2, 678, 3, 1055, 3, 1161, 3, 1165
4, 379, 4, 522, 4, 1224, 4, 1274, 4, 1374
2, 236, 4, 492, 3, 868, 3, 974, 2, 978, 2, 1357
2, 252, 3, 442, 3, 1018, 2, 1261
3, 612, 2, 1088
4, 1155
2, 1431, 3, 1554
3, 79, 3, 522, 3, 1165, 2, 1192, 3, 1209, 3, 1541
2, 120, 4, 343, 3, 642, 2, 659, 3, 730, 3, 1202, 3, 1345
2, 110, 4, 1385
3, 626, 3, 1339, 3, 1372, 4, 1389, 4, 1489
2, 773
3, 640, 2, 1176, 4, 1476
4, 373, 2, 417
3, 7, 4, 134, 2, 1515, 4, 1549
3, 769, 3, 969, 3, 979, 3, 1046, 4, 1185, 3, 1495
3, 513, 3, 1222
2, 819, 2, 1029, 2, 1035, 4, 1329, 3, 1379, 2, 1478
3, 28, 3, 384, 2, 943, 4, 1043, 4, 1166, 3, 1465, 2, 1509
4, 164, 4, 364, 2, 474, 2, 558, 2, 1073, 2, 1440, 3, 1462
4, 597, 3, 1096, 4, 1333, 3, 1500
4, 237, 4, 441, 4, 951, 2, 1001, 2, 1100
3, 388, 3, 1204
4, 118, 2, 948, 4, 994, 3, 1187, 5, 1497
3, 185, 3, 827, 4, 1031, 3, 1247, 4, 1277
3, 73, 4, 882, 4, 916, 3, 1255, 2, 1504
3, 48, 4, 81, 3, 98, 4, 225
4, 28, 3, 860, 2, 1060, 3, 1070, 3, 1137, 3, 1276
2, 604, 2, 900
3, 11, 4, 477, 4, 910, 4, 1120, 3, 1126, 4, 1419, 4, 1469
2, 42, 3, 1263, 3, 1417
2, 131, 3, 658, 4, 714, 4, 734, 3, 897, 4, 1140, 2, 1334
2, 588, 4, 621, 3, 705, 3, 961, 4, 1210, 3, 1337, 3, 1447
3, 425, 3, 725, 4, 775, 3, 875
3, 858, 4, 868, 3, 1074, 3, 1384
2, 43, 2, 103, 3, 219, 2, 452, 2, 962, 3, 991
3, 388, 2, 449, 2, 1137
3, 56, 2, 182, 2, 611, 2, 1364
3, 149, 4, 216, 2, 355, 3, 511, 3, 711, 4, 1237, 2, 1491
3, 858, 3, 1261
3, 86, 2, 875, 4, 1028, 4, 1211
2, 96, 2, 346, 3, 436, 3, 508, 2, 752, 3, 1384
3, 1055, 3, 1059
3, 60, 3, 106, 4, 243, 3, 300, 4, 610, 3, 622, 3, 789
3, 187, 3, 436
3, 87, 3, 470, 5, 480, 4, 996
2, 64, 4, 574, 2, 603, 3, 1245, 4, 1272, 2, 1389
3, 33, 3, 60, 2, 376, 3, 506, 5, 649, 2, 749, 4, 982
4, 1059, 4, 1102, 2, 1385
4, 133, 2, 343, 3, 350, 3, 1258
4, 80, 2, 490, 3, 873
4, 78, 4, 394, 4, 777, 4, 893, 3, 1126, 3, 1130
4, 244, 2, 598, 3, 847, 3, 1346
4, 48, 4, 584, 4, 591, 4, 745, 4, 884, 3, 928, 3, 1360
4, 761, 3, 784, 2, 940, 4, 1244, 3, 1539
3, 638, 2, 1174, 4, 1474
3, 162, 2, 372, 2, 415, 3, 698, 4, 838, 3, 1407
3, 455, 3, 1397
4, 92, 3, 126, 3, 1128, 3, 1255
2, 26, 4, 752, 2, 1222, 4, 1288, 2, 1428
2, 1378
4, 275, 4, 895, 3, 1205
2, 24, 3, 244, 3, 334, 5, 523, 4, 760, 4, 926, 3, 1342
2, 227, 2, 976, 2, 1432
3, 547, 3, 886, 2, 1263
3, 298, 2, 741, 2, 970, 3, 997, 3, 1346
3, 570, 3, 653, 3, 874
3, 304, 4, 308, 3, 1123, 4, 1379
2, 888, 3, 917
4, 372, 5, 688, 4, 1320
3, 185, 3, 418, 3, 1054, 3, 1370, 3, 1499
2, 42, 3, 132, 3, 558, 3, 725, 3, 1380
2, 1224, 4, 1434
4, 59, 4, 531, 2, 675, 3, 1008, 3, 1530, 3, 1546
3, 368
3, 195, 4, 251, 3, 272, 2, 871, 4, 1227
4, 1360, 3, 1430
2, 401, 3, 777
2, 32, 3, 225, 2, 714
3, 448, 2, 1024
2, 26, 2, 781
4, 29, 4, 179, 2, 339, 3, 1171, 3, 1448
4, 14, 2, 43, 3, 616, 3, 965
2, 130, 3, 176, 3, 286, 2, 885, 3, 1252, 3, 1318, 2, 1534
3, 506, 3, 727, 3, 1243, 4, 1409
4, 860, 3, 893, 4, 910
4, 770, 4, 1216
3, 225, 3, 1113
3, 441, 3, 1096, 4, 1317, 3, 1406
3, 1213, 3, 1483
5, 491, 4, 724, 4, 947, 3, 1300, 4, 1466, 4, 1550
3, 910, 4, 1232, 2, 1398, 2, 1409
3, 550, 5, 849, 4, 899, 4, 999
5, 982, 4, 993, 4, 1199, 4, 1509
3, 264, 3, 297, 3, 324, 3, 441, 4, 674, 4, 1183, 4, 1213
3, 108, 2, 1323
3, 804, 2, 1181
5, 118, 4, 338, 3, 1021
3, 754, 2, 1330
2, 1087, 4, 1476
3, 355, 2, 971
5, 86, 5, 186, 5, 309, 4, 608, 4, 641, 4, 1357
2, 348, 3, 552, 2, 824, 3, 1061, 4, 1095, 2, 1111, 4, 1211
3, 122, 3, 128, 2, 282, 2, 465, 4, 898
2, 161, 2, 461, 3, 494, 3, 511, 3, 611, 3, 638
2, 105, 3, 175, 4, 712, 4, 914, 3, 948, 3, 1536
2, 1084, 4, 1228
3, 92, 4, 901, 4, 961, 4, 1068, 5, 1151
3, 1308
3, 466, 3, 526, 2, 643, 2, 876, 4, 971, 4, 1414
3, 682, 3, 1491
3, 216, 3, 982, 4, 1371, 3, 1391
4, 3, 2, 446, 3, 702, 4, 1052
4, 97, 4, 120, 4, 163, 4, 380, 4, 580, 4, 690, 4, 1289
4, 619, 2, 813, 4, 1135, 3, 1301, 2, 1312
5, 193, 4, 393, 3, 688, 4, 1468, 3, 1491, 3, 1535
2, 44, 4, 134, 2, 200, 3, 1142, 3, 1325, 4, 1402
2, 135, 3, 181, 3, 291, 2, 890, 3, 1256, 3, 1323, 2, 1539
3, 414, 3, 634, 3, 1150, 4, 1316
3, 864, 2, 898, 2, 914
3, 677, 3, 1220
4, 132, 3, 1020
3, 348, 3, 1004, 3, 1224, 4, 1314
3, 1120, 3, 1391
2, 495, 5, 728, 4, 951, 4, 1305, 4, 1471, 4, 1554
4, 36, 2, 358, 3, 419, 2, 525, 2, 535, 4, 768
4, 128, 3, 704, 3, 764, 3, 871, 4, 954, 2, 1453
3, 172, 4, 232, 3, 338, 3, 348, 3, 581, 3, 1407
3, 485, 3, 718, 3, 1294, 5, 1354, 3, 1461, 3, 1544
3, 25, 4, 928
2, 59, 2, 585, 4, 759, 3, 1055, 3, 1261, 2, 1335
2, 206, 3, 825, 4, 1135
4, 376, 5, 836, 4, 925
3, 197, 2, 746, 4, 1328, 2, 1349, 3, 1438, 4, 1511
4, 403, 4, 407, 3, 796, 3, 1199, 3, 1222, 2, 1478
3, 541, 3, 730, 3, 1123, 3, 1306, 4, 1550
2, 657, 4, 947
4, 934
4, 347, 5, 530, 4, 897
4, 58, 4, 1146
3, 95, 3, 461, 3, 528, 4, 738, 4, 744, 3, 898
4, 777, 3, 1121, 4, 1197, 2, 1553
3, 255, 3, 831, 3, 1210
3, 86, 2, 169, 3, 425, 3, 668, 3, 901, 4, 1124, 4, 1478
4, 336, 3, 941, 3, 1451
2, 562, 2, 612, 3, 712
3, 456, 3, 472, 4, 543, 3, 593, 3, 1159
4, 1121, 4, 1182, 2, 1298, 4, 1531
3, 439, 4, 643, 2, 859, 2, 888
3, 192, 4, 202, 2, 1367, 3, 1371
3, 296, 2, 325, 2, 968, 3, 995, 3, 1344
2, 180
3, 47, 2, 390, 4, 663
2, 1339, 3, 1462
3, 84, 3, 527, 3, 1170, 2, 1197, 2, 1213, 3, 1546
3, 28, 3, 250, 3, 566, 4, 637, 3, 1109, 3, 1253
3, 164, 3, 202, 3, 674, 4, 1117, 3, 1276, 4, 1389
4, 618, 4, 840
2, 198, 3, 447, 2, 574, 3, 680, 4, 684, 3, 1416, 3, 1500
3, 12, 4, 1553
3, 62, 4, 189, 4, 561, 3, 731, 2, 794, 2, 1370, 4, 1430
3, 191, 3, 1077, 3, 1106
3, 391, 4, 824, 2, 1034, 4, 1040, 3, 1333, 3, 1483
4, 291, 4, 950, 4, 1073, 5, 1373
4, 45, 2, 571, 2, 648, 2, 1041, 3, 1054, 4, 1224
3, 95, 3, 116, 3, 498, 3, 1025
4, 188, 2, 631, 3, 887, 3, 1004, 3, 1237, 3, 1274
2, 229, 4, 452, 3, 1311, 4, 1554
4, 695, 3, 1471
4, 219, 2, 269, 2, 778, 2, 928, 4, 1221, 4, 1450, 4, 1494
4, 1342
3, 143, 3, 399, 2, 776, 2, 886
2, 482, 4, 526, 2, 809, 4, 948, 2, 1398, 3, 1518
3, 828, 4, 878, 4, 1155, 4, 1171, 2, 1294, 3, 1444
2, 296, 3, 339, 3, 622, 2, 1211
3, 959, 3, 982, 4, 1441
3, 110, 3, 1265, 3, 1285
5, 116, 3, 337, 3, 1019
3, 753, 2, 915
3, 14, 3, 1183
3, 450, 3, 1066
3, 704, 3, 737, 4, 1326, 3, 1425, 3, 1452
4, 44, 4, 287, 3, 837, 4, 920, 4, 1026, 4, 1529
3, 493, 3, 498, 3, 633, 3, 876
3, 300, 3, 330, 2, 972, 3, 1016, 3, 1349
4, 407, 4, 573, 4, 656
2, 810, 2, 1455
4, 138, 4, 554, 2, 1013, 3, 1103
3, 909, 4, 1519
2, 1053, 4, 1163, 4, 1246
3, 377, 2, 414, 4, 487, 4, 897, 4, 1219, 2, 1303
4, 201, 3, 351
2, 897, 2, 1353
4, 432
2, 338, 4, 960
2, 760, 3, 821, 3, 937
3, 78, 3, 378, 3, 411, 4, 427, 4, 527, 2, 554, 3, 1164
4, 873, 2, 1410
3, 634, 3, 983, 4, 1493, 2, 1522
2, 51, 3, 97, 3, 208, 2, 807, 3, 1173, 3, 1239, 2, 1456
3, 427, 3, 648, 3, 1164, 4, 1330
3, 781, 2, 814, 2, 831
3, 691, 3, 1234
3, 146, 3, 1034
3, 362, 3, 1017, 3, 1238, 4, 1327
5, 1134, 4, 1404
2, 412, 4, 645, 3, 868, 3, 1221, 4, 1388, 4, 1471
4, 49, 2, 372, 3, 432, 2, 538, 3, 549, 2, 782
4, 6, 3, 89
3, 1001, 4, 1011, 3, 1217, 3, 1527
2, 185, 3, 343, 2, 362, 4, 692, 4, 1202, 4, 1231
2, 126, 2, 255, 2, 499, 4, 732, 3, 1308, 3, 1341, 2, 1368
3, 263, 4, 906, 2, 949, 3, 1232, 3, 1372, 3, 1528
2, 286, 4, 303, 3, 373, 3, 989
3, 390, 4, 849, 3, 939
3, 210, 2, 759, 4, 1342, 2, 1363, 3, 1452, 5, 1525
4, 416, 4, 420, 3, 809, 3, 1213, 3, 1236, 2, 1492
3, 24, 3, 573, 3, 762, 3, 1155, 3, 1338
2, 689, 4, 978
3, 966
4, 379, 5, 562, 5, 929
4, 187, 4, 1178
4, 74, 2, 284, 5, 291, 3, 1200
2, 334, 2, 717, 2, 740, 2, 1482
5, 261, 4, 311, 3, 407, 4, 557, 5, 850, 4, 1493, 2, 1536
4, 970
2, 404, 3, 442, 4, 514, 3, 1247, 4, 1330
2, 412, 5, 468, 4, 489, 2, 651, 4, 1088, 2, 1444
3, 451, 4, 555
4, 967, 3, 1504
5, 29, 3, 472, 4, 728, 4, 1078
3, 286
3, 232, 4, 482, 3, 981
4, 952, 3, 1208
4, 742, 2, 831
4, 89, 5, 401, 2, 938, 2, 1077
3, 212
3, 79, 2, 422, 4, 695
3, 33, 2, 1468
3, 20, 3, 116, 4, 559, 3, 1202, 2, 1229, 3, 1245
3, 60, 4, 282, 3, 598, 4, 669, 2, 1141, 4, 1285
3, 146, 2, 196, 3, 234, 4, 706, 3, 1149, 2, 1405, 4, 1421
3, 63, 5, 167, 3, 317, 3, 1105, 3, 1172, 4, 1309
2, 453, 4, 736, 2, 1446
3, 114, 3, 314, 2, 610, 3, 1389, 2, 1412, 3, 1456
3, 154, 3, 510
3, 223, 3, 1109, 3, 1138
3, 423, 3, 856, 2, 1066, 4, 1072, 4, 1365, 4, 1515
4, 323, 4, 982, 4, 1105, 5, 1405
4, 77, 2, 603, 2, 680, 2, 1073, 3, 1086, 5, 1256
3, 127, 3, 148, 3, 530, 3, 1056
4, 220, 2, 663, 4, 919, 4, 1036, 3, 1269, 3, 1403
5, 28, 3, 261, 5, 484, 5, 1343
4, 327, 3, 1096
4, 397, 3, 404, 3, 554, 3, 847, 2, 1076, 3, 1119, 3, 1402
2, 593, 3, 900, 3, 1009, 3, 1319
2, 74, 2, 1310
4, 368, 3, 1343, 3, 1456
3, 674, 4, 1100, 4, 1156, 3, 1266, 3, 1350
2, 310, 2, 1086
4, 248, 3, 298, 2, 393, 3, 543, 4, 836, 3, 1479, 2, 1523
4, 859
2, 391, 3, 428, 4, 501, 4, 1233, 4, 1316
2, 301, 4, 357, 3, 378, 3, 977, 3, 1333
3, 594, 2, 1466, 3, 1537
3, 954, 3, 1490
4, 15, 2, 458, 3, 714, 4, 1064
4, 109, 2, 132, 3, 176, 3, 288, 3, 392, 3, 592, 2, 887
4, 728, 3, 922, 3, 1244, 4, 1411
4, 562, 3, 861, 3, 895, 3, 911, 3, 1011
4, 129, 5, 202, 3, 506, 3, 612, 2, 1017
5, 155, 4, 354, 2, 881, 4, 958, 2, 1351, 3, 1557
3, 608, 5, 1024, 2, 1334
3, 672, 3, 855, 3, 1221
2, 945, 2, 1471, 4, 1527
2, 689, 4, 1171, 3, 1281, 3, 1365
3, 495
4, 1011, 3, 1348
3, 70, 3, 299, 4, 343, 3, 626, 3, 1179, 3, 1335
3, 93, 2, 110, 3, 382, 4, 1325
4, 243, 4, 332, 2, 436, 3, 759, 3, 925, 3, 935, 3, 1341
3, 323, 2, 384, 2, 1072
2, 117, 4, 546, 2, 1299
3, 60, 4, 702, 2, 746, 5, 1029, 4, 1079, 2, 1175, 3, 1409
3, 83, 3, 786
3, 123, 5, 423, 2, 456, 4, 899, 4, 1459, 5, 1559
3, 876, 2, 910, 2, 926
3, 689, 3, 1232
4, 528, 3, 561, 3, 644, 3, 900, 4, 1150, 3, 1276
2, 112, 5, 567, 5, 600, 4, 617, 3, 744, 3, 1353
4, 309, 3, 1234, 4, 1490
4, 15, 4, 42, 3, 59, 3, 159, 3, 392, 4, 901, 3, 931
3, 46, 4, 196, 4, 356, 4, 1138, 5, 1188, 3, 1398, 5, 1464
3, 395, 2, 472, 2, 865, 4, 1048, 4, 1427
3, 9, 3, 864, 3, 951, 3, 1001
3, 385, 3, 552, 2, 1207, 3, 1427, 2, 1517
4, 847, 3, 1051
5, 358, 4, 502, 4, 835, 3, 1373, 3, 1444
2, 728
2, 73, 2, 366, 3, 595, 2, 638, 2, 799, 3, 921, 2, 1475
2, 625, 4, 935
4, 430, 4, 436, 2, 792, 2, 1451
4, 70, 3, 313, 3, 862, 3, 1052, 4, 1445
3, 702, 3, 979, 5, 1118, 5, 1268
2, 184, 4, 244, 3, 350, 4, 360, 3, 1005, 3, 1226
3, 1209, 3, 1265, 3, 1376, 2, 1459
4, 197, 4, 297, 4, 419, 4, 426, 3, 719, 3, 752, 2, 1195
4, 230, 3, 663, 3, 879
3, 902, 3, 1106, 3, 1305, 3, 1418, 3, 1522
3, 207, 3, 1093, 3, 1536
2, 406, 2, 1049, 4, 1253, 3, 1348, 4, 1469, 3, 1498
3, 41, 3, 48, 3, 341, 4, 403, 2, 1063
3, 381, 3, 414, 3, 430, 3, 557, 3, 1167, 3, 1483
3, 25, 3, 420, 2, 453, 3, 537, 3, 1206, 3, 1456
4, 101, 2, 1343
3, 394, 4, 877, 4, 987
4, 311, 2, 721, 3, 1104, 3, 1127
3, 114, 4, 557, 3, 1163, 4, 1200
2, 491, 4, 1400
3, 580, 3, 597, 3, 667, 3, 717, 4, 1283
4, 195, 3, 704, 4, 1246, 3, 1403, 2, 1520
4, 821
3, 871
2, 523, 2, 733, 3, 939, 2, 1249
3, 1143
4, 268, 3, 977, 3, 1499, 2, 1543
3, 507, 4, 1030, 3, 1086, 3, 1197, 3, 1280
2, 138, 3, 920, 4, 1263, 4, 1340
3, 398, 2, 804, 3, 974, 3, 1353
3, 8, 3, 25, 4, 96, 4, 568, 2, 711, 3, 1044
3, 35, 3, 478, 3, 1084, 2, 1121
3, 641, 3, 1007, 4, 1030, 3, 1290, 3, 1490
4, 687
4, 1484
2, 292, 3, 548, 4, 897, 4, 1407
3, 39, 2, 62, 3, 106, 2, 218, 3, 322, 3, 522, 2, 817
4, 561, 3, 755, 3, 1077, 4, 1244
3, 492, 3, 792, 3, 825, 3, 842, 3, 941
2, 59, 4, 132, 3, 436, 3, 542, 4, 948
3, 609, 3, 765, 4, 1491
4, 439, 4, 806, 3, 829, 4, 1288, 4, 1398
2, 340, 4, 999, 2, 1122, 4, 1421
2, 82, 3, 326, 4, 523, 3, 579, 4, 600, 2, 1554
2, 49, 3, 532, 3, 536, 3, 925, 3, 1328, 2, 1351, 3, 1441
3, 599, 4, 916, 3, 1405, 3, 1548
3, 1255
2, 300, 3, 383, 2, 639, 3, 1016, 4, 1122, 3, 1126, 3, 1504
2, 104, 2, 403, 2, 437, 3, 453, 2, 553, 3, 580
2, 21, 2, 48, 3, 143, 3, 443, 3, 476, 4, 1479
2, 659, 3, 694, 4, 896, 4, 930, 2, 946, 4, 1046
3, 224, 4, 1066
3, 74, 3, 307, 3, 311, 3, 477, 4, 1133, 4, 1516
3, 657, 3, 823, 3, 907, 3, 1406
4, 10, 4, 547, 3, 846, 3, 1468
4, 4, 2, 624, 4, 979, 4, 1506
3, 24, 3, 194, 3, 257, 4, 833, 2, 893
2, 467, 2, 883, 4, 1343, 3, 1432, 2, 1536
2, 68, 4, 534, 3, 966, 4, 997, 4, 1176, 2, 1183, 3, 1336
4, 858, 4, 975, 3, 1208, 2, 1304
5, 116, 4, 122, 3, 1464
4, 242, 3, 309, 4, 446, 2, 862, 2, 1172
3, 336, 3, 779, 2, 1051, 2, 1384, 4, 1421
4, 47, 3, 502, 4, 856, 4, 1022, 4, 1105
4, 849
2, 6, 2, 67, 2, 183, 4, 416, 4, 926, 4, 1369
3, 223, 3, 393, 3, 456, 3, 1032, 3, 1092, 3, 1408
4, 211, 3, 721, 4, 1359, 3, 1420, 3, 1536
4, 837
4, 887
3, 175, 4, 824, 3, 1007, 2, 1207, 4, 1217, 3, 1423
3, 215, 3, 685, 3, 891, 3, 1047
4, 109
3, 358, 4, 508, 2, 668, 3, 1363, 3, 1450, 3, 1500
3, 645, 3, 1015
2, 362, 3, 599, 2, 632, 3, 649, 2, 749
4, 32, 3, 37, 4, 829
4, 835, 3, 1158, 3, 1324
2, 3, 2, 76, 2, 319, 3, 808, 2, 952
2, 445
3, 582, 3, 921, 4, 1171, 3, 1298
3, 482, 2, 794, 3, 1048, 3, 1331, 3, 1470
3, 569, 4, 596, 2, 912, 4, 1041, 3, 1185, 3, 1518
3, 63, 2, 413
3, 976, 4, 1552
4, 214, 3, 237, 4, 1406
4, 131, 3, 520, 4, 540, 5, 923, 3, 1449
4, 54, 4, 141, 4, 607, 4, 763, 2, 1329
3, 178, 4, 421, 3, 654, 4, 877, 3, 1193, 3, 1264
3, 344, 3, 461
3, 184, 2, 760, 2, 1553
4, 15, 3, 98
3, 131, 3, 142, 3, 348, 3, 568, 3, 658, 4, 1307, 4, 1311
3, 36, 3, 668, 4, 1277, 2, 1350
3, 38, 5, 1253
5, 637, 3, 887, 4, 987, 3, 1014, 3, 1110, 5, 1409, 3, 1443
3, 5, 4, 454
3, 215, 3, 285, 3, 757, 2, 1234, 2, 1456
3, 541, 4, 762, 4, 1277, 4, 1444
3, 895, 2, 928, 3, 945, 4, 1044
4, 721, 2, 925, 2, 1237, 3, 1341
3, 1131
3, 133, 4, 255, 5, 809, 4, 965, 4, 1487, 3, 1531
3, 109, 2, 269, 4, 1051, 4, 1101, 3, 1378, 3, 1517
3, 309, 3, 519, 3, 563, 5, 779, 3, 845, 2, 985, 5, 1555
3, 83, 2, 322, 4, 732, 4, 1114, 3, 1125, 2, 1137
2, 122, 4, 199, 4, 592, 4, 1154
3, 272, 4, 515, 3, 748, 3, 971, 3, 1287, 2, 1358
3, 536, 3, 652, 4, 885, 2, 1395
3, 866, 2, 1069
4, 1, 4, 474, 2, 617, 2, 950, 2, 1472, 3, 1489
4, 384, 3, 990, 4, 1499
2, 197, 3, 247
4, 47, 3, 796
2, 45, 5, 49, 4, 427, 5, 438, 4, 864
3, 111, 3, 681, 4, 993, 3, 1247, 3, 1463, 4, 1530
3, 818, 3, 1094, 4, 1234, 4, 1383
2, 202, 4, 262, 3, 368, 5, 379, 3, 1024, 3, 1244
3, 1227, 3, 1284, 4, 1394, 4, 1477
3, 215, 4, 315, 5, 438, 5, 444, 3, 737, 4, 770, 4, 1213
4, 248, 3, 681, 3, 897
3, 1017, 3, 1124, 3, 1421, 3, 1533, 3, 1540
3, 225, 3, 1111, 3, 1554
3, 424, 3, 1067, 3, 1271, 4, 1367, 5, 1487, 4, 1516
3, 60, 3, 66, 3, 359, 4, 422, 3, 1081
3, 399, 4, 432, 3, 449, 2, 576, 3, 1185, 3, 1501
3, 13, 3, 140, 3, 535, 2, 569, 3, 652, 3, 1322
4, 119, 2, 1361
3, 159, 3, 216, 3, 326, 3, 409, 3, 908, 3, 1291
3, 669, 3, 758
4, 126, 3, 282, 3, 1008, 3, 1131
3, 749, 3, 916, 3, 999, 3, 1498
4, 3, 3, 103, 4, 639, 4, 939, 2, 1415
4, 207, 3, 279, 3, 523, 3, 1012, 3, 1028, 3, 1155
3, 363, 3, 1178
3, 189, 2, 606, 3, 1065, 4, 1155
4, 426, 4, 1232, 3, 1248, 3, 1375
4, 140, 2, 300, 4, 1132, 3, 1408, 4, 1548
2, 4, 3, 673, 3, 1023, 4, 1119
3, 137, 3, 247, 2, 846, 3, 1212, 3, 1235, 3, 1279, 2, 1495
4, 73, 2, 189, 4, 422, 4, 426, 4, 593, 3, 1248, 4, 1469
4, 399, 2, 876, 3, 1098
2, 180, 3, 214, 2, 802, 2, 902, 3, 1439
4, 503, 2, 1079
3, 80, 2, 836
3, 103, 5, 430, 4, 719
2, 217, 4, 400, 5, 471, 5, 477, 3, 677, 4, 766, 3, 833
4, 234, 4, 716, 4, 827, 4, 910
3, 551, 4, 980
3, 225, 4, 285, 3, 391, 3, 401, 3, 634, 3, 1046
5, 441, 4, 674, 2, 897, 5, 1250, 4, 1417, 4, 1500
4, 38, 3, 204, 3, 860, 4, 1243, 2, 1359
2, 271, 3, 637, 3, 660, 4, 920
3, 164, 3, 651, 3, 1466
3, 19, 3, 214, 3, 248, 3, 275, 3, 391, 4, 624, 4, 1134
3, 58, 4, 331, 5, 1273
3, 82, 2, 1104
4, 166, 2, 195, 3, 838, 3, 865, 3, 1214
5, 272, 3, 328, 3, 332, 3, 438, 3, 521, 4, 1021
3, 173, 4, 393, 3, 1075
4, 809, 3, 1385
2, 1142, 3, 1531
3, 410, 2, 1025
4, 44, 2, 143, 4, 266, 4, 566, 3, 599, 2, 1315
2, 403, 3, 607, 2, 879, 3, 1116, 4, 1149, 2, 1166, 4, 1266
3, 74, 2, 856
3, 260, 3, 703, 2, 932, 3, 975, 2, 1308
3, 366, 4, 532, 3, 616, 3, 1115
2, 130, 3, 230, 3, 767, 3, 1066, 3, 1129
4, 334, 4, 407, 3, 650, 3, 1139, 3, 1156, 3, 1283
2, 471, 4, 544, 2, 847, 3, 1276, 4, 1359
2, 344, 3, 421, 3, 814, 3, 997, 3, 1020, 2, 1376
3, 487
4, 308, 4, 1023, 5, 1061
5, 58, 2, 501, 4, 757, 4, 1107
5, 664, 4, 1053, 4, 1097, 5, 1313
3, 943, 3, 947
2, 131, 2, 188, 3, 498, 3, 677, 2, 1506, 2, 1552
3, 85, 2, 840
3, 108, 3, 435, 4, 724
3, 125, 3, 308, 3, 378, 4, 385, 3, 674, 4, 740
3, 208, 2, 418, 4, 424, 3, 1333
2, 82, 4, 155, 4, 565, 3, 948, 3, 971
3, 492, 2, 788
3, 621, 4, 1103, 4, 1213
3, 464, 3, 537, 3, 947, 3, 1330, 3, 1353
2, 460, 3, 1170
5, 229, 4, 279
3, 79, 2, 828
3, 362, 3, 1123, 2, 1516
3, 175, 3, 368, 3, 691, 2, 857
3, 405, 2, 438, 2, 455
4, 288, 5, 338, 3, 615, 3, 632, 3, 904, 3, 1175
3, 642, 3, 671
4, 126, 2, 442
2, 1200
3, 1050
3, 568, 4, 878
2, 1394, 4, 1516
4, 42, 4, 485, 3, 1127, 3, 1154, 3, 1171, 4, 1504
3, 82, 3, 305, 3, 621, 3, 692, 2, 1164, 3, 1308
3, 72, 2, 122, 3, 159, 4, 632, 3, 1075, 3, 1330, 4, 1347
3, 86, 4, 190, 2, 340, 2, 1128, 3, 1195, 3, 1332
3, 379, 3, 662
3, 50, 3, 67
4, 116
3, 516, 3, 1458
4, 470, 3, 503, 4, 1092, 2, 1219
3, 36, 3, 403, 4, 506, 4, 712, 2, 1252
4, 40, 4, 57, 3, 186, 4, 329, 2, 662, 4, 1271
4, 96, 2, 739, 4, 1115, 3, 1211
4, 127, 4, 326, 2, 437, 2, 520, 2, 1036, 2, 1402, 2, 1425
5, 559, 4, 1059, 4, 1296, 4, 1462
4, 297, 4, 500, 2, 963, 4, 1010, 2, 1160
3, 351, 2, 1166
4, 80, 3, 910, 4, 956, 3, 1149, 4, 1459
4, 244, 3, 790, 3, 993, 4, 1239, 4, 1307
2, 454, 4, 830
2, 1546
3, 149, 3, 1035, 3, 1064
3, 349, 4, 781, 3, 991, 2, 998, 3, 1291, 3, 1441
3, 651
2, 95, 3, 971, 3, 1061
3, 784, 4, 1387
2, 162, 4, 551, 4, 811
3, 205, 3, 834, 2, 952, 2, 1237, 3, 1454
2, 182, 4, 465, 3, 552, 4, 1174, 2, 1467
3, 735, 3, 1544
3, 269, 3, 1424
3, 133, 2, 179, 3, 316, 5, 683, 3, 749, 2, 862, 2, 1538
4, 426, 3, 730
2, 343, 3, 759, 3, 1069
3, 310, 4, 493, 4, 859
4, 20, 3, 1108
3, 393, 2, 603, 2, 609, 3, 763, 2, 1518
2, 262, 2, 296, 4, 1298, 3, 1398, 2, 1425
2, 17, 2, 396, 2, 479, 2, 999, 3, 1088, 3, 1404
4, 154, 3, 563, 2, 946
3, 127, 3, 131, 3, 297, 3, 952, 5, 1335, 3, 1452
2, 347, 4, 580, 3, 803, 3, 1156, 4, 1322, 3, 1406
2, 307, 3, 367, 2, 473, 2, 484, 2, 717, 4, 1542
3, 24, 4, 1499
3, 154, 3, 165, 3, 371, 3, 591, 3, 681, 4, 1330, 4, 1334
2, 58, 3, 691, 3, 1300, 2, 1373
3, 398, 4, 724, 4, 741, 4, 1013
3, 194, 4, 284, 3, 710, 4, 877, 4, 887, 4, 1293, 2, 1532
2, 178, 2, 927, 2, 1382
4, 497, 2, 1213, 2, 1250
4, 248, 4, 691, 4, 947, 4, 1296, 2, 1333
3, 824, 3, 934
4, 647, 2, 851, 2, 1163, 3, 1267
3, 1154
3, 155, 4, 278, 4, 831, 3, 988, 4, 1510, 3, 1553
2, 35, 2, 195, 4, 977, 4, 1027, 3, 1304, 3, 1443
4, 215, 4, 498
3, 634, 2, 667, 2, 684, 4, 784
3, 567, 3, 777, 2, 983, 2, 1293
2, 773
3, 29, 5, 312, 3, 607, 3, 1543
2, 648, 4, 1131, 3, 1241, 5, 1324
4, 455, 3, 741, 4, 1297
2, 538, 3, 1047
4, 628, 2, 701, 4, 945
4, 106, 2, 855
3, 389, 2, 1151, 2, 1544
3, 202, 3, 396, 3, 718, 3, 884
2, 432, 2, 466, 2, 482
4, 316, 4, 366, 3, 642, 3, 659, 3, 932, 3, 1202
3, 669, 3, 699
4, 153, 2, 470
2, 1228
3, 601, 2, 1078
3, 285, 4, 319, 2, 402, 3, 1071, 3, 1144, 4, 1321, 3, 1448
4, 439, 4, 739, 4, 789, 4, 888
3, 565, 3, 969, 3, 1185, 3, 1495
4, 149, 3, 153, 2, 659, 2, 1358, 4, 1474
3, 850, 5, 873, 3, 1332
2, 1155
4, 529, 4, 629, 2, 1465, 3, 1499
3, 567, 3, 623, 3, 1243, 3, 1399
3, 144
3, 543, 3, 1485
3, 497, 3, 531, 3, 1119, 2, 1246
2, 431, 3, 743, 4, 1213, 4, 1279, 2, 1419
4, 67, 4, 84, 3, 213, 4, 357, 2, 689, 4, 1299
4, 221, 2, 863, 4, 1143, 3, 1239
4, 154, 4, 354, 2, 464, 2, 547, 2, 1063, 2, 1429, 3, 1452
5, 587, 4, 1086, 4, 1323, 4, 1489
4, 324, 5, 528, 4, 1037, 2, 1087, 2, 1187
3, 378, 2, 1193
4, 108, 2, 938, 4, 983, 3, 1177, 5, 1487
4, 271, 3, 914, 3, 1074, 4, 1118, 3, 1334, 4, 1363
3, 831
2, 15
4, 565, 3, 608, 3, 891, 3, 1451, 3, 1480
4, 116, 3, 359, 4, 592, 2, 1168, 4, 1229, 3, 1418
2, 778
2, 33, 4, 316, 3, 612, 3, 1548
3, 555, 4, 1038, 4, 1148
5, 472, 4, 882, 3, 1265, 3, 1288
2, 542, 3, 1052
4, 536, 2, 609, 4, 852
3, 14, 3, 763
3, 297, 3, 1058, 2, 1451
3, 110, 2, 303, 2, 792
2, 623, 2, 1199, 3, 1442
3, 190, 3, 440
3, 90, 3, 473, 5, 483, 4, 999
2, 164, 4, 674, 2, 703, 3, 1346, 3, 1373, 3, 1489
3, 204, 4, 840, 3, 1286, 5, 1529
4, 670, 3, 1090, 3, 1446
2, 67, 3, 223, 3, 423, 2, 949, 3, 1419, 3, 1486
3, 473, 3, 539, 3, 677, 2, 876, 3, 1093, 3, 1403
4, 37, 2, 104, 3, 657, 4, 813, 2, 1013, 2, 1539
3, 1129, 4, 1267
2, 291, 3, 437, 3, 537, 2, 1073, 4, 1080, 3, 1373
3, 1, 2, 72, 2, 101, 3, 567, 3, 1210, 2, 1414, 3, 1509
4, 35, 3, 112, 3, 1410
2, 747, 2, 1217, 4, 1423
3, 402, 3, 448, 2, 558, 3, 641, 2, 1523
2, 159, 2, 282, 3, 1057
3, 814, 3, 1097, 3, 1237, 2, 1393
3, 205, 2, 261, 2, 371, 2, 455, 3, 954, 3, 1410
3, 494, 4, 715, 4, 1231, 4, 1397
4, 945, 2, 978, 3, 995, 3, 1095
4, 675, 2, 878, 2, 1190, 3, 1294
3, 1084
3, 23, 3, 183, 4, 306, 5, 859, 4, 1015, 4, 1537
2, 62, 2, 222, 4, 1005, 4, 1055, 2, 1331, 3, 1471
2, 47, 3, 359, 3, 569, 2, 613, 2, 829, 3, 896, 2, 1035
3, 286, 3, 297, 3, 812
4, 602
3, 419, 3, 1062, 3, 1106, 3, 1439, 3, 1534
4, 48, 2, 547, 3, 780, 3, 1003, 3, 1356, 4, 1523
3, 185, 3, 921, 3, 1087
3, 301, 3, 911, 2, 984, 2, 1227
3, 33, 3, 649, 2, 1521
3, 911, 2, 1448
2, 416, 4, 672, 4, 1022, 5, 1531
3, 230
3, 176, 3, 426
2, 77, 3, 459, 3, 470, 4, 985
2, 54, 5, 563, 3, 592, 3, 1235, 4, 1262, 5, 1379
2, 190, 3, 827, 3, 1272, 4, 1515
4, 656, 2, 1076, 3, 1432
3, 210, 4, 1472
3, 430, 2, 729, 3, 779, 3, 879
3, 459, 3, 863, 3, 1079, 3, 1389
3, 43, 3, 47, 3, 1252, 3, 1368
4, 377, 3, 606, 2, 766, 4, 810, 4, 1026, 4, 1469
2, 277, 3, 523, 2, 1060, 4, 1066, 2, 1220, 2, 1403
5, 58, 4, 88, 4, 554, 4, 1196, 3, 1333, 4, 1356, 3, 1400
3, 1396
4, 175, 3, 204, 2, 847, 4, 874, 4, 1223
3, 378, 3, 434, 3, 438, 3, 544, 2, 628, 2, 1127, 3, 1360
3, 1464
2, 21, 3, 547, 5, 1017, 2, 1223, 5, 1379
3, 137, 3, 154, 4, 225, 4, 275, 3, 697, 4, 840
4, 164, 4, 411, 4, 607, 2, 880, 4, 1250, 2, 1260
3, 744, 3, 1287
3, 1087, 3, 1343
3, 1, 4, 877, 4, 1071, 3, 1380
4, 1141, 4, 1284
2, 149, 4, 381, 4, 958, 2, 1018, 4, 1124, 4, 1207
3, 103, 3, 425, 3, 485, 3, 592, 2, 602, 4, 835, 2, 1344
2, 972
2, 489
3, 965, 2, 1342
3, 279, 4, 499, 3, 1182
3, 915, 3, 1491
5, 53, 4, 568, 4, 935, 4, 958, 3, 1417, 2, 1527
2, 36, 2, 92, 2, 313, 4, 402, 3, 995, 3, 1411
2, 1159, 3, 1548
3, 426, 3, 1042
3, 582, 3, 616, 4, 1204, 3, 1304, 3, 1331
4, 166, 2, 716, 3, 799, 3, 905, 5, 1408, 3, 1481
3, 469, 3, 473, 3, 852, 3, 1289
3, 671, 3, 860, 4, 1253, 2, 1437
3, 558, 3, 585, 2, 901, 3, 1030, 3, 1174, 3, 1507
2, 261, 3, 904, 5, 931, 3, 1280, 5, 1376
4, 338, 2, 394, 3, 505, 2, 588, 2, 1087, 4, 1320, 2, 1543
4, 408, 4, 851, 2, 1107, 4, 1124, 3, 1457, 3, 1494
4, 575
4, 808, 2, 1011, 3, 1323, 3, 1427
2, 1217, 2, 1540
3, 316, 4, 372, 3, 555, 3, 1348, 3, 1537
3, 46, 3, 195, 4, 356, 5, 1138, 5, 1188, 2, 1398, 4, 1464
5, 380, 3, 492, 2, 569, 2, 962, 3, 1145
3, 170, 4, 496, 3, 785
2, 122, 3, 905, 4, 1248, 4, 1325
3, 382, 2, 788, 3, 959, 3, 1337
3, 455, 3, 599, 2, 932, 4, 1470, 3, 1541
3, 336, 3, 1072, 3, 1239
3, 453, 2, 723, 2, 1062, 3, 1135, 3, 1378
3, 419, 3, 935, 2, 1039
4, 687, 2, 733, 3, 1236, 4, 1415
4, 94, 4, 899, 4, 1043
3, 77, 2, 140, 3, 749, 4, 776, 2, 1076, 3, 1092, 3, 1365
2, 357, 2, 640
3, 1489
4, 514, 3, 880, 2, 1316, 2, 1362, 2, 1472
3, 58, 2, 414, 3, 1073, 2, 1196, 3, 1495
3, 84, 4, 400, 3, 1032
4, 67, 3, 310, 3, 543, 3, 766, 3, 1082
2, 168, 3, 258, 4, 447, 2, 684, 3, 850, 3, 1506
4, 798, 4, 1280, 4, 1390, 3, 1474
3, 701, 4, 1544
4, 52, 2, 375, 3, 435, 2, 541, 2, 552, 2, 784
3, 9, 3, 189
2, 439
3, 576, 3, 915, 4, 1164, 3, 1291
3, 476, 2, 788, 4, 1042, 3, 1325, 3, 1464
3, 563, 4, 590, 2, 906, 4, 1035, 3, 1178, 3, 1511
3, 57, 2, 407
2, 303, 3, 473, 4, 1455, 4, 1544
3, 289, 3, 305, 2, 376, 3, 426, 3, 848, 3, 992
4, 316, 4, 465, 4, 759, 2, 1031, 2, 1314, 4, 1401
4, 895, 3, 1341
4, 313, 3, 1239, 3, 1494
4, 20, 4, 47, 3, 63, 4, 163, 3, 396, 4, 906, 3, 1349
2, 50, 3, 103, 2, 360, 5, 1045, 4, 1095, 3, 1372
4, 88, 4, 400, 4, 610, 3, 653, 2, 870, 3, 936, 2, 1076
3, 424, 3, 434, 3, 950
2, 651, 3, 740
2, 108, 4, 264, 3, 463, 2, 990, 3, 1460, 3, 1526
3, 513, 4, 580, 3, 717, 4, 917, 4, 1133, 2, 1443
4, 77, 3, 926, 2, 1479
3, 304
3, 94, 2, 447, 3, 1196, 4, 1429
4, 434, 4, 440, 2, 1210, 3, 1456
5, 1, 4, 74, 3, 318, 3, 867, 4, 1056, 5, 1449
3, 41, 3, 418, 4, 524, 2, 528, 4, 906, 3, 917, 4, 1343
4, 79, 4, 689, 3, 1460, 3, 1494, 3, 1510
4, 340, 4, 413, 3, 822, 3, 1108, 3, 1228
3, 750, 2, 889, 2, 1045
3, 623, 3, 989, 3, 1012, 3, 1272, 3, 1471
3, 384, 3, 484, 3, 607, 3, 907, 2, 1383
3, 247
3, 418, 3, 647, 2, 807, 4, 850, 3, 1067, 4, 1510
3, 348, 2, 415, 3, 661, 2, 1197, 4, 1203, 2, 1357, 3, 1540
2, 299, 3, 1374, 3, 1397
3, 111, 4, 122, 2, 1287
4, 435, 4, 629, 3, 1118
3, 113, 2, 851, 2, 1355, 2, 1427
2, 452, 4, 502, 3, 778, 3, 795, 3, 924, 3, 1068
3, 16, 2, 489, 3, 932
4, 216, 4, 649, 5, 859, 4, 865, 4, 1158, 4, 1308
5, 219, 4, 776, 5, 995, 2, 1198
4, 1178, 4, 1234
4, 29, 4, 258, 3, 418, 2, 462, 4, 678
2, 75, 4, 175, 3, 202, 4, 712, 3, 1011, 3, 1045
4, 1181, 4, 1325
3, 189, 2, 359, 5, 422, 4, 998, 3, 1058, 3, 1165, 4, 1248
3, 972, 3, 1482, 4, 1511
4, 180, 5, 230
3, 30, 2, 779
3, 313, 4, 323, 3, 1079, 2, 1488
3, 4, 3, 100, 3, 543, 3, 1186, 2, 1213, 3, 1230
3, 44, 3, 267, 3, 583, 3, 654, 3, 1126, 3, 1269
3, 84, 3, 121, 3, 593, 2, 1036, 2, 1292, 2, 1309
3, 80, 4, 396, 2, 467, 4, 939, 4, 1083, 3, 1415
4, 407, 3, 850, 4, 1079, 2, 1106, 3, 1122, 3, 1455
3, 34, 4, 643, 3, 670, 3, 986, 3, 1259, 2, 1529
3, 138, 3, 487
4, 75, 3, 578, 3, 651, 4, 894, 2, 1383, 3, 1400, 3, 1526
3, 867, 2, 967, 4, 1090, 3, 1389, 4, 1422
4, 179, 3, 269, 4, 585, 4, 755, 3, 1217
3, 126, 3, 343, 4, 653, 3, 1281, 4, 1302, 3, 1485
3, 692, 4, 748, 2, 1368, 3, 1524
3, 336, 4, 586, 3, 1085
4, 219, 3, 595, 2, 1437, 3, 1521
3, 302
3, 169, 2, 745, 2, 1537
3, 1460, 3, 1544
3, 116, 3, 126, 3, 332, 3, 553, 3, 642, 4, 1291, 4, 1295
3, 20, 3, 653, 3, 1262, 2, 1335
3, 359, 2, 686, 4, 702, 3, 975
2, 57, 3, 473, 2, 933, 3, 1022
3, 926, 4, 1438
2, 1069, 4, 1180, 4, 1263
3, 393, 4, 431, 4, 504, 4, 913, 2, 1236, 3, 1319
2, 107, 4, 1259, 4, 1349, 2, 1422
3, 789, 3, 1332
3, 1132, 3, 1388
4, 47, 4, 922, 5, 1116, 5, 1426
3, 1186, 4, 1329
3, 194, 3, 364, 5, 427, 4, 1003, 3, 1063, 3, 1169, 4, 1252
3, 977, 3, 1487, 4, 1516
3, 185, 4, 234
3, 35, 2, 784
3, 318, 4, 328, 3, 1083, 2, 1493
3, 8, 3, 451, 3, 1094, 2, 1121, 3, 1137, 3, 1470
3, 49, 3, 271, 3, 587, 3, 658, 2, 1130, 3, 1274
3, 88, 3, 126, 3, 598, 2, 1041, 2, 1297, 2, 1313
3, 85, 3, 401, 2, 471, 4, 944, 3, 1087, 3, 1420
4, 411, 4, 854, 4, 1083, 3, 1110, 4, 1127, 4, 1460
4, 38, 5, 648, 4, 675, 4, 991, 4, 1263, 4, 1534
3, 142, 3, 492
3, 485, 3, 558, 4, 801, 3, 1290, 3, 1434, 4, 1540
2, 234, 5, 306, 4, 610, 4, 716, 5, 1122
3, 204, 4, 674, 3, 880, 3, 1036
4, 98
3, 347, 4, 497, 4, 657, 3, 1352, 3, 1439, 3, 1489
4, 158, 3, 245, 4, 711, 4, 868, 2, 1433
4, 185, 4, 429, 3, 662, 4, 884, 3, 1200, 3, 1271
3, 352, 3, 468
2, 99, 3, 289, 3, 865, 2, 1108
4, 216, 4, 232, 3, 505, 4, 775, 2, 838, 2, 1447, 4, 1497
3, 490, 3, 802, 2, 1272, 4, 1338, 2, 1478
3, 822, 3, 951, 4, 1428
2, 113, 3, 213, 4, 336, 3, 635
3, 304, 2, 510, 2, 866, 4, 1392
4, 227, 4, 460, 4, 682, 4, 999, 3, 1036, 3, 1542
3, 150, 2, 266, 4, 499, 2, 503, 2, 1009, 2, 1452
4, 40, 3, 273, 2, 496, 4, 849, 2, 1355
4, 69, 3, 899, 4, 945, 3, 1139, 5, 1448
4, 233, 3, 876, 3, 1036, 4, 1080, 4, 1296, 4, 1325
3, 793
2, 1535
3, 526, 2, 570, 3, 1412, 2, 1442
2, 58, 2, 68, 4, 114, 4, 224, 4, 307, 3, 823, 3, 1189
3, 31, 4, 347, 3, 1083, 2, 1143, 3, 1260, 3, 1493
3, 294, 3, 648, 3, 897, 4, 1396
5, 415, 4, 837
2, 1436
4, 61, 4, 290, 3, 614, 2, 770, 2, 873, 2, 1496
3, 340, 4, 407, 3, 544, 2, 856, 3, 960
3, 21, 3, 531, 4, 974, 3, 1203, 3, 1247, 4, 1530
4, 61, 4, 670, 4, 1014, 5, 1557
5, 271, 3, 687, 4, 870, 3, 947, 3, 1147, 3, 1236
3, 435, 2, 801, 4, 1084, 3, 1238
3, 645, 5, 718, 3, 1021, 4, 1450, 5, 1533
4, 253, 3, 269, 4, 592, 3, 908, 2, 1540
3, 46, 2, 67, 3, 450, 4, 976
4, 140, 2, 583, 3, 839, 3, 955, 4, 1188, 3, 1225
2, 181, 4, 403, 3, 1262, 4, 1506
4, 647
3, 1046, 2, 1368, 2, 1535, 2, 1545
3, 210, 3, 686, 2, 986, 3, 1036, 3, 1135
4, 60
4, 460, 4, 466, 2, 822, 2, 1481
4, 100, 3, 343, 3, 893, 3, 1082, 4, 1475
3, 830, 3, 1106, 4, 1246, 4, 1395
2, 214, 4, 274, 3, 380, 4, 391, 3, 1036, 3, 1256
4, 28, 3, 527, 4, 1336, 3, 1393, 5, 1503
2, 11, 2, 288, 4, 377, 3, 444, 4, 1232, 2, 1386
4, 128, 3, 328, 3, 1037, 3, 1403, 2, 1426, 2, 1470
4, 265, 4, 1034
4, 341, 4, 491, 4, 784, 2, 1013, 2, 1057, 3, 1340
3, 126, 3, 399, 3, 669, 3, 1341
3, 1541
3, 136, 3, 835, 4, 952, 3, 1185
3, 93, 4, 99, 2, 1441
2, 423, 4, 633, 3, 700, 2, 839, 2, 1149
4, 167, 3, 217, 3, 313, 3, 756, 3, 1398, 2, 1442
3, 354, 3, 892, 3, 1435
3, 37, 4, 597, 2, 697, 2, 820, 3, 1119
3, 460, 3, 703
3, 996, 3, 1019, 4, 1479
2, 245, 3, 1399
4, 12, 2, 58, 3, 195, 4, 561, 2, 627, 4, 1416
2, 28, 4, 51, 3, 95, 3, 207, 3, 311, 3, 511, 2, 806
3, 162, 2, 844
4, 189, 4, 389, 4, 501, 2, 971, 2, 1177
4, 1057, 5, 1400, 4, 1529
5, 132, 6, 791, 4, 914, 5, 1213
3, 315, 2, 392, 2, 785, 4, 968, 3, 1346
2, 89
3, 279, 3, 339, 3, 362, 2, 994, 3, 1032, 3, 1104, 3, 1514
2, 462, 3, 699, 2, 732, 3, 749, 2, 848
4, 132, 3, 136, 3, 929
3, 935, 4, 1258, 2, 1424, 2, 1434
4, 575, 4, 875, 3, 925, 3, 1025
4, 73, 4, 1105, 4, 1115, 4, 1321
3, 290, 3, 323, 2, 350, 4, 466, 4, 699, 2, 1209, 2, 1238
3, 669, 3, 719, 3, 995, 4, 1012, 3, 1285
2, 103, 2, 163, 3, 280, 4, 513, 5, 609
2, 799, 4, 822, 3, 1282
3, 1105, 3, 1126, 4, 1508
2, 177, 3, 859
3, 516, 3, 1192, 4, 1348
3, 1023
2, 1006, 2, 1462
3, 541, 3, 1302
3, 154, 4, 308, 3, 353, 3, 491, 4, 857
3, 584, 2, 634, 3, 733
4, 467, 4, 517, 3, 794, 2, 810, 3, 933, 3, 1083
2, 261, 3, 850, 3, 1493, 3, 1536
3, 258, 2, 303, 2, 414, 3, 497, 2, 1379
2, 14, 3, 137, 4, 913
2, 8, 4, 74, 2, 214, 3, 370, 4, 1096, 4, 1350
3, 783, 3, 920, 3, 1336, 3, 1486
4, 83, 4, 738, 3, 958, 4, 1237, 3, 1474
2, 582, 5, 798
4, 904, 3, 1447
3, 43, 3, 419, 3, 1345
3, 269
2, 452, 3, 1162
3, 968, 3, 1172, 4, 1268, 4, 1318, 3, 1388, 2, 1418
4, 260, 4, 882
3, 683, 3, 859
2, 393, 4, 583, 5, 976
3, 150, 2, 206, 3, 210, 2, 317, 2, 400, 3, 899
3, 1538
3, 529, 2, 573, 4, 1002, 3, 1445
3, 20, 4, 130, 3, 213, 3, 729, 2, 1095, 4, 1118
3, 110, 3, 293, 4, 350, 4, 570, 3, 660, 3, 1086, 2, 1252
4, 200, 2, 553, 3, 803, 3, 1302
5, 4, 4, 540, 4, 547, 4, 700, 4, 840, 3, 884, 2, 1316
4, 717, 3, 740, 3, 896, 4, 1200, 3, 1495
4, 594, 2, 1130, 4, 1430
4, 118, 2, 328, 3, 371, 4, 654, 5, 794, 4, 1363
3, 411, 3, 1353
3, 434
4, 274, 2, 690, 3, 873, 2, 950, 2, 1150, 3, 1239
2, 341, 2, 707, 3, 730, 4, 990
2, 610, 3, 648, 4, 721, 2, 1453, 4, 1536
2, 521, 4, 577, 4, 598, 2, 760, 3, 1197, 3, 1553
4, 658, 3, 761
3, 152, 4, 928, 2, 1173
2, 229, 2, 385, 3, 951, 3, 1234
3, 508, 3, 811
2, 471
4, 705, 4, 947, 5, 1294, 2, 1323
3, 35, 3, 605, 2, 917, 4, 1171, 4, 1454
3, 531, 2, 595, 3, 622, 3, 938, 4, 1067, 3, 1543
2, 298, 2, 940, 3, 967, 3, 1317, 4, 1413
2, 528
4, 418, 4, 434, 2, 505, 4, 555, 4, 971, 2, 977, 3, 1121
3, 2, 4, 438, 4, 594, 2, 794, 3, 1320, 4, 1377, 4, 1397
2, 66, 4, 442, 3, 548, 4, 552, 5, 1284, 3, 1368
4, 16, 3, 519, 3, 592, 3, 835, 3, 1324, 3, 1467
3, 316, 3, 400, 3, 656, 3, 905, 3, 1032, 4, 1138, 4, 1142
5, 323, 3, 356, 3, 373
3, 1085, 4, 1428, 4, 1557
3, 159, 3, 818, 3, 941, 5, 1241
4, 342, 2, 419, 2, 812, 4, 995, 4, 1374
2, 117
3, 306, 3, 366, 3, 389, 2, 1022, 3, 1059, 3, 1132, 3, 1541
2, 489, 3, 726, 2, 759, 4, 776, 3, 876
3, 160, 4, 164, 4, 956
4, 963, 4, 1285, 4, 1451, 3, 1462
4, 603, 3, 807, 4, 902, 3, 952, 3, 1052
5, 11, 5, 267, 2, 644, 4, 754
3, 350, 4, 394, 4, 677, 3, 816, 2, 1266, 4, 1386
3, 696, 3, 746, 3, 1023, 4, 1039, 3, 1312
2, 130, 2, 191, 3, 307, 4, 540, 4, 636
3, 730, 4, 752
5, 194, 3, 344, 4, 504, 2, 1132, 3, 1199, 4, 1336
2, 384, 3, 666, 4, 1220, 2, 1376
4, 188, 3, 244, 2, 354, 2, 438, 3, 937, 3, 1392
4, 381, 3, 574, 4, 897, 4, 1063
3, 514, 2, 547, 3, 564, 5, 664
2, 544, 2, 755, 3, 961, 2, 1270
3, 1164
2, 6, 4, 289, 3, 998, 3, 1520
4, 139, 4, 622, 3, 732
3, 169, 3, 1344
5, 119, 4, 196, 5, 1494
3, 1411
3, 292, 2, 529, 3, 562, 3, 579, 2, 679, 2, 901
4, 143, 2, 699, 2, 1414, 2, 1452
2, 443, 2, 599, 3, 799, 2, 1165, 4, 1325, 2, 1381, 4, 1448
3, 70, 3, 447, 3, 553, 2, 557, 3, 946, 3, 1349, 4, 1372
5, 523, 4, 1329, 3, 1345, 3, 1472
3, 44, 5, 184, 5, 334, 3, 494, 4, 1326, 4, 1536
2, 221, 3, 787, 4, 1070, 3, 1209
3, 177, 2, 234, 3, 238, 2, 344, 4, 427, 3, 926
4, 7
4, 557, 3, 600, 4, 883, 4, 1029, 4, 1472
4, 240, 2, 1549
3, 274, 3, 800, 3, 1428
3, 597, 3, 687
3, 55, 3, 211, 3, 937, 3, 1059
3, 678, 3, 844, 3, 928, 3, 1427
4, 31, 4, 568, 3, 867, 3, 1489
3, 25, 2, 645, 2, 1000, 4, 1527
3, 45, 3, 216, 3, 278, 4, 854, 2, 914
2, 488, 3, 904, 5, 1364, 4, 1453, 3, 1557
3, 89, 2, 555, 2, 921, 3, 987, 2, 1197, 4, 1204, 3, 1357
3, 301, 2, 717, 3, 1177, 3, 1267
5, 125, 3, 1073, 5, 1344
3, 205, 2, 681, 3, 904
3, 925, 3, 1447, 3, 1480
2, 116, 2, 388, 2, 758, 4, 1231
3, 958
4, 1038, 2, 1494
3, 572, 3, 1334
4, 186, 4, 340, 4, 385, 4, 523, 4, 889
3, 519, 2, 568, 3, 668
2, 158, 4, 162, 2, 541, 3, 551, 3, 978
3, 116, 4, 182, 3, 322, 3, 892, 4, 1204, 3, 1457
3, 931, 3, 1208, 3, 1347, 4, 1497
4, 413, 4, 473, 4, 579, 2, 589, 4, 822, 4, 1234, 4, 1455
4, 386, 2, 862, 4, 1085
3, 103, 5, 426, 3, 525, 3, 948
2, 725, 3, 881
2, 459, 4, 688, 3, 848, 4, 892, 4, 1108, 5, 1401, 4, 1551
2, 23, 2, 80, 4, 390, 3, 569, 2, 1398, 2, 1444
2, 635, 2, 1438
3, 616, 2, 1558
2, 570, 2, 603, 4, 1192, 3, 1292, 2, 1319
4, 154, 3, 703, 4, 786, 2, 892, 5, 1396, 2, 1468
3, 47, 2, 457, 2, 840, 3, 863
3, 434
3, 317, 2, 523, 2, 879, 4, 1405
4, 17, 4, 370, 4, 1119
4, 37, 2, 593, 2, 1308, 2, 1346
2, 337, 3, 493, 5, 1059, 4, 1219, 2, 1275, 4, 1342
3, 51, 3, 906, 3, 1043, 3, 1355, 4, 1459
4, 74, 4, 424
3, 417, 3, 490, 4, 733, 3, 1222, 4, 1366, 4, 1472
3, 215, 2, 298, 3, 554, 4, 930, 3, 1036, 4, 1041
4, 504, 2, 1080
3, 71, 3, 82, 3, 128, 4, 238, 3, 321, 3, 837, 3, 1203
3, 46, 3, 141, 4, 458, 3, 1194, 4, 1254, 3, 1371
4, 231, 2, 1540
4, 265, 3, 791, 3, 1419
3, 581
5, 398, 3, 1003, 3, 1040, 3, 1513
3, 331
3, 86, 2, 835
2, 63, 3, 466, 3, 1228
4, 279, 3, 473, 4, 795, 4, 961
2, 446, 2, 509, 2, 559
3, 393, 4, 443, 3, 719, 3, 736, 3, 1009, 3, 1279
3, 746, 3, 776
3, 328, 4, 644, 3, 1276
3, 141, 3, 374, 3, 1010, 3, 1326, 3, 1455
4, 417, 3, 584, 4, 1239, 5, 1459, 4, 1549
3, 378, 4, 421, 4, 631, 4, 638, 4, 1547
3, 161, 5, 1004
3, 12, 3, 245, 3, 249, 3, 415, 4, 1070, 3, 1453
3, 63, 2, 562, 3, 795, 2, 1018, 3, 1371, 4, 1538
3, 102, 3, 425, 3, 485, 2, 591, 2, 602, 3, 835, 2, 1344
2, 971
2, 489
3, 626, 3, 965, 4, 1215, 2, 1342
3, 526, 2, 838, 3, 1092, 4, 1375, 3, 1514
3, 3, 4, 613, 3, 640, 2, 956, 3, 1085, 3, 1229
3, 107, 2, 457
2, 37, 4, 353, 2, 523, 4, 1505
3, 339, 3, 356, 2, 426, 3, 476, 3, 898, 3, 1042
4, 366, 4, 516, 3, 809, 2, 1081, 2, 1364, 4, 1452
5, 946, 5, 1016, 4, 1488
3, 336, 3, 1172
3, 213
3, 396
4, 440, 4, 513, 4, 756, 3, 1212, 3, 1245, 3, 1262, 2, 1389
3, 204, 3, 826
4, 627, 3, 803
2, 337, 4, 527, 4, 920
2, 52, 3, 552, 3, 1361, 3, 1417, 2, 1527
4, 36, 4, 113, 2, 312, 4, 402, 3, 468, 3, 1411
4, 382, 4, 748, 3, 771, 5, 814, 3, 1031
3, 841, 3, 1364, 3, 1397
4, 32, 3, 675, 3, 1147
5, 259, 4, 409
2, 955, 2, 1411
4, 489
3, 396, 3, 1018, 4, 1117
3, 622, 3, 851
4, 233, 3, 435, 3, 468, 3, 485, 3, 612, 2, 682, 3, 1221
4, 149, 4, 615, 4, 686, 4, 692, 3, 1048
4, 253, 4, 1058, 3, 1202
4, 396, 4, 1033
2, 390, 4, 463, 3, 766, 3, 873, 4, 1195, 3, 1278
4, 90, 2, 340, 3, 430, 4, 746, 3, 916, 3, 1378
3, 166, 2, 203, 3, 276, 3, 686, 4, 1092
2, 753, 3, 909
4, 20, 2, 486, 4, 715, 2, 875, 4, 919, 3, 1135, 5, 1429
3, 51, 2, 107, 5, 417, 4, 596, 4, 1426, 2, 1472
2, 663, 2, 1465
2, 27, 3, 643
2, 597, 2, 630, 4, 1219, 3, 1319, 2, 1346
3, 181, 3, 730, 3, 911, 2, 920, 4, 1423, 2, 1496
3, 75, 2, 484, 3, 867, 3, 890
4, 321, 3, 963, 3, 1007, 4, 1340, 4, 1436
4, 397, 3, 564, 3, 647
2, 703, 3, 1446
4, 128, 4, 544, 3, 1004, 3, 1094
3, 900, 4, 1510
2, 1044, 5, 1154, 4, 1237
4, 90
4, 489, 3, 495, 2, 1265, 3, 1510
4, 43, 5, 153, 4, 226, 3, 470, 4, 1019, 4, 1102, 4, 1208
4, 193, 3, 443, 2, 542, 3, 569, 2, 1079, 4, 1378, 2, 1412
3, 107, 4, 573, 4, 939, 3, 1006, 4, 1216, 2, 1222, 3, 1376
3, 1415
4, 223, 4, 866, 4, 893, 3, 1243, 2, 1338
3, 1179, 3, 1235, 3, 1345, 2, 1428
4, 846, 4, 1368, 3, 1401
4, 37, 3, 679, 3, 1152
3, 361, 2, 510, 4, 1205
2, 244, 3, 860
4, 400, 3, 433, 4, 1022, 3, 1149
2, 177, 3, 334, 3, 1059, 3, 1182
3, 387, 4, 553, 3, 637, 3, 1136
2, 54, 3, 154, 4, 691, 3, 990, 3, 1053
4, 258, 4, 331, 3, 574, 3, 1063, 3, 1080, 3, 1206
3, 395, 4, 467, 3, 771, 3, 1283
3, 478, 2, 521, 2, 804, 2, 1100, 2, 1393
3, 196, 2, 419, 4, 772, 2, 1278, 3, 1521
3, 406, 3, 822, 3, 1061, 3, 1282, 4, 1371
4, 104, 4, 570, 4, 799, 4, 936, 2, 959, 4, 1002, 2, 1219
3, 1412
2, 476, 4, 826, 3, 1335
3, 66, 3, 83
3, 230, 2, 1538
4, 263, 5, 274, 4, 790
3, 579
4, 367, 4, 396, 3, 1039, 3, 1083, 4, 1416
4, 570, 4, 737, 4, 820
3, 61, 3, 876, 3, 1546
3, 38, 4, 98, 2, 215, 3, 448
2, 271, 4, 660, 2, 704, 2, 914, 3, 920, 4, 1363
2, 151, 2, 274, 4, 1049
2, 350, 2, 507, 3, 706, 3, 1072, 4, 1232, 3, 1289, 4, 1355
3, 72, 5, 76, 5, 465, 3, 868, 4, 891
3, 29, 4, 96, 3, 649, 3, 805, 3, 1371, 4, 1531
4, 845, 3, 1121, 5, 1261, 4, 1411
2, 4, 2, 326, 3, 386, 4, 493, 3, 503, 4, 736, 3, 1368
4, 299, 2, 776, 3, 1412
4, 339, 3, 861, 4, 895
2, 173, 3, 645, 3, 1088
2, 373, 4, 805, 3, 1015, 4, 1022, 3, 1315, 4, 1465
3, 370, 4, 1029, 3, 1152, 3, 1158, 4, 1451
3, 110, 4, 380, 4, 719, 2, 1035
3, 327, 3, 943
4, 484, 3, 517, 4, 1106, 3, 1232
2, 261, 2, 417, 3, 1143, 2, 1199, 4, 1266
3, 847, 3, 1390, 4, 1452
2, 138, 3, 237, 3, 774, 3, 1074, 3, 1136
3, 341, 4, 414, 3, 657, 3, 1146, 4, 1163, 3, 1290
2, 590, 2, 1332
4, 334, 4, 793, 3, 883
4, 44, 2, 57, 4, 227, 3, 606, 3, 1209
3, 820, 3, 957, 3, 1373, 3, 1523
3, 104, 4, 337, 3, 341, 4, 508, 3, 1163, 3, 1383, 3, 1546
3, 411, 3, 888, 4, 1110, 2, 1426
2, 2, 4, 139, 4, 505, 2, 571, 4, 1360, 5, 1514
3, 39, 4, 255, 3, 455, 2, 750, 4, 1530, 3, 1553
4, 392, 2, 748
2, 49, 4, 469, 3, 498, 3, 619, 2, 1141, 2, 1184, 4, 1467
3, 395, 2, 1537
3, 85, 4, 205, 4, 561, 3, 1220, 5, 1343
2, 301, 3, 538, 4, 571, 3, 588, 2, 910, 2, 1227
4, 153, 3, 252, 5, 675, 4, 708, 3, 791, 4, 1424, 4, 1461
3, 186, 3, 415, 4, 619, 4, 835, 3, 1128, 3, 1278
4, 429, 4, 1265
3, 306
2, 489, 3, 1198
2, 1005, 3, 1209, 4, 1304, 4, 1354, 3, 1425, 2, 1454
3, 229, 2, 645, 3, 1104, 4, 1194
4, 466, 4, 1271, 3, 1288, 3, 1414
5, 126, 3, 276, 4, 436, 4, 1268, 4, 1478, 4, 1545
4, 729, 3, 1012, 4, 1152, 2, 1308
4, 120, 3, 176, 2, 286, 2, 369, 3, 869, 3, 1324
3, 506, 4, 727, 4, 1242, 4, 1409
4, 860, 3, 893, 4, 910
4, 673, 4, 1215
3, 1113, 3, 1369
3, 27, 4, 903, 4, 1096, 3, 1406
3, 1069, 4, 1213
2, 77, 3, 310, 4, 886, 4, 946, 4, 1053, 4, 1136
3, 910, 4, 1232, 2, 1398, 2, 1409
4, 550, 3, 849, 3, 899, 4, 999
5, 982, 4, 993, 3, 1199, 3, 1509
2, 264, 2, 324, 2, 441, 4, 674, 3, 770
2, 863, 4, 886, 3, 1346
3, 111, 3, 1266, 3, 1287
5, 118, 3, 338, 3, 1020
3, 754, 2, 917
2, 1087, 4, 1476
3, 355, 3, 971
6, 608, 3, 641, 5, 1230, 4, 1330, 3, 1357
3, 192, 4, 741, 3, 824, 4, 930, 3, 1434, 4, 1507
3, 101
2, 421, 2, 1043, 4, 1143
3, 234, 3, 877
2, 1344
3, 48, 2, 265
2, 441, 3, 491, 3, 768, 3, 785, 3, 914, 3, 1057
4, 381, 3, 824
4, 182, 3, 1423
4, 572, 5, 1054, 4, 1165
4, 489, 3, 898, 3, 1281, 3, 1304
3, 462
2, 289, 5, 345, 2, 366, 3, 965, 4, 1321
3, 64, 3, 679, 2, 1551
3, 942, 3, 1478
2, 314, 3, 663, 2, 1173
3, 1462
2, 191, 3, 487, 4, 1266, 3, 1279, 3, 1289, 3, 1445, 3, 1529
2, 67, 2, 1302
4, 360, 3, 1336, 3, 1448
3, 666, 4, 1092, 3, 1149, 2, 1259, 3, 1342
3, 297, 3, 1079, 3, 1239, 4, 1422, 2, 1499
3, 37, 4, 307, 2, 324
3, 70, 3, 87, 3, 158, 3, 630, 2, 773, 3, 1106
3, 195, 4, 638, 3, 1243, 4, 1280
2, 571, 3, 1480
3, 660, 3, 677, 4, 748, 4, 798, 3, 1214, 3, 1363
4, 225, 3, 1228, 4, 1457, 4, 1500
4, 901
3, 951
2, 111, 3, 142, 4, 494, 3, 504, 4, 974, 4, 1390
4, 748
2, 82, 4, 398
4, 278, 4, 760, 5, 870, 4, 954
3, 595, 4, 1024
3, 269, 4, 329, 4, 435, 3, 445, 3, 678, 3, 1090
3, 485, 4, 718, 3, 941, 4, 1294, 4, 1460, 4, 1544
3, 122, 3, 1025
2, 156, 3, 682, 4, 738, 4, 759, 3, 921, 3, 1164, 2, 1358
2, 632, 4, 646, 3, 888, 3, 1235, 4, 1264, 3, 1375
3, 197, 3, 685, 3, 829, 3, 1438, 3, 1511
3, 796, 3, 1002, 3, 1311
3, 1412
4, 191, 2, 221, 3, 863, 3, 890, 3, 1240
5, 297, 4, 354, 3, 358, 3, 464, 3, 547, 4, 1046
4, 28, 3, 684, 3, 807, 3, 1420
3, 1037, 2, 1071, 3, 1087, 4, 1187
2, 139, 4, 767, 3, 971, 3, 1387
2, 215, 2, 452, 3, 1274
4, 442, 2, 758, 4, 1390
3, 425, 3, 568, 2, 668, 3, 901, 3, 1124, 3, 1440, 2, 1511
4, 662, 3, 705, 2, 988
2, 150, 4, 366, 2, 1504
3, 67, 3, 1349
4, 311, 3, 933
2, 733, 3, 793, 3, 910
4, 383, 4, 527, 5, 929, 3, 1136, 4, 1228, 4, 1278, 5, 1378
4, 186, 2, 846, 2, 969, 3, 1129, 4, 1312, 5, 1389
4, 410, 2, 1519
3, 73, 3, 616, 4, 1093, 2, 1315
2, 7, 3, 161, 4, 344, 4, 620, 5, 710, 4, 776, 2, 1303
3, 757, 3, 867
3, 784, 3, 1096, 3, 1200
3, 751, 4, 934, 4, 1300
2, 89, 4, 145, 4, 1120, 4, 1310
5, 68, 4, 238, 4, 301, 4, 937
4, 1181, 3, 1187, 2, 1543
4, 704, 4, 844, 2, 1414
2, 547, 4, 1456
3, 724, 5, 774, 5, 1050, 5, 1067, 2, 1190, 3, 1339
2, 191, 4, 235, 3, 518, 3, 1106
2, 854, 4, 877, 3, 1337
5, 5, 2, 1160, 4, 1181
2, 232, 4, 914
4, 571, 4, 627, 2, 1247, 3, 1403
3, 312, 4, 562, 2, 1061
4, 502, 3, 535, 3, 618, 3, 874, 4, 1124, 3, 1251
2, 86, 5, 541, 4, 575, 4, 591, 2, 718, 3, 1328
4, 283, 3, 1208, 4, 1464
4, 16, 3, 33, 3, 133, 3, 366, 3, 875, 4, 905, 3, 1547
3, 335, 3, 385, 3, 662, 3, 951
2, 812, 4, 901
4, 63, 2, 129, 2, 269, 4, 425, 3, 624, 2, 1151
4, 143, 2, 771, 3, 792, 3, 838, 3, 975, 4, 1175, 4, 1391
3, 260, 2, 1214
3, 690, 3, 1056, 3, 1079, 3, 1339, 3, 1538
3, 113, 4, 735
4, 536, 3, 712
2, 247, 2, 436, 4, 829, 2, 1012
2, 161, 3, 477, 3, 1020, 3, 1082
2, 333, 4, 410, 2, 766
3, 654, 3, 1224, 4, 1536
3, 388, 3, 754, 3, 1191, 2, 1237, 2, 1347
3, 29, 4, 385, 2, 1044, 4, 1167, 3, 1467
2, 125, 3, 362, 3, 395, 3, 412, 4, 735, 3, 1051
4, 499, 3, 532, 3, 615, 3, 1248, 3, 1285, 4, 1535
2, 83, 4, 715, 3, 952, 3, 985, 3, 1002, 2, 1325
4, 312, 3, 345, 3, 429, 2, 685, 4, 934, 2, 1061
3, 352, 4, 385, 3, 402, 2, 528, 2, 1138, 2, 1454
4, 922
2, 603
3, 1002, 3, 1325, 2, 1491, 2, 1501
3, 432, 4, 642, 4, 942, 4, 992, 3, 1092
5, 307, 4, 379, 2, 683, 4, 1195
3, 390, 3, 433, 3, 716, 3, 1305
3, 956, 3, 979, 3, 1438
3, 204, 3, 970, 4, 1359, 3, 1379
5, 337, 4, 593, 4, 943, 2, 1452
4, 518, 4, 907, 5, 951, 4, 1167
2, 797
3, 664, 2, 1200, 5, 1500
4, 398, 2, 441
4, 79, 4, 112, 3, 129, 4, 255
4, 12, 2, 289, 3, 428
4, 162, 4, 239, 3, 1537
3, 778, 3, 1248, 4, 1454
3, 93, 2, 519, 3, 529, 4, 575, 2, 685, 2, 769
3, 153, 4, 569, 2, 1029, 3, 1118
3, 925, 4, 1534
4, 1109, 3, 1165, 4, 1275, 3, 1359
3, 776, 3, 1298, 3, 1332
3, 610, 3, 1082, 4, 1525
5, 194, 4, 344
3, 113, 3, 346, 5, 569, 3, 885, 3, 1428
3, 142, 3, 1018, 4, 1212, 2, 1521, 4, 1534
2, 209, 4, 852, 3, 989, 4, 1012, 3, 1055, 3, 1272
2, 206, 3, 1332, 2, 1402, 4, 1408
2, 277, 3, 466, 3, 1042, 2, 1286
2, 1015
3, 25, 3, 36, 3, 242, 4, 551, 3, 791, 4, 1200
2, 162, 2, 688, 4, 765, 3, 1158, 3, 1267, 2, 1341
2, 212, 3, 832, 3, 1141
3, 382, 4, 842, 3, 931
4, 578, 4, 655, 3, 668, 2, 741, 3, 984, 2, 1237
3, 25, 3, 429, 3, 1190
4, 241, 3, 435, 3, 757, 4, 924
2, 472, 2, 505, 2, 522
4, 355, 4, 405, 3, 682, 3, 698, 3, 971, 3, 1241
4, 709, 3, 738
2, 290, 4, 606
3, 486, 3, 912, 3, 968, 3, 1078, 3, 1162
2, 20, 5, 802, 3, 1145, 4, 1222
3, 280, 2, 685, 4, 856, 3, 1234
3, 449, 3, 593, 2, 926, 4, 1465, 3, 1535
3, 233, 4, 969, 3, 1136
3, 350, 4, 959, 2, 1032, 4, 1275
4, 1278, 3, 1349
3, 319
4, 356, 2, 423, 4, 1211, 3, 1365, 2, 1411, 3, 1548
4, 204, 3, 404, 2, 699, 3, 1448, 3, 1479, 2, 1502
3, 243, 3, 599
4, 320, 4, 350, 2, 470, 2, 992, 2, 1036, 3, 1319
2, 557, 4, 607, 4, 883, 4, 900, 4, 1023, 5, 1029, 5, 1173
3, 490, 4, 646
3, 224, 4, 657, 3, 867, 4, 873, 3, 1166, 3, 1316
2, 221, 3, 881, 2, 1003, 4, 1303
3, 404, 2, 461, 4, 481, 2, 644, 4, 1436
4, 18, 3, 873, 5, 960, 3, 1010
2, 65, 4, 78, 3, 244, 2, 1120, 3, 1313
2, 311, 4, 953, 3, 1091, 4, 1113, 3, 1157, 3, 1373
3, 211, 2, 1407, 3, 1433, 2, 1510
2, 379, 4, 568, 3, 1071, 3, 1144, 2, 1387
4, 218, 2, 495, 3, 634, 2, 944
4, 521, 4, 1258, 2, 1424, 2, 1434
3, 575, 4, 875, 3, 925, 3, 1025
3, 605, 3, 1008, 3, 1224, 3, 1534
3, 189, 3, 193, 4, 698, 4, 1397, 3, 1514
4, 531, 4, 754
2, 208, 4, 458, 2, 585, 5, 691, 5, 695, 4, 1427, 5, 1510
3, 1467
4, 591, 3, 614, 4, 1074, 3, 1370
4, 22, 4, 398, 3, 1324
3, 248
3, 431, 3, 1141
3, 737, 3, 947, 3, 953, 4, 1247, 3, 1297, 2, 1396
3, 302, 3, 861, 4, 961, 3, 1084, 3, 1383, 4, 1504
4, 279, 4, 329
2, 226, 2, 975, 2, 1431
4, 449, 2, 1164, 4, 1202
5, 199, 4, 642, 4, 898, 3, 1248, 2, 1285
3, 872, 3, 983
4, 696, 2, 899, 2, 1211, 3, 1315
3, 1105
3, 107, 4, 230, 2, 783, 3, 939, 4, 1461, 3, 1505
3, 249, 3, 575, 2, 865
2, 266, 4, 449, 4, 519, 4, 526, 3, 725, 4, 815, 2, 881
5, 379, 5, 862, 4, 972, 3, 1055
3, 600, 4, 1028
3, 273, 3, 333, 3, 440, 3, 450, 3, 683, 3, 1095
3, 4, 2, 87, 3, 343, 2, 587, 3, 820, 4, 1042, 4, 1396
4, 254, 3, 859, 4, 1369
2, 578, 2, 627, 3, 727
3, 374, 3, 390, 3, 461, 3, 511, 3, 1077
4, 1039, 2, 1100, 2, 1216, 2, 1449
2, 98, 3, 127, 4, 593, 4, 1236, 3, 1373, 4, 1396, 3, 1439
3, 1435
3, 214, 2, 243, 2, 886, 4, 913, 3, 1262
3, 417, 3, 474, 2, 478, 3, 584, 2, 667, 2, 1166, 3, 1399
3, 1503
3, 384, 2, 540
3, 215, 4, 648, 4, 858, 4, 864, 3, 1157, 3, 1307
4, 483, 3, 905
3, 1388, 3, 1505
2, 1039
3, 645, 3, 849, 3, 1066, 2, 1359, 4, 1409, 4, 1509
4, 419, 3, 719, 2, 1341, 4, 1441
2, 496, 3, 852, 4, 1378, 3, 1434
4, 67, 3, 130, 4, 706, 3, 766, 5, 1455
3, 340, 2, 756, 3, 1215, 3, 1305, 2, 1409
5, 37, 4, 503, 5, 869, 3, 936, 4, 1146, 4, 1152, 4, 1306
2, 124, 3, 344, 4, 434, 3, 860, 4, 1027, 4, 1037, 4, 1346
3, 328, 2, 1077, 2, 1532
3, 550, 3, 1266, 4, 1303
2, 320, 3, 670, 2, 1179
2, 324
2, 141, 4, 197, 3, 307, 3, 391, 5, 907, 2, 1273, 3, 1296
3, 527, 2, 850, 3, 910, 3, 1027, 2, 1260
3, 305, 3, 328, 2, 1083
4, 217, 3, 600, 4, 611, 4, 1126
3, 59, 3, 292, 4, 801, 2, 830, 4, 1473, 4, 1500, 3, 1517
2, 158, 4, 941, 4, 991, 3, 1267, 3, 1407, 2, 1556
3, 295, 3, 505, 3, 549, 2, 832, 3, 971, 3, 1127
4, 23, 3, 439, 3, 588, 3, 749, 3, 1377, 2, 1443, 4, 1531
2, 127, 4, 183, 4, 204, 4, 1158
2, 276, 4, 520, 2, 753, 3, 975, 3, 1292, 3, 1362
4, 540, 2, 656, 2, 889
4, 97, 4, 130, 3, 147, 3, 274
4, 30, 2, 307, 4, 446
4, 94, 4, 277, 3, 354, 3, 643
3, 231, 3, 720, 3, 864, 2, 1473, 3, 1546
3, 830, 3, 1036, 3, 1346
3, 268, 2, 684, 2, 1144, 3, 1233
4, 91, 3, 1040, 4, 1310
4, 551, 4, 774
3, 348, 4, 753, 3, 1423, 3, 1496
3, 475
4, 382, 3, 964, 3, 985, 3, 1147
3, 73, 3, 296, 3, 612, 3, 683, 3, 1155, 3, 1298
3, 63, 3, 113, 4, 622, 3, 1065, 3, 1294, 4, 1321, 5, 1338
4, 909, 4, 1185, 5, 1325, 4, 1475
4, 293, 4, 353, 3, 459, 2, 470, 4, 1335, 2, 1529
4, 24, 3, 107, 4, 606, 4, 1416, 4, 1472
4, 91, 5, 167, 5, 367, 2, 457, 3, 523, 4, 1466
3, 436, 3, 803, 2, 825, 4, 869, 3, 1085
3, 896, 3, 1418, 3, 1452
3, 87, 2, 360, 2, 730, 4, 1202
3, 1026
2, 1010, 2, 1465
3, 544, 3, 1305
3, 157, 4, 311, 3, 357, 3, 494, 4, 860
3, 587, 2, 637, 3, 737
4, 470, 4, 520, 3, 797, 3, 814, 4, 936, 3, 1086
5, 264, 4, 853, 4, 1496, 4, 1540
3, 601, 5, 1038
4, 118, 3, 278, 4, 1110, 3, 1387, 4, 1526
3, 555, 3, 904, 2, 1000, 4, 1443
4, 48, 4, 437, 4, 481, 2, 697
4, 221, 2, 258, 3, 331, 3, 741, 4, 1146
2, 904, 3, 1060
4, 22
2, 39, 4, 122, 4, 1004, 3, 1431, 4, 1487
3, 106, 2, 538, 2, 1320, 4, 1327
2, 292, 3, 482, 3, 1058, 2, 1301
2, 1031
3, 548, 4, 858
4, 352, 5, 359, 2, 715, 2, 1374
4, 90, 2, 333, 3, 882, 3, 1072, 4, 1465
3, 722, 3, 999, 4, 1138, 4, 1288
5, 106, 2, 167, 4, 273, 2, 283, 4, 928, 3, 1148
2, 508
4, 398, 3, 415, 2, 485, 4, 535, 3, 951, 2, 958, 3, 1101
4, 516, 2, 575, 3, 872, 3, 1398, 3, 1454, 4, 1475
3, 922, 3, 1125, 3, 1325, 3, 1438, 3, 1541
3, 129, 3, 1015, 3, 1458
2, 426, 2, 1069, 3, 1272, 3, 1368, 4, 1489, 3, 1518
4, 597, 2, 1134, 4, 1336
5, 121, 3, 331, 4, 375, 4, 657, 5, 797, 4, 1367
3, 414, 3, 1356
5, 52, 3, 85, 3, 1087, 4, 1214
4, 711, 2, 1181, 4, 1247, 2, 1387, 2, 1543
2, 1337
4, 235, 2, 854, 3, 1164
2, 185, 2, 275, 4, 464, 4, 701, 3, 867, 3, 1283, 2, 1523
3, 168, 2, 917, 2, 1373
3, 488, 4, 827, 2, 1204
3, 239, 2, 682, 2, 911, 3, 937, 3, 1287
4, 511, 3, 815
2, 428, 2, 638, 3, 844, 2, 1154
3, 1145
4, 269, 3, 978, 3, 1501, 2, 1544
3, 508, 4, 935, 3, 991, 3, 1101, 3, 1184
2, 139, 3, 922, 4, 1265, 4, 1342
3, 399, 2, 805, 3, 976, 3, 1354
4, 472, 4, 616, 2, 949, 3, 1471, 3, 1487, 2, 1558
4, 240, 2, 290, 3, 328, 2, 800, 3, 950, 5, 1243, 4, 1515
4, 261, 3, 1266, 2, 1403
2, 92, 3, 1313, 2, 1467
2, 181, 4, 371, 3, 708, 3, 764, 3, 947, 2, 1190, 2, 1384
4, 574, 2, 658, 3, 914, 3, 1163, 4, 1290, 3, 1400
3, 222, 3, 711, 3, 855, 2, 1464, 3, 1537
2, 821, 2, 1027, 2, 1337
3, 259, 2, 675, 2, 1135, 3, 1224
4, 82, 3, 1031, 4, 1301
3, 542, 4, 765
4, 498, 5, 536, 4, 609, 5, 1018, 3, 1341, 3, 1424
2, 212, 4, 1364, 4, 1454, 2, 1527
4, 991, 3, 1062, 4, 1534
3, 382, 3, 1218
3, 259
2, 442, 3, 1151
3, 958, 3, 1162, 5, 1257, 4, 1307, 3, 1378, 3, 1407
3, 250, 3, 872
3, 672, 3, 849
2, 383, 4, 572, 4, 966
2, 196, 3, 237, 3, 297, 2, 306, 2, 486, 3, 986
2, 194, 4, 255, 3, 361, 5, 371, 3, 1016, 3, 1236
2, 9, 4, 1317, 3, 1373, 3, 1483
2, 984, 4, 1084, 3, 1506, 4, 1540
3, 705, 4, 761, 2, 1381, 4, 1537
3, 349, 4, 599, 2, 1098
4, 538, 4, 572, 3, 655, 3, 911, 4, 1160, 4, 1287
3, 219, 4, 675, 4, 708, 3, 725, 4, 825, 3, 852, 3, 1461
4, 292, 4, 1128
2, 232, 3, 931, 4, 1048, 3, 1281
3, 189, 4, 195, 2, 1537
2, 422, 3, 632, 3, 698, 2, 838, 2, 1148
4, 263, 3, 313, 2, 409, 3, 558, 4, 852, 2, 1494, 2, 1538
3, 875
2, 309, 4, 346, 3, 419, 3, 1234
3, 156, 3, 439, 2, 526, 3, 1442
3, 17, 3, 127, 4, 1092, 3, 1115
2, 522, 4, 899
2, 56, 2, 250, 2, 739
3, 569, 2, 1146
3, 124, 3, 147, 2, 902
3, 420, 3, 430, 3, 946
2, 646, 4, 736
4, 104, 3, 193, 2, 673, 4, 986, 3, 1456, 4, 1522
3, 33, 2, 310, 3, 449
4, 183, 3, 260, 3, 1558
4, 1475
2, 453, 2, 690, 3, 723, 3, 740, 3, 840, 2, 1062
3, 207, 3, 763, 2, 1478, 2, 1516
2, 1229
2, 70, 2, 313, 4, 1466, 4, 1555
4, 78, 4, 1093, 3, 1163
3, 483, 3, 1320
3, 244, 4, 361
4, 84, 2, 660, 3, 1453
4, 1473, 3, 1556
3, 31, 3, 42, 3, 248, 3, 558, 4, 1207, 3, 1211
4, 597, 3, 1273
4, 92, 3, 541, 3, 1440
4, 61, 5, 211, 2, 371, 5, 1203, 5, 1480
3, 648, 4, 997, 4, 1093, 2, 1536
5, 142, 5, 375, 3, 598, 4, 951, 5, 1201
3, 90, 3, 682, 4, 1098, 2, 1281, 3, 1558
4, 133, 3, 283
3, 17, 3, 489, 3, 632, 2, 732, 3, 965, 3, 1188, 3, 1504
3, 725, 3, 769, 2, 1052
2, 10, 2, 214, 4, 430
4, 243, 2, 519, 3, 659, 2, 969
3, 183, 3, 505, 3, 566, 3, 672, 2, 682, 4, 915, 2, 1425
2, 955
3, 569, 4, 879
2, 1395, 4, 1518
4, 43, 4, 486, 4, 1129, 5, 1156, 2, 1172, 6, 1505
3, 209, 3, 526, 3, 596, 2, 1069, 3, 1212, 3, 1545
3, 74, 2, 124, 2, 161, 4, 633, 4, 1076, 4, 1332, 5, 1349
4, 94, 2, 244, 2, 1032, 3, 1099, 3, 1236, 3, 1548
3, 381, 3, 664
3, 1512
3, 537
2, 148, 3, 520, 3, 691, 2, 753, 4, 1363, 2, 1390
3, 294
3, 477, 3, 1186
3, 783, 3, 993, 3, 999, 4, 1292, 3, 1342, 2, 1442
3, 250, 3, 810, 4, 910, 4, 1032, 3, 1332, 4, 1452
5, 324, 3, 374
3, 175, 2, 923, 2, 1379
3, 627, 4, 665, 3, 914, 2, 1014, 3, 1137, 5, 1437, 3, 1470
4, 482, 3, 1274
3, 242, 3, 312, 3, 785, 2, 1261, 2, 1484
4, 375, 3, 568, 4, 891, 4, 1057
4, 508, 2, 541, 3, 558, 5, 658
2, 539, 2, 749, 3, 955, 2, 1265
3, 1158
4, 283, 3, 992, 3, 1514, 3, 1558
3, 522, 4, 948, 3, 1005, 3, 1115, 3, 1198
3, 153, 3, 935, 4, 1278, 4, 1355
3, 413, 2, 819, 4, 989, 4, 1368
3, 14, 4, 486, 4, 629, 3, 962, 4, 1484, 3, 1501
3, 272, 2, 322, 4, 360, 2, 832, 3, 982, 5, 1275, 4, 1547
3, 293, 3, 1298, 2, 1435
2, 124, 3, 1345, 2, 1499
3, 1416
2, 120, 3, 153, 3, 170, 2, 270, 4, 297, 2, 906
3, 606, 4, 946, 5, 1195, 2, 1322
3, 34, 3, 604, 2, 916, 4, 1169, 4, 1452
4, 593, 3, 620, 2, 937, 3, 1066, 3, 1209, 3, 1542
3, 88, 2, 437
5, 25, 3, 114, 3, 430, 4, 601, 3, 1063
4, 91, 3, 401, 3, 1030, 3, 1233, 3, 1433
5, 8, 4, 651, 3, 1123
3, 400, 3, 604, 4, 820, 2, 1113, 4, 1263
4, 3, 4, 258, 4, 635, 5, 1477
3, 542, 3, 698, 4, 1220, 2, 1264, 4, 1547
3, 16, 2, 78, 4, 714, 3, 1403
4, 1055, 3, 1061, 3, 1417
2, 579, 3, 1288
3, 884, 2, 1094, 3, 1101, 4, 1394, 4, 1444, 2, 1544
2, 16, 4, 93, 3, 352, 2, 911, 3, 1011, 4, 1134, 4, 1434
4, 133, 5, 333, 2, 443, 2, 526, 2, 1042, 2, 1408, 3, 1431
4, 7, 4, 663, 4, 1162, 4, 1399
3, 303, 2, 507, 4, 1016, 2, 1066, 2, 1166
4, 409, 2, 493, 3, 748, 3, 998, 4, 1125, 3, 1235
3, 592, 2, 1202, 2, 1275, 2, 1518
4, 299, 4, 349, 3, 626, 3, 642, 4, 862, 3, 915
3, 190, 3, 779, 3, 1422, 4, 1465
4, 866
4, 916
3, 107, 4, 756, 3, 939, 2, 1139, 4, 1149, 3, 1355
3, 244, 3, 714, 3, 920, 3, 1076
3, 138
3, 387, 4, 537, 2, 697, 3, 1392, 3, 1479, 3, 1529
4, 674, 3, 957, 4, 1044
4, 118, 4, 334, 3, 1243, 2, 1472
4, 761, 3, 1522
4, 374, 3, 528, 4, 574, 4, 711, 3, 1077
3, 59
3, 138, 3, 161, 2, 317, 4, 400, 2, 621
4, 454, 3, 460, 4, 816, 2, 1476
2, 207, 4, 790
4, 20, 3, 729, 4, 1095, 3, 1162, 3, 1378, 3, 1532
4, 14, 5, 197, 5, 274, 3, 473, 4, 563, 4, 629
2, 194, 4, 410, 3, 1319
3, 637, 5, 1053, 2, 1363
4, 604, 4, 787, 4, 1153
3, 973, 2, 1500, 4, 1556
3, 718, 4, 1200, 3, 1310, 3, 1394
3, 524, 4, 1367
3, 198, 3, 258, 2, 364, 3, 374, 2, 607, 4, 1433
3, 12, 3, 1487
3, 45, 3, 55, 3, 261, 3, 571, 4, 1220, 3, 1224
3, 611, 2, 1287
4, 341, 4, 774, 3, 984, 3, 990, 3, 1144, 4, 1433
3, 241, 2, 900, 2, 1023, 3, 1183, 3, 1366, 4, 1443
5, 368, 3, 1477
3, 128, 3, 199, 3, 671, 2, 1147, 2, 1370
3, 455, 4, 675, 4, 1191, 4, 1357
3, 808, 2, 841, 2, 858
3, 718, 3, 1261
3, 1061, 3, 1317
5, 851, 4, 1045, 5, 1355, 3, 1534
3, 1018, 4, 1161
4, 349, 5, 516, 4, 599, 3, 1098
2, 114, 3, 213, 4, 750, 3, 1049, 3, 1112
4, 317, 4, 390, 3, 633, 3, 1122, 3, 1139, 3, 1266
3, 454, 4, 527, 2, 830, 3, 1259, 4, 1342
2, 327, 3, 404, 5, 797, 3, 1003, 3, 1359
3, 796, 3, 812, 3, 883, 4, 933, 2, 1349, 3, 1499
3, 263, 2, 350, 3, 1266, 3, 1538
4, 1013, 3, 1036, 5, 1496
2, 165, 3, 1319
3, 115, 4, 481, 2, 547, 4, 1336, 4, 1490, 2, 1536
3, 45, 2, 68, 3, 112, 2, 224, 3, 328, 3, 528, 2, 823
4, 568, 3, 761, 3, 1083, 4, 1250
3, 498, 3, 798, 3, 831, 3, 848, 3, 948
2, 66, 4, 138, 3, 442, 3, 548, 4, 954
3, 615, 3, 771, 2, 1497
3, 58, 2, 1227
3, 407, 4, 495, 3, 1110
2, 351, 2, 1127
5, 434, 4, 877, 3, 1150, 3, 1483, 4, 1520
4, 242, 4, 698, 5, 1051, 5, 1218, 4, 1301
3, 947, 2, 1284
3, 138, 4, 182, 4, 465, 4, 1174, 2, 1467
2, 46, 4, 418, 3, 589, 3, 651, 3, 1228, 3, 1261, 2, 1288
3, 86
2, 406, 3, 595, 5, 988
4, 35, 5, 368, 3, 977, 3, 1320, 5, 1449
3, 411, 3, 472, 2, 578, 3, 588, 3, 821, 2, 917, 3, 1233
4, 9, 4, 481, 3, 625, 3, 958, 3, 1480, 3, 1497
4, 392, 3, 997, 4, 1507
3, 619, 3, 669, 2, 768, 4, 1463
4, 15, 3, 560, 3, 953, 3, 1356, 4, 1469
3, 160, 4, 204, 4, 487, 4, 1196, 2, 1489
3, 68, 3, 440, 3, 611, 3, 673, 2, 1153, 3, 1310
2, 717, 3, 777, 3, 894
3, 35, 3, 334, 3, 368, 2, 384, 2, 484, 2, 511, 3, 1120
2, 49, 3, 171, 3, 947
2, 42, 3, 109, 3, 248, 3, 404, 4, 1130, 3, 1384
3, 721, 4, 858, 4, 1274, 3, 1424
3, 102, 4, 335, 3, 339, 4, 506, 3, 1161, 3, 1381, 3, 1544
4, 312, 2, 788, 3, 1011
4, 29, 3, 38, 5, 874, 5, 1496
3, 808
4, 142, 4, 458
5, 752, 4, 931, 3, 1014, 4, 1234
3, 558, 4, 1401
2, 232, 3, 389, 3, 398, 2, 505, 3, 738, 4, 1467
3, 46, 3, 545, 2, 778, 3, 1354, 4, 1414, 3, 1521
3, 85, 4, 988
2, 216, 2, 645, 3, 819, 4, 1212, 4, 1225, 2, 1321, 3, 1395
3, 123, 4, 207, 3, 839, 2, 876, 3, 1126
2, 320, 2, 847, 3, 903, 2, 923, 3, 1013, 4, 1086, 3, 1329
5, 894
4, 478, 3, 484, 2, 638, 2, 684, 4, 821, 4, 1187, 2, 1254
2, 154, 3, 237, 3, 654, 2, 1137
2, 591, 2, 624, 4, 1213, 3, 1312, 2, 1339
4, 175, 3, 724, 4, 807, 2, 913, 4, 1416, 2, 1489
3, 68, 2, 478, 3, 860, 3, 883
3, 455
3, 338, 3, 544, 2, 900, 5, 1426
3, 115, 3, 358, 4, 591, 3, 814, 3, 1130, 3, 1167
3, 26, 3, 281, 3, 398, 2, 631, 3, 635, 3, 668, 4, 1141
3, 146, 2, 162, 4, 233, 3, 849
4, 249, 4, 295, 4, 799
2, 522, 3, 711, 2, 1104, 2, 1288, 3, 1531
4, 98, 4, 248, 3, 408, 4, 1240, 3, 1450, 3, 1517
2, 136, 3, 701, 4, 984, 4, 1124
4, 92, 3, 148, 3, 152, 2, 258, 2, 342, 3, 841
3, 478, 3, 699, 3, 1215, 4, 1381
3, 832, 3, 865, 2, 882
3, 1188
3, 172, 2, 562, 3, 582, 4, 965, 3, 988, 3, 1491
2, 70, 4, 126, 4, 147, 4, 1102
4, 220, 4, 463, 2, 696, 4, 919, 3, 1235, 4, 1305
5, 483, 2, 600, 2, 833
4, 40, 4, 73, 3, 90, 4, 217
2, 250, 3, 390, 4, 1532
2, 430, 4, 613, 3, 890, 4, 979
2, 251, 4, 567
3, 447, 5, 930, 4, 1040, 5, 1123
3, 764, 4, 1193
3, 438, 3, 498, 2, 604, 3, 615, 3, 848, 2, 943, 3, 1260
3, 411, 3, 554, 3, 887, 4, 1426, 3, 1497
3, 292, 4, 1028, 3, 1194
3, 408, 2, 678, 2, 1018, 3, 1090, 3, 1334
3, 375, 3, 891, 4, 995
4, 642, 2, 688, 3, 1192, 4, 1371
4, 50, 3, 998
3, 672, 4, 838, 5, 921, 3, 1142
4, 339, 4, 1275, 4, 1308
4, 379, 3, 408, 2, 529, 2, 1051, 2, 1094, 2, 1377
2, 518, 3, 568, 4, 845, 4, 861, 3, 984, 2, 990, 4, 1134
3, 549, 4, 705, 5, 1431
3, 282, 4, 649, 3, 672, 4, 1131, 3, 1241
4, 183, 3, 842, 2, 965, 5, 1264
3, 366, 2, 422, 2, 443, 4, 605, 5, 1397
2, 140
2, 330, 3, 390, 3, 413, 2, 669, 2, 1045, 2, 1151, 3, 1155
2, 369, 3, 386, 3, 433, 2, 513, 2, 583
4, 183, 3, 187, 4, 566
3, 986, 3, 1309, 2, 1475, 2, 1485
3, 416, 2, 626, 2, 926, 3, 976, 3, 1076
3, 268, 3, 301, 2, 384, 3, 1054, 3, 1127, 4, 1303, 2, 1430
2, 519, 3, 818, 3, 868, 3, 968
4, 548, 4, 951, 3, 1168, 3, 1477
4, 132, 3, 136, 4, 641, 2, 1340, 3, 1457
2, 832, 4, 855, 3, 1315
3, 1138
4, 512, 4, 1448, 3, 1481
5, 284, 3, 1286, 4, 1515, 4, 1559
3, 937, 5, 960
4, 40, 3, 200, 3, 1032, 3, 1309, 4, 1448
3, 574, 3, 923, 4, 1433, 2, 1462
3, 37, 2, 747, 3, 1113, 3, 1179, 3, 1396, 3, 1550
4, 227, 4, 317, 5, 633, 4, 803, 4, 910, 4, 1093, 2, 1169, 4, 1265, 4, 1525, 4, 1536
2, 1253
3, 460, 3, 1120, 4, 1242, 3, 1346, 3, 1542
2, 297, 3, 568, 3, 584, 4, 907, 3, 1223
3, 264, 3, 667, 3, 780, 3, 1429
2, 455, 2, 898, 4, 1154, 4, 1270, 2, 1503
3, 548, 3, 727, 4, 1031
3, 461, 3, 465, 3, 844, 3, 1280
2, 535, 4, 1045
3, 602
4, 358, 4, 791, 3, 1001, 3, 1007, 3, 1161, 4, 1450
4, 259, 3, 918, 3, 1041, 4, 1201, 4, 1384, 2, 1461
4, 172, 4, 604, 4, 814, 4, 821, 4, 1264
3, 344, 3, 382, 4, 631, 3, 731, 3, 1154, 2, 1187
2, 179, 4, 196, 3, 518, 3, 1467
3, 645
3, 1041, 3, 1045
2, 46, 3, 92, 3, 229, 2, 285, 4, 595, 3, 608, 2, 774
3, 172, 3, 422
2, 73, 3, 455, 4, 466, 4, 982
2, 50, 4, 559, 2, 589, 3, 1231, 4, 1258, 3, 1375
3, 186, 4, 823, 3, 1268, 4, 1511
4, 652, 2, 1072, 3, 1428
2, 590, 2, 885
2, 463, 4, 896, 3, 1106, 4, 1112, 4, 1405, 4, 1455, 4, 1555
4, 210, 3, 472, 3, 626, 3, 809, 2, 1085, 4, 1175
3, 276, 2, 642, 3, 665, 4, 925
3, 170, 2, 546, 3, 656, 3, 1472
3, 24, 3, 253, 4, 296, 5, 579, 5, 1289
3, 63, 2, 436, 2, 606, 3, 669, 3, 1245, 4, 1278, 3, 1305
4, 200, 3, 843
3, 127, 2, 427, 3, 460, 2, 477, 2, 577, 2, 604, 3, 1213
4, 754, 3, 1174, 3, 1530
3, 691, 2, 831, 2, 987
4, 662, 4, 1028, 5, 1051, 3, 1311, 4, 1510
4, 1121
3, 1504
3, 409, 4, 665, 5, 1015, 4, 1524
4, 60, 2, 83, 3, 126, 3, 343, 3, 542, 3, 653, 2, 1252
2, 582, 4, 775, 2, 1098, 4, 1264, 4, 1275
3, 716, 3, 933, 3, 1428
3, 746, 3, 945, 3, 956, 3, 1162, 4, 1472
4, 370, 3, 399, 2, 519, 2, 1042, 2, 1085, 2, 1368
2, 509, 3, 559, 4, 836, 4, 852, 3, 975, 2, 981, 4, 1125
3, 540, 4, 696, 4, 1422
3, 273, 4, 639, 3, 662, 4, 1122, 3, 1232
4, 173, 3, 833, 2, 956, 5, 1255
3, 357, 2, 413, 2, 433, 4, 596, 4, 1388
2, 131
2, 321, 3, 381, 3, 404, 2, 660, 2, 1036, 3, 1142, 3, 1146
4, 327, 2, 360, 3, 377, 3, 477, 2, 504
4, 174, 3, 178, 4, 557
4, 977, 3, 1300, 2, 1466, 2, 1476
3, 407, 2, 617, 5, 917, 4, 967, 4, 1067
4, 1154
2, 1431, 3, 1554
3, 79, 3, 522, 3, 1164, 2, 1191, 2, 1208, 3, 1541
3, 22, 3, 245, 3, 561, 3, 632, 2, 1104, 3, 1345
3, 109, 2, 159, 3, 196, 4, 669, 3, 1112, 3, 1368, 4, 1384
2, 26, 4, 130, 2, 280, 2, 1068, 3, 1135, 3, 1272
3, 416, 3, 699
3, 7, 4, 1548
2, 57, 3, 183, 3, 556, 3, 726, 2, 789, 2, 1365, 3, 1425
4, 291, 4, 320, 3, 441, 3, 963, 2, 1006, 4, 1289
2, 430, 2, 480, 3, 757, 3, 773, 3, 903, 3, 1046
3, 133, 2, 776, 2, 820, 4, 1103, 3, 1248
3, 210, 5, 460
4, 90, 3, 110, 3, 493, 4, 1019
4, 183, 2, 723, 3, 882, 3, 999, 3, 1232, 3, 1366
2, 224, 5, 447, 3, 1306, 4, 1549
4, 690, 3, 1466
4, 214, 2, 264, 2, 773, 2, 923, 4, 1216, 4, 1445, 4, 1489
4, 1336
4, 138, 3, 394, 2, 771, 2, 881
4, 477, 2, 521, 5, 804, 2, 943, 2, 1393, 3, 1513
3, 42, 2, 385, 4, 658
2, 1334, 3, 1456
3, 520, 2, 816
3, 24, 4, 490, 3, 923, 4, 1133, 2, 1139, 4, 1433, 4, 1483
3, 1179, 4, 1333, 3, 1516
4, 47, 4, 574, 3, 630, 2, 650, 4, 813, 3, 1250
2, 37, 2, 583, 2, 587, 4, 976, 3, 1379, 3, 1492
3, 147, 3, 484, 3, 540, 3, 723, 2, 1160, 3, 1516
2, 8, 4, 214, 4, 524, 4, 1173, 3, 1177, 3, 1555
4, 660, 3, 1336
2, 155, 3, 604, 3, 1503
3, 664, 4, 953
2, 527
2, 451, 3, 635, 3, 911, 3, 1001
4, 175, 2, 1417
3, 468, 4, 951, 4, 1061
4, 385, 3, 795, 3, 1177, 3, 1200
3, 188, 5, 631, 4, 1236, 4, 1274
2, 564, 3, 1473
4, 654, 4, 670, 4, 741, 5, 791, 5, 1207, 5, 1357
3, 121, 3, 1124, 3, 1353, 4, 1396
4, 894
3, 944
4, 135, 4, 784, 2, 967, 2, 1167, 4, 1177, 3, 1383
3, 175, 3, 645, 2, 851, 3, 1421
4, 166
3, 565, 3, 1507
5, 105, 3, 139, 3, 1141, 4, 1268
2, 39, 3, 765, 2, 1235, 4, 1301, 2, 1441
4, 1012, 4, 1488
3, 812, 3, 1482, 2, 1555
4, 809, 4, 1046
3, 343, 3, 926, 3, 946, 2, 1109
3, 160, 4, 573, 3, 644, 4, 1116, 3, 1260, 3, 1495
5, 74, 3, 584, 5, 1027, 4, 1256, 2, 1283, 4, 1299
3, 51, 4, 114, 2, 723, 4, 750, 4, 1050, 3, 1066, 3, 1339
3, 547, 2, 859, 3, 1113, 4, 1396, 3, 1535
4, 536, 3, 563, 3, 880, 2, 1009, 3, 1152, 3, 1485
3, 128, 2, 477
3, 57, 3, 374, 3, 544, 3, 1006, 4, 1526
3, 34, 3, 344, 3, 973, 3, 1176, 3, 1376
4, 48, 2, 321, 3, 691, 5, 1163
2, 125, 4, 181, 3, 292, 3, 375, 4, 891, 2, 1257, 2, 1280
3, 512, 2, 834, 3, 894, 2, 1011, 2, 1244
3, 289, 3, 312, 2, 1067
4, 202, 3, 584, 5, 595, 4, 1111
5, 20, 5, 179, 3, 662, 2, 688, 3, 1387, 3, 1504
3, 845
4, 180, 3, 456, 4, 596, 3, 906
4, 386, 3, 1122, 4, 1288
4, 137, 3, 599, 2, 870, 3, 1209, 3, 1525
3, 566, 4, 970, 3, 1186, 3, 1496
4, 150, 3, 154, 2, 660, 2, 1359, 3, 1475
2, 850, 4, 873, 3, 1333
2, 1156
3, 530, 3, 630, 2, 1466, 3, 1499
3, 567, 3, 624, 3, 1243, 3, 1399
3, 145
3, 544, 3, 1486
4, 498, 3, 531, 4, 1120, 3, 1247
2, 43, 3, 892, 4, 1031
3, 85, 4, 734, 5, 888
4, 129, 2, 778, 5, 1161, 4, 1171, 3, 1377
4, 379, 4, 422, 3, 705, 3, 1294
3, 76, 3, 1042, 3, 1064, 4, 1524
3, 848, 3, 885
3, 199, 3, 419, 4, 1102
3, 836, 3, 998
4, 96, 2, 1265
4, 446, 4, 533, 5, 1149
4, 390, 4, 396, 3, 550, 3, 733, 3, 1099, 4, 1166
4, 526, 3, 687, 4, 730, 3, 946, 4, 1442
3, 470
5, 310, 3, 726, 4, 909, 2, 986, 3, 1186, 4, 1275
4, 63, 4, 500, 3, 1026, 4, 1255
2, 795, 2, 1538
3, 123, 3, 539, 2, 999, 3, 1089
3, 895, 4, 1505
2, 1039, 4, 1149, 3, 1232
3, 460, 2, 497, 4, 570, 4, 980, 4, 1302, 2, 1385
2, 198, 2, 447, 3, 537, 3, 610, 2, 853, 3, 1485
2, 417, 3, 1156, 3, 1160
2, 401, 3, 723, 5, 784, 3, 900
2, 341, 2, 490
2, 251, 3, 940
5, 91, 3, 95, 4, 474
3, 991, 3, 1313, 2, 1480, 2, 1490
3, 421, 4, 631, 4, 931, 4, 980, 3, 1080
4, 198, 3, 271, 4, 575, 4, 1087
3, 226, 4, 869, 2, 912, 3, 1195, 3, 1335, 4, 1491
2, 249, 4, 265, 3, 336, 3, 952
4, 353, 4, 812, 4, 902
3, 173, 2, 722, 4, 1305, 2, 1326, 4, 1415, 4, 1488
4, 379, 4, 383, 3, 772, 4, 1176, 3, 1199, 2, 1455
2, 337, 4, 1312
3, 277, 4, 1057, 2, 1079, 4, 1123, 3, 1339
2, 114, 3, 148, 2, 736, 4, 836
3, 48, 4, 360, 3, 830, 4, 1036
4, 73, 3, 306, 4, 882, 2, 943, 4, 1132
3, 516, 3, 932, 2, 1115, 2, 1172, 3, 1392, 4, 1482
4, 81, 3, 164, 3, 680, 3, 1046, 4, 1069, 3, 1529
2, 147, 3, 204, 3, 424, 3, 514, 3, 1106, 3, 1522
3, 101, 2, 1270
4, 451, 4, 538, 5, 1154
4, 394, 4, 401, 3, 554, 3, 737, 3, 1104, 4, 1170
4, 434, 4, 638, 3, 854, 4, 1349
3, 98, 4, 581, 4, 585, 3, 964, 3, 1400
3, 508, 3, 1217
4, 814, 4, 1024, 4, 1030, 4, 1323, 3, 1373, 2, 1473
3, 161, 2, 261, 4, 384, 3, 683
4, 255, 3, 461, 4, 1343
2, 561, 5, 584
4, 25, 5, 175, 2, 335, 3, 1030, 4, 1167
3, 198, 4, 548
2, 29, 2, 299, 2, 452, 4, 614, 4, 638, 2, 857
2, 422, 3, 1161, 3, 1165
2, 405, 3, 728, 5, 788, 3, 905
3, 46, 3, 345, 2, 495
3, 571, 2, 1514
3, 525, 3, 559, 4, 1147, 2, 1274
2, 628, 3, 1337
2, 35, 4, 501, 2, 934, 3, 1144, 2, 1150, 3, 1443, 4, 1493
3, 45, 3, 1344, 4, 1527
3, 155, 3, 681, 5, 758, 4, 1151, 4, 1164, 3, 1334, 3, 1357
2, 631, 3, 1374
4, 376, 4, 835, 4, 925
3, 99, 3, 648, 4, 1231, 2, 1251, 3, 1341, 4, 1414
4, 402, 4, 406, 3, 795, 3, 1199, 3, 1222, 2, 1477
2, 263, 4, 1238
3, 299, 4, 1079, 2, 1102, 4, 1146, 3, 1362
2, 137, 3, 170, 2, 759, 4, 859
4, 70, 4, 270, 4, 383, 3, 853, 2, 1059
3, 1282, 4, 1411
3, 323, 4, 699, 3, 1211
3, 433, 4, 549
3, 273, 2, 679, 3, 849, 3, 1228
3, 443, 3, 586, 2, 919, 4, 1458, 3, 1529
3, 226, 4, 963, 3, 1129
4, 343, 2, 952, 3, 1025, 3, 1269
4, 376, 3, 393, 3, 464, 4, 611, 4, 1079
4, 1139, 5, 1199, 4, 1316, 5, 1549
3, 457, 3, 660, 4, 877, 2, 906
3, 121, 4, 498, 4, 604, 2, 608, 5, 986, 3, 997, 4, 1423
5, 574, 5, 1380, 3, 1396, 4, 1523
2, 138, 3, 288, 3, 448, 2, 1280, 2, 1490, 4, 1556
2, 61
2, 290, 3, 461, 4, 1443, 4, 1532
3, 164, 3, 792, 4, 813, 3, 1196, 4, 1412
4, 649, 3, 1292
4, 1248
2, 366, 4, 583
3, 786, 3, 1329
3, 1129, 3, 1385
4, 43, 5, 919, 4, 1112, 3, 1422
3, 1085, 4, 1229
3, 93, 4, 326, 4, 902, 2, 963, 4, 1069, 4, 1152
3, 144, 3, 467, 3, 527, 2, 633, 2, 644, 3, 877, 2, 1386
4, 65, 4, 115, 4, 311, 4, 391, 4, 440, 2, 680, 3, 916
4, 154, 4, 880, 3, 1350, 4, 1417, 4, 1556
2, 1030, 3, 1506
3, 67, 4, 151, 4, 783, 3, 820, 4, 893, 4, 1070
3, 250, 3, 860, 2, 933, 3, 1176
3, 284, 4, 300, 4, 371, 3, 987
4, 485, 4, 531, 4, 1034, 4, 1213
4, 840, 3, 1450
4, 777, 4, 861, 4, 1081
3, 29, 3, 511, 4, 515, 3, 1331
3, 112, 3, 998, 4, 1027
4, 311, 3, 744, 2, 954, 5, 961, 4, 1254, 4, 1404
2, 309, 4, 968, 4, 1091, 5, 1390
2, 492, 2, 569, 2, 962, 2, 1145, 4, 1524
4, 105, 4, 960, 4, 1048, 3, 1098, 3, 1514
4, 128, 4, 245, 4, 478
3, 132, 2, 149, 3, 1420
4, 48, 5, 1063, 4, 1134
3, 454, 3, 1290
3, 215, 3, 331
3, 152, 3, 728, 2, 1520
4, 1443, 3, 1527
3, 2, 3, 12, 3, 218, 3, 528, 4, 1177, 2, 1181
3, 568, 2, 1244
2, 159, 3, 609, 3, 1507
3, 669, 4, 958
2, 532
4, 359, 4, 542, 4, 908
3, 70, 3, 1158
4, 107, 3, 473, 3, 496, 2, 539, 4, 749, 4, 756
4, 7, 5, 789, 4, 795, 3, 1132
3, 267, 2, 1222
2, 569, 3, 1478
4, 658, 4, 675, 4, 746, 5, 796, 5, 1212, 5, 1361
3, 126, 2, 1128, 3, 1357, 4, 1401
4, 779, 4, 792, 2, 802, 3, 958, 3, 1041, 3, 1262, 4, 1540
2, 356
4, 433, 3, 716
4, 7, 4, 23
2, 73, 3, 200, 3, 329, 3, 572, 3, 805, 2, 1382, 3, 1442
3, 43, 5, 337, 2, 979, 2, 1023, 4, 1306, 4, 1452
3, 360, 3, 376, 2, 447, 4, 497, 3, 919, 3, 1063
4, 11, 4, 477, 4, 484, 3, 633, 3, 927, 3, 1199, 3, 1482
3, 883, 3, 1087, 4, 1287, 3, 1399, 3, 1503
4, 297, 3, 447, 4, 740, 3, 969, 2, 1013, 3, 1296
3, 436, 4, 486, 3, 763, 3, 780, 3, 1052, 3, 1322
2, 887, 3, 916
4, 371, 5, 687, 4, 1320
3, 29, 4, 665, 3, 1354
3, 399
4, 239, 2, 655, 3, 838, 2, 915, 2, 1114, 3, 1204
3, 402, 2, 769, 4, 791, 5, 1051
2, 575, 3, 612, 5, 685, 2, 1418, 4, 1501
2, 486, 3, 542, 4, 563, 2, 822, 2, 1162, 2, 1517
4, 622, 3, 726
3, 117, 4, 893, 2, 1138
5, 194, 3, 350, 3, 916, 5, 1198
2, 96, 3, 375, 2, 1184, 3, 1245, 4, 1351, 4, 1434
3, 136, 2, 818
5, 163, 2, 460, 3, 572, 3, 1042, 3, 1248
3, 250, 3, 300, 3, 576, 3, 593, 3, 722, 3, 866
3, 287, 3, 730
4, 87, 3, 1329
4, 380, 3, 863, 3, 973
4, 297, 2, 707, 3, 1089, 3, 1112
4, 367
3, 194, 4, 251, 3, 271, 2, 870, 4, 1226
5, 1359, 3, 1430
2, 400, 3, 777
3, 128, 4, 617, 2, 1492
4, 174, 4, 247, 4, 490, 3, 1123, 4, 1229
4, 47, 3, 879, 3, 1079, 4, 1089, 3, 1295
2, 297, 3, 340, 3, 1183, 3, 1212
3, 78, 3, 594, 3, 960, 3, 1396, 3, 1442, 4, 1553
3, 61, 4, 1436
4, 887, 2, 931
2, 234, 4, 471, 4, 504, 3, 521
2, 298, 3, 364, 3, 501, 2, 917, 2, 1227
4, 391, 4, 834, 2, 1107, 3, 1440, 4, 1477
4, 523, 3, 689, 3, 772
4, 13
4, 413, 4, 419, 3, 1188, 3, 1434
3, 53, 2, 296, 2, 845, 2, 1035, 4, 1428, 4, 1538
3, 117, 4, 493, 4, 599, 2, 603, 5, 982, 3, 992, 4, 1419
3, 570, 2, 1375, 4, 1392, 3, 1518
2, 596, 3, 872, 4, 1161
3, 745, 3, 822, 4, 1178
3, 479, 3, 635
3, 213, 4, 645, 3, 855, 4, 862, 3, 1155, 3, 1305
2, 210, 3, 869, 2, 992, 4, 1292
4, 393, 2, 449, 3, 470, 4, 632, 5, 1425
2, 168
3, 417
2, 324, 3, 946
2, 746, 3, 806, 3, 923
4, 64, 4, 363, 3, 397, 3, 413, 3, 513, 2, 540, 4, 1150
4, 78, 3, 544, 4, 614, 3, 621, 2, 976
4, 182, 4, 987, 3, 1130
3, 227, 2, 837, 3, 864, 3, 1163, 3, 1180, 3, 1309, 3, 1453
3, 109, 3, 265, 4, 991, 3, 1245, 2, 1461, 3, 1528
3, 581, 3, 718, 3, 1134, 3, 1284
2, 200, 3, 366, 3, 1021, 3, 1242, 4, 1404, 4, 1521
3, 1225, 3, 1281, 4, 1392, 3, 1475
4, 479, 2, 1415, 3, 1448
2, 180, 2, 409, 3, 453, 4, 1295
3, 609
2, 220, 3, 592, 3, 763, 4, 825, 3, 1435, 2, 1462
2, 327, 2, 357, 4, 1026, 4, 1143, 3, 1376
3, 7, 4, 490, 3, 600
2, 334, 2, 716, 2, 739, 2, 1482
3, 12, 3, 18, 3, 168, 2, 461, 2, 1104, 4, 1148, 4, 1430
3, 141, 3, 358, 3, 668, 2, 1296, 3, 1317, 3, 1500
3, 707, 3, 763, 2, 1383, 4, 1539
3, 448, 4, 698, 3, 1197
4, 638, 4, 671, 3, 754, 3, 1010, 4, 1260, 2, 1360, 4, 1387
2, 475, 3, 679, 3, 775, 4, 924
3, 525, 2, 529, 4, 908, 3, 918, 2, 1434
4, 125, 3, 169, 5, 452, 5, 591, 4, 1161
3, 33, 4, 162, 3, 406, 3, 639, 2, 1248, 4, 1275
3, 743, 2, 859, 3, 1092, 2, 1188
4, 6, 5, 1348, 5, 1558
4, 974
2, 408, 3, 446, 4, 519, 3, 1251, 4, 1334
2, 319, 4, 375, 3, 396, 3, 995, 3, 1351
2, 23, 3, 93, 3, 709
3, 971, 3, 1508
4, 33, 2, 476, 4, 732, 4, 1082
4, 127, 2, 150, 3, 193, 3, 306, 3, 410, 4, 609, 2, 905
3, 746, 3, 939, 3, 1262, 4, 1428
4, 580, 4, 879, 3, 912, 4, 929, 3, 1029
2, 244, 5, 317, 4, 620, 4, 727, 5, 1132
4, 117, 4, 587, 4, 793, 2, 949
3, 11, 3, 267, 3, 510, 3, 743, 4, 966, 3, 1282, 3, 1319
3, 613
2, 962, 2, 1488, 4, 1545
2, 706, 4, 1189, 4, 1299, 4, 1382
3, 513, 4, 1355
3, 283, 3, 344, 2, 353, 2, 460, 2, 693, 4, 1519
5, 1475, 3, 1559
3, 34, 3, 44, 3, 250, 3, 560, 4, 1209, 3, 1213
3, 697, 3, 1373
2, 191, 3, 641, 3, 1539
3, 701, 4, 990
2, 8, 2, 564
3, 218, 2, 314, 4, 630, 5, 757, 3, 1366, 4, 1427, 2, 1543
3, 894, 3, 1437
4, 107, 3, 290, 3, 656, 4, 723, 3, 1505, 4, 1511
3, 84, 3, 244, 3, 287, 2, 504, 3, 1413
3, 27, 2, 537, 2, 837, 2, 870, 2, 1459, 3, 1558
4, 197, 2, 230, 3, 246, 3, 346, 4, 373
4, 330, 3, 1505
4, 97, 3, 280, 3, 357, 3, 646
3, 15, 4, 88, 3, 331, 3, 820, 3, 963
4, 920, 4, 930, 3, 1136, 3, 1446
2, 104, 2, 165, 3, 281, 4, 514, 5, 707
3, 800, 5, 823, 5, 1283
3, 1106, 3, 1127, 4, 1510
2, 178, 3, 861
3, 615, 4, 671, 2, 1291, 3, 1447
3, 259, 3, 508, 4, 1008
3, 123, 3, 499, 3, 1425
3, 233, 4, 349
5, 73, 4, 649, 4, 1441
3, 1365
4, 17, 4, 289, 5, 1231
3, 41, 3, 1062
4, 124, 2, 153, 3, 796, 3, 823, 3, 1172
3, 230, 2, 286, 3, 290, 2, 397, 2, 480, 3, 979
3, 616, 3, 837, 3, 1353, 4, 1519, 4, 1529
4, 28, 4, 417, 4, 460, 2, 677
4, 200, 2, 238, 3, 311, 3, 720, 4, 1126
4, 2, 2, 884, 3, 1040
3, 19, 4, 102, 4, 984, 3, 1410, 4, 1466
3, 130, 5, 912
2, 485, 3, 995
4, 479, 4, 552, 4, 795, 3, 1251, 4, 1284, 3, 1301, 4, 1428
2, 89, 3, 188, 5, 725, 3, 1025, 3, 1087
4, 292, 4, 365, 3, 609, 4, 1097, 4, 1114, 3, 1241
3, 429, 4, 502, 3, 805, 4, 1234, 4, 1317
2, 302, 3, 379, 4, 772, 3, 978, 3, 1334
4, 595, 2, 1467, 3, 1538
3, 1369, 3, 1491
4, 17, 2, 460, 3, 715, 4, 1065
4, 110, 4, 133, 4, 177, 4, 393, 5, 593, 4, 703, 3, 1302
3, 729, 5, 923, 2, 1245, 4, 1305, 3, 1412, 4, 1422
2, 713, 3, 879, 4, 962, 2, 1183
2, 380, 4, 1316, 4, 1349
3, 420, 3, 449, 3, 570, 2, 1092, 2, 1135, 2, 1418, 4, 1558
2, 609, 2, 819, 2, 1025, 2, 1335
2, 91, 2, 912
5, 384, 4, 946, 3, 1472
2, 690, 4, 1172, 3, 1282, 4, 1366
5, 496, 3, 783, 5, 1339
2, 579, 4, 1089
4, 670, 2, 743, 4, 986
2, 148, 2, 897, 2, 1353
3, 371, 3, 710, 2, 1086
4, 121, 3, 564, 2, 793, 3, 820, 3, 1170
4, 491, 3, 794
2, 408, 2, 618, 3, 824, 2, 1133
5, 202, 3, 711, 2, 740, 4, 1027, 3, 1350, 4, 1410, 3, 1527
3, 126, 3, 255, 4, 398, 3, 1341
2, 1540
3, 835, 4, 952, 3, 1282, 2, 1377
4, 190, 4, 196, 2, 1538
4, 219, 3, 285, 4, 423, 2, 839, 2, 1148
5, 409, 4, 852, 3, 1125, 4, 1458, 5, 1495
4, 120, 3, 576, 4, 929, 4, 1096, 4, 1179
4, 825
3, 43, 2, 160, 4, 393, 4, 902, 4, 1345, 2, 1541
3, 296, 3, 467, 3, 529, 3, 1106, 4, 1166, 3, 1482
3, 70, 4, 303, 3, 813, 4, 1451, 3, 1512
4, 929
4, 979
3, 170, 4, 819, 3, 1002, 2, 1202, 3, 1212, 3, 1418
3, 307, 3, 777, 3, 983, 3, 1139
3, 201
3, 34, 3, 450, 3, 600, 3, 760, 3, 1388, 4, 1455, 4, 1542
3, 897
2, 454, 3, 691, 2, 724, 3, 741, 2, 841
3, 27, 2, 31, 4, 824
4, 830, 3, 1153, 3, 1319
4, 95, 4, 168, 4, 411, 3, 900, 3, 1044
3, 1000, 4, 1011, 3, 1217, 3, 1526
2, 185, 3, 245, 2, 361, 2, 594, 2, 1104, 2, 1133
3, 531, 3, 591, 3, 1279, 3, 1512
3, 298, 4, 420, 2, 840, 2, 1196
4, 291, 2, 304, 4, 474, 3, 853, 2, 1456, 3, 1546
3, 1000, 4, 1404
3, 550, 3, 886, 4, 1319
2, 717, 3, 873
3, 451, 4, 680, 4, 840, 4, 884, 4, 1100, 5, 1393, 4, 1543
3, 285, 4, 464, 3, 1293, 2, 1339, 2, 1476
4, 11
2, 28, 4, 111, 3, 332, 2, 611, 3, 1407, 3, 1420, 3, 1480
2, 249, 4, 947, 4, 1064, 4, 1297
3, 92, 2, 302, 4, 308, 3, 1217
2, 352, 3, 735, 2, 758, 3, 1500
2, 279, 3, 329, 4, 425, 4, 575, 2, 868, 3, 1511, 5, 1554
4, 145, 3, 211, 4, 348, 2, 764, 2, 1074
4, 238, 3, 681, 2, 954, 2, 1286, 4, 1324
4, 46, 3, 502, 3, 855, 4, 1022, 4, 1105
4, 75, 4, 751, 4, 905, 3, 951, 5, 1088, 4, 1144, 4, 1454
3, 222, 3, 393, 5, 455, 5, 1031, 4, 1092, 4, 1198, 4, 1281
4, 909, 3, 1418, 4, 1447
5, 116, 4, 166
2, 715, 3, 1524
3, 346, 4, 357, 3, 1112, 2, 1522
4, 36, 4, 479, 4, 1122, 5, 1149, 2, 1166, 6, 1499
3, 203, 3, 519, 3, 590, 4, 1062, 3, 1205, 3, 1538
2, 293, 3, 549, 3, 898, 4, 1408
3, 10, 4, 226, 4, 426, 3, 1135, 4, 1501, 3, 1524
3, 363, 3, 1132
4, 433, 4, 440, 3, 590, 3, 883, 2, 1112, 3, 1155, 3, 1438
3, 629, 3, 839, 3, 1045, 3, 1355
2, 110, 2, 1346
4, 404, 3, 1379, 3, 1492
5, 321, 5, 804, 4, 914, 3, 997
3, 542, 4, 970
3, 312, 3, 372, 3, 381, 3, 489, 3, 722, 4, 1037
3, 29, 2, 528, 3, 761, 3, 984, 3, 1338, 2, 1504
4, 125, 3, 292, 4, 947, 5, 1330, 2, 1446
3, 358, 2, 725, 3, 747, 4, 1007
3, 252, 2, 628, 3, 738, 3, 1554
2, 106, 3, 335, 4, 379, 3, 662, 3, 1215, 3, 1371
4, 129, 3, 146, 4, 418, 4, 1360
3, 1474
3, 253, 2, 282, 3, 925, 3, 952, 3, 1301
4, 359, 3, 415, 3, 419, 4, 526, 3, 609, 2, 1108, 3, 1341
3, 1542
3, 423, 2, 579
3, 589, 3, 799, 3, 806, 2, 1099, 4, 1249
3, 329, 3, 367, 3, 1255
4, 243, 2, 686, 3, 942, 3, 1058, 3, 1291, 3, 1328
2, 186, 5, 409, 4, 1268, 4, 1511
4, 749, 3, 1525
5, 273, 2, 323, 2, 833, 2, 982, 4, 1276, 4, 1505, 4, 1548
4, 1299
4, 100, 4, 356, 2, 733, 3, 843
3, 14, 4, 537, 2, 580, 4, 863, 3, 1003, 3, 1452
3, 4, 2, 347, 4, 620
2, 1296, 3, 1419
4, 41, 4, 484, 3, 1127, 3, 1154, 2, 1170, 4, 1503
3, 207, 2, 524, 3, 594, 4, 1066, 3, 1210, 3, 1543
3, 24, 3, 62, 3, 534, 2, 977, 3, 1233, 2, 1250
3, 1180, 4, 1318
4, 342, 4, 488, 4, 588, 3, 1124, 4, 1130, 3, 1424, 2, 1467
4, 19, 2, 102, 4, 123, 4, 323, 3, 618, 3, 1398, 3, 1421
3, 556, 4, 1044
3, 701, 3, 1377
3, 83, 2, 196, 3, 645
2, 526, 3, 802, 4, 1092
3, 753, 3, 1108
4, 416, 4, 859
4, 216, 3, 1458
3, 509, 2, 992, 2, 1102
3, 156, 3, 539
3, 152, 4, 306, 3, 489, 3, 766, 4, 855
4, 185, 4, 389, 4, 899, 3, 949, 2, 1048
3, 336, 2, 1152
4, 66, 4, 896, 4, 942, 3, 1135, 5, 1445
4, 133, 3, 775, 3, 979, 4, 1195, 4, 1225
2, 440, 3, 816
2, 1532
3, 523, 2, 567, 4, 1409, 2, 1438
3, 13, 4, 124, 3, 207, 2, 723, 2, 1089, 3, 1526
4, 104, 3, 287
3, 1113, 4, 1157, 2, 1440
3, 187, 2, 397, 3, 404, 2, 1313
3, 38, 2, 447, 4, 830
3, 157, 2, 1059
3, 126, 3, 1008
4, 272
3, 28, 3, 139, 3, 222, 3, 721, 3, 1530
3, 119, 2, 165, 3, 302, 4, 668, 3, 735, 2, 847, 2, 1523
3, 315, 3, 618
2, 232, 4, 648, 3, 958
3, 198, 4, 381, 4, 748
4, 6, 3, 1094
4, 379, 4, 589, 3, 595, 3, 749, 4, 1504
3, 532, 4, 961
3, 206, 3, 266, 3, 372, 3, 383, 3, 616, 4, 1028
3, 20, 2, 519, 3, 752, 4, 975, 3, 1328, 4, 1495
4, 60, 3, 962
3, 16, 4, 179, 4, 422, 5, 971, 4, 1295, 4, 1498, 2, 1554
4, 146, 4, 632, 3, 1448
3, 195, 3, 229, 3, 256, 3, 372, 4, 605, 3, 1115, 3, 1558
3, 120, 3, 137, 3, 409, 4, 1351
4, 270, 4, 359, 2, 463, 3, 786, 4, 952, 3, 962, 4, 1368
3, 350, 2, 410, 2, 1099
3, 17, 2, 144, 3, 573, 2, 1326
2, 111, 3, 177, 2, 317, 3, 473, 4, 1199, 3, 1452
4, 31, 3, 191, 2, 886, 3, 1023, 4, 1439
4, 54, 4, 404
4, 58, 2, 308, 3, 397, 3, 470, 3, 713, 4, 1346
3, 134, 3, 240, 3, 244, 5, 1059, 5, 1315
2, 720, 3, 876
4, 392, 3, 441, 2, 446, 4, 595, 4, 691, 4, 824, 3, 835, 4, 841, 4, 1350
3, 42, 2, 86, 4, 369, 3, 508, 3, 1078
4, 79, 3, 322, 3, 555, 3, 1192, 3, 1508
3, 83, 4, 172, 2, 599, 3, 765, 4, 776, 4, 1421
3, 163, 3, 220, 3, 330, 3, 413, 4, 912, 4, 1198
3, 673, 3, 763
5, 130, 4, 286, 4, 1012, 4, 1135
3, 656, 3, 823, 3, 906, 3, 1405
2, 166, 3, 788
4, 588, 4, 765
2, 299, 3, 489, 3, 882, 2, 1065
3, 213, 4, 529, 3, 1072, 3, 1135
2, 386, 5, 463, 2, 819
4, 97, 4, 120, 3, 690, 4, 889, 3, 1002, 3, 1079, 3, 1472
2, 161, 4, 233, 3, 537, 3, 643, 4, 1049
4, 34, 3, 710, 3, 866
3, 443, 4, 810, 3, 833, 3, 1292, 2, 1402
2, 441, 3, 1100, 4, 1223, 2, 1229, 3, 1522
2, 181, 4, 451, 3, 790, 2, 1106
2, 301, 3, 917
3, 545, 4, 1387
3, 218, 5, 279, 2, 385, 3, 395, 4, 628, 4, 1454
4, 1410, 3, 1493
3, 66, 2, 76, 3, 282, 3, 592, 4, 1241, 3, 1245
4, 632, 3, 1308
4, 187
2, 54, 2, 137, 3, 636, 3, 1445, 3, 1502
5, 120, 5, 197, 3, 397, 5, 487, 4, 553, 5, 1495
2, 118, 2, 334
4, 424, 5, 440, 2, 511, 5, 561, 4, 977, 3, 983, 3, 1127
3, 8, 5, 444, 4, 600, 2, 800, 3, 1326, 4, 1382, 4, 1403
2, 71, 3, 448, 3, 554, 4, 558, 4, 1290, 3, 1373
4, 21, 3, 525, 3, 598, 3, 841, 4, 1330, 3, 1473
3, 367, 3, 371, 4, 1187, 4, 1443
2, 854, 3, 883
3, 338, 4, 654, 3, 1287
3, 5, 3, 248, 3, 481, 3, 1117, 3, 1434
4, 9, 4, 98, 4, 525, 4, 691, 5, 1346
2, 1190, 3, 1400
3, 35, 3, 52, 4, 122, 4, 595, 2, 738, 3, 1071
3, 62, 4, 505, 3, 1111, 3, 1148
2, 439, 3, 1348
3, 528, 3, 545, 3, 615, 3, 665, 4, 1231
4, 143, 3, 652, 4, 1291, 3, 1351, 3, 1468
4, 746, 2, 758, 2, 769, 3, 925, 3, 1008, 3, 1228, 2, 1507
3, 1104, 4, 1164, 2, 1281, 4, 1514
4, 212, 3, 422, 4, 428, 2, 871
3, 62, 3, 472, 3, 855, 3, 865, 2, 878, 2, 1547
3, 36, 4, 126, 5, 429, 3, 442, 3, 613, 4, 991, 4, 1074
3, 542, 4, 579, 2, 829, 2, 929, 2, 1052, 4, 1351, 2, 1384
3, 493, 2, 1188
3, 214, 3, 357, 3, 690, 2, 1229, 3, 1300
3, 95, 3, 417, 3, 477, 2, 583, 2, 594, 3, 827, 2, 1336
4, 244, 4, 261, 2, 534, 4, 804, 2, 866, 2, 1476, 4, 1526
3, 518, 3, 830, 2, 1300, 4, 1367, 2, 1506
5, 851, 4, 980, 4, 1456
4, 1020
3, 1403
3, 211, 3, 854, 5, 881, 3, 1230, 5, 1326
3, 288, 3, 344, 2, 454, 2, 538, 3, 1037, 3, 1492
4, 19, 4, 674, 3, 895, 4, 1173, 3, 1410
2, 518, 4, 734
3, 841, 4, 1383
3, 1184, 3, 1440
3, 98, 2, 974, 3, 1167, 3, 1477, 4, 1490
4, 262, 5, 904, 3, 1042, 4, 1065, 3, 1108, 3, 1324
2, 162, 3, 1287, 2, 1358, 5, 1364
2, 330, 4, 519, 3, 1022, 3, 1095, 2, 1338
4, 169, 3, 446, 3, 585, 4, 895
3, 432, 3, 492, 2, 598, 3, 609, 3, 842, 2, 938, 3, 1254
3, 405, 3, 549, 4, 881, 4, 1420, 3, 1491
3, 286, 4, 1022, 3, 1189
3, 402, 2, 673, 2, 1012, 3, 1085, 3, 1328
3, 369, 3, 885, 4, 989
4, 539, 4, 585, 3, 1089, 5, 1268
4, 44, 3, 992
3, 666, 4, 832, 4, 915, 3, 1136
4, 333, 3, 1269, 4, 1302
3, 167, 3, 1053, 3, 1082
3, 463, 3, 896, 3, 1106, 4, 1112, 4, 1266, 4, 1406, 3, 1555
2, 1489
2, 5, 3, 222, 4, 288, 4, 428, 3, 584, 3, 783, 2, 1310
3, 154, 2, 174, 2, 557, 4, 580, 3, 1323
3, 241, 3, 397, 4, 963, 4, 1123, 2, 1179, 3, 1246
4, 810, 3, 947, 4, 1363, 4, 1513
4, 84, 4, 95, 4, 328, 4, 960, 4, 1153, 3, 1476, 3, 1536
4, 464, 4, 1101
3, 119, 3, 202, 2, 458, 3, 834, 3, 941, 4, 945
3, 408, 2, 984
3, 32, 4, 142, 4, 225, 3, 741, 2, 1107, 2, 1544
5, 122, 4, 305
3, 1131, 3, 1175, 2, 1458
3, 206, 2, 416, 3, 422, 2, 1331
3, 169, 3, 192, 3, 824, 3, 861, 2, 934, 3, 1344
2, 208, 4, 811, 4, 974, 3, 1217
2, 1361
3, 258, 3, 774, 4, 878
4, 526, 4, 572, 4, 1075, 5, 1254
3, 882, 2, 1491
3, 721, 3, 805, 3, 1025
3, 455, 4, 459, 4, 1275, 3, 1531
3, 153, 3, 1039, 3, 1068
3, 353, 4, 785, 3, 995, 4, 1002, 3, 1295, 3, 1445
4, 7, 3, 350, 2, 533, 2, 610, 4, 912, 2, 1003, 3, 1015, 3, 1132, 4, 1186, 4, 1334
4, 57, 2, 77, 3, 460, 4, 986
4, 169, 3, 286, 3, 519
4, 173, 2, 190, 3, 1461
4, 24, 4, 496, 3, 639, 2, 972, 2, 1494, 3, 1511
4, 406, 2, 635, 3, 1012, 3, 1521
2, 437, 3, 932
3, 200, 2, 250, 3, 526, 3, 543, 4, 816
3, 44, 3, 1192, 4, 1252, 2, 1369
3, 106, 2, 316, 3, 765
4, 79, 3, 146, 3, 285, 4, 435, 3, 595, 4, 1427
3, 888, 4, 1171, 3, 1311, 2, 1467
4, 279, 4, 335, 2, 445, 3, 528, 2, 1028, 3, 1483
4, 10, 4, 665, 3, 885, 4, 1164, 2, 1401
4, 173, 4, 606, 4, 822
3, 845, 3, 1049, 3, 1249, 3, 1361, 3, 1465
3, 150, 3, 1036, 3, 1479
2, 350, 3, 992, 4, 1196, 3, 1292, 4, 1412, 3, 1442
5, 187, 4, 250, 2, 909, 3, 1446
5, 223, 4, 1199, 3, 1311
3, 529, 3, 955, 3, 1012, 3, 1122, 3, 1205
2, 63, 4, 845, 4, 1188, 4, 1265
3, 420, 2, 826, 4, 996, 4, 1375
4, 21, 4, 493, 3, 637, 3, 969, 4, 1492, 3, 1508
4, 404, 3, 1009, 2, 1046, 3, 1519
2, 434, 3, 1343
3, 524, 3, 540, 3, 611, 3, 661, 4, 1227
3, 41, 4, 1189, 4, 1249, 2, 1366
3, 507, 2, 711, 5, 927, 3, 956
3, 1047
4, 421, 3, 1357, 4, 1390
3, 255, 3, 1141, 3, 1170
4, 454, 4, 887, 3, 1097, 3, 1103, 2, 1257, 5, 1396, 4, 1546
2, 617, 3, 800, 3, 1077, 2, 1166
4, 24, 5, 340, 3, 973
4, 8, 3, 251, 3, 484, 3, 707, 3, 1023
2, 109, 3, 198, 4, 388, 2, 625, 2, 791, 3, 1446
4, 92, 2, 148, 2, 258, 4, 342, 3, 841, 3, 1224
4, 285, 4, 788
3, 156, 4, 312, 3, 1038, 3, 1161
3, 268, 4, 435, 3, 518, 3, 1017
5, 541, 5, 641, 2, 1107, 4, 1177, 3, 1184, 2, 1477, 2, 1539
3, 671, 2, 1037, 3, 1320, 2, 1474, 3, 1520
4, 1131
4, 505, 3, 1514
2, 29, 2, 754, 3, 1008, 3, 1291, 3, 1430
3, 142, 2, 458, 2, 529, 4, 1001, 3, 1145, 2, 1478
4, 469, 5, 912, 3, 1168, 4, 1184, 5, 1517, 3, 1555
4, 510, 4, 732
2, 90, 3, 466, 3, 572, 4, 576, 4, 1308, 3, 1392
4, 40, 3, 543, 3, 616, 3, 859, 3, 1348, 3, 1491
3, 385, 4, 390, 3, 1205, 4, 1461
2, 872, 3, 901
4, 356, 5, 672, 4, 1305
4, 169, 4, 402, 3, 1039, 4, 1355, 4, 1484
2, 27, 3, 116, 3, 543, 3, 709, 3, 1365
2, 1208, 3, 1419
4, 44, 3, 516, 2, 659, 3, 992, 4, 1514, 3, 1531
3, 80, 4, 523, 3, 1129, 3, 1166
2, 457, 3, 1366
3, 546, 3, 563, 3, 634, 3, 684, 4, 1249
4, 161, 3, 670, 5, 1309, 4, 1369, 4, 1486
3, 84, 3, 107, 2, 263, 3, 567
4, 733, 3, 1073, 4, 1322, 2, 1449
3, 64, 3, 634, 2, 946, 4, 1199, 4, 1482
2, 111, 3, 720, 4, 747, 2, 1047, 2, 1063, 3, 1193, 3, 1336
3, 231, 2, 514
3, 1030, 3, 1330, 3, 1363, 4, 1380, 4, 1479
2, 1177
2, 385, 2, 1044, 3, 1167, 2, 1173, 3, 1466
2, 125, 4, 395, 3, 734, 2, 1050
2, 245, 3, 861
3, 498, 3, 532, 3, 1120, 3, 1150
3, 44, 3, 769, 2, 826, 2, 1445
3, 250, 2, 1558
2, 283, 4, 293, 4, 809
3, 599
3, 379, 4, 423, 2, 1265, 3, 1294, 4, 1435
3, 63, 4, 562, 2, 795, 3, 1371, 3, 1431, 3, 1538
3, 102, 4, 1005
4, 1435
4, 316, 2, 553, 4, 586, 4, 603, 3, 703, 2, 925
4, 70, 2, 626, 2, 1341, 2, 1379
2, 370, 3, 526, 3, 726, 3, 1092, 5, 1252, 4, 1308, 5, 1375
3, 480, 3, 484, 3, 873, 3, 1276, 3, 1299, 2, 1555
2, 340, 4, 1316
3, 377, 4, 1157, 2, 1180, 4, 1223, 3, 1440
3, 215, 4, 248, 3, 837, 2, 937, 3, 1473
3, 537, 2, 1113
5, 190, 3, 556, 4, 993, 4, 1039
3, 400, 3, 777, 3, 1289
4, 511, 3, 627, 3, 860
4, 101, 3, 117, 3, 1389
4, 48, 4, 520, 2, 664, 3, 997, 3, 1519, 3, 1536
4, 431, 3, 1036, 2, 1074, 3, 1546
2, 364, 3, 1273
3, 470, 3, 541, 4, 551, 4, 688, 4, 1254
3, 68, 4, 1217, 4, 1277, 2, 1393
3, 534, 2, 738, 4, 954, 2, 984
3, 199, 3, 575, 4, 584, 2, 588, 4, 967, 3, 977, 4, 1501
5, 43, 4, 652, 3, 1424, 5, 1457, 3, 1474
2, 9, 4, 1174, 4, 1557
2, 62, 4, 122, 2, 228, 5, 239, 3, 884, 3, 1104
4, 1087, 2, 1144, 3, 1254, 3, 1337
3, 755, 3, 1277, 3, 1310
4, 43, 5, 269, 4, 419, 3, 685, 3, 1158
4, 868
3, 65, 3, 203, 2, 515, 3, 619
3, 2, 2, 325, 2, 501
2, 119, 2, 728, 4, 1044, 4, 1533
3, 538, 3, 1480
3, 492, 3, 526, 3, 1114, 2, 1241
3, 426, 3, 835, 4, 1274, 2, 1305, 2, 1414
5, 856, 4, 985, 4, 1461
3, 146, 3, 246, 4, 369, 3, 668
3, 240, 3, 446, 2, 1328
3, 349, 2, 459, 4, 542, 2, 1424, 4, 1447
2, 59, 4, 182, 4, 958
2, 259, 3, 415, 4, 981, 4, 1141, 2, 1197, 3, 1264
4, 829, 3, 966, 3, 1278, 4, 1382, 3, 1532
4, 1554
2, 849, 3, 1005
2, 812, 3, 1016, 4, 1111, 3, 1232, 4, 1261
3, 137, 4, 220, 4, 476, 2, 726, 2, 853
3, 237, 3, 349, 2, 426, 2, 819, 3, 1003
3, 124, 3, 451, 4, 740
3, 141, 3, 324, 4, 401, 2, 690, 4, 756, 3, 1539
4, 224, 2, 434, 3, 440, 5, 1349
3, 187, 3, 210, 3, 842, 3, 880, 2, 953, 3, 1362
2, 227, 4, 830, 4, 992, 3, 1235
2, 1379
4, 277, 4, 792, 5, 896
4, 544, 3, 590, 3, 1093, 4, 1272
3, 900, 2, 1509
3, 740, 3, 823, 3, 1043
3, 473, 4, 477, 4, 1293, 3, 1549
3, 171, 3, 1057, 4, 1086
3, 371, 4, 804, 3, 1014, 4, 1020, 3, 1313, 3, 1463
4, 25, 3, 271, 2, 551, 2, 628, 4, 930, 2, 1021, 3, 1034, 4, 1053, 4, 1204, 4, 1353
3, 75, 3, 96, 3, 478, 3, 1004
4, 188, 3, 304, 3, 537
4, 192, 2, 208, 3, 1479
4, 42, 4, 514, 3, 658, 2, 991, 3, 1513, 3, 1529
4, 425, 2, 654, 3, 1030, 3, 1540
2, 455, 3, 950
3, 218, 3, 268, 4, 545, 3, 561, 5, 834
3, 62, 3, 1210, 4, 1271, 3, 1387
3, 54, 2, 165, 3, 248, 3, 747, 3, 1556
4, 145, 4, 328, 3, 405, 3, 605, 4, 694, 4, 761, 2, 1287
3, 645, 3, 755
3, 192, 3, 408, 3, 718, 2, 1346, 3, 1367, 3, 1550
4, 31, 3, 757, 4, 814, 2, 1433
3, 402, 4, 651, 3, 1150
4, 688, 3, 721, 3, 805, 3, 1060, 3, 1310, 3, 1410, 4, 1437
3, 428, 4, 632, 4, 728, 4, 877
3, 478, 2, 482, 4, 861, 3, 871, 3, 1387
3, 176, 3, 219, 4, 502, 3, 642, 4, 1212
5, 115, 4, 359, 4, 592, 3, 1228, 3, 1544
4, 217, 4, 306, 2, 732, 3, 899, 3, 909, 4, 1554
3, 256, 3, 269, 3, 366, 3, 1078, 3, 1328, 2, 1332
2, 30, 2, 119, 3, 546, 3, 712, 2, 1368
3, 1008, 2, 1211
3, 56, 3, 73, 4, 144, 4, 616, 2, 759, 2, 1092
3, 83, 4, 526, 2, 755, 3, 1132
2, 460, 3, 955
3, 223, 3, 273, 3, 549, 3, 566, 4, 839
4, 164, 3, 673, 4, 1312, 4, 1372, 3, 1489
5, 353, 3, 780, 3, 790, 3, 836, 3, 946, 3, 1029, 4, 1528
2, 344, 3, 404, 3, 521, 4, 754, 3, 850
4, 943, 5, 966, 5, 1426
3, 94, 3, 1249, 3, 1270
2, 176, 4, 342, 4, 997, 3, 1218, 4, 1380, 5, 1497
2, 1201, 3, 1257, 3, 1368, 2, 1451
4, 455, 2, 1390, 3, 1424
2, 156, 3, 385, 3, 429, 4, 1271
4, 585
3, 952
3, 143, 4, 792, 2, 975, 2, 1175, 3, 1185, 2, 1391
3, 280, 3, 750, 2, 956, 3, 1526
3, 174
3, 573, 2, 1515
5, 113, 2, 147, 3, 1149, 4, 1276
2, 144, 3, 870, 2, 1340, 4, 1406, 3, 1546
4, 1020, 4, 1496
2, 4, 3, 820, 3, 1490
3, 75, 3, 79, 4, 1283, 2, 1400
4, 312, 3, 541, 4, 701, 4, 744, 4, 961, 4, 1404
3, 212, 3, 457, 2, 994, 2, 1000, 4, 1154, 3, 1337
2, 354, 4, 558, 4, 774, 2, 803
4, 404, 4, 408, 4, 786, 3, 797, 3, 1223, 2, 1479
4, 264, 3, 472, 4, 544, 2, 788, 3, 1337, 3, 1526
3, 1377, 3, 1387
4, 135, 3, 201, 3, 1144, 3, 1327, 3, 1404
2, 309
2, 126, 3, 182, 3, 292, 3, 375, 4, 891, 3, 1257, 2, 1280
3, 99, 4, 415, 4, 798, 4, 914, 3, 1147, 3, 1151
4, 362, 3, 716, 3, 965, 3, 1465
4, 69, 4, 606, 4, 612, 4, 766, 4, 905, 3, 949, 3, 1381
3, 2, 4, 282, 3, 585, 2, 782, 3, 805
3, 348, 3, 419, 5, 425, 2, 718, 4, 781, 4, 1440
2, 196, 3, 248, 2, 458, 3, 605, 3, 758, 3, 908, 3, 988, 2, 999, 2, 1011, 3, 1514
4, 73, 5, 466, 4, 1028, 3, 1554
4, 146, 4, 389, 2, 622, 4, 845, 3, 1161, 2, 1231
3, 409, 3, 526, 3, 759, 2, 1268
4, 87, 5, 1225, 3, 1428
3, 176, 4, 411, 2, 723, 4, 827
4, 617, 3, 939, 4, 1105
2, 954, 2, 1027, 3, 1270
4, 18, 2, 767
3, 301, 4, 311, 4, 1476, 3, 1480
2, 424, 3, 774, 3, 1283
3, 15, 3, 31
2, 81, 3, 208, 3, 337, 3, 580, 3, 813, 2, 1389, 3, 1450
3, 51, 5, 345, 2, 987, 2, 1031, 4, 1314, 4, 1460
3, 368, 3, 384, 3, 455, 4, 505, 4, 927, 3, 1071
4, 19, 4, 485, 4, 492, 3, 641, 3, 935, 3, 1207, 3, 1490
3, 891, 3, 1095, 3, 1294, 3, 1407, 3, 1511
3, 196, 3, 1082, 3, 1525
2, 395, 2, 1038, 4, 1242, 3, 1338, 4, 1458, 3, 1487
5, 233, 2, 295, 3, 955, 4, 1491
5, 269, 3, 1244, 3, 1357
3, 575, 4, 1001, 3, 1057, 4, 1168, 3, 1251
2, 109, 3, 891, 4, 1234, 4, 1311
3, 466, 2, 872, 4, 1042, 3, 1421
4, 66, 4, 539, 2, 682, 3, 1015, 3, 1537, 3, 1554
3, 6, 5, 449, 3, 1055, 3, 1092
2, 480, 3, 1389
3, 569, 3, 586, 3, 656, 3, 706, 4, 1272
4, 87, 3, 596, 5, 1235, 3, 1295, 4, 1412
4, 810
3, 161, 2, 223, 4, 833, 3, 860, 2, 1159, 3, 1176, 3, 1448
4, 344, 4, 627
4, 1475
3, 186, 2, 623, 3, 1378
2, 103, 3, 513, 4, 896, 3, 906, 2, 1422
3, 113, 2, 157, 4, 440, 3, 579, 3, 736
4, 150, 3, 297, 3, 627, 3, 849, 3, 1165
2, 154, 3, 244, 4, 433, 2, 670, 3, 837, 4, 1492
3, 138, 3, 194, 2, 304, 3, 387, 3, 887, 3, 1269
3, 21, 4, 214, 3, 524, 2, 537, 3, 597, 3, 703, 2, 714
4, 753
4, 134, 3, 783, 3, 966, 4, 1166, 2, 1176, 2, 1243, 4, 1382
2, 61, 3, 250, 3, 827
2, 67, 3, 323, 3, 567, 3, 800, 4, 1376, 4, 1436, 3, 1542
3, 331, 2, 974, 3, 1017, 3, 1350, 3, 1446
4, 408, 3, 574, 3, 657
3, 811, 3, 1480, 2, 1553
5, 1177, 3, 1293, 4, 1526, 3, 1530
4, 205, 3, 434, 4, 638, 4, 854, 3, 1297
3, 2, 4, 251, 3, 351, 3, 378, 3, 1187, 2, 1220
5, 552, 4, 1357, 3, 1374, 4, 1501
2, 265, 3, 578, 2, 788, 2, 994, 3, 1304, 3, 1534
2, 39, 3, 255, 4, 322, 3, 461, 3, 1031, 3, 1231, 4, 1343
3, 1367, 3, 1378
4, 126, 3, 192, 3, 1134, 3, 1317, 3, 1394
3, 169, 4, 202, 2, 219, 3, 319, 3, 1218, 4, 1428, 3, 1434
2, 782
4, 90, 5, 406, 4, 788, 4, 905, 3, 1138, 3, 1142
4, 256, 2, 609, 3, 859, 3, 1358
4, 60, 4, 596, 4, 603, 4, 756, 4, 896, 3, 940, 3, 1372
4, 773, 3, 796, 3, 952, 4, 1256, 4, 1551
4, 553, 5, 1089, 4, 1389
3, 1165, 3, 1208, 4, 1491
4, 239, 2, 449, 4, 456, 4, 1365
3, 89, 2, 499, 3, 882, 4, 905
2, 573, 4, 669
3, 640
4, 397, 2, 786, 4, 829, 3, 1039, 3, 1046, 4, 1489
2, 297, 3, 956, 2, 1079, 4, 1085, 3, 1239, 2, 1422
3, 521, 2, 1216
3, 184, 3, 254, 4, 727, 2, 1203, 2, 1426
4, 122, 2, 611, 2, 1487
3, 345, 2, 921
3, 677, 4, 1480
3, 561, 3, 1503
3, 612, 2, 645, 4, 1234, 4, 1334, 2, 1361
3, 196, 2, 745, 3, 828, 2, 935, 4, 1438, 2, 1511
4, 402, 2, 785, 3, 808, 3, 1550
4, 238, 2, 881, 4, 1258, 3, 1353
4, 172, 4, 371, 2, 482, 2, 565, 2, 1081, 2, 1447, 3, 1470
4, 46, 4, 702, 4, 1084, 4, 1201, 4, 1438
2, 113, 5, 502, 4, 762
2, 392, 3, 785, 5, 1188, 3, 1301, 4, 1405
2, 89, 4, 133, 4, 416, 4, 1125, 2, 1418
3, 272, 4, 443, 2, 505, 3, 1082, 3, 1142, 3, 1458
4, 549, 3, 726
2, 357, 4, 546, 4, 939
4, 114, 3, 170, 2, 174, 3, 280, 3, 363, 3, 862
3, 403, 4, 623, 4, 1139, 4, 1305
4, 77, 3, 110, 2, 127, 3, 226, 4, 1125, 2, 1335
3, 116, 3, 150, 2, 1152, 3, 1252
4, 50, 4, 776, 3, 832, 2, 1452
4, 163, 2, 517, 3, 767, 3, 1266
4, 407, 5, 413, 3, 706, 3, 750, 4, 1183, 4, 1428
2, 446, 3, 593, 2, 597, 3, 650, 3, 746, 3, 896, 3, 976, 3, 986, 2, 1413, 3, 1502
4, 61, 5, 454, 5, 1429, 3, 1542
3, 102, 5, 134, 3, 377, 2, 610, 2, 1246, 3, 1317
3, 811, 4, 927, 3, 1160, 4, 1256
2, 304, 3, 670, 3, 693, 2, 737, 5, 947, 3, 953
2, 204, 2, 986, 4, 993, 3, 1330
2, 464, 4, 627, 3, 1419
4, 295, 2, 378
4, 16, 4, 825, 5, 859, 4, 1198, 3, 1447
3, 80
4, 662, 3, 962, 3, 995, 4, 1012, 4, 1112
2, 230, 4, 606, 3, 712, 4, 716, 4, 1532
3, 200, 3, 670, 2, 876, 3, 1446
3, 94
3, 493, 3, 1436
4, 34, 3, 67, 3, 1069, 3, 1196
3, 693, 4, 1163, 3, 1230, 4, 1369, 4, 1525
4, 163, 4, 639, 3, 1178, 4, 1249
2, 1112, 2, 1449
4, 74, 2, 346, 4, 629, 3, 716, 3, 1182, 4, 1338
3, 194, 3, 210, 5, 281, 4, 897
3, 298, 4, 343, 3, 847
4, 21, 2, 570, 3, 759, 3, 1153, 3, 1336
3, 507, 3, 784, 3, 1073
3, 295, 2, 368, 3, 474, 3, 611, 4, 657, 3, 734, 3, 1090, 4, 1243, 4, 1350
3, 265, 4, 914, 3, 1097, 2, 1297, 3, 1307, 3, 1513
3, 305, 3, 775, 3, 981, 3, 1137
3, 199
4, 32, 3, 448, 3, 598, 3, 758, 3, 1386, 2, 1453, 4, 1540
2, 118, 4, 174, 4, 195, 4, 1150
2, 268, 4, 511, 2, 744, 3, 967, 3, 1283, 3, 1353
4, 531, 2, 648, 2, 881
4, 88, 4, 122, 3, 138, 4, 265
4, 1371
4, 89, 4, 173, 2, 429, 3, 805, 2, 915
3, 1075
2, 193, 3, 226, 3, 243, 2, 343, 3, 370, 5, 979
4, 1019, 5, 1395
3, 429, 3, 650, 3, 1166, 4, 1332
3, 783, 2, 816, 2, 833
3, 1139
4, 123, 3, 513, 3, 533, 3, 916, 2, 1442
4, 144, 3, 231, 4, 697, 4, 853, 2, 1419
3, 171, 4, 414, 3, 647, 4, 870, 3, 1186, 3, 1256
3, 454, 4, 1215
4, 73, 3, 317, 3, 806, 3, 866, 3, 949, 4, 1055, 3, 1559
3, 417
4, 257, 3, 673, 4, 856, 2, 933, 3, 1132, 3, 1222
3, 420, 2, 786, 4, 1069, 3, 1223
3, 630, 4, 703, 3, 1007, 2, 1435, 4, 1519
2, 503, 4, 580, 3, 973, 2, 1156, 2, 1179, 2, 1535
2, 744, 4, 1054
2, 12, 3, 135, 4, 910
2, 309, 3, 465, 4, 933, 4, 1191, 2, 1247, 3, 1313
4, 781, 3, 918, 3, 1334, 3, 1484
2, 55, 3, 827, 3, 931, 2, 944, 2, 1124, 2, 1177, 3, 1446
3, 268, 3, 295, 5, 611, 4, 1154, 3, 1216
3, 744, 3, 937, 3, 1260, 4, 1426
4, 675, 3, 974, 2, 1007, 4, 1024, 5, 1124
2, 336, 4, 742, 3, 1412, 3, 1484
3, 34, 2, 506, 3, 949
3, 234, 4, 666, 4, 876, 4, 883, 3, 1176, 3, 1326
3, 134, 4, 414, 2, 470, 2, 491, 4, 653, 4, 793, 2, 916, 5, 1215, 5, 1446
2, 91
4, 281, 3, 341, 3, 364, 2, 620, 2, 996, 3, 1102, 3, 1106
3, 1180, 4, 1324
3, 188, 3, 359, 5, 421, 4, 997, 3, 1058, 3, 1164, 4, 1247
3, 875, 2, 1384, 4, 1413
3, 179, 4, 229
3, 29, 2, 778
3, 312, 4, 323, 3, 1078, 2, 1487
3, 2, 3, 445, 3, 1088, 3, 1115, 3, 1132, 3, 1465
3, 43, 4, 266, 3, 582, 4, 653, 3, 1125, 4, 1268
4, 83, 3, 120, 3, 592, 5, 1035, 2, 1291, 4, 1308
3, 157, 2, 633, 4, 856
4, 463, 3, 1399, 3, 1432
3, 67, 2, 296, 3, 340, 4, 1182
2, 201, 3, 496, 4, 1276, 3, 1289, 3, 1299, 3, 1455, 3, 1538
2, 76, 2, 1312
4, 370, 3, 1345, 3, 1458
3, 676, 4, 1102, 4, 1158, 3, 1268, 4, 1352
3, 307, 3, 1089, 3, 1249, 4, 1432, 2, 1509
4, 47, 3, 284, 5, 317, 2, 334
2, 80, 4, 217, 3, 633, 2, 943
3, 132, 2, 1035
2, 165, 3, 691, 4, 748, 4, 768, 3, 931, 4, 1174, 2, 1367
3, 622, 4, 655, 3, 739, 3, 994, 4, 1244, 3, 1371, 3, 1481
3, 362, 3, 662, 4, 712, 3, 811
3, 805, 4, 1011, 4, 1321
3, 1440
3, 219, 2, 248, 3, 891, 4, 918, 3, 1267
4, 325, 3, 381, 3, 385, 4, 492, 3, 575, 2, 1074, 3, 1307
3, 1508
3, 389, 3, 545
4, 555, 3, 765, 6, 772, 2, 1065, 5, 1215
4, 295, 3, 333, 3, 1221
4, 126, 4, 243, 4, 476
3, 130, 2, 147, 3, 1418
3, 453, 3, 596, 2, 929, 3, 1468, 3, 1539
2, 725
3, 11, 2, 167, 2, 363, 3, 592, 2, 636, 4, 893, 3, 1016
2, 253, 2, 902, 3, 1285, 3, 1295, 2, 1501
4, 503, 2, 546, 4, 829, 3, 969, 2, 1418, 4, 1538
2, 313, 4, 586, 3, 1528
2, 1359, 4, 1482
3, 7, 3, 450, 3, 1093, 3, 1120, 2, 1136, 3, 1469
3, 173, 2, 490, 3, 560, 4, 1032, 3, 1176, 3, 1509
4, 87, 3, 125, 3, 597, 5, 1040, 2, 1296, 4, 1313
3, 541, 4, 763
2, 121, 3, 497, 3, 603, 4, 607, 5, 1340, 3, 1423
3, 186, 4, 259, 4, 502, 3, 1134, 4, 1240
3, 156, 4, 805, 2, 988, 2, 1188, 4, 1198, 3, 1404
3, 196, 3, 666, 2, 872, 3, 1441
4, 718, 3, 778, 4, 968, 4, 1467
4, 485, 4, 907
3, 246, 4, 362
4, 86, 3, 662, 3, 1041
2, 499, 4, 732, 4, 955, 3, 1308, 4, 1475, 3, 1558
3, 39, 2, 942
2, 73, 3, 599, 4, 655, 4, 676, 3, 838, 3, 1081, 2, 1275
4, 563, 2, 646, 3, 902, 3, 1152, 4, 1278, 4, 1389
2, 113, 3, 746, 3, 1355, 2, 1428
5, 453, 4, 600, 5, 779, 5, 796, 4, 1016, 3, 1068
3, 17, 4, 61, 4, 344, 3, 932
3, 583, 5, 1020
4, 100, 4, 261, 2, 1093, 3, 1369, 2, 1509
2, 157, 3, 207, 3, 303, 3, 746, 2, 1388, 3, 1415, 4, 1432
3, 769, 3, 906, 3, 1322, 3, 1472
4, 34, 2, 150, 4, 383, 3, 387, 4, 554, 3, 1209, 4, 1429
4, 360, 3, 837, 4, 1059
2, 141, 3, 174, 2, 763, 3, 863
4, 75, 2, 274, 3, 801, 2, 857, 2, 1477
4, 64, 2, 391, 4, 407, 3, 680, 3, 950
3, 5, 3, 515, 4, 831, 3, 1154, 4, 1214, 3, 1330
4, 621, 3, 681, 4, 871, 5, 1370
2, 388, 4, 810
3, 285, 3, 568
4, 73, 4, 971, 3, 1181, 3, 1481, 4, 1514, 4, 1531
3, 998, 4, 1098, 3, 1520, 4, 1554
3, 622, 4, 678, 2, 1298, 3, 1454
3, 363, 4, 613, 3, 1112
4, 552, 4, 586, 4, 669, 4, 925, 4, 1174, 4, 1301
3, 136, 4, 592, 4, 625, 3, 642, 4, 742, 3, 769, 3, 1378
4, 306, 4, 1142
3, 183
3, 367
2, 410, 3, 483, 3, 502, 3, 536, 3, 552, 4, 679, 3, 726
3, 20, 4, 120, 4, 542
2, 769, 2, 1411
3, 855, 4, 1465
2, 999, 4, 1109, 4, 1192
4, 323, 2, 360, 4, 433, 3, 843, 4, 1165, 4, 1248
2, 158, 2, 407, 3, 497, 3, 570, 2, 813, 3, 1445
3, 1019, 3, 1023
3, 25, 2, 70, 2, 208, 2, 264, 3, 574, 3, 753
3, 138, 3, 161, 2, 916
4, 434, 4, 444, 3, 960
3, 660, 5, 750
3, 118, 4, 687, 3, 887, 4, 1000, 3, 1470, 2, 1536
3, 47, 2, 324, 3, 463
4, 14, 4, 197, 4, 274
2, 522, 4, 599, 3, 992, 2, 1175, 3, 1198, 2, 1553
2, 665, 4, 975
3, 56, 2, 1491
5, 236, 5, 679, 4, 935, 4, 1284, 2, 1322
3, 812, 3, 922
4, 635, 2, 839, 2, 1151, 4, 1255
4, 316, 4, 826, 4, 1045, 5, 1269, 2, 1368, 4, 1525, 2, 1544
3, 293, 4, 1309
3, 11, 4, 94, 4, 350, 4, 726
4, 80, 3, 789, 3, 1311, 2, 1355
4, 319, 3, 802, 4, 912, 3, 995
3, 539, 4, 968
3, 213, 3, 273, 3, 379, 3, 390, 3, 623, 3, 1035
3, 27, 2, 526, 3, 759, 4, 982, 3, 1336, 4, 1502
4, 67, 3, 969
3, 100, 4, 626, 4, 682, 3, 703, 3, 866, 3, 1206, 2, 1302
4, 590, 2, 673, 3, 929, 3, 1179, 4, 1306, 3, 1416
3, 141, 3, 773, 3, 1383, 2, 1456
4, 577, 3, 627, 4, 904, 3, 920, 2, 1043, 3, 1193, 3, 1353
3, 305, 3, 511, 3, 1280, 5, 1393, 3, 1469
3, 390, 2, 717, 4, 734, 2, 1006
3, 407, 3, 867, 2, 956
4, 118, 3, 130, 4, 301, 2, 680, 2, 1283, 3, 1372
3, 827, 3, 1230
3, 55, 2, 843, 4, 997, 3, 1180
4, 5, 3, 95, 3, 168, 3, 411, 3, 1043
3, 72, 4, 1010, 3, 1214, 3, 1413, 3, 1526
4, 86, 3, 315, 4, 358, 5, 1201
3, 514
4, 125, 3, 498, 3, 668, 2, 731, 4, 1340, 2, 1367
3, 271
4, 454, 4, 1164
3, 760, 3, 970, 3, 977, 4, 1270, 3, 1320, 2, 1420
3, 325, 3, 787, 4, 984, 3, 1107, 3, 1407, 4, 1527
4, 302, 3, 352
2, 152, 2, 901, 2, 1454
4, 472, 3, 1188, 4, 1225
3, 222, 4, 665, 3, 921, 3, 1271, 2, 1308
4, 798, 4, 909
4, 719, 2, 923, 2, 1235, 3, 1339
3, 1129
3, 130, 4, 253, 4, 806, 3, 962, 4, 1484, 3, 1528
3, 9, 4, 170, 4, 952, 2, 1002, 3, 1278, 3, 1418
4, 66, 3, 775, 4, 1298, 2, 1341
4, 305, 3, 788, 4, 898, 3, 981
3, 526, 4, 954
3, 296, 4, 357, 4, 463, 3, 473, 4, 706, 4, 1118
3, 13, 2, 513, 4, 746, 4, 968, 3, 1322, 4, 1488
3, 150, 2, 1053
3, 183, 4, 710, 4, 766, 5, 787, 3, 949, 3, 1192, 2, 1386
4, 188, 4, 271, 3, 527, 3, 777, 3, 904
2, 911
3, 292, 2, 325, 3, 341, 2, 441, 2, 468
3, 42, 2, 46, 4, 425
3, 165, 3, 488, 3, 548, 2, 654, 2, 664, 3, 897, 2, 1407
3, 937
2, 454
3, 931, 3, 1307
2, 341, 4, 465, 3, 1147
3, 978, 3, 1554
3, 119, 3, 142, 3, 1311
4, 36, 5, 56, 5, 143, 2, 425, 3, 445, 4, 609, 4, 765, 3, 828, 2, 1331, 5, 1354
3, 83, 3, 326, 3, 559, 4, 782, 3, 1098
3, 176, 4, 189, 2, 355, 4, 366, 2, 1231, 3, 1424
3, 3, 2, 223, 2, 502, 2, 1299, 3, 1311, 2, 1478
4, 263, 3, 352, 3, 456, 4, 779, 3, 945, 3, 956
3, 698, 4, 1125, 4, 1181, 3, 1291, 4, 1374
2, 232, 2, 1015, 4, 1358, 4, 1435
2, 492, 2, 898, 4, 1068, 2, 1447
3, 103, 3, 119, 3, 190, 3, 662, 2, 806, 3, 1139
3, 130, 4, 573, 3, 1178, 4, 1216
3, 603, 3, 1512
3, 693, 3, 709, 4, 780, 4, 830, 4, 1246, 4, 1396
4, 160, 3, 1163, 4, 1392, 4, 1435
5, 933
3, 983
3, 174, 4, 823, 2, 1006, 2, 1206, 4, 1216, 3, 1422
3, 704, 2, 1174, 4, 1380
3, 358, 3, 404, 2, 514, 3, 598, 3, 1480
2, 115, 3, 238, 3, 1014
3, 206, 4, 272, 2, 412, 3, 568, 3, 768, 5, 1294, 2, 1547
3, 818, 3, 1221
3, 46, 2, 834, 4, 988, 3, 1171
3, 153, 2, 403, 4, 492, 4, 565, 2, 808, 4, 1441
3, 1014, 3, 1018
3, 117, 3, 163, 4, 300, 3, 356, 3, 666, 3, 679, 3, 845
3, 146, 3, 396
3, 205, 2, 294, 3, 461, 2, 943, 4, 947, 3, 1326, 3, 1336
3, 161, 2, 178, 2, 304, 4, 914, 3, 1230
3, 261, 3, 271, 3, 787
4, 674
3, 48, 3, 491, 3, 1134, 3, 1177, 2, 1510
4, 568, 4, 734, 4, 818
4, 83, 3, 155, 3, 971
4, 128, 3, 132, 4, 638, 2, 1337, 4, 1453
3, 732, 5, 755
4, 99, 2, 249, 2, 1037, 3, 1104, 3, 1241, 3, 1553
3, 386, 3, 669
3, 1517
3, 542
2, 153, 3, 525, 3, 696, 2, 758, 4, 1368, 2, 1394
3, 299
3, 482, 3, 1191
3, 788, 3, 998, 3, 1004, 4, 1297, 3, 1347, 2, 1447
3, 255, 3, 815, 4, 915, 4, 1037, 3, 1337, 4, 1457
5, 329, 3, 379
3, 180, 2, 928, 2, 1384
4, 402, 3, 1118, 5, 1155
3, 153, 4, 596, 4, 852, 4, 1201, 2, 1238
3, 826, 3, 936
4, 649, 2, 853, 2, 1165, 4, 1269
2, 116, 3, 409, 4, 638, 2, 681, 3, 842, 3, 964, 3, 1518
2, 668, 4, 978
4, 473, 3, 479, 4, 835, 2, 1494
2, 226, 4, 808
3, 39, 2, 748, 3, 1114, 3, 1181, 3, 1397, 3, 1551
3, 32, 3, 215, 2, 292, 2, 492, 4, 582, 4, 648, 2, 1174
3, 629, 3, 739
3, 656, 5, 1072, 2, 1382
4, 622, 3, 805, 3, 1172
4, 17, 3, 992, 2, 1421
3, 736, 4, 1219, 4, 1329, 4, 1412
3, 543, 4, 1385
3, 216, 4, 276, 2, 383, 3, 393, 2, 626, 4, 1452
3, 30, 3, 1505
3, 64, 2, 74, 4, 280, 3, 590, 4, 1239, 3, 1243
4, 630, 3, 1306
4, 124, 3, 573, 3, 1472
5, 93, 4, 243, 4, 403, 5, 1235, 4, 1445, 4, 1512
4, 696, 3, 979, 4, 1119, 2, 1275
4, 87, 3, 143, 2, 253, 2, 337, 3, 836, 3, 1292
3, 473, 4, 694, 4, 1210, 4, 1376
3, 827, 2, 860, 2, 877
4, 1280
5, 261, 3, 265, 2, 654, 4, 1057, 5, 1080, 3, 1170
2, 65, 4, 121, 4, 1097, 4, 1286
4, 44, 2, 215, 4, 277, 3, 914
2, 58, 3, 1183, 4, 1254, 4, 1260
4, 129, 3, 215, 4, 458, 3, 1196
5, 188, 4, 797, 3, 1140, 4, 1269
3, 398, 3, 814, 3, 997, 3, 1053, 2, 1074, 3, 1273, 3, 1363
3, 45, 2, 545, 3, 778, 4, 1000, 3, 1354, 4, 1520
3, 85, 2, 988
2, 118, 3, 644, 4, 701, 3, 818, 3, 981, 4, 1224, 2, 1320
4, 575, 4, 608, 4, 692, 4, 948, 4, 1197, 4, 1324, 4, 1434
3, 412, 3, 712, 4, 762, 3, 862
3, 855, 2, 1061, 3, 1371
4, 224, 4, 683, 2, 773
2, 212, 4, 795
4, 25, 2, 734, 4, 1100, 3, 1167, 3, 1383, 3, 1537
5, 19, 5, 202, 5, 279, 3, 478, 4, 568, 4, 634
2, 199, 4, 415, 3, 1324
3, 642, 5, 1058, 2, 1368
4, 609, 4, 792, 4, 1158
4, 881, 3, 1408, 5, 1464
3, 722, 4, 1205, 3, 1315, 3, 1398
3, 529, 4, 1371
3, 203, 3, 263, 2, 369, 3, 379, 2, 612, 4, 1438
3, 17, 3, 1492
3, 50, 3, 60, 4, 266, 3, 576, 4, 1225, 3, 1229
3, 616, 2, 1292
4, 346, 4, 779, 3, 989, 3, 995, 3, 1149, 4, 1438
3, 246, 2, 905, 3, 1028, 3, 1188, 3, 1371, 4, 1448
3, 21, 4, 470
3, 133, 3, 204, 3, 676, 2, 1152, 2, 1375
3, 460, 4, 680, 4, 1196, 4, 1362
3, 813, 2, 846, 2, 863
3, 723, 4, 1266
3, 1066, 3, 1322
5, 856, 4, 1050, 5, 1360, 3, 1539
3, 1023, 4, 1166
2, 128, 4, 361, 5, 937, 4, 997, 4, 1006, 5, 1089
3, 82, 3, 404, 3, 464, 2, 571, 2, 581, 3, 814, 2, 1324
3, 248, 3, 377, 4, 521, 2, 833, 4, 854, 3, 1110, 4, 1463
2, 577, 2, 873
3, 883, 4, 1093, 4, 1100, 5, 1393, 4, 1443, 3, 1543
4, 1007
3, 1390
3, 454, 3, 804, 3, 1313
3, 458, 4, 475
3, 275, 5, 525, 3, 1024
4, 464, 3, 498, 3, 581, 3, 837, 4, 1086, 3, 1213
2, 145, 2, 601, 4, 634, 3, 651, 4, 751, 3, 778, 3, 1387
4, 464, 4, 470, 2, 826, 2, 1485
2, 104, 3, 347, 3, 896, 4, 1086, 4, 1479
2, 622
4, 1022, 4, 1431
5, 23, 3, 206
3, 1032, 3, 1076
2, 379, 2, 649, 4, 713, 4, 763, 3, 863
3, 151, 3, 464, 2, 846
3, 124, 3, 128, 3, 294, 3, 950, 5, 1332, 3, 1449
3, 344, 4, 577, 4, 800, 4, 1153, 4, 1320, 4, 1403
2, 304, 3, 364, 2, 471, 2, 481, 2, 714, 4, 1540
3, 21, 3, 1496
4, 55, 5, 65, 4, 271, 3, 581, 2, 1230, 3, 1234
3, 18, 3, 411, 4, 594, 3, 617, 4, 1386, 4, 1499
3, 84, 4, 394, 2, 633, 3, 1043, 3, 1426, 4, 1436
2, 5, 2, 531, 4, 608, 3, 1001, 2, 1184, 2, 1207
2, 674, 4, 984
4, 65, 2, 1500
5, 245, 5, 688, 4, 944, 4, 1294, 2, 1331
3, 821, 3, 931
4, 645, 2, 848, 2, 1160, 4, 1264
4, 228, 4, 738, 4, 1054, 5, 1278, 2, 1377, 4, 1437, 3, 1553
3, 303, 4, 1318
2, 20, 3, 103, 4, 359, 4, 735
4, 89, 3, 798, 3, 1320, 2, 1364
5, 328, 5, 811, 4, 921, 3, 1004
3, 549, 4, 977
3, 222, 3, 282, 3, 389, 3, 399, 3, 632, 3, 1044
3, 36, 2, 536, 3, 768, 4, 991, 3, 1345, 4, 1511
4, 76, 3, 979
3, 109, 4, 635, 4, 692, 3, 712, 3, 875, 3, 1118, 2, 1311
4, 599, 2, 683, 3, 938, 3, 1188, 4, 1315, 3, 1425
3, 150, 3, 782, 3, 1392, 2, 1465
3, 586, 3, 636, 4, 913, 3, 929, 2, 1052, 3, 1202, 3, 1362
4, 314, 3, 520, 4, 1289, 5, 1402, 3, 1479
3, 400, 2, 726, 4, 743, 2, 1015
4, 416, 4, 876, 3, 965
4, 127, 3, 140, 4, 310, 3, 689, 2, 1292, 3, 1381
3, 836, 3, 1239
3, 64, 2, 852, 4, 1006, 3, 1189
4, 74, 2, 324, 4, 413, 4, 486, 4, 730, 5, 1362
2, 21, 2, 277, 3, 527, 2, 654, 3, 760, 4, 764, 3, 1496
4, 1536
5, 560
3, 34, 2, 97, 4, 733, 3, 1422
3, 976, 3, 983, 3, 1339
3, 500, 3, 1209
3, 806, 2, 1016, 3, 1022, 5, 1316, 3, 1365, 3, 1465
3, 15, 3, 371, 2, 930, 4, 1030, 4, 1153, 4, 1452, 2, 1496
3, 54, 3, 254, 3, 364, 2, 963, 2, 1329, 2, 1352
3, 191, 4, 345, 3, 528, 3, 805, 4, 894
4, 321, 4, 525, 4, 938, 2, 988, 2, 1087
4, 375, 2, 1191
4, 105, 3, 935, 4, 981, 3, 1174, 4, 1484
3, 172, 3, 814, 4, 1018, 3, 1234, 2, 1264
3, 78, 3, 888, 4, 921, 3, 1260, 2, 1510
4, 45, 4, 228, 3, 472, 3, 1021, 4, 1210
4, 958, 3, 1234, 5, 1374, 4, 1524
3, 342, 3, 402, 4, 508, 3, 519, 4, 752, 3, 1164, 3, 1384
4, 315, 2, 791, 3, 1014
3, 96, 3, 129, 2, 1132, 3, 1232
4, 29, 3, 755, 4, 812, 2, 1431
3, 400, 4, 649, 3, 1148
4, 686, 3, 719, 3, 802, 3, 1058, 3, 1308, 3, 1408, 4, 1435
4, 426, 4, 630, 4, 726, 4, 875
3, 476, 4, 480, 2, 859, 3, 869, 3, 1385
3, 955, 3, 999
2, 239, 3, 539, 3, 572, 3, 589, 3, 689, 3, 716
2, 56, 2, 156, 2, 183, 4, 279, 4, 578, 3, 612
3, 619, 4, 829, 2, 892, 3, 1129, 4, 1162, 2, 1179, 4, 1279
3, 87, 3, 869, 4, 875, 3, 1212
2, 444, 3, 606, 3, 1399
2, 178
4, 44, 3, 660, 3, 1532
4, 922, 3, 1459
2, 427, 4, 683, 4, 1033, 5, 1542
3, 241
3, 187, 3, 437
3, 88, 3, 470, 5, 481, 4, 997
4, 65, 2, 574, 4, 603, 3, 1246, 4, 1273, 2, 1390
3, 34, 3, 61, 2, 377, 3, 506, 4, 650, 2, 750, 4, 983
4, 1059, 4, 1103, 2, 1386
4, 1401
3, 202, 5, 452
3, 82, 3, 103, 3, 485, 3, 1012
4, 273, 2, 716, 3, 971, 3, 1088, 3, 1321, 3, 1358
2, 216, 4, 439, 3, 1298, 4, 1541
4, 682, 3, 1458
4, 353
4, 180, 4, 236, 3, 856, 4, 1212, 4, 1401
4, 1002, 4, 1345
2, 386
3, 10, 2, 76, 3, 1019, 4, 1202, 4, 1279, 4, 1478
4, 422, 5, 639, 5, 1548
4, 33, 3, 865, 3, 1065, 4, 1075, 3, 1281
3, 283, 3, 326, 3, 755, 3, 1198
3, 64, 4, 580, 4, 946, 4, 969, 4, 1428, 3, 1538
2, 47, 2, 103, 2, 324, 4, 413, 3, 1006, 3, 1422
2, 1170, 3, 1559
3, 437, 3, 1053
3, 593, 3, 627, 4, 1215, 3, 1315, 3, 1342
4, 177, 3, 727, 4, 810, 2, 916, 4, 1419, 4, 1492
3, 480, 3, 485, 3, 863, 3, 1300
3, 458
3, 547, 3, 637, 2, 749, 3, 826, 2, 1219
3, 427, 2, 753, 4, 770, 2, 1043
3, 444, 3, 903, 2, 993
4, 154, 3, 167, 4, 337, 3, 716, 2, 1319, 3, 1409
4, 863, 3, 1267
3, 91, 2, 880, 4, 1034, 4, 1217
3, 102, 2, 351, 3, 441, 5, 514, 2, 757, 4, 1389
3, 1060, 3, 1064
3, 66, 3, 112, 4, 249, 3, 305, 4, 615, 3, 627, 3, 794
3, 95, 3, 345
3, 92, 3, 475, 4, 485, 4, 1001
2, 69, 4, 579, 2, 608, 2, 1251, 4, 1278, 2, 1394
4, 109, 3, 745, 3, 1190, 3, 1434
4, 37, 4, 220, 4, 297, 2, 586, 4, 653, 3, 1435
4, 120, 2, 330, 4, 337, 3, 1245
4, 67, 2, 477, 5, 860
4, 45, 3, 211, 3, 866, 4, 1249, 2, 1366
2, 278, 3, 644, 3, 667, 4, 927
3, 74, 3, 560, 3, 1376
3, 25, 3, 221, 3, 254, 3, 281, 3, 398, 4, 631, 4, 1140
3, 65, 4, 337, 5, 1280
4, 1013, 3, 1550
4, 172, 2, 201, 3, 844, 3, 871, 3, 1221
3, 278, 3, 335, 3, 339, 2, 445, 2, 528, 3, 1027
3, 840, 3, 936, 4, 1379
4, 144, 4, 194
3, 743, 3, 1553
3, 277, 3, 1043, 4, 1432, 3, 1453
4, 1545
2, 840, 3, 996
4, 1516
4, 57, 4, 939, 2, 1366, 3, 1422, 2, 1532
3, 41, 2, 473, 3, 1256, 3, 1262
2, 227, 3, 417, 3, 993, 2, 1236
2, 966
2, 483
3, 621, 3, 960, 4, 1209, 2, 1336
3, 521, 2, 833, 3, 1086, 4, 1369, 3, 1509
4, 607, 3, 634, 2, 951, 3, 1080, 3, 1223, 3, 1556
3, 102, 2, 451
5, 128, 2, 347, 5, 518, 5, 1500
4, 112, 4, 1127, 3, 1197
2, 272, 4, 931, 2, 1054, 4, 1354
3, 455, 2, 511, 4, 532, 3, 694, 3, 1487
4, 68, 3, 924, 4, 1011, 3, 1061, 3, 1477
3, 208
3, 391
5, 435, 5, 507, 4, 751, 4, 1206, 4, 1240, 3, 1256, 3, 1383
3, 199, 3, 821
4, 621, 3, 798
2, 332, 4, 521, 4, 914
4, 89, 3, 145, 3, 149, 2, 255, 3, 338, 3, 838
3, 475, 3, 695, 3, 1211, 4, 1378
4, 926, 3, 959, 3, 976, 3, 1075
3, 27, 4, 655, 3, 859, 3, 1275
4, 6, 4, 243, 2, 1065
3, 502, 3, 739, 3, 772, 4, 789, 3, 1111, 2, 1427
5, 895
3, 91, 3, 194, 3, 348, 2, 531, 4, 866
2, 227, 3, 527, 3, 560, 3, 577, 3, 677, 3, 704
5, 44, 3, 144, 4, 171, 5, 681, 5, 980, 4, 1013
3, 1150, 4, 1294
3, 158, 4, 967, 3, 1027, 4, 1133, 4, 1217
2, 1297, 2, 1374
4, 565, 2, 609, 4, 891, 4, 1187, 3, 1480
3, 748, 3, 1557
3, 282, 3, 1048, 4, 1437, 3, 1457
4, 1549
2, 844, 3, 1000
4, 1520
4, 62, 4, 944, 2, 1370, 3, 1427, 2, 1537
3, 45, 2, 478, 3, 1260, 3, 1267
2, 232, 3, 421, 3, 997, 2, 1241
2, 971
2, 488
3, 625, 3, 964, 4, 1214, 2, 1341
3, 52, 3, 622, 2, 934, 4, 1091, 4, 1471
3, 3, 4, 612, 3, 639, 2, 955, 3, 1084, 3, 1228
3, 106, 2, 456
4, 43, 3, 133, 3, 449, 4, 620, 3, 1081
5, 110, 3, 420, 4, 1048, 4, 1252, 4, 1452
3, 27, 3, 669, 3, 1142
3, 208, 4, 437, 4, 640, 4, 857, 3, 1150, 3, 1300
4, 354, 4, 1190
3, 231
2, 414, 3, 1123
4, 930, 3, 1133, 5, 1229, 4, 1279, 3, 1350, 3, 1379
4, 222, 4, 844
3, 644, 3, 821
2, 355, 4, 544, 4, 937
3, 112, 2, 168, 3, 269, 2, 278, 2, 361, 3, 860
3, 498, 4, 718, 3, 1234, 5, 1400
3, 496, 4, 513
3, 313, 5, 563, 3, 1062
4, 503, 4, 536, 3, 619, 3, 1251, 3, 1289, 4, 1538
2, 184, 3, 816, 4, 1053, 4, 1086, 4, 1103, 4, 1203, 3, 1425
3, 256, 3, 1093
2, 197, 3, 896, 4, 1012, 3, 1245
2, 153, 2, 357, 4, 573
4, 386, 3, 596, 2, 663, 2, 802, 3, 1112
4, 227, 3, 277, 2, 787, 4, 816, 3, 936, 2, 1459, 3, 1502
4, 144, 4, 793, 3, 976, 4, 1176, 2, 1186, 3, 1253, 4, 1392
3, 357, 2, 763, 3, 934, 3, 1312
4, 430, 4, 574, 3, 907, 4, 1446, 3, 1516
3, 214, 4, 950, 3, 1117
4, 428, 3, 698, 2, 1037, 4, 1110, 3, 1353
3, 394, 3, 910, 2, 1014
4, 1443
2, 507, 3, 857, 3, 1366
3, 97, 3, 114
4, 164
3, 563, 3, 1506
4, 518, 3, 551, 4, 1140, 2, 1266
3, 548, 3, 860, 2, 1330, 4, 1397, 3, 1536
5, 881, 5, 1010, 4, 1486
4, 172, 3, 271, 3, 394, 3, 694
3, 362, 2, 568, 2, 924, 4, 1450
3, 42, 3, 285, 4, 518, 4, 741, 4, 1057, 3, 1094
4, 208, 2, 325, 2, 558, 2, 562, 4, 1067, 5, 1510
4, 126, 2, 875
3, 6, 3, 409, 3, 1171
4, 222, 3, 416, 3, 738, 3, 905
2, 934, 4, 1138, 3, 1234, 3, 1267, 4, 1284, 3, 1384
2, 129, 3, 162, 2, 751, 4, 851
4, 63, 2, 262, 4, 375, 3, 845, 2, 1051
3, 149, 2, 476, 3, 493, 3, 622, 3, 765
4, 114, 5, 850, 3, 911, 2, 1027, 3, 1260
3, 11, 2, 1180
3, 448, 2, 1064
4, 82, 2, 182, 3, 305, 4, 604, 3, 637, 2, 1353
4, 344, 3, 548, 2, 821, 3, 1058, 2, 1091, 4, 1107, 2, 1207
3, 118, 3, 124, 4, 278, 2, 461, 4, 894
2, 255, 3, 554, 3, 587, 3, 604, 3, 704, 3, 731
3, 72, 3, 171, 2, 198, 4, 708, 4, 1008, 3, 1041
3, 1177, 4, 1321
3, 185, 4, 994, 3, 1055, 4, 1161, 4, 1244
3, 1304
4, 462, 3, 522, 2, 639, 3, 872, 4, 967, 5, 1410
3, 26, 3, 775
3, 309, 3, 1075, 4, 1464, 3, 1485
2, 443, 4, 698, 4, 1048, 4, 1557
4, 605, 4, 994, 4, 1038, 4, 1254
2, 884
3, 29, 2, 505, 2, 751, 3, 1288
3, 162, 2, 352, 2, 689, 3, 745, 3, 928, 2, 1171
2, 299, 4, 309, 4, 825
3, 615
5, 403, 4, 432, 4, 1075, 3, 1118, 5, 1451
4, 606, 3, 772, 4, 856, 3, 1355
4, 273, 2, 373, 3, 496, 3, 795
3, 367, 2, 573, 2, 929, 4, 1455
3, 144, 3, 290, 5, 620, 4, 843, 4, 1099, 4, 1159
4, 54, 3, 310, 4, 427, 2, 660, 3, 664, 3, 697, 5, 1169
3, 82, 4, 937, 3, 954, 3, 1024, 3, 1074, 3, 1387, 2, 1490
5, 282, 4, 338, 2, 958, 4, 1314, 3, 1503
3, 258, 4, 1201, 3, 1447
4, 934, 3, 1471
2, 25, 3, 695, 4, 1045, 4, 1554
3, 1398
3, 199, 3, 449
3, 191, 4, 201, 3, 957, 2, 1366
2, 324, 4, 967, 3, 994, 3, 1343, 4, 1439
3, 1280, 3, 1336, 3, 1446, 2, 1529
2, 947, 3, 1047, 2, 1469, 3, 1502
3, 570, 4, 626, 2, 1246, 3, 1402
3, 312, 5, 561, 3, 1060
4, 501, 3, 534, 3, 617, 3, 873, 4, 1123, 3, 1250
2, 85, 5, 540, 5, 574, 4, 590, 3, 717, 3, 1327
4, 282, 3, 1207, 4, 1463
4, 16, 3, 32, 3, 132, 3, 365, 4, 875, 3, 904, 4, 1547
2, 19, 4, 72, 2, 329, 5, 1014, 4, 1064, 4, 1341
4, 369, 4, 579, 3, 622, 2, 839, 3, 905, 2, 1045, 4, 1201
4, 296, 3, 822, 3, 1450
3, 359, 3, 525, 2, 1180, 2, 1401, 2, 1490
3, 821
2, 76, 2, 332, 2, 575, 3, 808, 4, 1031, 4, 1384, 3, 1551
4, 339, 3, 945, 3, 1454
3, 152, 3, 202
4, 2, 2, 751
3, 285, 4, 296, 2, 1461, 3, 1465
4, 486, 3, 515, 3, 1158, 2, 1185, 2, 1202, 4, 1535
3, 16, 4, 626, 3, 653, 3, 969, 2, 1098, 3, 1241
3, 217, 3, 567
4, 57, 3, 147, 3, 463, 4, 633, 3, 1095
4, 124, 3, 434, 3, 1062, 3, 1266, 3, 1465
3, 4, 5, 919, 4, 1155
4, 203, 4, 432, 4, 636, 4, 852, 3, 1146, 3, 1295
4, 349, 4, 1185
3, 226
3, 409
4, 623
4, 380, 3, 1022, 3, 1182, 4, 1226, 3, 1442, 3, 1472
4, 939, 3, 1476
2, 30, 3, 700, 4, 1049, 4, 1559
3, 1402
3, 204, 3, 454
3, 104, 3, 487, 3, 497, 3, 1013
4, 81, 4, 177, 2, 620, 3, 1263, 3, 1290, 2, 1406
3, 218, 4, 441, 3, 1300, 4, 1543
4, 684, 2, 690, 3, 1460
2, 14, 3, 263, 4, 353, 4, 426, 5, 669, 4, 1301
3, 972, 3, 976
2, 24, 2, 161, 2, 217, 3, 527, 3, 706, 2, 1536
3, 17, 4, 772
3, 137, 3, 464, 2, 753
3, 154, 3, 337, 4, 408, 4, 414, 4, 703, 4, 770
3, 237, 2, 447, 4, 453, 3, 1362
2, 112, 4, 184, 4, 594, 3, 977, 3, 1000
3, 521, 4, 817
3, 376, 2, 675, 3, 725, 3, 825
2, 405, 2, 1025, 3, 1335
5, 160, 5, 576, 4, 1035, 4, 1125
3, 931, 4, 1541
2, 1116, 2, 1172, 3, 1282, 3, 1365
3, 369, 3, 1305, 3, 1338
3, 203, 3, 1089, 3, 1532
2, 4, 2, 499, 2, 1045, 3, 1345, 3, 1346, 3, 1494
3, 37, 4, 44, 4, 337, 4, 400, 3, 1059
3, 377, 4, 410, 3, 427, 2, 553, 3, 1163, 3, 1479
4, 118, 3, 513, 2, 547, 3, 630, 3, 1299, 4, 1549
4, 97, 2, 1339
3, 391, 2, 873, 2, 983
3, 420
2, 327, 3, 1362
3, 809, 3, 926, 2, 1163
4, 67, 3, 543, 4, 780, 3, 813, 3, 830, 3, 930, 3, 1152
4, 81, 4, 617, 3, 623, 3, 960, 3, 1393
4, 184, 4, 990, 3, 1133
3, 168, 3, 230, 4, 840, 3, 867, 3, 1166, 3, 1183, 2, 1455
2, 448, 4, 731, 2, 1440
2, 604, 3, 970, 3, 1037, 3, 1253, 2, 1407, 3, 1453
4, 169, 4, 245, 2, 445, 4, 535, 3, 601, 4, 1544
2, 69, 2, 285
3, 375, 3, 391, 2, 462, 2, 512, 3, 934, 3, 1078
2, 165, 3, 438, 3, 808, 5, 1280
4, 7, 3, 117, 4, 1082, 3, 1105
3, 609, 4, 986
3, 143, 2, 337, 2, 826
3, 560, 2, 1136
2, 114, 3, 137, 2, 892
3, 410, 3, 420, 3, 936
3, 734, 5, 823
2, 51, 2, 191, 4, 760, 3, 960, 2, 1073, 3, 1543
3, 800, 3, 1000, 3, 1010, 3, 1077, 3, 1216, 3, 1526
3, 4, 3, 160, 3, 886, 3, 1356, 4, 1423
4, 1036, 3, 1512
4, 21, 4, 836, 4, 1506
4, 1202, 2, 1319, 3, 1552, 3, 1556
3, 328, 2, 557, 2, 717, 4, 760, 3, 977, 4, 1420
4, 228, 3, 473, 2, 1010, 4, 1016, 3, 1170, 3, 1353
5, 9, 5, 38, 4, 504, 4, 1147, 3, 1284, 4, 1307, 3, 1350
3, 248, 4, 338, 2, 441, 3, 764, 4, 930, 3, 941, 3, 1346
3, 329, 3, 389, 3, 1077
2, 123, 4, 551, 2, 1304
5, 156, 4, 206, 5, 302, 4, 745, 2, 1387, 3, 1414, 5, 1431
3, 88, 3, 791
2, 32, 4, 331, 2, 364, 3, 1367, 3, 1467
3, 12, 3, 1165, 3, 1327
4, 378, 3, 732, 3, 981, 3, 1481
4, 85, 4, 622, 4, 628, 4, 782, 4, 921, 3, 965, 4, 1398
3, 116, 4, 896, 4, 918, 2, 1075, 3, 1158, 4, 1378
2, 53, 3, 542, 3, 958, 2, 1141, 2, 1418, 4, 1507
4, 107, 3, 190, 3, 706, 2, 1072, 3, 1508, 3, 1554
3, 173, 4, 1548
4, 999, 4, 1043
4, 53, 4, 1224, 3, 1461, 4, 1495, 3, 1511
4, 36, 2, 59, 3, 692, 3, 729, 2, 802, 4, 1212
2, 76, 3, 679, 4, 841, 2, 1085
4, 290, 4, 306, 4, 377, 4, 427, 4, 849, 4, 993, 3, 1325
3, 310, 3, 466, 4, 1192, 3, 1248, 4, 1315
3, 896, 5, 1439, 4, 1502
2, 187, 2, 287, 2, 823, 3, 1123, 3, 1185
4, 391, 3, 464, 3, 707, 3, 1162, 3, 1196, 3, 1212, 3, 1339
4, 217, 4, 777, 4, 877, 4, 1000, 4, 1299, 4, 1420
5, 195, 5, 244
3, 45, 3, 794
4, 298, 2, 708, 3, 1091, 3, 1114
3, 221, 2, 271, 2, 309, 2, 781, 3, 931, 4, 1224, 2, 1496
4, 501, 3, 567, 4, 704, 2, 904, 3, 1016, 3, 1120
2, 35, 3, 588, 4, 744, 2, 944, 3, 1470, 4, 1526
4, 48, 3, 697, 3, 881, 4, 1080, 2, 1091, 3, 1157, 4, 1297
3, 165, 3, 741, 2, 1534
3, 79, 4, 578, 2, 811, 3, 1387, 3, 1448, 3, 1457
3, 119, 4, 1021
2, 152, 2, 678, 5, 755, 4, 1148, 4, 1161, 3, 1331, 2, 1354
2, 725, 4, 1468
3, 53, 4, 469, 3, 929, 3, 1018
2, 825, 4, 1435
2, 969, 4, 1079, 4, 1162
2, 539, 3, 1277, 3, 1281
3, 522, 2, 844, 3, 905, 2, 1021, 2, 1254
3, 299, 3, 322, 2, 1077
4, 212, 3, 595, 4, 605, 4, 1121
3, 53, 3, 286, 4, 796, 2, 825, 4, 1468, 4, 1495, 3, 1511
2, 153, 4, 935, 4, 985, 3, 1262, 3, 1401, 2, 1551
3, 290, 3, 500, 3, 543, 2, 826, 3, 966, 3, 1122
3, 17, 3, 433, 3, 583, 3, 743, 3, 1371, 4, 1438, 4, 1525
2, 354, 2, 880, 4, 936, 2, 957, 3, 1046, 4, 1119, 3, 1362
3, 830
2, 414, 3, 420, 2, 443, 2, 757, 4, 1190, 4, 1452, 4, 1498
2, 90, 3, 173, 2, 394, 2, 672, 3, 1469, 3, 1482, 2, 1542
2, 407, 2, 437, 4, 1106, 4, 1223, 3, 1456
3, 87, 4, 570, 3, 680
3, 4, 2, 414, 2, 796, 3, 819
2, 488, 3, 584
5, 68, 2, 384, 4, 554, 3, 1016, 4, 1253, 3, 1287, 3, 1303
2, 211, 3, 771, 3, 871, 2, 993, 3, 1000, 3, 1293
4, 285, 4, 335
3, 136, 3, 884
2, 15, 3, 419, 3, 1180
4, 231, 3, 425, 3, 747, 4, 914
2, 943, 4, 1147, 3, 1243, 3, 1276, 4, 1293, 3, 1393
2, 138, 3, 172, 2, 760, 4, 860
4, 72, 2, 271, 4, 384, 3, 854, 2, 1060
3, 158, 2, 485, 3, 502, 3, 631, 3, 774
3, 2, 3, 98, 4, 414, 3, 1151, 3, 1211, 3, 1327
3, 362, 3, 715, 3, 965, 3, 1464
4, 482, 3, 905
3, 1387, 3, 1504
2, 1038
2, 47, 3, 742, 3, 945, 3, 1162, 4, 1358, 4, 1408
2, 413, 3, 559, 3, 659, 3, 1195, 3, 1201, 2, 1495, 4, 1538
4, 692, 3, 715, 4, 975, 2, 1470
4, 122, 4, 609, 4, 1424
3, 778, 3, 838, 3, 954
3, 95, 3, 395, 3, 428, 2, 445, 2, 545, 2, 572, 3, 1181
2, 109, 3, 232, 3, 1008
5, 103, 4, 169, 2, 309, 3, 465, 2, 1191, 3, 1445
3, 102, 3, 805
3, 45, 5, 345, 3, 378, 4, 1381, 3, 1481
4, 1081, 3, 1244, 3, 1487
3, 169, 3, 392, 4, 746, 2, 995, 3, 1494
3, 795, 4, 979, 4, 1345
2, 36, 4, 92, 4, 1068, 4, 1257
3, 113, 3, 283, 3, 346, 3, 982, 3, 1298
3, 67, 2, 389, 3, 556, 3, 1431, 3, 1521
2, 1055, 3, 1265
3, 936
2, 453
3, 929, 2, 1306
3, 243, 4, 463, 3, 1146
3, 879, 2, 1456
4, 43, 2, 1212
3, 266, 2, 416, 3, 576, 5, 1271, 4, 1358, 5, 1408
2, 456, 4, 826
4, 173, 4, 410, 4, 443, 2, 460
3, 237, 4, 303, 3, 440, 2, 753, 3, 856
3, 330, 3, 773, 2, 1002, 3, 1046, 2, 1379
5, 436, 5, 603, 5, 686, 4, 1185
3, 201, 3, 300, 2, 837, 2, 843, 4, 1137, 3, 1199
3, 764, 4, 974, 4, 980, 3, 1226, 5, 1273, 3, 1423
4, 231, 4, 791, 4, 891, 4, 1013, 4, 1313, 4, 1433
3, 577, 3, 787, 4, 1087, 2, 1136, 2, 1236
3, 317, 5, 354, 4, 427, 3, 1243
3, 67, 3, 350, 2, 438, 3, 1353
3, 25, 3, 135, 3, 1100, 3, 1123
3, 531, 3, 907
2, 65, 3, 258, 2, 747
3, 481, 2, 1057
3, 58, 2, 814
3, 178, 4, 505, 2, 794
2, 195, 4, 378, 4, 449, 4, 455, 2, 655, 4, 744, 2, 811
3, 212, 4, 694, 4, 804
2, 153, 4, 226, 3, 635, 3, 1018, 3, 1041
2, 562, 2, 858
3, 868, 3, 1078, 3, 1085, 4, 1378, 4, 1428, 2, 1528
3, 216, 4, 315, 3, 438, 3, 738
4, 515, 2, 871, 5, 1397, 4, 1453
4, 232, 3, 465, 3, 688, 3, 1004, 3, 1041, 3, 1547
2, 192, 3, 252, 2, 369, 4, 602, 4, 1111, 4, 1555
2, 36, 4, 409, 3, 579, 3, 641, 3, 1218, 4, 1251, 2, 1278
3, 173, 3, 815
2, 108, 3, 141, 2, 158, 2, 258, 3, 285, 4, 894
3, 934, 4, 1310
3, 304, 3, 365, 4, 471, 3, 481, 4, 714, 3, 1126, 3, 1346
4, 277, 2, 754, 3, 976
2, 997, 3, 1097, 3, 1519, 3, 1552
3, 718, 4, 774, 2, 1394, 4, 1550
3, 362, 4, 611, 2, 1111
4, 551, 3, 584, 3, 668, 3, 924, 4, 1173, 3, 1300
3, 232, 4, 688, 4, 721, 3, 738, 4, 838, 3, 865, 3, 1474
4, 305, 5, 1141
3, 182
3, 462, 3, 1172
3, 768, 3, 978, 3, 985, 4, 1278, 3, 1328, 2, 1428
4, 236, 4, 795, 4, 895, 4, 1018, 4, 1317, 4, 1438
3, 582, 3, 792, 4, 1091, 2, 1141, 2, 1241
3, 322, 5, 359, 4, 432, 3, 1247
2, 72, 4, 355, 3, 442, 4, 1064, 2, 1357
3, 722, 4, 1531
3, 256, 3, 1411
4, 23, 2, 69, 3, 206, 4, 572, 2, 639, 4, 1428
4, 137, 3, 160, 3, 204, 3, 316, 3, 420, 4, 620, 3, 915
3, 659, 3, 853, 3, 1175, 4, 1342
4, 493, 4, 792, 3, 826, 4, 842, 3, 942
2, 157, 4, 230, 3, 534, 3, 640, 4, 1046
4, 30, 3, 706, 3, 862
2, 108, 3, 131, 3, 440, 3, 591, 4, 701
4, 302, 3, 724
3, 1323
2, 501, 4, 658, 2, 954, 2, 1481, 2, 1506, 4, 1537
4, 1071, 3, 1208
2, 232, 3, 378, 3, 478, 2, 1015, 3, 1021, 3, 1314
2, 13, 2, 43, 3, 509, 3, 1151, 2, 1355, 3, 1451, 3, 1501
3, 53, 3, 1351, 4, 1534
4, 592, 3, 1268
2, 183, 3, 633, 3, 1531
3, 693, 4, 982
2, 556
3, 383, 3, 566, 4, 932
4, 94, 4, 1182
2, 3, 4, 466, 2, 676, 2, 912, 2, 1301
2, 336, 2, 369, 3, 1085, 5, 1372, 3, 1471
4, 469, 2, 1072, 3, 1162, 2, 1234, 3, 1478
4, 616, 3, 682, 4, 820, 2, 1019, 4, 1132, 3, 1236
4, 27, 4, 83, 2, 150, 3, 703, 4, 859, 2, 1059
4, 1272
3, 74, 4, 330, 2, 707, 3, 817
4, 413, 3, 457, 4, 740, 3, 879, 2, 1329, 4, 1449
2, 321, 4, 594, 3, 1536
2, 653, 3, 743
3, 1, 2, 68, 3, 207, 4, 363, 3, 563, 2, 1089
3, 613, 3, 680, 3, 817, 3, 1113, 3, 1233, 4, 1543
4, 121, 3, 178, 4, 198, 2, 244, 4, 797, 4, 953, 3, 1153
2, 24, 4, 48, 4, 71, 3, 327, 3, 810, 3, 814
3, 101, 5, 174, 5, 417, 3, 906, 4, 966, 4, 1050, 4, 1156
3, 517, 4, 1359
3, 288, 3, 348, 3, 454, 2, 464, 3, 697, 4, 1523
3, 5, 3, 504, 2, 737, 3, 1313, 4, 1373, 3, 1480
3, 141, 4, 1044
2, 175, 2, 701, 4, 778, 4, 1171, 4, 1184, 3, 1354, 2, 1377
2, 651, 4, 1394
4, 395, 4, 855, 4, 944
3, 216, 2, 765, 4, 1347, 2, 1368, 3, 1457, 4, 1530
4, 422, 4, 426, 3, 815, 3, 1218, 3, 1241, 4, 1497
3, 29, 2, 578, 3, 767, 2, 1160, 2, 1344
2, 695, 4, 984
3, 971
3, 385, 4, 568, 4, 934
4, 193, 2, 1168, 2, 1281
3, 498, 3, 925, 3, 981, 4, 1091, 3, 1174
2, 32, 4, 815, 3, 1158, 4, 1235
3, 292, 2, 795, 3, 869, 3, 1247
3, 462, 3, 606, 2, 939, 4, 1477, 3, 1548
3, 246, 3, 982, 3, 1149
3, 460, 2, 730, 2, 1069, 3, 1142, 3, 1385
3, 426, 4, 942, 2, 1046
3, 1475
2, 283, 4, 539, 3, 889, 4, 1398
4, 217, 3, 416, 2, 712, 3, 1492, 2, 1515, 3, 1558
3, 353, 2, 709
5, 10, 4, 430, 5, 459, 4, 580, 3, 1102, 2, 1146, 2, 1429
2, 620, 2, 830, 2, 1036, 2, 1346
2, 101, 2, 923
5, 394, 3, 956, 2, 1482
2, 700, 4, 1183, 3, 1293, 4, 1376
5, 507, 3, 794, 5, 1349
2, 590, 3, 1099
5, 681, 2, 754, 4, 997
2, 158, 2, 907, 2, 1363
3, 381, 3, 720, 2, 1097
4, 1533
2, 828, 3, 984
2, 790, 3, 994, 4, 1090, 3, 1210, 4, 1240
3, 116, 4, 199, 4, 455, 2, 704, 2, 831
3, 215, 3, 328, 2, 405, 2, 798, 2, 981
2, 5, 3, 621
3, 644, 4, 1073
3, 318, 3, 378, 3, 484, 3, 495, 3, 728, 4, 1140
4, 35, 4, 534, 4, 767, 3, 990, 4, 1343, 4, 1510
3, 172, 3, 908, 3, 1074
3, 288, 3, 898, 2, 971, 2, 1214
3, 321, 3, 338, 4, 409, 4, 1024
4, 522, 4, 568, 4, 1072, 5, 1251
3, 878, 2, 1488
3, 718, 4, 801, 3, 1022
3, 452, 4, 456, 3, 1271, 3, 1527
3, 150, 3, 1036, 3, 1065
3, 349, 4, 782, 3, 992, 4, 998, 3, 1292, 3, 1441
4, 249, 3, 909, 3, 1032, 5, 1331
5, 223, 4, 785, 5, 1311
3, 529, 4, 1011, 4, 1121
4, 445, 3, 855, 3, 1238, 3, 1261
3, 418
2, 343, 3, 399, 3, 420, 3, 582, 3, 1019, 2, 1375
3, 486
3, 549, 4, 925
2, 83, 3, 276, 2, 765
3, 499, 2, 1075
3, 151, 3, 174, 2, 929
2, 63, 3, 446, 3, 457, 4, 972
2, 41, 4, 550, 2, 579, 3, 1222, 4, 1249, 3, 1366
2, 177, 3, 814, 3, 1259, 4, 1502
4, 643, 2, 1063, 3, 1419
2, 581, 2, 876
2, 454, 4, 887, 3, 1097, 4, 1103, 4, 1396, 4, 1446, 3, 1546
5, 201, 3, 463, 4, 617, 3, 800, 2, 1076, 5, 1166
2, 267, 3, 633, 4, 656, 5, 916
3, 161, 3, 647, 3, 1463
3, 15, 3, 210, 3, 244, 3, 271, 3, 387, 4, 620, 4, 1130
3, 54, 3, 327, 3, 1269
3, 79, 2, 1100
3, 725, 3, 1331
2, 888, 3, 1132
3, 1011, 3, 1448, 2, 1494
4, 260, 4, 270, 4, 1025, 2, 1435
2, 393, 3, 1035, 3, 1062, 2, 1079, 3, 1412, 3, 1508
3, 116, 4, 432, 3, 503, 2, 975, 3, 1119, 3, 1451
3, 462, 4, 811, 3, 1321
3, 466, 4, 483
3, 283, 4, 533, 2, 1032
4, 569, 3, 603, 3, 686, 3, 942, 4, 1191, 3, 1318
2, 153, 3, 609, 5, 642, 3, 659, 4, 759, 3, 786, 3, 1395
4, 323, 4, 1159
3, 200
3, 384
5, 427, 3, 500, 3, 743, 4, 1199, 3, 1232, 3, 1249, 4, 1376
4, 254, 4, 716, 4, 913, 4, 1036, 4, 1336, 4, 1456
4, 231, 4, 281
3, 81, 2, 830
3, 364, 4, 1130, 4, 1519, 4, 1539
3, 74, 4, 423
3, 78, 2, 327, 3, 417, 3, 490, 3, 733, 4, 1365
3, 939, 3, 943
3, 128, 2, 184, 3, 494, 3, 673, 3, 1502, 2, 1548
3, 81, 2, 836
3, 104, 4, 431, 4, 720
3, 121, 3, 304, 3, 374, 4, 381, 4, 670, 4, 736
3, 301, 3, 511, 3, 517, 3, 671, 3, 1426
3, 455
4, 295, 3, 711, 3, 894, 2, 971, 2, 1170, 3, 1260
3, 458, 2, 825, 3, 847, 4, 1107
2, 631, 3, 668, 4, 741, 2, 1474, 4, 1557
4, 83, 4, 542, 3, 598, 4, 875, 3, 1218, 2, 1479
2, 532, 3, 925, 3, 1329, 3, 1441, 3, 1545
3, 133, 4, 177, 4, 459, 4, 1169, 2, 1462
2, 41, 4, 413, 3, 584, 3, 646, 3, 1222, 3, 1255, 2, 1282
3, 80
2, 400, 3, 590, 4, 983
3, 254, 2, 310, 3, 315, 2, 421, 2, 504, 3, 1003
3, 543, 3, 764, 3, 1280, 4, 1446
3, 897, 2, 930, 3, 947, 4, 1047
3, 95, 4, 724, 3, 927, 3, 1344
3, 75, 4, 312, 5, 1133
3, 301, 4, 618
2, 29, 2, 911, 3, 1337, 3, 1393, 4, 1504
3, 547
3, 947, 3, 1269, 2, 1436, 2, 1446
3, 490, 4, 789, 4, 839, 3, 939
3, 923, 4, 933, 3, 1139, 3, 1449
2, 107, 3, 167, 4, 284, 2, 517, 2, 1026, 2, 1056
3, 453, 2, 513, 3, 1202, 3, 1435
2, 220, 2, 343, 3, 1119
5, 280, 3, 311, 2, 517, 3, 576, 3, 873, 5, 1399, 3, 1555
3, 922, 4, 1326
3, 181, 3, 248, 2, 1036, 4, 1190, 3, 1373
3, 225, 5, 258, 2, 275, 2, 375, 3, 1070, 3, 1273, 4, 1490
2, 838
3, 461, 2, 784, 4, 844, 3, 961, 3, 1194
3, 239, 3, 262, 2, 1017
2, 151, 3, 534, 4, 545, 4, 1060
3, 657, 3, 774, 2, 1007
2, 214, 3, 248, 3, 264, 2, 364, 4, 391
3, 348, 3, 1523
5, 115, 5, 298, 4, 375, 3, 664
4, 105, 3, 567, 2, 838, 3, 1177, 3, 1493
3, 534, 4, 938, 3, 1154, 3, 1464
4, 118, 3, 122, 3, 628, 2, 1327, 3, 1443
2, 818, 4, 841, 3, 1301
2, 1124
3, 498, 3, 1434, 3, 1467
2, 103, 2, 332, 2, 375, 4, 1218
2, 628, 3, 1431
3, 512, 3, 1454
4, 466, 3, 499, 5, 1088, 4, 1215
3, 400, 3, 712, 5, 1182, 4, 1248, 3, 1388
4, 36, 4, 53, 3, 182, 4, 325, 2, 658, 4, 1268
3, 92, 2, 735, 4, 1111, 4, 1207
3, 26, 3, 225, 3, 336, 2, 935, 2, 1301, 2, 1324
3, 162, 4, 316, 3, 499, 3, 776, 4, 865
4, 196, 5, 399, 4, 909, 3, 959, 3, 1059
3, 347, 2, 1162
4, 76, 3, 906, 4, 952, 3, 1146, 4, 1455
5, 143, 4, 786, 3, 989, 4, 1206, 5, 1235
2, 450, 3, 827
2, 1542
3, 533, 2, 577, 3, 1419, 2, 1449
3, 24, 2, 134, 3, 217, 3, 733, 2, 1099, 3, 1536
3, 480, 4, 896, 3, 1079, 3, 1355, 4, 1445
5, 80, 4, 546, 4, 935, 4, 979, 5, 1189, 4, 1195, 5, 1489
2, 111, 2, 167, 3, 388, 4, 477, 3, 1070, 3, 1486
2, 1136, 3, 1525
3, 404, 3, 1020
4, 560, 3, 594, 4, 1182, 4, 1282, 3, 1309
2, 402, 2, 591, 2, 1168, 4, 1192, 2, 1411
3, 339, 2, 616, 3, 755, 2, 1065
3, 959, 3, 1281, 2, 1448, 4, 1458
2, 95, 4, 561, 2, 994, 3, 1204, 2, 1210, 3, 1503, 4, 1553
4, 28, 3, 105, 3, 1403
2, 118, 2, 644, 3, 721, 4, 1114, 4, 1127, 3, 1297, 2, 1320
2, 691, 4, 1434
3, 435, 4, 895, 4, 984
3, 256, 2, 708, 4, 1290, 2, 1311, 4, 1473, 3, 1498
3, 462, 3, 466, 3, 855, 3, 1258, 3, 1281, 2, 1537
3, 419, 5, 1395
3, 359, 4, 1139, 2, 1162, 4, 1206, 3, 1422
3, 197, 4, 230, 3, 819, 4, 919, 3, 1455
3, 343, 3, 416, 4, 659, 4, 1148, 4, 1291, 4, 1398
2, 383, 4, 455, 3, 759, 3, 865, 4, 1188, 3, 1271
2, 180, 2, 430, 3, 519, 2, 835, 3, 1006, 3, 1468
3, 1045, 4, 1455
4, 47, 3, 230, 3, 286, 4, 507, 3, 596, 3, 1022, 2, 1189
4, 234, 3, 587, 3, 837, 4, 1336
3, 477, 3, 483, 3, 776, 2, 820, 3, 1253, 4, 1498
2, 614, 5, 817, 3, 913, 4, 1034, 3, 1063
4, 181, 3, 557, 2, 1400, 3, 1483
3, 54, 4, 264, 4, 308, 3, 591, 2, 730, 3, 1300
4, 610, 4, 660, 2, 936, 4, 1076, 4, 1226
2, 221
4, 404
4, 34, 2, 350, 4, 520, 2, 1079, 3, 1316, 3, 1350, 3, 1366
2, 274, 3, 834, 3, 934, 2, 1056, 3, 1063, 3, 1356
4, 301, 4, 348
2, 199, 2, 948, 2, 1403
3, 421, 3, 760, 2, 1137
4, 172, 2, 615, 2, 844, 3, 871, 3, 1220
3, 541, 3, 845
2, 458, 2, 668, 3, 874, 2, 1184
3, 1078
4, 202, 2, 911, 3, 1434, 2, 1477
2, 355, 2, 438, 3, 441, 2, 924
2, 378, 3, 411, 4, 1413, 2, 1513, 3, 1540
3, 132, 4, 511, 4, 594, 3, 864, 3, 1114, 4, 1203, 3, 1520
3, 159, 3, 1001
3, 9, 3, 242, 3, 246, 3, 412, 3, 1067, 3, 1450
2, 462, 3, 695, 3, 918, 3, 1271, 4, 1438, 3, 1521
3, 100, 3, 422, 3, 482, 2, 588, 2, 599, 3, 832, 2, 1341
3, 249, 3, 266, 2, 539, 3, 809, 2, 871, 2, 1481, 3, 1531
3, 523, 3, 835, 2, 1305, 4, 1372, 2, 1511
4, 856, 4, 985, 4, 1461
3, 409, 2, 825, 3, 1065, 3, 1285, 3, 1374
3, 107, 4, 573, 4, 939, 2, 962, 3, 1006, 4, 1216, 2, 1222
3, 1415
3, 479, 3, 829, 3, 1338
3, 483, 2, 500
5, 126, 3, 370, 4, 603, 3, 825, 3, 1179, 4, 1428
2, 232, 2, 409, 3, 1468
3, 26, 4, 636, 5, 952, 4, 1441
3, 446, 3, 1388
3, 400, 3, 433, 3, 1022, 2, 1149
2, 431, 3, 743, 2, 1213, 4, 1279, 2, 1419
4, 763, 4, 893, 3, 1369
3, 54, 3, 154, 4, 576
4, 28, 2, 900, 4, 1543
4, 185, 4, 617, 3, 827, 4, 834, 3, 1277
3, 357, 3, 395, 2, 644, 3, 744, 3, 1166, 2, 1200
4, 1294
2, 412, 3, 629
4, 735, 4, 1278
3, 1078, 3, 1334
4, 868, 4, 1061, 3, 1371, 4, 1550
3, 1131, 4, 1275
2, 139, 4, 372, 4, 948, 3, 1009, 4, 1115, 4, 1198
3, 93, 3, 416, 3, 476, 3, 582, 2, 593, 4, 826, 2, 1335
2, 962
2, 480
3, 956, 3, 1332
3, 270, 4, 490, 3, 1172
3, 906, 3, 1482
3, 144, 3, 167, 3, 1336
4, 61, 2, 450, 3, 471, 3, 853, 4, 1380
4, 71, 3, 537, 2, 693, 2, 1259, 4, 1542
2, 30, 3, 1133
4, 667, 4, 1428
3, 280, 4, 434, 3, 480, 3, 617, 4, 983
3, 613, 2, 663, 3, 762
3, 593, 3, 643, 4, 920, 3, 936, 2, 1059, 3, 1209, 3, 1369
3, 321, 2, 527, 3, 1296, 4, 1409, 3, 1486
3, 91, 5, 144, 2, 401, 4, 1086, 3, 1233, 4, 1413, 5, 1429
2, 441, 4, 518, 4, 911, 2, 1094, 3, 1117, 2, 1473
3, 584, 4, 894
3, 72, 2, 1507
3, 86, 2, 135, 2, 173, 4, 645, 4, 1088, 4, 1344, 5, 1361
5, 2, 5, 106, 4, 256, 2, 1044, 3, 1111, 5, 1248
3, 393, 3, 676
3, 1524
4, 549
2, 160, 3, 532, 3, 703, 2, 765, 2, 1375, 2, 1402
4, 267, 4, 966, 4, 1083, 5, 1316
3, 13, 3, 224, 3, 230, 2, 1139
2, 273, 2, 656, 2, 679, 2, 1422
2, 15, 5, 298, 3, 348, 3, 443, 3, 593, 4, 886, 3, 1529
3, 909
2, 344, 3, 381, 3, 454, 3, 1269
3, 700, 3, 1342
4, 1299
2, 417, 3, 633
4, 739, 4, 1282
3, 1082, 3, 1338
4, 872, 4, 1066, 3, 1376, 3, 1555
4, 1136, 4, 1279
2, 144, 4, 377, 5, 953, 4, 1013, 4, 1119, 5, 1203
3, 98, 3, 420, 3, 481, 2, 587, 2, 597, 3, 830, 2, 1340
2, 967
2, 484
3, 960, 2, 1337
2, 371, 4, 495, 3, 1177
3, 26, 2, 1008, 3, 1413
3, 221, 3, 575, 4, 825, 4, 1324
3, 85, 3, 561, 3, 1220, 4, 1343, 3, 1349
2, 301, 3, 571, 3, 588, 4, 910, 3, 1227
3, 268, 3, 671, 3, 784, 3, 1433
2, 458, 2, 901, 4, 1157, 4, 1274, 2, 1507
3, 552, 3, 731, 4, 1035
3, 465, 3, 469, 3, 847, 3, 1284
2, 539, 3, 1048
4, 605
5, 362, 4, 795, 4, 1005, 4, 1011, 5, 1165, 5, 1454
2, 262, 3, 922, 3, 1044, 2, 1205, 2, 1388, 4, 1464
2, 37, 3, 486
3, 149, 3, 220, 3, 692, 2, 1168, 2, 1391
3, 476, 4, 696, 2, 1212, 4, 1378
3, 150, 4, 183, 3, 200, 3, 299, 3, 994, 3, 1198, 3, 1414
3, 50, 2, 96, 3, 233, 5, 599, 3, 666, 2, 778, 4, 1454
3, 37, 3, 1512
3, 71, 2, 81, 3, 287, 3, 597, 4, 1246, 3, 1250
3, 734, 2, 1204, 4, 1410
3, 388, 3, 434, 2, 544, 3, 627, 2, 1509
2, 145, 2, 268, 2, 1044
3, 19, 3, 236, 4, 302, 2, 442, 3, 598, 3, 797, 5, 1324
4, 847, 3, 1251
3, 76, 2, 864, 2, 1018, 3, 1201
2, 80, 4, 1232, 3, 1395
3, 223, 4, 446, 4, 799, 5, 1049, 3, 1548
2, 849, 2, 895, 4, 1032, 2, 1399
4, 354, 4, 670, 4, 1302
3, 167, 2, 337, 3, 400, 3, 1036, 3, 1352
3, 17, 3, 121, 2, 443, 3, 610, 2, 1485
2, 1206, 2, 1416
2, 990
2, 507
3, 983, 2, 1360
3, 297, 4, 517, 3, 1200
3, 933, 3, 1510
3, 171, 2, 194, 3, 1363
4, 88, 3, 477, 3, 498, 4, 881, 3, 1407
4, 11, 4, 99, 3, 565, 3, 721, 2, 1286
3, 58, 2, 1160, 3, 1393
3, 600, 3, 634, 4, 1223, 3, 1322, 3, 1349
3, 184, 2, 734, 3, 817, 2, 923, 4, 1426, 3, 1499
3, 488, 3, 492, 3, 870, 3, 1307
3, 465
3, 348, 2, 554, 3, 1324, 4, 1436, 3, 1513
3, 1457
3, 1078, 4, 1460, 3, 1471
4, 129, 3, 811
4, 468, 4, 938, 2, 1144, 4, 1300, 2, 1500
2, 58, 3, 75, 3, 146, 3, 618, 3, 761
4, 182, 4, 499, 3, 881, 2, 998, 3, 1231, 3, 1235
3, 23, 5, 272
3, 306, 3, 418, 3, 1460
3, 622
5, 439, 2, 668, 3, 1044, 4, 1554
2, 469, 3, 965
3, 232, 3, 282, 3, 559, 3, 575, 4, 848
3, 76, 3, 1224, 4, 1285, 2, 1401
3, 332, 4, 542, 5, 548, 3, 991
3, 1082
4, 456, 3, 978, 3, 1012
3, 290, 3, 333, 3, 762, 3, 1205
4, 489, 5, 856, 3, 879, 4, 1338, 4, 1448
3, 10, 3, 487, 3, 1146, 4, 1269, 2, 1275
2, 227, 4, 497, 3, 836, 2, 1152
3, 347, 3, 963
3, 148, 2, 737, 4, 864
2, 342, 3, 947, 2, 1457
4, 733, 4, 937, 4, 1033, 3, 1083, 3, 1183
5, 45, 5, 301, 2, 677, 4, 787
3, 384, 2, 428, 4, 710, 3, 850, 2, 1299, 4, 1420
3, 292, 4, 564, 3, 1507
2, 1240
4, 204, 4, 425, 4, 1107
4, 841, 4, 1417
3, 102, 2, 1271
4, 451, 4, 539, 4, 1154
2, 395, 3, 1171
3, 6, 3, 478, 4, 921, 2, 1194, 4, 1477, 3, 1527
4, 43, 4, 519, 3, 1058, 3, 1129
3, 991, 3, 1328
3, 182, 5, 226, 4, 509, 4, 1218, 2, 1511
5, 365, 3, 598, 3, 871, 4, 1174, 3, 1235, 4, 1414
3, 23, 3, 139, 5, 372, 3, 882, 3, 911, 2, 1520
3, 179, 4, 412, 3, 988, 4, 1048, 3, 1364, 3, 1493
3, 552, 4, 613, 3, 729, 2, 962, 4, 1058, 4, 1501
3, 20, 3, 769
3, 303, 3, 1068, 4, 1457, 2, 1478
4, 90, 4, 533, 4, 789, 4, 1138
4, 250
4, 256, 3, 610, 3, 859, 4, 1359
3, 500, 3, 506, 4, 799, 2, 843, 3, 1276, 4, 1521
2, 636, 4, 840, 3, 936, 3, 1056, 4, 1086
4, 204, 3, 580, 2, 1423, 3, 1506
3, 1165, 3, 1209, 4, 1492
3, 240, 2, 450, 4, 456, 3, 1365
3, 90, 2, 500, 3, 882, 3, 905
3, 477
4, 457, 2, 663, 3, 1019, 4, 1545
3, 137, 4, 380, 4, 613, 3, 836, 2, 1152, 4, 1189, 3, 1223
2, 47, 2, 320, 4, 603, 4, 690, 4, 1312
2, 221, 2, 970, 2, 1426
3, 444, 4, 783, 2, 1160
4, 195, 2, 638, 2, 866, 3, 893, 3, 1243
3, 564, 3, 868
2, 481, 4, 691, 3, 897, 3, 1207
2, 421, 3, 744, 3, 804, 3, 920, 2, 1153
3, 977
2, 271, 2, 960
3, 111, 3, 494, 2, 1259
4, 597, 3, 1334, 3, 1500, 3, 1510
3, 441, 4, 651, 4, 951, 2, 1001, 2, 1101
2, 181, 4, 219, 3, 292, 3, 1107
3, 29, 3, 312, 2, 399, 3, 1314
3, 965, 3, 988, 3, 1447
2, 116, 3, 1271
4, 298, 3, 1068
4, 375, 2, 525, 3, 818, 2, 1047, 2, 1091, 2, 1373
4, 514, 3, 564, 5, 841, 5, 858, 4, 980, 5, 1130, 5, 1400
3, 545, 4, 1115, 4, 1427
3, 279, 4, 645, 3, 1082, 4, 1127, 3, 1238
2, 276, 4, 935, 3, 1058, 4, 1358
3, 459, 2, 536, 2, 929, 4, 1112, 5, 1491
2, 136
2, 3, 4, 326, 4, 386, 5, 409, 3, 1041, 3, 1079, 4, 1152
3, 130, 3, 606, 2, 843, 3, 876, 3, 893, 3, 993
3, 46, 3, 73, 2, 583, 2, 883, 3, 916, 3, 1505
3, 243, 2, 276, 3, 292, 2, 392, 2, 419
5, 376, 4, 1551
4, 143, 4, 326, 4, 403, 3, 692
3, 61, 4, 134, 3, 377, 3, 866, 3, 1009
3, 966, 3, 976, 3, 1182, 3, 1492
2, 150, 2, 211, 2, 327, 4, 560, 3, 656
3, 846, 5, 869, 5, 1329
2, 1152, 3, 1173, 4, 1556
2, 224, 3, 907
3, 661, 4, 717, 2, 1337, 3, 1396
3, 305, 4, 555, 2, 1054
4, 494, 4, 528, 4, 611, 3, 867, 5, 1116, 4, 1243
3, 31, 3, 640, 3, 957, 3, 1445
3, 1296
2, 341, 4, 424, 2, 680, 3, 1056, 3, 1163, 3, 1167, 3, 1545
3, 380, 3, 397, 3, 444, 3, 524, 2, 594
3, 195, 3, 577, 3, 1343
4, 584, 3, 1320, 2, 1486, 2, 1497
4, 428, 4, 638, 4, 937, 2, 987, 2, 1087
3, 265, 5, 302, 4, 375, 5, 1190
3, 15, 3, 298, 2, 385, 3, 1301
3, 951, 4, 974, 4, 1434
2, 199, 3, 1354
2, 12, 3, 150, 4, 516, 2, 582, 4, 1371, 3, 1524
3, 6, 3, 50, 4, 266, 3, 466, 4, 761, 2, 1541
2, 924, 2, 1107, 3, 1184, 3, 1384, 4, 1473, 2, 1540
2, 575, 3, 941, 3, 1007, 3, 1224, 2, 1377, 3, 1423
4, 139, 5, 216, 2, 416, 5, 505, 3, 572, 4, 1514
3, 136, 3, 353
4, 442, 5, 459, 2, 529, 5, 579, 4, 995, 3, 1002, 3, 1145
3, 26, 4, 463, 3, 619, 2, 819, 3, 1345, 4, 1401, 4, 1422
2, 90, 3, 466, 3, 573, 4, 577, 4, 1309, 3, 1392
5, 40, 4, 543, 4, 616, 3, 859, 4, 1348, 4, 1492
3, 386, 4, 390, 4, 1205, 4, 1461
2, 873, 3, 902
3, 357, 4, 673, 3, 1305
3, 23, 3, 267, 3, 500, 3, 1136, 3, 1452
2, 27, 3, 117, 3, 543, 3, 710, 3, 1365
2, 1209, 3, 1419
3, 140, 4, 769, 3, 972, 3, 1388
3, 217, 2, 454, 3, 1275
4, 443, 2, 759, 4, 1392
3, 427, 5, 570, 4, 670, 4, 903, 3, 1126, 5, 1442, 4, 1512
3, 108, 4, 231, 4, 784, 3, 941, 4, 1463, 3, 1506
2, 148, 4, 930, 4, 980, 2, 1257, 3, 1396, 3, 1546
3, 285, 2, 495, 3, 538, 2, 821, 3, 961, 3, 1531
3, 578, 2, 1520
3, 215, 2, 249, 4, 1251, 3, 1351, 2, 1378
2, 349, 2, 432, 2, 952, 3, 1041, 3, 1357, 2, 1528
3, 9, 2, 419, 4, 802
5, 84, 3, 250, 2, 905, 5, 1288, 2, 1405
2, 317, 3, 683, 3, 706, 4, 966
3, 113, 3, 599, 3, 1415
4, 1041, 3, 1101, 2, 1218, 4, 1451
2, 359, 4, 562, 4, 779, 2, 808
3, 409, 3, 413, 4, 791, 3, 802, 3, 1228, 2, 1484
4, 366, 4, 477, 3, 549, 3, 793, 3, 1342, 4, 1425, 3, 1531
3, 516, 3, 766, 4, 866, 2, 893, 4, 1288, 2, 1321
4, 43, 2, 280, 2, 314, 3, 330, 4, 653
3, 10, 2, 31, 3, 414, 4, 436, 4, 1179
4, 194, 3, 350, 4, 916, 4, 1076, 3, 1133, 4, 1199
4, 667, 4, 804, 3, 1220, 3, 1370
3, 816, 2, 1010, 4, 1332, 2, 1393, 3, 1499, 2, 1509
2, 590
4, 153, 2, 480, 2, 497, 3, 769, 3, 1039
4, 507, 5, 823, 3, 1146, 4, 1206, 3, 1322, 3, 1555
4, 710, 3, 770, 4, 960, 4, 1459
5, 477, 5, 900
3, 238, 3, 354
4, 175, 3, 751, 3, 1130
3, 491, 3, 724, 3, 947, 3, 1300, 4, 1467, 3, 1550
3, 129, 3, 1031
3, 162, 4, 688, 4, 744, 5, 765, 3, 927, 3, 1171, 3, 1364
2, 555, 4, 638, 3, 894, 3, 1144, 2, 1271, 3, 1381
3, 741, 3, 984
2, 202, 2, 1277, 4, 1300
3, 15, 2, 25, 2, 1190
2, 1508
3, 499, 2, 543, 4, 1385, 2, 1415
4, 100, 4, 183, 5, 699, 2, 1065, 3, 1502, 3, 1548
4, 81, 3, 264
4, 1089, 4, 1133, 2, 1416
3, 164, 2, 374, 3, 380, 3, 1289
3, 14, 2, 424, 4, 806
5, 88, 3, 255, 2, 910, 5, 1293, 2, 1409
2, 321, 3, 687, 3, 710, 4, 970
3, 117, 3, 604, 3, 1419
4, 1046, 4, 1106, 3, 1222, 4, 1455
2, 363, 4, 567, 4, 783, 2, 813
3, 413, 4, 417, 4, 796, 3, 806, 3, 1233, 2, 1489
5, 371, 4, 481, 3, 554, 3, 797, 4, 1346, 4, 1430, 4, 1536
3, 521, 4, 770, 4, 870, 2, 897, 4, 1292, 3, 1326
4, 48, 3, 285, 2, 318, 3, 335, 4, 657
3, 15, 2, 35, 3, 418, 4, 441, 3, 1184
3, 102, 3, 258, 4, 824, 4, 984, 2, 1040, 3, 1107
4, 671, 4, 808, 3, 1224, 3, 1374
3, 821, 3, 1014, 2, 1337, 2, 1397, 3, 1503, 4, 1514
2, 595
3, 158, 2, 485, 2, 501, 3, 774, 3, 1044
3, 2, 3, 512, 4, 828, 3, 1150, 4, 1210, 3, 1327
4, 715, 3, 775, 4, 964, 4, 1464
4, 482, 4, 904
3, 243, 3, 359
4, 82, 3, 659, 3, 1037
2, 496, 5, 729, 5, 951, 4, 1305, 4, 1374, 4, 1554
3, 36, 2, 939
2, 69, 2, 596, 3, 652, 4, 672, 2, 835, 2, 1272
3, 216, 4, 732, 4, 836
3, 387, 4, 433, 3, 936
4, 110, 2, 659, 2, 849, 2, 1242, 3, 1352, 2, 1425
2, 19, 3, 30, 4, 456, 4, 712, 4, 1195, 3, 1199
2, 473, 3, 662, 4, 1055
4, 229, 3, 286, 3, 290, 3, 396, 3, 479, 3, 978
3, 616, 2, 836, 2, 1352, 3, 1518, 4, 1529
4, 27, 4, 416, 4, 460, 2, 676
2, 410, 3, 816, 3, 1485, 3, 1558
3, 580
3, 929, 2, 1456, 5, 1512
2, 673, 4, 1156, 3, 1266, 3, 1349
3, 480
3, 996, 3, 1333
3, 543, 4, 1065, 3, 1109, 2, 1392, 4, 1516
4, 499, 3, 560, 4, 1248, 3, 1481
3, 364, 3, 646, 4, 829, 2, 900, 3, 906, 3, 1262
5, 297, 4, 730, 3, 940, 4, 946, 4, 1100, 4, 1389
2, 294, 3, 954, 3, 1076, 2, 1236, 3, 1420, 4, 1496
5, 421, 2, 1530
3, 84, 3, 627, 4, 1103, 2, 1326
2, 884
3, 192, 4, 508, 4, 891, 4, 1007, 3, 1240, 3, 1244
4, 358, 3, 712, 3, 961, 3, 1460
3, 65, 2, 601, 2, 608, 2, 761, 4, 901, 3, 944, 3, 1377
3, 121, 2, 877
3, 144, 3, 471, 2, 760
2, 161, 4, 344, 4, 415, 3, 421, 2, 621, 4, 710, 2, 777
4, 275, 4, 757, 4, 867, 3, 951
3, 495
4, 335, 3, 751, 3, 934, 2, 1011, 2, 1211, 3, 1300
2, 499, 3, 865, 3, 888, 4, 1148, 3, 1347
2, 399, 2, 958, 3, 1058, 3, 1181, 4, 1187, 2, 1480, 2, 1524
4, 180, 4, 379, 3, 490, 2, 573, 2, 1089, 3, 1455, 3, 1478
4, 612, 3, 935, 5, 1101
4, 49, 4, 659, 5, 975, 5, 1411
3, 99, 3, 372, 3, 1314
3, 26, 3, 1048
4, 109, 2, 139, 3, 781, 3, 808, 3, 1158
3, 313, 3, 369, 3, 373, 3, 479, 2, 562, 3, 1062, 4, 1295
2, 140, 3, 190, 4, 286, 3, 729, 2, 1371, 3, 1398, 4, 1415
3, 154, 2, 849, 3, 986, 4, 1402, 4, 1552
4, 17, 4, 366
2, 21, 3, 270, 3, 360, 3, 433, 3, 676, 4, 1308
3, 979, 3, 983
2, 31, 2, 168, 2, 224, 3, 534, 3, 713, 2, 1543
4, 3, 2, 783, 3, 806, 4, 962, 2, 1265
3, 349, 2, 419, 4, 425, 2, 719, 3, 781, 4, 1441
2, 196, 3, 249, 2, 459, 3, 606, 3, 758, 3, 908, 3, 989, 2, 999, 2, 1011, 3, 1515
3, 73, 4, 466, 4, 1028, 2, 1554
4, 243, 4, 487, 2, 720, 3, 942, 3, 1258, 2, 1329
3, 410, 3, 526, 3, 759, 2, 1269
3, 87, 4, 1225, 2, 1429
3, 207, 4, 274, 3, 411, 2, 723, 3, 827
3, 301, 3, 744, 2, 973, 3, 1016, 2, 1349
2, 407, 4, 573, 3, 657, 3, 1156
3, 330, 2, 952
3, 753, 3, 813, 4, 929
3, 168, 3, 467, 3, 500, 3, 517, 2, 547, 2, 617, 3, 1156
2, 84, 3, 207, 3, 983
2, 78, 3, 145, 2, 284, 3, 440, 4, 1166, 3, 1420
4, 158, 2, 853, 3, 991, 4, 1407, 5, 1556
3, 21, 4, 371
2, 25, 3, 275, 3, 364, 3, 437, 3, 681, 4, 1313
3, 984, 3, 988
2, 35, 2, 172, 2, 229, 3, 538, 3, 717, 2, 1547
3, 29, 2, 784
2, 6, 2, 166, 4, 948, 4, 998, 3, 1275, 3, 1414
4, 206, 2, 416, 3, 460, 3, 742, 4, 882, 4, 1452
3, 499, 3, 1441
3, 137, 2, 170, 4, 1172, 3, 1272, 2, 1299
3, 270, 2, 353, 2, 873, 4, 962, 4, 1279, 2, 1449
2, 340, 3, 723
4, 171, 3, 433, 3, 587, 3, 770, 3, 1047, 4, 1136
2, 238, 4, 604, 3, 627, 4, 887
4, 34, 3, 521, 3, 1336
2, 181, 3, 241, 3, 358, 5, 591, 4, 1100, 4, 1543
2, 25, 4, 397, 3, 568, 3, 630, 3, 1206, 2, 1240, 2, 1267
2, 28, 4, 71, 3, 354, 3, 943, 3, 1063
3, 211, 3, 444, 3, 1020, 3, 1080, 3, 1396, 3, 1525
3, 487, 4, 547, 3, 664, 2, 897, 4, 993, 4, 1436
3, 52, 3, 801
3, 335, 3, 1100, 4, 1489, 3, 1510
3, 432, 3, 782, 3, 1292
3, 436, 4, 453
3, 253, 4, 503, 2, 1002
4, 540, 4, 573, 3, 656, 3, 912, 4, 1162, 4, 1289
2, 124, 2, 579, 4, 613, 3, 629, 2, 729, 3, 756, 3, 1366
3, 54, 3, 60, 3, 353, 4, 416, 2, 1075
3, 393, 3, 426, 3, 443, 2, 570, 3, 1179, 3, 1495
4, 7, 4, 134, 3, 529, 2, 563, 3, 646, 3, 1316
4, 113, 3, 1355
3, 407, 4, 889, 3, 999
4, 421, 4, 733, 3, 1116, 4, 1236
3, 394
2, 221, 4, 277, 3, 298, 3, 897, 4, 1253
4, 1386, 3, 1456
2, 427, 4, 803
2, 58, 3, 251, 2, 740
3, 474, 2, 1050
3, 52, 2, 807
3, 75, 3, 401, 4, 690
3, 91, 4, 274, 4, 345, 3, 351, 2, 640, 4, 707
2, 1053, 3, 1263
3, 214, 3, 231, 3, 360, 3, 504, 2, 837, 3, 1446, 4, 1496
2, 75, 3, 800, 2, 1270, 4, 1337, 2, 1476
2, 1427
2, 324, 2, 944, 3, 1254
5, 176, 3, 592, 4, 1051, 3, 1141
3, 947, 4, 1557
2, 1091, 5, 1201, 4, 1284
2, 38, 4, 415, 3, 521, 4, 525, 5, 1257, 3, 1341
5, 86, 4, 589, 4, 662, 4, 905, 3, 1394, 5, 1411, 3, 1538
3, 256, 4, 289, 3, 878, 3, 978, 3, 1515
3, 402, 3, 475, 4, 718, 4, 1207, 4, 1351, 4, 1457
2, 442, 4, 515, 3, 818, 4, 924, 4, 1247, 3, 1330
3, 239, 4, 256, 3, 489, 4, 579, 2, 895, 4, 1065, 2, 1527
3, 246, 3, 279, 3, 1282, 3, 1381, 2, 1504
4, 1079, 3, 1241, 3, 1485
4, 293, 3, 646, 3, 896, 4, 1395
4, 536, 4, 542, 4, 696, 4, 836, 3, 879, 2, 1312, 5, 1558
3, 194, 2, 364, 3, 427, 3, 1063, 3, 1380
4, 44, 3, 148, 2, 471, 4, 637, 3, 1513
2, 1233, 3, 1443
2, 1017
2, 534
3, 1011, 2, 1387
3, 324, 5, 545, 3, 1227
4, 961, 4, 1537
4, 125, 3, 1294
3, 571, 4, 658, 3, 1274
4, 515, 3, 521, 3, 1291
2, 39, 2, 592, 4, 748, 4, 948, 2, 1474, 4, 1530
3, 318, 4, 385, 3, 522, 2, 834, 3, 938
4, 412, 4, 855, 3, 1083, 4, 1127, 3, 1460
4, 518, 3, 578, 4, 684, 3, 767, 3, 1267
5, 249, 3, 665, 4, 848, 4, 925, 3, 1124, 5, 1214
3, 315, 2, 681, 4, 964, 3, 1118
3, 622, 4, 695, 3, 999, 2, 1427, 4, 1511
2, 496, 4, 572, 4, 966, 2, 1149, 2, 1172, 2, 1527
2, 639, 5, 949
2, 4, 3, 127, 4, 902
3, 204, 3, 360, 4, 925, 4, 1086, 2, 1142, 3, 1208
4, 676, 3, 813, 3, 1229, 3, 1379
3, 146, 2, 339, 2, 828
3, 562, 2, 1138
2, 117, 3, 140, 2, 895
3, 412, 3, 423, 3, 938
2, 736, 4, 825
2, 54, 2, 193, 4, 763, 3, 963, 2, 1075, 3, 1545
3, 803, 3, 1002, 3, 1013, 3, 1079, 3, 1219, 3, 1528
2, 644, 2, 939
3, 51, 4, 517, 3, 950, 4, 1160, 2, 1166, 4, 1459, 4, 1509
3, 1205, 3, 1456, 3, 1542
2, 171, 3, 697, 4, 753, 4, 774, 3, 936, 2, 1180, 2, 1373
4, 224, 4, 600, 5, 710, 4, 1526
3, 78, 3, 307, 4, 350, 3, 633, 3, 1186, 3, 1343
3, 101, 2, 117, 3, 390, 4, 1332
3, 1446
3, 225, 2, 254, 3, 897, 3, 924, 3, 1273
2, 109, 2, 192, 3, 691, 3, 1501, 3, 1557
4, 90, 4, 273, 3, 350, 3, 549, 5, 639, 4, 705, 2, 1232
3, 589
4, 479, 4, 495, 3, 566, 3, 616, 3, 1032, 4, 1038, 3, 1182
4, 753
2, 87, 4, 403
2, 696, 4, 1179, 3, 1289, 3, 1372
4, 503
3, 339, 4, 493, 3, 539, 3, 676, 4, 1042
3, 372, 3, 672, 4, 722, 3, 822
3, 815, 2, 1021, 3, 1331
3, 253, 2, 669, 3, 1129, 4, 1218
5, 490, 5, 1295, 3, 1312, 3, 1439
4, 54, 4, 203, 3, 363, 4, 1195, 3, 1472
2, 67, 3, 737, 4, 1087, 4, 1182
4, 201, 3, 311, 3, 910, 5, 1276, 3, 1299, 3, 1342, 4, 1559
3, 434, 4, 654, 4, 1170, 4, 1336
3, 884, 2, 917, 2, 934
3, 697, 3, 1240
4, 1040, 3, 1296
4, 830, 2, 1024, 4, 1333, 2, 1512
3, 284, 2, 317, 3, 334, 2, 433, 2, 460
4, 34, 3, 38, 4, 417
4, 837, 3, 1159, 3, 1326
4, 102, 4, 175, 3, 418, 3, 907, 4, 1050
3, 1007, 3, 1017, 3, 1223, 3, 1533
2, 191, 2, 252, 2, 368, 4, 601, 3, 697
3, 888, 3, 911, 4, 1370
4, 39, 2, 1193, 3, 1214
3, 266, 4, 948
4, 605, 4, 661, 3, 1281, 3, 1437
3, 346, 4, 596, 2, 1095
4, 535, 3, 569, 3, 652, 3, 908, 4, 1157, 3, 1284
3, 45, 4, 119, 3, 608, 3, 625, 4, 752, 4, 1361, 2, 1453
3, 49, 3, 55, 3, 349, 4, 411, 2, 1071
3, 388, 4, 422, 3, 438, 2, 565, 3, 1174, 3, 1491
3, 3, 3, 130, 3, 525, 2, 558, 3, 641, 3, 1311
4, 109, 2, 1351
3, 499, 4, 982, 4, 1092
4, 46, 2, 456, 5, 838
5, 23, 3, 189, 4, 845, 5, 1227, 2, 1344
3, 353, 5, 719, 4, 742, 5, 1002
4, 149, 4, 636, 3, 1451
3, 4, 3, 199, 3, 232, 3, 259, 3, 376, 4, 609, 4, 1119
4, 578, 3, 628, 4, 905, 3, 922, 2, 1044, 3, 1194, 3, 1354
3, 10, 3, 403, 4, 586, 3, 609, 4, 1378, 4, 1491
6, 76, 5, 386, 4, 625, 3, 1035, 2, 1418, 5, 1428
2, 426, 4, 600, 3, 896, 2, 1102, 2, 1176, 2, 1555
2, 666, 4, 976
3, 57, 2, 1492
4, 140, 4, 583, 3, 839, 3, 1189, 2, 1226
3, 813, 3, 924
4, 637, 2, 840, 2, 1153, 3, 1256
3, 221, 2, 730, 3, 1046, 2, 1173, 2, 1369, 4, 1429, 2, 1546
4, 190, 2, 517, 2, 533, 3, 806, 3, 1076
3, 34, 4, 543, 5, 860, 3, 1182, 4, 1242, 3, 1359
3, 171, 4, 747, 2, 807, 4, 996, 3, 1496
2, 381, 3, 797, 2, 980, 3, 1256, 3, 1346
2, 447, 4, 836, 3, 880, 4, 1090, 3, 1096, 4, 1389, 3, 1539
3, 12, 3, 68, 3, 288, 5, 378, 4, 971, 5, 1387
4, 1037
2, 15, 3, 1118
3, 652, 3, 1413
3, 265, 4, 419, 3, 465, 3, 602, 4, 968
3, 598, 2, 648, 3, 748
3, 128, 2, 145, 3, 417, 4, 1360
3, 1376
4, 155, 2, 184, 3, 827, 3, 854, 3, 1204
4, 261, 3, 318, 3, 322, 3, 428, 3, 511, 2, 1010
4, 3, 3, 648, 2, 868, 2, 1384, 3, 1550
4, 59, 4, 448, 4, 491, 2, 708
4, 329, 3, 342, 3, 366, 4, 751, 5, 1254
3, 915, 3, 1071
4, 33
2, 50, 4, 133, 4, 1015, 3, 1441, 3, 1498
3, 213, 3, 646, 2, 1428, 4, 1435
2, 303, 3, 492, 3, 1068, 2, 1312
2, 1041
4, 1027, 4, 1037, 3, 1243, 3, 1553
3, 308, 3, 342, 3, 369, 2, 485, 5, 718, 5, 1228, 5, 1257
3, 152, 2, 1367
4, 751
3, 887, 2, 964, 4, 1320
3, 621, 3, 777, 4, 1503
3, 355, 4, 721, 3, 744, 4, 1203, 3, 1314
4, 9, 2, 255, 2, 535, 3, 591, 2, 612, 4, 774, 4, 914, 3, 1018, 2, 1037, 4, 1337
3, 59, 3, 462, 2, 575, 2, 1224
2, 249, 3, 851, 4, 968, 4, 1298
3, 206, 3, 409, 3, 626, 2, 1121
3, 256, 3, 260, 4, 638
3, 1058, 3, 1381, 2, 1547, 2, 1558
3, 586, 3, 796, 4, 1095, 3, 1145, 3, 1245
3, 363, 4, 436, 4, 739, 3, 1251
3, 682, 2, 1325
4, 1281
3, 399, 4, 615, 3, 1524
2, 10, 4, 638, 2, 842, 3, 1258
2, 86, 3, 323, 4, 1145
4, 313, 5, 629
4, 40, 3, 922, 2, 1349, 3, 1405, 2, 1515
3, 24, 2, 456, 3, 1239, 3, 1245
2, 210, 3, 400, 3, 976, 2, 1219
3, 949
2, 466
3, 603, 4, 943, 5, 1192, 2, 1319
3, 31, 3, 601, 2, 913, 4, 1167, 4, 1449
4, 590, 3, 617, 2, 934, 3, 1063, 3, 1206, 3, 1539
3, 85, 2, 434
3, 785, 2, 1361
3, 1118, 4, 1507
4, 385, 2, 1001
4, 19, 2, 119, 3, 242, 3, 542, 4, 575, 2, 1290
3, 379, 3, 582, 2, 855, 3, 1092, 4, 1125, 2, 1142, 5, 1242
4, 50, 5, 832
3, 406
4, 233, 4, 289, 2, 909, 3, 1265, 3, 1454
4, 1107
3, 148, 3, 524, 5, 630, 2, 634, 5, 1013, 4, 1023, 4, 1450
4, 601, 3, 1373, 5, 1406, 3, 1423, 4, 1550
4, 45, 2, 55, 2, 1220
4, 272, 3, 954
2, 85, 3, 611, 4, 1081, 2, 1287, 4, 1443
4, 81, 4, 1096, 4, 1167
3, 241, 3, 900, 2, 1023, 5, 1323
3, 424, 2, 480, 2, 501, 4, 663, 4, 1456
2, 102
4, 448
2, 355, 3, 977
3, 777, 3, 837, 3, 954
3, 95, 2, 394, 3, 428, 2, 444, 2, 544, 2, 571, 3, 1181
4, 109, 3, 575, 4, 645, 3, 652, 2, 1007
4, 213, 4, 1018, 2, 1161
4, 895
3, 86, 4, 735, 3, 918, 2, 1118, 4, 1128, 3, 1334
3, 222, 4, 692, 3, 898, 4, 1055
3, 116
3, 366, 4, 516, 4, 676, 3, 1371, 3, 1458, 3, 1508
4, 159, 3, 246, 4, 712, 4, 868, 2, 1434
3, 186, 4, 429, 3, 662, 4, 885, 3, 1201, 3, 1271
4, 449, 4, 468
2, 100, 3, 289, 3, 865, 2, 1108
3, 216, 3, 233, 3, 505, 3, 776, 2, 838, 2, 1448, 3, 1498
3, 393, 3, 802, 4, 1242, 3, 1272, 3, 1381
3, 823, 3, 952, 4, 1428
3, 113, 3, 213, 4, 336, 3, 636
4, 207, 3, 413, 4, 1295
2, 610, 5, 633
4, 127, 3, 287, 2, 982, 4, 1120, 4, 1536
3, 150, 4, 500
4, 130, 4, 404, 4, 762, 4, 1033, 2, 1372, 2, 1445
4, 230, 3, 336, 3, 340, 5, 1156, 4, 1411
3, 913, 3, 1070
2, 233, 3, 876, 4, 1080, 4, 1176, 4, 1296, 3, 1325
4, 71, 2, 134, 4, 301, 3, 414, 2, 491, 2, 793, 2, 884, 3, 1067, 3, 1330
2, 157, 3, 540, 2, 1305
3, 643, 3, 1379, 2, 1546, 2, 1556
4, 487, 4, 697, 4, 997, 2, 1046, 2, 1146
3, 227, 5, 264, 4, 337, 4, 1153
2, 74, 4, 357, 2, 445, 4, 1067, 2, 1360
4, 1437
3, 162, 2, 274, 3, 378, 3, 528, 4, 1316, 2, 1383, 3, 1520
2, 298, 3, 488, 4, 881, 2, 1064
2, 115, 3, 431, 3, 974, 3, 1037
3, 365, 2, 721
2, 22, 4, 442, 4, 471, 3, 592, 2, 1114, 4, 1157, 4, 1440
3, 386, 2, 1528
3, 76, 3, 196, 4, 552, 3, 1212, 4, 1334
3, 292, 4, 563, 4, 626, 3, 676, 3, 902, 2, 1218
3, 144, 3, 244, 4, 666, 3, 699, 3, 782, 4, 1415, 4, 1452
3, 274, 3, 503, 4, 707, 4, 923, 3, 1216, 3, 1366
3, 420, 3, 1256
3, 297
2, 480, 3, 1189
2, 996, 3, 1200, 4, 1296, 4, 1346, 3, 1416, 2, 1445
4, 288, 4, 910
3, 710, 4, 887
2, 421, 3, 611, 5, 1004
3, 178, 3, 234, 3, 238, 4, 344, 4, 428, 3, 927
3, 8
4, 557, 3, 601, 6, 884, 4, 1029, 6, 1472
4, 241, 2, 1549
4, 371, 4, 897, 4, 1526
3, 598, 3, 687
3, 55, 3, 211, 3, 937, 3, 1060
4, 581, 2, 748, 3, 831
3, 169, 2, 984
4, 728, 3, 774, 3, 968, 4, 1277, 4, 1456
3, 608, 2, 811, 4, 1028, 2, 1057
2, 1051
4, 522, 4, 1458, 4, 1491
2, 355, 3, 399, 4, 1241, 2, 1271
5, 39, 4, 555, 3, 921, 3, 1358, 3, 1404, 3, 1514
2, 302, 3, 718, 2, 901, 3, 1177, 3, 1267
2, 368, 4, 801, 3, 1011, 4, 1017, 3, 1311, 3, 1460
2, 366, 3, 1025, 3, 1148, 2, 1154, 3, 1447
2, 106, 4, 376, 3, 715, 2, 1031
2, 226, 3, 842
4, 479, 3, 513, 4, 1101, 3, 1228
2, 257, 2, 413, 3, 1139, 2, 1195, 4, 1261
3, 963
3, 577, 4, 887
4, 381, 5, 388, 4, 744, 2, 1403
3, 22, 4, 265, 3, 814, 3, 1003, 3, 1397
4, 174, 5, 184, 4, 251, 3, 390, 4, 540, 3, 700, 4, 1532
2, 214, 3, 817, 3, 1210, 2, 1393
2, 31, 2, 347, 3, 417, 4, 890, 2, 1366
4, 115, 4, 770, 3, 991, 4, 1270, 2, 1507
4, 182, 3, 614, 3, 831
4, 12, 4, 951, 4, 1057, 4, 1354, 3, 1467
3, 158, 3, 1044, 3, 1487
2, 358, 3, 1001, 4, 1204, 3, 1300, 4, 1421, 3, 1450
3, 293, 4, 355, 2, 1015, 3, 1551, 3, 1557
3, 332, 3, 366, 3, 382, 2, 509, 3, 1118, 3, 1435
3, 478, 2, 855, 3, 1367
5, 589, 4, 705, 4, 938
4, 179, 2, 195, 3, 1467
4, 29, 4, 501, 2, 645, 3, 978, 3, 1500, 3, 1516
3, 66, 4, 509, 3, 1114, 3, 1152
2, 442, 3, 1351
3, 532, 3, 548, 3, 619, 3, 669, 4, 1235
4, 146, 3, 656, 4, 1295, 3, 1355, 3, 1471
4, 749, 4, 762, 2, 772, 3, 928, 3, 1012, 3, 1232, 4, 1511
2, 327
3, 404, 3, 686
4, 1535
4, 44, 3, 560, 3, 926, 3, 1362, 3, 1408, 3, 1519
2, 27
4, 200, 2, 550, 4, 645, 2, 996
3, 373, 4, 739, 4, 762, 3, 806, 5, 1016, 3, 1022, 3, 1222
2, 117, 3, 206, 4, 396, 2, 633, 3, 799, 4, 1455
3, 197, 3, 254, 2, 364, 3, 447, 3, 946, 3, 1329
4, 293, 4, 797
3, 164, 3, 320, 4, 1046, 3, 1169
3, 374, 4, 540, 3, 623, 3, 1123
3, 41, 3, 141, 5, 677, 4, 977, 4, 1039
4, 245, 4, 317, 3, 561, 3, 1147, 3, 1163, 3, 1290
3, 381, 3, 454, 2, 758, 3, 1270
3, 464, 3, 508, 4, 791, 3, 1087, 2, 1380
3, 201, 3, 424, 4, 777, 3, 1283, 4, 1526
3, 411, 3, 827, 3, 1066, 3, 1287, 3, 1376
5, 12, 4, 575, 4, 804, 2, 964, 4, 1007, 4, 1224
3, 42, 3, 408, 2, 475, 2, 720, 3, 1257, 3, 1263, 2, 1417
2, 152, 2, 455, 3, 1531, 3, 1554
3, 622, 3, 961, 4, 1211, 2, 1337
3, 99
3, 425, 3, 498, 4, 741, 3, 1230, 4, 1374, 4, 1480
3, 562, 4, 635, 2, 938, 4, 1044, 4, 1367, 2, 1450
3, 262, 3, 279, 3, 512, 5, 601, 2, 918, 5, 1088, 3, 1550
2, 66, 4, 366, 2, 399, 3, 1401, 3, 1501
3, 1102, 3, 1264, 3, 1508
3, 190, 3, 413, 4, 766, 3, 1016, 3, 1515
3, 816, 2, 862, 5, 999, 4, 1365
3, 223, 4, 540
3, 833, 2, 1012, 2, 1095, 2, 1315
2, 769, 2, 802, 4, 1391, 3, 1491, 3, 1518
3, 37, 3, 110, 3, 353, 3, 842, 4, 902, 4, 985, 3, 1091
3, 550, 4, 978
3, 223, 5, 284, 3, 390, 3, 400, 3, 633, 3, 1045
2, 440, 3, 673, 4, 895, 4, 1249, 4, 1415, 3, 1498
3, 77, 2, 980
2, 110, 3, 637, 4, 693, 5, 714, 3, 876, 3, 1119, 2, 1313
4, 503, 2, 587, 3, 843, 3, 1092, 4, 1219, 3, 1329
2, 151, 4, 784, 4, 1393, 3, 1466
4, 490, 2, 540, 2, 817, 2, 834, 4, 956, 3, 1106
3, 193, 3, 836
3, 121, 2, 420, 3, 453, 2, 470, 2, 570, 2, 597, 3, 1206
3, 37, 3, 160, 3, 936
2, 128, 3, 195, 2, 334, 3, 490, 4, 1216, 3, 1470
3, 806, 3, 944, 3, 1360, 3, 1509
4, 71, 2, 91, 4, 328, 4, 421, 4, 494, 3, 1150, 4, 1370
4, 398, 2, 874, 3, 1097
2, 82, 4, 115, 4, 704, 4, 804
4, 112, 2, 312, 3, 838, 2, 895, 2, 1514
4, 102, 2, 429, 4, 445, 3, 718, 3, 988
4, 456, 4, 772, 3, 1094, 2, 1154, 3, 1271, 3, 1504
6, 132
3, 531, 3, 1473
4, 71, 3, 105, 3, 1107, 3, 1234
2, 5, 3, 731, 3, 1201, 4, 1267, 3, 1407
3, 1454
2, 352, 3, 971, 3, 1281
5, 106, 4, 522, 4, 982, 4, 1071
3, 878, 4, 1487
2, 1021, 4, 1229, 3, 1312
2, 66, 4, 442, 3, 548, 4, 553, 5, 1285, 3, 1368
4, 16, 3, 519, 3, 592, 3, 835, 3, 1324, 3, 1468
3, 317, 3, 400, 3, 656, 3, 906, 3, 1032, 4, 1139, 4, 1143
2, 323, 3, 356, 3, 373
4, 207, 4, 533, 3, 550, 3, 679, 4, 822
3, 325, 3, 385, 3, 502, 3, 735, 3, 928
3, 56, 3, 1021, 3, 1044, 3, 1504
4, 148, 3, 185, 2, 435, 3, 957, 3, 991
2, 115
4, 2, 2, 697, 4, 901, 3, 1411, 4, 1444, 5, 1461
3, 23, 3, 611, 3, 711, 2, 1547
3, 649, 3, 705, 2, 1325, 3, 1481
4, 129
3, 528, 3, 1470
2, 579, 2, 613, 4, 1201, 3, 1301, 2, 1328
3, 163, 2, 712, 3, 796, 2, 902, 4, 1405, 2, 1478
2, 369, 2, 752, 3, 775, 3, 1518
3, 443
3, 327, 2, 533, 2, 889, 4, 1415
3, 7, 3, 250, 3, 483, 4, 706, 3, 1022, 3, 1059
3, 1070, 2, 1186, 4, 1419, 4, 1423
3, 98, 3, 327, 4, 531, 4, 747, 3, 1190
4, 144, 3, 244, 4, 271, 3, 1080, 2, 1113, 4, 1453
4, 445, 4, 1250, 3, 1267, 3, 1394
4, 8, 4, 158, 2, 318, 3, 1150, 3, 1427
2, 22, 3, 595, 3, 944, 4, 1454
3, 109, 3, 155, 3, 265, 2, 865, 4, 1231, 3, 1297, 3, 1514
3, 388, 4, 609, 3, 1125, 4, 1291
3, 839, 3, 872, 2, 889
3, 1195
3, 179, 2, 569, 3, 589, 3, 972, 3, 995, 3, 1498
3, 36, 2, 57, 4, 1012, 2, 1538
3, 149, 2, 1251, 4, 1484
3, 692, 3, 725, 4, 1314, 3, 1414, 3, 1441
4, 32, 4, 276, 3, 825, 4, 908, 4, 1014, 3, 1518
3, 96, 4, 579, 3, 583, 3, 962, 3, 1398
3, 506, 3, 1215
3, 812, 4, 1022, 4, 1028, 5, 1321, 4, 1371, 4, 1471
3, 21, 3, 376, 2, 936, 4, 1036, 4, 1159, 4, 1458, 2, 1502
3, 60, 3, 260, 3, 370, 2, 969, 2, 1335, 2, 1358
3, 197, 4, 351, 3, 534, 3, 810, 4, 900
4, 230, 2, 434, 4, 943, 2, 993, 2, 1093
2, 337, 2, 420, 3, 676, 4, 1052, 3, 1162
2, 81, 3, 963
2, 43, 3, 493
3, 226, 2, 253, 4, 570, 4, 1113, 2, 1175
4, 800, 3, 993, 4, 1316, 5, 1482
4, 633, 4, 933, 3, 966, 4, 983, 4, 1083
2, 201, 4, 274, 4, 577, 3, 683, 4, 1089
3, 171, 3, 641, 4, 847, 3, 1003
4, 65, 3, 321, 4, 564, 4, 797, 3, 1020, 3, 1336, 3, 1373
4, 328, 4, 601, 4, 884, 3, 971, 3, 1443
3, 405, 4, 655, 3, 1154
3, 287, 3, 537, 3, 637, 2, 664, 3, 711, 2, 1473, 3, 1506
4, 1513
2, 68, 3, 152, 2, 372, 2, 651, 4, 1350, 3, 1460
3, 412, 2, 501, 3, 605, 2, 927, 3, 988, 3, 1094, 2, 1104
4, 455, 3, 1144, 3, 1377
4, 746, 4, 873, 4, 1302
3, 34, 2, 677, 4, 1053, 4, 1149
4, 167, 4, 278, 3, 877, 4, 1243, 2, 1266, 3, 1526
3, 104, 4, 258, 4, 441, 3, 807
3, 614, 2, 884, 3, 1223, 4, 1296, 3, 1540
3, 581, 4, 984, 4, 1096, 3, 1200
2, 29, 4, 262, 3, 771, 4, 1410, 3, 1470
4, 888
3, 938
5, 129, 2, 778, 2, 961, 5, 1160, 5, 1171, 4, 1377
4, 734
2, 69, 4, 385
4, 264, 4, 747, 4, 857, 4, 940
3, 485
5, 325, 3, 741, 3, 924, 2, 1001, 2, 1200, 3, 1290
3, 488, 3, 854, 5, 877, 5, 1137, 3, 1337
2, 388, 2, 948, 3, 1048, 3, 1171, 4, 1177, 2, 1470, 2, 1514
4, 169, 4, 369, 3, 479, 2, 562, 2, 1078, 3, 1444, 3, 1467
4, 602, 3, 924, 4, 1091
2, 86, 3, 816, 2, 1401, 3, 1425
5, 522, 4, 572, 4, 849, 4, 865, 4, 988, 3, 1138
4, 33, 2, 316, 3, 905, 3, 1548
3, 313, 3, 359, 2, 469, 3, 552, 2, 1434
3, 69, 4, 192, 4, 968
2, 63, 3, 130, 2, 269, 3, 425, 4, 1151, 3, 1405
3, 144, 2, 838, 3, 976, 4, 1392, 4, 1541
4, 6
2, 859, 3, 1015
4, 1535
4, 77, 4, 959, 4, 1442, 3, 1482, 2, 1552
3, 157, 2, 590, 3, 1372, 4, 1379
2, 247, 3, 436, 2, 1012, 2, 1256
3, 1020, 2, 1083
2, 5, 2, 704, 4, 737, 2, 820, 4, 1076, 4, 1326, 3, 1453
3, 444, 2, 743, 3, 793, 5, 893
3, 179, 3, 189, 3, 202, 3, 395, 4, 705, 4, 944, 4, 1354
3, 301, 3, 911, 2, 1227, 2, 1398
2, 432, 4, 448, 3, 519, 3, 1135
4, 120, 4, 536, 3, 995, 3, 1085
3, 891, 4, 1501
2, 1035, 4, 1145, 4, 1228
2, 80, 3, 456, 3, 562, 4, 566, 4, 1298, 3, 1382
5, 30, 3, 533, 4, 606, 3, 849, 4, 1338, 5, 1482
3, 317, 3, 330, 3, 670, 3, 919, 3, 1046, 4, 1055, 4, 1059
4, 337, 3, 370, 3, 387
4, 13, 4, 1099, 5, 1442
3, 173, 3, 832, 3, 955, 5, 1255
3, 356, 2, 433, 2, 826, 4, 1009, 3, 1388
2, 131
4, 320, 4, 380, 3, 403, 2, 1036, 3, 1073, 4, 1146, 4, 1556
2, 503, 3, 740, 2, 773, 4, 790, 3, 890
3, 174, 3, 178, 3, 970
3, 977, 3, 1299, 2, 1466, 2, 1476
3, 1050, 3, 1062, 2, 1229, 5, 1312, 4, 1532
2, 170, 3, 1295, 2, 1366, 4, 1372
2, 338, 4, 527, 3, 1030, 3, 1103, 2, 1347
4, 178, 3, 454, 3, 594, 2, 904
4, 384, 3, 1120, 4, 1286
4, 135, 3, 597, 2, 868, 3, 1207, 3, 1523
4, 564, 4, 967, 3, 1184, 3, 1494
3, 148, 3, 152, 4, 658, 2, 1356, 4, 1473
3, 71, 3, 94, 3, 498, 4, 554, 4, 664, 3, 747
4, 548, 3, 594, 3, 1097, 4, 1276
3, 904, 2, 1513
2, 674, 3, 841, 4, 924, 2, 1144
3, 341, 3, 1277, 4, 1311
3, 175, 3, 1061, 3, 1090
2, 375, 3, 807, 2, 1017, 5, 1024, 4, 1317, 4, 1467
3, 16, 4, 372, 3, 1031, 4, 1154, 3, 1453
2, 112, 3, 349, 3, 382, 3, 399, 4, 721, 3, 1037
4, 486, 3, 519, 3, 602, 3, 1234, 3, 1272, 4, 1521
2, 69, 4, 702, 4, 939, 3, 972, 4, 989, 2, 1311
4, 332, 4, 415, 2, 671, 3, 921, 3, 1048
2, 958
3, 338, 2, 372, 3, 388, 2, 488, 2, 515
3, 89, 2, 93, 4, 472
3, 989, 3, 1311, 2, 1478, 2, 1488
4, 419, 4, 629, 4, 928, 4, 978, 3, 1078
5, 196, 4, 269, 2, 573, 4, 1085
3, 377, 4, 420, 3, 703, 3, 1292
3, 942, 3, 965, 4, 1425
4, 94, 3, 1248, 3, 1269
3, 100, 2, 320, 3, 1003
4, 833, 3, 996
2, 1166, 3, 1555
3, 434, 3, 1050
3, 590, 3, 623, 2, 1212, 3, 1312, 3, 1339
2, 44, 3, 233, 2, 809
3, 50, 3, 1525
3, 83, 3, 94, 3, 300, 3, 520, 3, 609, 4, 1258, 4, 1262
2, 84, 3, 717, 3, 1326, 2, 1399
3, 424, 2, 750, 4, 767, 2, 1039
4, 121, 4, 537, 2, 997, 3, 1087
4, 893, 5, 1503
3, 1077, 2, 1134, 3, 1244, 2, 1327
3, 745, 3, 1267, 3, 1300
3, 578, 3, 1050, 3, 1493
4, 162, 3, 312
4, 100, 3, 333, 5, 556, 3, 1415
4, 611, 3, 948, 4, 1380
3, 779, 3, 935
2, 741, 4, 945, 4, 1041, 3, 1161, 4, 1191
3, 53, 4, 309, 3, 685, 2, 1528
3, 182, 2, 392, 3, 435, 4, 718, 3, 858, 3, 1428
4, 738, 4, 788, 3, 1064, 4, 1204, 3, 1353
3, 232, 3, 349
3, 72, 3, 648, 3, 1027
2, 485, 4, 718, 5, 941, 3, 1294, 4, 1461, 4, 1544
3, 26, 2, 928
2, 59, 2, 585, 3, 641, 4, 662, 2, 824, 2, 1261
4, 206, 4, 722, 5, 826
4, 376, 4, 422, 4, 926
4, 100, 2, 649, 2, 838, 2, 1231, 4, 1342, 2, 1414
3, 403, 4, 407, 4, 786, 3, 796, 3, 1222, 2, 1478
4, 263, 3, 374, 4, 447, 3, 690, 3, 1239, 3, 1428
3, 216, 2, 599, 3, 609, 4, 622, 4, 1364
3, 77, 4, 143, 2, 283, 3, 439, 4, 1165, 3, 1418
3, 755, 3, 892, 3, 1405, 4, 1458
3, 20, 3, 137, 3, 370, 3, 374, 4, 540, 3, 1195, 3, 1416
4, 347, 2, 823, 4, 1046
2, 127, 3, 161, 2, 750, 3, 849
3, 61, 3, 787, 3, 843, 2, 1463
2, 17, 3, 267
3, 300, 3, 311, 3, 826
4, 624, 4, 713
3, 81, 4, 651, 3, 851, 3, 963, 3, 1433, 2, 1500
3, 691, 4, 890, 3, 901, 3, 967, 3, 1107, 3, 1416
2, 50, 3, 776, 3, 1246, 4, 1313, 3, 1452
2, 1402
2, 300, 3, 920, 3, 1230
4, 55, 4, 471, 3, 930, 3, 1020
3, 923, 4, 1533
2, 1067, 4, 1177, 4, 1260
2, 14, 4, 391, 3, 497, 4, 501, 4, 1233, 3, 1317
5, 62, 3, 565, 4, 638, 4, 881, 3, 1370, 5, 1387, 3, 1513
3, 232, 4, 265, 3, 854, 2, 954, 3, 1491
2, 652, 2, 1228, 3, 1471
3, 219, 3, 469
3, 119, 3, 502, 3, 512, 3, 1028
4, 96, 4, 192, 4, 635, 3, 1278, 3, 1305, 2, 1421
3, 781
4, 115, 3, 532, 3, 841, 3, 1536
3, 321, 4, 1058, 4, 1224
3, 535, 2, 805, 3, 1047, 3, 1120, 3, 1364
3, 502, 3, 905, 4, 1018, 3, 1122
4, 86, 3, 595, 4, 1234, 3, 1294, 2, 1411
4, 809
3, 160, 3, 222, 4, 832, 4, 859, 2, 1158, 4, 1175, 4, 1448
3, 343, 3, 626
3, 14, 3, 30
2, 80, 3, 207, 3, 336, 3, 579, 3, 812, 2, 1389, 3, 1449
5, 247, 2, 889, 3, 933, 3, 1216, 4, 1362, 5, 1511
3, 873, 3, 1416
4, 291, 3, 328, 3, 1216
3, 25, 4, 141
3, 278, 2, 1233
3, 708, 3, 1074, 4, 1097, 3, 1357, 3, 1557
3, 132, 3, 754
4, 554, 3, 731
2, 265, 3, 455, 4, 848, 2, 1031
2, 179, 3, 495, 3, 1038, 3, 1101
2, 352, 4, 429, 2, 785
3, 63, 4, 86, 4, 656, 3, 855, 3, 968, 3, 1045, 2, 1438
3, 962, 4, 1372
3, 147, 4, 1522
3, 973, 3, 1016
2, 320, 3, 557, 3, 590, 3, 607, 2, 706
2, 404, 4, 787
4, 138, 4, 400, 3, 554, 3, 737, 3, 1014, 4, 1103
2, 204, 5, 594, 4, 854
3, 483, 3, 876, 3, 1280, 4, 1392, 5, 1496
3, 181, 4, 225, 4, 508, 4, 1217, 2, 1510
3, 364, 2, 535, 3, 597, 3, 1173, 3, 1233, 4, 1550
2, 738, 3, 798, 3, 915
4, 55, 2, 355, 3, 388, 2, 405, 2, 505, 2, 532, 3, 1141
3, 95, 4, 871, 5, 1530
5, 628, 4, 911, 5, 1206
3, 75, 3, 784, 3, 1150, 4, 1173, 2, 1217, 3, 1433
3, 69, 3, 252, 3, 625, 4, 684, 4, 715, 2, 1308, 2, 1473
3, 665, 3, 775
3, 692, 4, 1004, 4, 1108
3, 659, 4, 842, 4, 1208
4, 53, 4, 1028, 3, 1218, 2, 1554
3, 146, 2, 209, 3, 845, 4, 1534
4, 1088, 3, 1095, 3, 1451
2, 709, 3, 849, 3, 1419
3, 582, 2, 949, 3, 1231, 3, 1385, 3, 1431
4, 1042
3, 1425
5, 233, 4, 876, 5, 903, 4, 1252, 3, 1348
3, 1188, 3, 1244, 3, 1355, 2, 1438
3, 855, 3, 1378, 3, 1411
3, 46, 2, 319, 2, 689, 4, 1161
3, 986
2, 969, 2, 1425
3, 503
3, 410, 3, 1032, 4, 1132
3, 636, 3, 865
2, 1332
2, 450, 2, 667
3, 430, 4, 480, 4, 756, 3, 773, 4, 1046, 4, 1316
2, 880, 3, 910
3, 365, 4, 681, 3, 1313
3, 177, 4, 410, 4, 1047, 3, 1363, 4, 1492
3, 817, 4, 906
3, 79, 4, 236, 3, 435, 2, 961, 3, 1431, 3, 1498
3, 485, 3, 552, 3, 689, 2, 889, 3, 1105, 3, 1415
4, 50, 2, 116, 3, 669, 4, 826, 2, 1025, 3, 1551
3, 1142, 3, 1279
4, 303, 3, 449, 4, 549, 5, 1086, 2, 1092, 4, 1385
4, 445, 3, 745, 4, 795, 4, 895
3, 878, 4, 889, 3, 1095, 3, 1404
2, 160, 3, 220, 3, 337, 4, 570, 4, 1079, 3, 1108
3, 4, 4, 133, 5, 376, 5, 609, 5, 1185, 5, 1219, 4, 1246
3, 140, 3, 783, 2, 827, 3, 1110, 3, 1249, 4, 1405
3, 163, 3, 180, 3, 251, 3, 866
4, 267, 4, 727, 4, 816
3, 88, 3, 637, 4, 1219, 2, 1240, 4, 1402
4, 753, 3, 891, 3, 1307, 3, 1456
5, 27, 3, 38, 4, 903, 3, 1097, 5, 1419, 2, 1479
3, 373, 3, 677
3, 290, 5, 706, 5, 1016
3, 257, 4, 440, 4, 806
3, 1056, 4, 1526
4, 4, 5, 437, 4, 647, 5, 653, 3, 807
3, 591, 4, 1020
3, 264, 3, 325, 3, 431, 3, 441, 4, 674, 3, 1086
2, 79, 3, 335, 2, 578, 3, 811, 4, 1033, 4, 1387, 3, 1553
4, 245, 3, 850, 2, 1360
3, 472, 2, 522, 3, 719
3, 365, 3, 382, 3, 452, 3, 502, 3, 1068
4, 1031, 3, 1091, 2, 1207, 4, 1440
3, 348, 4, 552, 3, 798
4, 112, 3, 178, 3, 318, 4, 468, 3, 628, 3, 1460
2, 355, 3, 921, 3, 1204, 3, 1343
3, 311, 3, 368, 3, 372, 3, 478, 2, 561, 2, 1060, 3, 1293
3, 1494
3, 375, 2, 531
4, 542, 3, 752, 3, 758, 2, 1051, 4, 1201
3, 379, 3, 416, 3, 1304
4, 113, 4, 229, 3, 462
3, 117, 2, 133, 3, 1404
3, 439, 3, 583, 2, 915, 3, 1454, 3, 1525
3, 809
3, 447
2, 353, 3, 542, 3, 936, 2, 1119
2, 170, 3, 486, 3, 1029, 3, 1092
4, 343, 2, 420, 4, 775
4, 5, 3, 681, 3, 1251
3, 415, 3, 781, 2, 1218, 4, 1263, 3, 1374
4, 412, 3, 974, 4, 1097, 4, 1397
4, 69, 2, 595, 2, 672, 2, 1065, 3, 1078, 4, 1248
2, 216, 4, 237, 3, 619, 4, 1146
4, 309, 2, 752, 3, 1008, 3, 1125, 3, 1358, 3, 1395
4, 20, 2, 253, 4, 476, 3, 1335
3, 34, 4, 816
3, 390
4, 217, 4, 273, 2, 893, 4, 1249, 3, 1438
3, 68, 2, 118, 2, 394, 3, 411, 3, 684
3, 1060, 4, 1120, 3, 1237, 4, 1470
3, 265, 3, 475, 4, 481, 2, 924
2, 42, 2, 115, 3, 419, 4, 525, 4, 908, 3, 918, 3, 931
4, 82, 3, 1030, 4, 1301
3, 162, 2, 639, 4, 861
3, 882, 3, 1404, 3, 1437
3, 73, 2, 345, 2, 716, 4, 1188
3, 915
3, 219, 3, 452, 4, 675, 3, 991, 3, 1534
2, 69, 4, 82, 3, 248, 2, 1124, 3, 1317
2, 315, 4, 957, 3, 1095, 4, 1118, 3, 1161, 3, 1378
3, 312, 2, 1254, 3, 1437, 3, 1508, 2, 1514
2, 289, 3, 322, 3, 339, 2, 439, 4, 466
2, 137, 3, 519, 2, 1285
4, 526, 4, 1262, 2, 1428, 2, 1439
3, 369, 3, 580, 4, 879, 3, 929, 2, 1029
2, 207, 4, 244, 3, 317, 3, 1132
2, 240, 2, 327, 3, 1242, 4, 1515
2, 893, 3, 916, 3, 1376
4, 44, 3, 1199
4, 536, 3, 873, 3, 1305
4, 763
2, 97, 4, 413
3, 706, 4, 885, 3, 969, 3, 1189
3, 513, 4, 1452
3, 283, 3, 344, 3, 450, 2, 460, 3, 693, 4, 1519
3, 500, 2, 733, 3, 1309, 4, 1369, 3, 1475, 3, 1559
3, 137, 4, 1040
3, 170, 3, 697, 5, 774, 4, 1167, 4, 1179, 3, 1350, 2, 1373
2, 647, 3, 1389
3, 391, 4, 851, 3, 940
3, 211, 2, 761, 4, 1343, 2, 1364, 3, 1453, 4, 1526
4, 417, 4, 421, 3, 810, 3, 1214, 4, 1237, 4, 1493
3, 25, 2, 574, 3, 763, 2, 1156, 2, 1339
2, 690, 4, 980
3, 967
3, 380, 4, 564, 4, 930
4, 188, 2, 1164, 2, 1276
3, 494, 3, 921, 3, 977, 4, 1087, 3, 1170
2, 28, 4, 810, 4, 1154, 4, 1230
3, 385, 2, 791, 3, 961, 3, 1340
4, 458, 4, 602, 3, 934, 4, 1473, 4, 1544
3, 242, 4, 978, 3, 1144
3, 455, 2, 726, 2, 1065, 3, 1138, 3, 1381
3, 422, 3, 938, 2, 1042
3, 1471
2, 279, 4, 535, 3, 884, 4, 1394
4, 212, 4, 412, 3, 708, 4, 1488, 2, 1511, 3, 1554
4, 349, 2, 705
5, 6, 4, 426, 5, 455, 4, 576, 3, 1098, 2, 1142, 2, 1425
2, 615, 3, 825, 2, 1031, 2, 1341
2, 97, 2, 918
2, 25, 4, 42, 3, 364, 3, 1313
4, 22, 4, 222, 3, 438, 4, 588, 4, 748, 4, 1376, 4, 1443
2, 261, 3, 844, 3, 865, 2, 1027
3, 175, 3, 492, 2, 562, 4, 1034, 3, 1178, 3, 1511
4, 502, 3, 945, 4, 1174, 2, 1201, 2, 1218, 4, 1550
3, 305, 3, 848, 2, 910, 2, 1547
3, 238, 3, 594
3, 315, 3, 345, 2, 465, 2, 987, 2, 1031, 2, 1314
2, 552, 4, 602, 4, 878, 4, 895, 3, 1018, 4, 1024, 4, 1168
3, 485, 5, 641
3, 219, 4, 652, 3, 862, 4, 868, 3, 1161, 3, 1311
2, 216, 3, 876, 2, 998, 4, 1298
4, 399, 2, 455, 3, 476, 4, 639, 5, 1431
2, 174
3, 423
2, 330, 3, 952
3, 752, 4, 813, 4, 929
3, 70, 4, 370, 3, 403, 4, 419, 5, 519, 2, 546, 3, 1156
4, 865, 2, 1402
3, 626, 3, 975, 4, 1485, 2, 1514
2, 43, 3, 89, 3, 199, 2, 799, 3, 1165, 3, 1231, 2, 1448
3, 419, 4, 640, 3, 1156, 4, 1322
3, 773, 2, 806, 2, 823
4, 1129
4, 211, 3, 503, 3, 620, 3, 906, 2, 1432
4, 134, 3, 221, 4, 687, 4, 843, 2, 1409
3, 161, 4, 404, 3, 637, 4, 860, 3, 1176, 3, 1246
3, 424, 3, 541
2, 75, 3, 264, 3, 840, 3, 1084
3, 191, 4, 208, 4, 480, 4, 751, 2, 813, 2, 1423, 3, 1473
3, 537, 3, 1246
3, 843, 2, 1053, 3, 1059, 4, 1352, 3, 1402, 2, 1502
4, 52, 3, 407, 3, 967, 4, 1067, 4, 1190, 3, 1489, 3, 1533
4, 91, 5, 291, 3, 401, 2, 484, 2, 1000, 2, 1366, 2, 1389
5, 621, 4, 1120, 4, 1357, 4, 1524
4, 261, 4, 465, 4, 975, 2, 1024, 2, 1124
3, 315, 3, 1131
4, 142, 2, 972, 4, 1018, 3, 1211, 3, 1521
3, 209, 3, 851, 4, 1055, 3, 1271, 4, 1301
2, 730, 2, 764, 4, 1352, 2, 1452, 3, 1479
3, 95, 3, 168, 3, 411, 3, 900, 4, 961, 4, 1044, 3, 1150
3, 511, 4, 940
4, 327, 3, 1063, 4, 1230
3, 443, 2, 714, 2, 1053, 3, 1369, 3, 1539
2, 410, 3, 1030, 4, 1340
4, 164, 4, 580, 2, 1040, 3, 1130
4, 85, 3, 1033, 4, 1304
3, 544, 4, 767
2, 124, 3, 501, 3, 607, 4, 611, 4, 1343, 3, 1426
3, 65, 3, 172, 3, 675, 3, 748, 4, 991, 2, 1480, 4, 1497
3, 42, 4, 342, 3, 375, 3, 964, 3, 1064
3, 23, 3, 762, 2, 1338
3, 329, 4, 579, 3, 1078
3, 123, 3, 518, 2, 552, 3, 635, 3, 1304, 3, 1554
2, 102, 3, 1344
3, 160, 3, 217, 3, 327, 3, 410, 3, 909, 3, 1292
3, 670, 3, 760
4, 127, 4, 283, 3, 1009, 4, 1132
3, 750, 3, 917, 3, 1000, 3, 1499
4, 4, 4, 104, 5, 640, 5, 940, 3, 1416
4, 208, 3, 280, 3, 524, 3, 1013, 3, 1029, 3, 1156
3, 88, 5, 344, 2, 721, 3, 831
4, 428, 2, 471, 4, 754, 3, 893, 2, 1343, 4, 1463
2, 335, 4, 608, 3, 1550
2, 1284, 3, 1407
2, 375, 2, 1018, 3, 1045, 3, 1394, 4, 1490
2, 508
2, 398, 2, 414, 4, 485, 3, 535, 4, 951, 2, 957, 4, 1101
3, 621, 4, 677, 2, 1297, 3, 1453
3, 265, 4, 515, 2, 1014
4, 551, 3, 571, 3, 585, 3, 827, 4, 1174, 3, 1203
2, 135, 2, 591, 4, 624, 3, 641, 4, 741, 3, 768, 3, 1377
4, 305, 4, 1142
3, 183
3, 366
4, 409, 3, 482, 3, 725, 3, 1181, 3, 1214, 3, 1231, 3, 1358
3, 139, 3, 699, 4, 798, 3, 921, 3, 1221, 4, 1341
4, 213, 4, 263
3, 63, 2, 812
3, 346, 3, 1112, 4, 1501, 3, 1522
2, 405, 2, 735, 2, 915, 2, 1358
4, 642, 3, 1031, 3, 1075, 3, 1291
3, 921, 3, 925
2, 110, 2, 166, 4, 476, 3, 655, 2, 1485, 2, 1530
3, 63, 2, 818
3, 86, 3, 413, 4, 702
3, 65, 3, 72, 4, 427, 3, 1370, 3, 1553
4, 202, 2, 501, 2, 535, 3, 551, 3, 651, 3, 678
4, 897, 4, 1024, 4, 1453
3, 88, 2, 731, 4, 1107, 4, 1203
3, 22, 3, 221, 3, 331, 2, 931, 2, 1297, 2, 1320
4, 158, 4, 312, 4, 495, 4, 772, 4, 861
4, 192, 5, 395, 4, 905, 4, 955, 3, 1055
5, 343, 3, 1158
4, 72, 3, 902, 4, 948, 3, 1141, 4, 1451
4, 139, 4, 782, 3, 985, 4, 1202, 5, 1231
2, 446, 3, 822
2, 1538
3, 529, 2, 573, 3, 1415, 2, 1444
3, 20, 4, 130, 3, 213, 3, 729, 2, 1095, 3, 1532
2, 476, 4, 892, 2, 1075, 3, 1351, 3, 1441
5, 76, 2, 542, 5, 931, 4, 975, 5, 1185, 4, 1191, 5, 1484
3, 10, 3, 163, 5, 376, 4, 383, 4, 1066, 6, 1385
2, 1132, 3, 1521
3, 400, 3, 1016
4, 556, 3, 589, 4, 1178, 4, 1278, 3, 1305
4, 237, 2, 786, 3, 869, 3, 976, 5, 1479, 3, 1552
4, 443, 3, 447, 5, 826, 4, 1263
3, 420
3, 8, 3, 401, 4, 584, 3, 607, 4, 1376, 4, 1489
4, 74, 5, 384, 4, 623, 3, 1033, 2, 1416, 4, 1426
3, 214, 4, 397, 4, 424, 4, 776, 4, 1100, 2, 1379
4, 197, 3, 826, 3, 846, 5, 1229, 3, 1446
2, 77, 4, 360, 2, 447, 4, 1069, 2, 1362
3, 727, 3, 1536
3, 261, 3, 1416
4, 28, 2, 74, 3, 211, 4, 577, 2, 644, 4, 1432
3, 209
3, 155, 3, 404
2, 55, 3, 438, 3, 448, 4, 964
2, 32, 5, 541, 2, 571, 3, 1213, 5, 1240, 4, 1357
2, 168, 4, 805, 3, 1250, 3, 1494
4, 634, 2, 1055, 3, 1410
2, 572, 2, 867
3, 414, 3, 878, 3, 1088, 3, 1387, 2, 1437, 4, 1537
5, 225, 4, 325, 3, 448, 4, 747
2, 525, 2, 880, 4, 1407, 2, 1463
3, 96, 4, 339, 3, 572, 3, 794, 4, 1111, 3, 1148
4, 6, 3, 202, 4, 235, 3, 262, 3, 378, 5, 611, 5, 1121
3, 126, 2, 143, 3, 415, 4, 1358
3, 276, 4, 365, 2, 469, 3, 792, 4, 958, 3, 968, 3, 1374
2, 259, 2, 319, 2, 1008
3, 23, 2, 150, 3, 579, 2, 1332
2, 469, 3, 752, 2, 1048
3, 13, 3, 626, 3, 992, 3, 1015, 3, 1058, 3, 1275
4, 7, 3, 190, 2, 467, 4, 556, 3, 623, 4, 1411
4, 24, 3, 47, 3, 90, 3, 307, 3, 506, 3, 617, 2, 1216
2, 643, 4, 836, 2, 1159, 5, 1325, 4, 1336
3, 680, 3, 897, 3, 1392
2, 30, 4, 446
6, 180, 5, 250, 4, 257, 5, 550, 4, 612, 5, 1272
3, 290, 3, 589, 2, 739
4, 570, 4, 620, 2, 897, 4, 1036, 4, 1186
2, 181
3, 364
2, 310, 4, 481, 4, 942, 4, 1179, 4, 1213, 5, 1229, 5, 1552
2, 234, 3, 794, 3, 894, 2, 1017, 3, 1023, 3, 1316
4, 212, 4, 261
3, 62, 2, 811
3, 345, 3, 1106, 2, 1499
4, 255, 3, 448, 3, 771, 4, 937
2, 388, 2, 421, 2, 438
4, 271, 2, 321, 3, 598, 3, 614, 3, 887, 3, 1157
2, 617, 3, 661, 4, 944, 3, 1503, 3, 1532
2, 51, 3, 301
3, 334, 3, 345, 3, 860
3, 650
3, 26, 3, 121, 4, 564, 4, 1207, 4, 1251, 4, 1534
3, 65, 4, 1147
3, 59, 3, 132, 3, 947
4, 105, 3, 109, 3, 614, 2, 1313, 2, 1430
2, 805, 4, 828, 3, 1288
2, 1111
3, 485, 3, 1421, 3, 1454
2, 89, 3, 318, 3, 362, 5, 1204
3, 615
2, 226, 3, 599, 3, 769, 3, 831, 2, 1441, 2, 1468
4, 236, 3, 935, 4, 1052, 2, 1285
3, 428, 4, 795, 2, 861, 4, 1071, 2, 1077, 3, 1231, 3, 1277
3, 173, 4, 262, 2, 688, 3, 855, 3, 865, 4, 1510
3, 253, 3, 309, 3, 419, 3, 503, 3, 1002, 3, 1385
3, 763, 3, 852
3, 220, 4, 376, 2, 1102, 4, 1158, 4, 1224
4, 267, 3, 806, 3, 1349
4, 96, 3, 196, 5, 733, 3, 1032, 3, 1509
5, 300, 4, 373, 4, 616, 4, 1105, 4, 1122, 3, 1249
4, 98, 4, 181, 3, 437, 2, 813, 3, 923
4, 198, 3, 310, 3, 387, 3, 780, 4, 963, 2, 986, 3, 1206
4, 250, 3, 323, 2, 627, 4, 1138
2, 333, 4, 377, 3, 660, 3, 1249
3, 608, 3, 1090, 4, 1298
3, 549, 3, 622, 3, 1032, 4, 1414, 3, 1437
2, 545, 3, 1254
4, 216, 4, 266
2, 163, 2, 912, 2, 1368
3, 386, 3, 725, 2, 1102
3, 136, 4, 579, 4, 808, 3, 835, 3, 1185
3, 33, 4, 312, 4, 1121, 4, 1287, 3, 1371
2, 73, 4, 162, 2, 229, 3, 1171, 3, 1354, 4, 1431
3, 1351
3, 153, 3, 403
2, 53, 3, 436, 3, 446, 3, 962
4, 30, 5, 126, 3, 569, 3, 1212, 4, 1239, 4, 1355
2, 167, 4, 389, 3, 1249, 3, 1492
4, 633, 3, 639, 3, 1409
4, 34, 3, 90, 4, 111, 2, 157, 4, 710, 5, 866, 3, 1065
5, 58, 2, 81, 4, 337, 4, 713, 4, 819, 5, 823
2, 98, 3, 287, 3, 863, 4, 1106
4, 112, 5, 175, 6, 784, 4, 1127
4, 385, 3, 801, 4, 984, 2, 1061, 3, 1260, 3, 1350
4, 451, 3, 817, 5, 1100, 3, 1254
4, 6, 3, 89, 3, 758, 4, 831, 3, 1008, 4, 1135
3, 189, 3, 798, 3, 1114, 2, 1285
2, 319, 4, 336, 3, 406, 4, 1022
3, 423, 5, 882, 4, 972
3, 146, 2, 695, 4, 1278, 2, 1299, 3, 1388, 4, 1461
3, 449, 3, 453, 3, 842, 3, 1246, 3, 1269, 2, 1525
3, 310, 5, 1285
4, 250, 4, 1052, 5, 1096, 3, 1312
3, 263, 2, 267, 2, 1082
2, 7, 3, 240, 3, 749, 4, 779, 4, 1065, 3, 1388, 4, 1448
4, 1232, 5, 1361
3, 273, 3, 1161
3, 420, 3, 586, 3, 1242, 2, 1462, 3, 1552
2, 1086, 3, 1296
3, 393, 3, 536, 3, 869, 4, 1408, 3, 1479
3, 274, 4, 1010, 4, 1176
3, 390, 2, 661, 2, 1000, 2, 1073, 3, 1316
4, 357, 4, 873, 5, 977
4, 624, 3, 670, 3, 1174, 4, 1353
4, 32, 3, 980
3, 820, 3, 903, 3, 1124
3, 71, 3, 448, 4, 554, 5, 558, 5, 1373
3, 511, 3, 710, 2, 823, 4, 900, 2, 1293, 2, 1499
3, 550, 2, 760, 2, 966, 2, 1276
3, 756
3, 11, 5, 294, 3, 590, 3, 1526
2, 631, 4, 1113, 4, 1224, 4, 1307
5, 437, 3, 724, 5, 1280
2, 521, 3, 1030
4, 514, 2, 587, 4, 830
3, 89, 2, 838
3, 372, 3, 1134, 2, 1527
4, 185, 3, 378, 4, 701, 3, 867
4, 354, 4, 377, 3, 1133
4, 267, 3, 650, 3, 660, 4, 1176
3, 11, 2, 244, 4, 754, 3, 880, 3, 1453, 3, 1523
3, 148, 3, 381, 3, 1017, 3, 1334, 3, 1463
2, 6, 3, 95, 3, 522, 3, 688, 3, 1343
2, 1187, 4, 1397
4, 22, 4, 495, 2, 638, 3, 971, 3, 1493, 3, 1510
3, 59, 4, 502, 3, 1108, 2, 1145
2, 436, 3, 1345
3, 525, 3, 542, 3, 612, 3, 662, 4, 1228
4, 511, 3, 688
2, 222, 2, 411, 3, 804, 2, 988
2, 39, 3, 355, 3, 898, 3, 961
4, 289, 2, 644
4, 42, 5, 463, 3, 492, 4, 612, 2, 1135, 2, 1178, 2, 1461
3, 652, 3, 852, 4, 862, 3, 1068, 3, 1378
2, 167, 3, 639, 3, 1082
3, 366, 4, 799, 3, 1009, 4, 1015, 3, 1309, 3, 1458
4, 20, 2, 266, 2, 547, 3, 603, 2, 623, 4, 786, 4, 926, 3, 1029, 2, 1049, 4, 1348
3, 70, 3, 474, 2, 586, 3, 1235
5, 164, 3, 863, 4, 979, 3, 1212
3, 60, 3, 356, 4, 999, 3, 1136, 3, 1159, 2, 1202, 3, 1419
3, 100, 4, 189, 4, 293, 2, 616, 3, 782, 3, 793
3, 237, 2, 1312
4, 264, 2, 540, 3, 680, 2, 989
4, 470, 4, 1206, 3, 1372, 3, 1383
5, 621, 4, 873, 4, 920, 4, 1070
3, 22, 3, 650, 4, 1053, 3, 1270
4, 234, 3, 238, 2, 743, 2, 1442, 2, 1559
3, 860, 3, 934, 3, 1417
2, 85, 3, 1240
2, 35, 4, 402, 2, 468, 4, 1257, 2, 1410, 2, 1456
2, 152, 3, 352, 4, 647, 3, 1427, 5, 1450, 3, 1494
2, 792, 2, 975, 2, 1052, 2, 1341, 3, 1407
5, 1418
3, 442, 3, 808, 2, 1245, 2, 1291, 2, 1401
3, 84, 4, 439, 3, 1099, 4, 1222, 3, 1521
3, 179, 3, 416, 4, 450, 3, 466, 5, 789, 3, 1105
5, 31, 5, 553, 3, 573, 4, 586, 5, 1302, 4, 1339
2, 137, 3, 769, 4, 1006, 4, 1040, 4, 1056, 4, 1156, 3, 1379
3, 358, 4, 364, 3, 658, 2, 701, 3, 1134, 4, 1380
2, 495, 3, 699, 3, 794, 4, 944
3, 545, 2, 549, 4, 928, 3, 938, 2, 1454
3, 145, 3, 189, 2, 472, 2, 611, 2, 1181
3, 518, 3, 1207, 2, 1440
2, 125, 3, 225, 2, 252, 3, 348, 2, 647, 3, 681, 4, 1124
4, 255, 3, 622, 3, 645, 2, 688, 5, 898, 3, 904
2, 156, 3, 938, 3, 944, 3, 1281
2, 513, 5, 675, 4, 1468
4, 246, 2, 330
3, 475, 3, 579
3, 991, 3, 1528
4, 53, 2, 593, 4, 752, 4, 1101
3, 310
3, 256, 4, 506, 3, 1005
4, 976, 3, 1232
2, 766, 4, 855
2, 17, 2, 84, 4, 223, 2, 793, 3, 993, 3, 1105
4, 153, 3, 429, 3, 569, 2, 879
4, 359, 3, 1095, 5, 1261
3, 13, 3, 475, 2, 746, 3, 1085, 3, 1401
3, 539, 3, 943, 3, 1159, 3, 1469
4, 123, 3, 127, 3, 633, 2, 1332, 3, 1448
3, 823, 5, 846, 3, 1306
2, 1129
3, 503, 3, 1439, 3, 1472
2, 108, 2, 337, 3, 380, 4, 1223
3, 536
2, 244, 3, 520, 3, 690, 3, 753, 2, 1389, 2, 1459
2, 255, 3, 954, 4, 1070, 4, 1303
3, 1, 3, 211, 3, 217, 2, 1126
2, 657, 3, 730, 4, 1033, 4, 1139, 2, 1462, 4, 1522, 3, 1545
3, 87, 3, 324, 5, 357, 2, 374
2, 120, 4, 257, 2, 673, 2, 983
4, 560, 4, 1060, 4, 1297, 4, 1463
4, 201, 5, 404, 4, 914, 3, 964, 3, 1064
3, 255, 2, 1070
4, 81, 3, 911, 4, 957, 3, 1150, 5, 1460
4, 148, 3, 791, 3, 994, 4, 1211, 4, 1240
2, 358
2, 48, 4, 79, 3, 990, 3, 1173, 4, 1250, 2, 1547
3, 350, 3, 716, 4, 782, 3, 999, 2, 1152
2, 809, 4, 909, 5, 1032, 3, 1331, 4, 1365
5, 510, 3, 868, 4, 915, 2, 1086, 4, 1138, 4, 1155, 2, 1478
5, 623, 4, 1178
2, 186, 2, 423, 3, 1245
5, 413, 2, 729, 3, 1361
2, 21, 3, 493, 2, 636, 2, 736, 3, 969, 3, 1192, 3, 1508
4, 632, 4, 676, 3, 959
2, 121, 3, 1475
3, 1083, 3, 1146
4, 68
4, 467, 4, 474, 2, 829, 2, 1489
4, 108, 3, 351, 3, 900, 3, 1089, 4, 1482
4, 837, 3, 1114, 5, 1253, 4, 1403
2, 221, 4, 281, 3, 388, 4, 398, 3, 1043, 3, 1263
3, 1247, 3, 1303, 4, 1413, 4, 1496
3, 234, 4, 334, 4, 457, 4, 463, 2, 756, 3, 790, 2, 1233
3, 268, 3, 700, 3, 917
3, 98, 3, 1037, 3, 1240, 3, 1440, 3, 1552
2, 112, 3, 341, 4, 385, 4, 1227
3, 541
2, 152, 3, 524, 3, 695, 2, 757, 2, 1367, 2, 1394
3, 162, 3, 861, 4, 978, 4, 1211
3, 6, 3, 216, 3, 222, 2, 1131
2, 266, 2, 648, 4, 671, 2, 1414
2, 193, 3, 243, 2, 338, 3, 488, 2, 781, 3, 1424, 4, 1468
2, 143, 4, 280, 3, 696, 2, 1006
5, 486, 5, 985, 4, 1222, 4, 1389
4, 126, 4, 840, 3, 890, 4, 989
3, 666, 4, 1070, 3, 1182, 3, 1286
2, 17, 4, 250, 3, 760, 4, 1399, 3, 1459
4, 877
4, 387, 4, 1024
4, 42, 3, 125, 2, 381, 3, 757, 2, 863, 4, 867
3, 331, 2, 907
4, 65, 4, 148, 4, 664, 2, 1030, 3, 1467, 3, 1512
4, 45, 3, 228
4, 1054, 4, 1098, 3, 1381
3, 128, 2, 338, 3, 345, 2, 1254
3, 771, 4, 1267
2, 42, 3, 1263, 3, 1417
2, 269, 4, 325, 3, 346, 2, 945, 4, 1301
3, 562, 3, 1434, 3, 1504
3, 824
3, 9, 4, 202, 4, 691
4, 522, 2, 1098
3, 100, 2, 855
3, 123, 4, 449, 4, 738
3, 139, 3, 322, 4, 393, 4, 399, 4, 689, 4, 755
3, 320, 3, 530, 3, 536, 3, 690, 3, 1445
3, 473
4, 313, 3, 729, 3, 912, 2, 989, 2, 1189, 3, 1279
3, 477, 2, 843, 3, 866, 4, 1126
4, 17, 2, 650, 4, 687, 4, 760, 3, 937, 2, 1492
2, 47, 4, 800, 2, 1043
3, 30, 4, 274, 3, 507, 3, 729, 3, 1046, 3, 1083
2, 137, 3, 197, 2, 313, 4, 546, 4, 1056, 4, 1499
2, 78, 4, 450, 2, 620, 3, 683, 3, 1259, 3, 1292, 2, 1319
4, 117
2, 437, 3, 627, 5, 1020
3, 291, 3, 347, 3, 351, 2, 458, 2, 541, 3, 1040
3, 580, 4, 801, 4, 1317, 5, 1483
4, 934, 2, 967, 3, 984, 4, 1084
2, 132, 4, 761, 3, 964, 3, 1380
2, 112, 2, 349, 3, 1170
4, 338, 3, 654, 4, 1287
4, 322, 4, 565, 4, 798, 3, 1021, 3, 1337, 4, 1407
2, 158, 4, 668, 4, 1111, 3, 1339, 3, 1366, 3, 1483
3, 135, 2, 198, 3, 834, 4, 1523
4, 1174, 3, 1181, 2, 1536
2, 698, 2, 837, 3, 1407
3, 668, 2, 1034, 3, 1317, 3, 1471, 3, 1517
4, 1128
4, 502, 3, 1511
2, 26, 2, 751, 3, 1005, 3, 1288, 3, 1427
3, 139, 2, 455, 2, 526, 5, 998, 3, 1142, 2, 1475
5, 466, 5, 909, 4, 1165, 4, 1181, 5, 1514, 3, 1552
3, 269, 3, 339, 4, 812, 2, 1288, 2, 1511
4, 402, 3, 595, 4, 918, 4, 1084
3, 535, 2, 568, 3, 585, 3, 685
2, 469, 2, 776, 3, 982, 3, 1292
2, 1185
4, 1056, 3, 1099, 3, 1382
3, 227, 2, 437, 4, 443, 3, 1352
3, 77, 2, 487, 3, 870, 3, 893
3, 464
4, 445, 2, 554, 2, 1007, 4, 1533
3, 125, 3, 368, 4, 601, 3, 823, 3, 1140, 3, 1177
4, 35, 3, 291, 4, 407, 3, 640, 4, 644, 3, 678, 4, 1150
3, 155, 2, 172, 4, 242, 3, 858
3, 259, 4, 305, 3, 808
4, 532, 3, 721, 2, 1114, 4, 1297, 3, 1540
4, 108, 4, 258, 3, 418, 4, 1250, 3, 1460, 3, 1526
2, 145, 3, 711, 4, 994, 3, 1133
3, 199, 2, 255, 3, 259, 2, 365, 2, 448, 3, 947
3, 488, 3, 708, 3, 1224, 4, 1390
4, 841, 3, 875, 2, 891
3, 751, 4, 1294
3, 206, 3, 1094
3, 423, 3, 1078, 3, 1298, 3, 1388
4, 1194, 3, 1465
2, 570, 3, 803, 2, 1025, 3, 1379, 4, 1448, 3, 1531
4, 110, 3, 432, 3, 493, 2, 599, 2, 609, 3, 842, 2, 1352
3, 260, 3, 276, 4, 549, 3, 819, 3, 882, 4, 1491, 3, 1541
2, 587, 3, 1297
4, 460, 4, 893, 3, 1103, 2, 1109, 3, 1403, 4, 1453, 2, 1552
4, 25, 3, 102, 3, 1400
2, 114, 2, 641, 4, 718, 4, 1111, 4, 1123, 3, 1294, 2, 1317
2, 591, 3, 1333
3, 432, 4, 892, 3, 981
3, 155, 2, 705, 4, 1287, 2, 1308, 5, 1397, 4, 1470
3, 361, 3, 365, 3, 754, 3, 1158, 3, 1181, 2, 1437
2, 319, 4, 1295
5, 259, 5, 1062, 5, 1105, 4, 1322
3, 130, 2, 213, 3, 469, 4, 845, 3, 951, 4, 955
3, 243, 2, 315, 4, 559, 4, 1191, 4, 1297
4, 116, 5, 862, 4, 948, 4, 1158, 3, 1245, 4, 1364
3, 252, 3, 722, 3, 928, 3, 1084
4, 243, 2, 1552
4, 277, 4, 803, 3, 1431
3, 593
5, 410, 3, 1015, 3, 1052, 3, 1525
2, 343
4, 202, 3, 306, 4, 456, 3, 1244, 3, 1311, 2, 1448
3, 32, 4, 99, 3, 652, 3, 808, 3, 1374, 4, 1534
3, 848, 3, 1124, 4, 1264, 4, 1414
2, 7, 3, 329, 4, 389, 5, 496, 4, 506, 5, 739, 4, 1371
4, 302, 2, 778, 3, 1415
2, 19, 4, 83, 3, 1022, 3, 1219, 3, 1341
3, 819, 2, 1395
2, 1152, 3, 1541
3, 420, 2, 1036
4, 54, 2, 154, 4, 276, 4, 576, 3, 609, 2, 1325
2, 413, 3, 617, 2, 889, 3, 1126, 4, 1160, 2, 1176, 4, 1276
3, 84, 5, 866
3, 270, 3, 713, 2, 942, 3, 986, 2, 1318
3, 376, 4, 543, 3, 626, 3, 1125
3, 43, 3, 143, 4, 680, 4, 979, 4, 1042
4, 344, 5, 417, 3, 660, 3, 1149, 4, 1166, 3, 1293
3, 384, 3, 457, 2, 760, 3, 1272
4, 564, 3, 608, 4, 891, 4, 1186, 3, 1479
3, 747, 3, 1556
3, 281, 3, 1047, 4, 1436, 3, 1456
3, 414, 3, 670, 4, 1020, 4, 1529
3, 228
4, 235, 3, 588, 3, 838, 4, 1337
3, 478, 5, 484, 4, 778, 2, 821, 3, 1254, 5, 1500
4, 138, 4, 287
3, 21, 3, 48, 2, 364, 4, 637, 2, 737, 3, 907, 4, 970
4, 1047, 4, 1090, 3, 1373
4, 121, 2, 331, 4, 337, 4, 1246
3, 68, 2, 478, 3, 861, 3, 884
3, 455
3, 339, 2, 545, 2, 900, 4, 1427
3, 115, 3, 359, 4, 592, 3, 814, 3, 1071, 3, 1131
3, 26, 3, 282, 3, 398, 2, 631, 3, 635, 3, 669, 4, 1141
2, 65, 3, 136, 3, 849
3, 90, 2, 1111
5, 173, 3, 616, 2, 845, 4, 872, 4, 1221
3, 445, 3, 749
2, 362, 3, 778, 3, 1088
3, 109, 3, 199, 3, 302, 3, 625, 2, 791, 2, 1207, 3, 1390
2, 92, 3, 342
3, 90, 3, 472, 4, 483, 4, 999
4, 67, 4, 163, 2, 606, 2, 1248, 4, 1275, 3, 1392
3, 153, 3, 1255, 3, 1488
4, 174, 4, 274, 3, 396, 3, 493, 3, 696, 3, 729, 4, 1445
4, 176, 4, 1314, 2, 1518
3, 296, 4, 363, 4, 500, 2, 812, 3, 916
3, 390, 4, 833, 3, 1062, 3, 1106, 2, 1438
4, 496, 3, 556, 4, 662, 3, 746, 3, 1245
4, 227, 3, 643, 4, 826, 2, 903, 3, 1103, 3, 1192
3, 294, 2, 660, 4, 943, 3, 1096
3, 601, 4, 674, 3, 977, 2, 1406, 4, 1489
2, 474, 4, 551, 5, 944, 2, 1127, 3, 1150, 2, 1506
4, 617, 4, 927
3, 104, 3, 764, 2, 886, 4, 893, 3, 1046, 3, 1229
4, 231
3, 98, 3, 181, 3, 680, 3, 1489, 3, 1546
3, 78, 2, 124, 3, 262, 5, 628, 3, 694, 3, 807, 2, 1483
2, 578
5, 141, 3, 468, 2, 484, 4, 757, 3, 1027
3, 82, 3, 592, 4, 908, 3, 1230, 4, 1291, 3, 1407
4, 698, 3, 758, 4, 947, 4, 1447
5, 562, 5, 887
3, 323, 3, 439
4, 162, 3, 739, 3, 1117
2, 479, 3, 712, 4, 934, 3, 1288, 4, 1454, 3, 1537
4, 76, 3, 242, 2, 897, 4, 1280, 2, 1397
2, 309, 4, 675, 3, 698, 5, 958
3, 105, 3, 592, 3, 1407
3, 56, 3, 252, 3, 285, 3, 312, 3, 429, 4, 662, 4, 1171
3, 96, 4, 368, 3, 1311
3, 23, 3, 1044
4, 203, 3, 232, 3, 875, 4, 902, 3, 1252
3, 309, 3, 366, 3, 370, 3, 476, 2, 559, 3, 1058, 4, 1291
2, 137, 3, 187, 4, 282, 3, 725, 2, 1368, 3, 1395, 4, 1412
3, 151, 2, 845, 3, 983, 4, 1399, 4, 1548
4, 13
4, 866, 3, 1022
3, 149, 3, 353, 3, 569, 2, 863, 3, 1012
4, 1019, 3, 1275
4, 809, 4, 1002, 5, 1312, 3, 1491
3, 975, 4, 1118
2, 80, 4, 313, 4, 889, 3, 949, 4, 1055, 4, 1139
4, 34, 2, 356, 3, 417, 3, 523, 2, 533, 3, 766
3, 87, 2, 171, 3, 427, 3, 670, 3, 903, 4, 1479, 4, 1539
2, 482, 3, 578
4, 62, 2, 379, 3, 549, 2, 1011, 3, 1248, 3, 1281, 3, 1298
3, 206, 4, 765, 3, 865, 2, 988, 4, 994, 4, 1288
4, 280, 4, 330
3, 130, 2, 879
3, 10, 3, 413, 3, 1175
4, 226, 3, 419, 3, 742, 4, 908
2, 456, 2, 490, 2, 506
3, 340, 2, 390, 3, 666, 3, 683, 3, 955, 3, 1226
3, 14, 3, 43, 2, 686, 3, 729, 3, 1012
2, 120, 3, 369
3, 403, 3, 413, 3, 929
2, 726, 4, 816
3, 44, 2, 184, 4, 340, 3, 539, 2, 1066, 3, 1536
3, 589, 3, 656, 3, 793, 2, 993, 3, 1209, 4, 1519
4, 98, 3, 154, 4, 175, 2, 220, 4, 774, 4, 930, 3, 1129
3, 25, 2, 48, 3, 304, 4, 680, 3, 786, 3, 790
2, 161, 3, 351, 3, 927, 2, 1170
3, 1, 4, 278, 4, 295, 3, 567, 4, 837, 3, 900, 3, 1509
2, 606, 3, 1315
2, 13, 4, 479, 3, 911, 3, 1121, 2, 1128, 3, 1421, 4, 1471
2, 23, 3, 1504
3, 129, 4, 869, 2, 913, 3, 1196, 3, 1335, 3, 1491
2, 249, 4, 266, 3, 336, 3, 952
3, 353, 4, 813, 3, 902
3, 174, 2, 723, 4, 1305, 2, 1326, 4, 1415, 4, 1488
4, 380, 4, 384, 3, 773, 4, 1176, 3, 1199, 2, 1455
4, 240, 5, 1216
3, 277, 4, 1057, 2, 1080, 4, 1123, 3, 1340
2, 115, 3, 148, 2, 737, 4, 837
3, 48, 3, 360, 3, 830, 2, 1036
4, 74, 3, 307, 4, 883, 2, 943, 4, 1132
3, 517, 4, 933, 2, 1116, 3, 1172, 3, 1392, 4, 1482
3, 67, 3, 583, 3, 949, 4, 972, 3, 1432, 4, 1542
3, 148, 2, 204, 3, 424, 3, 514, 3, 1107, 3, 1523
3, 4, 2, 1173
4, 451, 4, 538, 5, 1154
4, 395, 4, 401, 3, 555, 3, 738, 3, 1104, 4, 1171
3, 434, 3, 638, 4, 854, 3, 1350
3, 99, 4, 581, 4, 585, 4, 964, 3, 1401
3, 508, 3, 1218
5, 814, 4, 1024, 5, 1031, 5, 1324, 4, 1374, 3, 1474
4, 67, 4, 490, 3, 1525
2, 716, 2, 1359
3, 803, 4, 1412
2, 947, 4, 1057, 4, 1140
3, 271, 2, 308, 4, 381, 3, 790, 4, 1113, 3, 1196
4, 8, 4, 258, 3, 347, 3, 420, 3, 664, 2, 1296
3, 84, 5, 190, 4, 194, 5, 1009, 5, 1265
3, 826
4, 161, 4, 477
3, 867, 5, 1046, 5, 1129, 4, 1350
3, 674, 4, 1516
4, 25, 2, 347, 2, 408, 3, 514, 3, 524, 3, 757
3, 78, 2, 162, 3, 417, 3, 661, 2, 894, 4, 1470, 4, 1530
3, 425, 3, 1068, 3, 1111, 3, 1444, 3, 1540
4, 502, 3, 668, 3, 752
3, 808, 3, 1477, 2, 1550
3, 848
2, 511, 4, 794, 3, 1347, 2, 1503
4, 315, 2, 371, 3, 482, 3, 565, 4, 1064, 4, 1297, 2, 1520
4, 385, 3, 828, 3, 1057, 3, 1084, 3, 1101, 4, 1434
3, 525, 4, 552, 3, 868, 3, 1141, 4, 1411, 3, 1473
3, 116, 3, 466
3, 460, 3, 532, 4, 776, 3, 1265, 4, 1408, 5, 1514
2, 499, 4, 572, 2, 876, 4, 982, 5, 1304, 2, 1387
2, 26, 3, 297, 3, 313, 3, 546, 4, 636, 2, 952, 4, 1122
4, 3, 4, 303, 2, 336, 3, 1339, 3, 1439
2, 110, 2, 360, 3, 449, 3, 522, 3, 765, 4, 1398
3, 971, 3, 975
2, 23, 2, 160, 2, 216, 3, 526, 3, 705, 2, 1535
3, 113, 2, 869
3, 136, 3, 463, 2, 752
3, 153, 3, 336, 4, 407, 4, 413, 4, 702, 4, 769
4, 333, 3, 543, 4, 550, 3, 704, 4, 1459
3, 487
5, 327, 4, 743, 4, 926, 4, 1003, 3, 1203, 6, 1292
3, 491, 3, 857, 5, 880, 5, 1140, 3, 1339
2, 391, 2, 950, 3, 1050, 3, 1173, 3, 1179, 2, 1473, 2, 1516
3, 75, 4, 670, 3, 984, 3, 1153, 3, 1263, 4, 1373
3, 993, 3, 1330
3, 184, 5, 227, 4, 510, 4, 1219, 2, 1513
4, 91, 2, 367, 2, 634, 3, 697, 2, 1176, 4, 1333
2, 740, 3, 801, 3, 917
3, 1093, 4, 1237
3, 198, 4, 1007, 4, 1068, 4, 1174, 4, 1257
3, 1317
3, 475, 4, 535, 2, 652, 2, 884, 4, 980, 4, 1423
3, 39, 3, 788
4, 322, 4, 1088, 4, 1477, 4, 1497
4, 12, 2, 455, 3, 711, 4, 1061
4, 106, 3, 129, 3, 172, 3, 389, 4, 588, 3, 699, 2, 1298
3, 725, 5, 919, 2, 1241, 3, 1301, 2, 1407, 4, 1418
4, 709, 2, 875, 3, 958, 2, 1179
4, 332, 4, 632, 2, 665, 4, 695, 3, 1254, 4, 1354
4, 672, 2, 705, 2, 722, 5, 821
3, 702, 3, 902, 4, 912, 3, 1118, 3, 1428
2, 120, 2, 592, 3, 1035
3, 416, 4, 849, 3, 1059, 4, 1065, 4, 1262, 3, 1411
2, 317, 4, 976, 2, 1099, 5, 1398
2, 500, 3, 556, 2, 577, 4, 739, 3, 982, 4, 1531
3, 120, 3, 524, 3, 636, 3, 1285
2, 214, 3, 913, 4, 1029, 3, 1262
2, 170, 4, 374, 2, 590
3, 1282, 3, 1558
3, 244, 3, 866
3, 666, 3, 843
2, 377, 5, 566, 5, 959
4, 133, 3, 190, 3, 194, 3, 300, 3, 383, 4, 882
3, 520, 4, 740, 3, 1256, 4, 1422
3, 873, 2, 907, 2, 923
2, 686, 3, 1229
3, 238, 3, 1126
4, 454, 3, 1110, 3, 1330, 3, 1420
4, 1226, 4, 1497
3, 5, 3, 504, 3, 737, 2, 960, 3, 1314, 4, 1480
4, 142, 3, 464, 3, 525, 2, 631, 2, 641, 3, 874, 2, 1384
3, 15, 3, 292, 4, 308, 4, 581, 4, 851, 2, 914, 4, 1523
2, 637, 3, 1347
2, 45, 4, 511, 2, 943, 3, 1153, 2, 1160, 3, 1453, 4, 1503
3, 55, 4, 75, 3, 1450
2, 165, 2, 691, 5, 768, 4, 1161, 4, 1174, 3, 1344, 2, 1367
2, 641, 3, 1384
3, 385, 4, 845, 3, 934
3, 206, 2, 755, 4, 1337, 2, 1358, 3, 1447, 5, 1520
4, 412, 4, 416, 3, 805, 3, 1208, 3, 1231, 2, 1487
4, 369, 5, 1345
3, 309, 4, 1089, 2, 1112, 4, 1155, 3, 1372
2, 147, 3, 180, 2, 769, 4, 868
3, 80, 3, 183, 5, 1068, 4, 1158, 3, 1271
3, 1291, 3, 1420
4, 332, 5, 709, 4, 1221
3, 442, 4, 559
4, 562, 3, 772, 4, 1072, 2, 1122, 2, 1222
4, 302, 3, 340, 3, 413, 3, 1228
3, 640, 3, 1283
4, 154, 3, 630, 4, 867, 3, 900, 3, 917, 3, 1017, 3, 1239
4, 71, 4, 607, 3, 613, 3, 1383
4, 161
4, 744, 5, 948, 3, 1043, 3, 1077, 5, 1093, 5, 1193
4, 561, 4, 661, 2, 1497, 3, 1530
3, 281, 3, 751, 2, 957, 3, 1527
3, 175
3, 575, 2, 1517
4, 115, 3, 148, 3, 1151, 3, 1278
2, 145, 3, 871, 2, 1341, 4, 1408, 3, 1547
4, 1021, 3, 1497
3, 6, 4, 821, 3, 1491
3, 861
2, 525, 4, 808, 3, 1361, 2, 1517
4, 329, 2, 385, 3, 495, 3, 579, 3, 1078, 3, 1311, 2, 1533
4, 399, 3, 842, 3, 1071, 3, 1098, 3, 1115, 4, 1447
3, 26, 4, 636, 4, 663, 3, 979, 3, 1251, 2, 1522
3, 130, 3, 480
3, 473, 3, 546, 4, 789, 3, 1278, 4, 1422, 4, 1528
3, 610, 4, 683, 3, 859, 2, 986, 4, 1092, 3, 1415, 4, 1498
2, 310
4, 127, 3, 183, 3, 294, 3, 377, 4, 893, 3, 1259, 2, 1282
3, 236, 2, 473, 3, 1295
4, 463, 2, 779, 4, 1411
3, 446, 3, 590, 2, 689, 3, 922, 3, 1145, 3, 1461, 3, 1532
3, 683, 3, 726, 2, 1009
2, 171, 4, 387, 2, 1525
4, 200, 2, 477, 4, 616, 3, 926
4, 917, 4, 1239, 4, 1406, 3, 1416
3, 557, 3, 857, 3, 907, 3, 1006
3, 990, 3, 1000, 3, 1206, 3, 1516
2, 271, 2, 332, 3, 448, 4, 681, 3, 777
3, 871, 5, 893, 3, 1353
4, 22, 2, 1176, 3, 1197
2, 248, 3, 931
4, 740
2, 74, 4, 391
2, 684, 4, 1166, 4, 1277, 4, 1360
3, 490
3, 1006, 2, 1343
3, 197, 4, 241, 4, 524, 4, 1233, 2, 1526
2, 105, 2, 477, 2, 648, 3, 710, 3, 1286, 3, 1320, 2, 1347
4, 145
2, 562, 3, 751, 3, 1144, 2, 1327
3, 307, 3, 436, 2, 912, 2, 1548
4, 77, 4, 260, 4, 337, 3, 537, 5, 626, 4, 693, 2, 1219
2, 576
4, 466, 4, 483, 2, 553, 3, 603, 4, 1019, 5, 1026, 4, 1169
3, 689, 4, 746, 2, 1365, 3, 1521
3, 334, 4, 583, 2, 1082
4, 523, 3, 556, 3, 639, 3, 895, 4, 1145, 3, 1272
3, 204, 5, 660, 5, 693, 3, 709, 5, 809, 4, 836, 4, 1446
4, 277, 4, 1113
3, 251
3, 434, 3, 1143
3, 740, 3, 950, 3, 956, 4, 1250, 3, 1300, 2, 1399
4, 207, 4, 767, 4, 867, 3, 990, 4, 1289, 4, 1410
4, 282, 4, 332
3, 132, 3, 881
3, 11, 2, 32, 3, 415, 2, 438, 4, 1180
2, 141, 3, 424, 2, 1133
4, 711, 4, 1077, 2, 1100, 2, 1143, 4, 1360
3, 135, 3, 168, 2, 757, 2, 856
2, 9, 4, 165, 2, 365, 3, 891, 2, 947
4, 155, 2, 481, 2, 498, 4, 770, 3, 1041
3, 96, 3, 605, 4, 921, 3, 1244, 4, 1304, 3, 1421
3, 232, 4, 809, 2, 869, 4, 1058, 3, 1557
2, 442, 4, 858, 2, 1042, 3, 1318, 3, 1408
3, 43, 2, 509, 3, 898, 3, 942, 2, 1152, 3, 1158, 3, 1451
4, 672, 3, 855, 3, 1221
3, 944, 2, 1471, 4, 1527
4, 786, 4, 1268, 4, 1378, 4, 1462
4, 592, 4, 1435
3, 266, 3, 326, 2, 432, 2, 442, 2, 675, 4, 1501
3, 80, 4, 1555
3, 113, 3, 123, 3, 329, 3, 550, 3, 639, 4, 1288, 4, 1292
3, 17, 3, 650, 3, 1259, 2, 1332
3, 453, 3, 503, 3, 780, 3, 797, 2, 1069
2, 64, 4, 297, 4, 1446, 3, 1506
2, 121, 2, 553, 3, 763, 2, 770, 3, 1213
4, 474, 2, 1190, 3, 1227
3, 225, 4, 668, 3, 924, 3, 1273, 2, 1311
2, 898, 4, 1008, 4, 1091
4, 222, 3, 328, 3, 332, 4, 1148, 3, 1404
2, 808, 3, 965
3, 771, 3, 975, 4, 1071, 3, 1191, 5, 1220
4, 96, 4, 180, 5, 436, 4, 685, 4, 812
3, 196, 3, 309, 2, 386, 2, 779, 3, 962
3, 83, 3, 410, 4, 699
4, 100, 3, 283, 4, 360, 3, 649, 4, 716, 3, 1498
3, 183, 2, 393, 3, 400, 4, 1309
3, 316, 5, 353, 4, 426, 3, 836, 3, 1159, 4, 1242
3, 30, 4, 1182, 3, 1344
3, 173, 3, 396, 4, 749, 3, 999, 3, 1498
3, 799, 4, 982, 4, 1348
2, 137, 4, 193, 4, 1169, 4, 1358
3, 116, 2, 287, 3, 349, 3, 986, 3, 1302
3, 70, 2, 393, 3, 559, 3, 1435, 3, 1525
2, 1156, 3, 1366
3, 939
2, 457
3, 933, 2, 1310
3, 247, 4, 467, 3, 1149
3, 980, 3, 1556
3, 121, 3, 144, 3, 1313
4, 38, 2, 427, 3, 448, 4, 830, 5, 1357
4, 48, 3, 514, 2, 670, 2, 1236, 2, 1519
2, 7, 3, 1110
4, 644, 3, 1405
3, 257, 4, 411, 3, 457, 3, 594, 4, 960
3, 590, 3, 640, 3, 740
4, 570, 4, 620, 4, 897, 4, 914, 2, 1036, 3, 1186, 4, 1346
3, 298, 2, 504, 3, 1273, 4, 1386, 3, 1463
3, 1504
4, 1410, 3, 1420
4, 168, 3, 235, 4, 1177, 2, 1360, 4, 1437
2, 342
4, 925
2, 908, 2, 1364
3, 442
2, 349, 3, 1384
3, 831, 3, 948, 3, 1185
2, 156, 4, 172, 3, 495, 3, 1443
3, 622
3, 1017, 3, 1021
2, 22, 2, 68, 2, 206, 2, 262, 3, 572, 3, 751
3, 136, 3, 159, 2, 914
3, 432, 4, 442, 3, 958
2, 658, 4, 748
2, 116, 4, 685, 3, 885, 2, 998, 3, 1468, 2, 1534
3, 822, 2, 1022, 3, 1032, 3, 1099, 3, 1238, 4, 1548
2, 566, 2, 862
3, 872, 3, 1082, 3, 1088, 3, 1382, 4, 1431, 2, 1531
2, 4, 2, 437, 2, 996, 3, 1096, 3, 1219, 4, 1225, 3, 1518
4, 120, 2, 320, 3, 430, 4, 513, 4, 1029, 3, 1395, 3, 1418
3, 196, 4, 256, 3, 362, 3, 373, 3, 606, 4, 1431
4, 1388, 3, 1471
3, 43, 3, 54, 3, 260, 3, 570, 4, 1219, 3, 1223
3, 609, 2, 1285
2, 104, 3, 553, 3, 1452
3, 613, 3, 902
2, 18, 2, 573
3, 228, 2, 323, 4, 640, 5, 767, 4, 1376, 4, 1436, 3, 1553
4, 480, 4, 497, 2, 567, 3, 617, 4, 1033, 4, 1039, 3, 1183
3, 64, 2, 501, 4, 657, 4, 856, 3, 1383, 3, 1439, 2, 1460
2, 653, 4, 1392, 3, 1396
4, 636, 4, 959, 3, 1019, 5, 1136, 3, 1369
4, 511, 4, 534, 5, 993, 2, 1289
4, 317, 3, 1243, 5, 1499
4, 24, 4, 51, 3, 68, 3, 168, 3, 401, 4, 910, 3, 940
3, 55, 4, 205, 4, 365, 4, 1147, 5, 1197, 4, 1407, 5, 1473
4, 404, 3, 481, 2, 874, 4, 1057, 5, 1436
2, 179
3, 428
2, 335, 3, 1371
3, 817, 3, 934, 2, 1171
3, 75, 3, 551, 3, 788, 4, 822, 5, 838, 4, 938, 3, 1161
3, 870, 2, 1407
2, 375, 3, 631, 4, 980, 4, 1490
4, 25, 2, 48, 3, 92, 3, 204, 3, 308, 3, 508, 2, 804
3, 645, 3, 838, 3, 1161, 4, 1327
3, 478, 3, 778, 3, 811, 3, 828, 3, 928
3, 46, 5, 118, 4, 422, 4, 528, 5, 934
5, 16, 3, 692, 3, 848
4, 426, 4, 792, 3, 815, 4, 1274, 4, 1384
3, 326, 3, 985, 2, 1108, 4, 1407
4, 80, 2, 606, 3, 662, 2, 683, 4, 845, 2, 1088
4, 1524
3, 509, 4, 1351
4, 182, 5, 242, 4, 349, 4, 359, 4, 592, 5, 1418
3, 1374
3, 26, 3, 299, 3, 1241
3, 50, 3, 1072
4, 134, 2, 163, 3, 806, 3, 832, 3, 1182
3, 240, 2, 296, 3, 300, 2, 406, 2, 489, 3, 989
3, 626, 2, 846, 2, 1362, 3, 1529, 4, 1539
5, 37, 4, 426, 4, 470, 3, 686
4, 210, 2, 247, 3, 320, 3, 730, 4, 1136
2, 894, 3, 1050
4, 12
3, 28, 4, 111, 4, 993, 3, 1420, 4, 1476
4, 95, 2, 527, 3, 1310, 3, 1316
2, 1063
4, 670, 3, 873, 4, 969, 3, 1019, 3, 1119
4, 237, 2, 613, 3, 723, 4, 1539
3, 320, 2, 364, 4, 647, 3, 786, 3, 1235, 4, 1356
3, 228, 2, 1443
3, 827, 2, 1203
5, 141, 5, 361, 5, 1043
3, 777, 2, 1353
3, 38, 2, 1207
4, 387, 4, 475, 3, 1090
2, 331, 2, 1107
4, 414, 4, 857, 3, 1130, 3, 1463, 4, 1500
3, 222, 3, 678, 4, 1031, 4, 1198, 4, 1281
3, 13, 2, 59, 3, 196, 2, 253, 3, 563, 4, 742
3, 127, 3, 150, 2, 905
4, 423, 4, 433, 3, 949
2, 649, 4, 739
3, 106, 4, 676, 3, 876, 3, 988, 3, 1458, 2, 1525
3, 813, 2, 1013, 3, 1023, 3, 1090, 3, 1229, 3, 1539
2, 557, 2, 852
4, 863, 5, 1073, 4, 1079, 5, 1372, 4, 1422, 3, 1522
3, 427, 3, 987, 4, 1087, 4, 1210, 3, 1216, 3, 1509, 3, 1553
2, 341, 3, 707, 3, 730, 4, 990
3, 137, 3, 623, 3, 1439
2, 187, 3, 247, 2, 364, 4, 596, 4, 1106, 4, 1549
2, 128, 2, 500, 2, 671, 3, 733, 3, 1309, 3, 1343, 2, 1370
3, 167, 3, 810
3, 94, 3, 394, 3, 427, 2, 444, 2, 544, 2, 571, 3, 1180
2, 108, 3, 231, 3, 1007
2, 102, 4, 169, 2, 308, 3, 464, 4, 1190, 3, 1444
5, 22, 4, 183, 2, 877, 3, 1015, 4, 1431
4, 45, 4, 395
4, 49, 2, 299, 3, 389, 3, 461, 3, 705, 3, 1337
3, 143, 3, 249, 3, 253, 4, 1069, 4, 1325
2, 730, 3, 886
2, 692, 3, 896, 4, 992, 3, 1112, 5, 1142
3, 18, 4, 101, 4, 357, 4, 733
3, 15, 3, 327, 3, 537, 2, 581, 2, 797, 3, 864, 2, 1003
3, 254, 3, 264, 3, 780
3, 570
3, 387, 3, 1030, 3, 1074, 3, 1406, 4, 1502
4, 561, 3, 728, 3, 811
4, 52, 3, 867, 4, 1537
3, 25, 3, 29, 4, 1233, 2, 1350
3, 15, 4, 674, 2, 1369
3, 321, 3, 458, 2, 1024
3, 271, 3, 1040
4, 348, 3, 497, 3, 791, 2, 1020, 2, 1063, 2, 1346
3, 584, 2, 634, 4, 911, 4, 927, 4, 1050, 5, 1200, 4, 1470
2, 518, 3, 1087
3, 251, 4, 684, 3, 894, 4, 900, 4, 1194, 3, 1343
3, 249, 3, 908, 4, 1031, 5, 1330
3, 432, 2, 509, 2, 902, 4, 1085, 4, 1463
2, 206, 2, 822
3, 362, 2, 396, 3, 1111, 5, 1398, 3, 1498
4, 495, 2, 1099, 3, 1188, 2, 1261, 3, 1504
2, 69, 3, 485, 3, 1490
2, 36, 3, 219, 4, 585, 2, 1440
2, 1001, 2, 1074, 3, 1318
4, 65, 3, 814
2, 63, 4, 67, 3, 445, 4, 456, 3, 882
3, 129, 3, 699, 4, 1011, 3, 1265, 3, 1481, 4, 1548
3, 739, 3, 1015, 4, 1155, 4, 1304
2, 220, 4, 280, 3, 386, 4, 397, 3, 1042, 3, 1262
4, 1245, 3, 1302, 4, 1412, 3, 1495
3, 7, 2, 1010, 3, 1110, 3, 1532
3, 633, 4, 690, 2, 1309, 3, 1465
3, 278, 4, 527, 2, 1026
2, 467, 3, 500, 3, 583, 3, 839, 2, 1089, 3, 1216
3, 4, 3, 613, 4, 929, 3, 1418
3, 1268
2, 313, 3, 397, 3, 653, 3, 1029, 4, 1135, 3, 1139, 3, 1518
4, 450, 3, 816, 5, 1099, 3, 1253
2, 660, 5, 733, 2, 1037, 3, 1465, 4, 1548
3, 324, 2, 530, 2, 885, 4, 1412
3, 3, 3, 247, 3, 480, 4, 702, 3, 1019, 3, 1056
4, 11, 3, 267, 2, 383, 2, 523, 2, 616, 4, 1126
3, 88, 2, 837
3, 371, 3, 1132, 2, 1525
4, 184, 3, 377, 3, 700, 4, 866
2, 414, 2, 447, 2, 464
4, 297, 4, 347, 3, 624, 3, 641, 3, 913, 3, 1183
3, 748, 3, 777
2, 232, 4, 548
4, 428, 5, 910, 5, 1021, 4, 1104
3, 648, 4, 1077
3, 52, 2, 464, 3, 488, 3, 1200, 4, 1260, 3, 1377
4, 667, 3, 834, 3, 917, 3, 1416
4, 432, 3, 532, 3, 654, 3, 954, 2, 1430
4, 295, 3, 538
2, 831, 4, 854, 3, 1314
2, 1137
3, 511, 2, 1447, 3, 1480
2, 213, 3, 442, 2, 485, 4, 1328
2, 641, 3, 1444
3, 525, 3, 1467
4, 479, 3, 512, 4, 1101, 2, 1228
3, 509, 3, 822, 2, 1292, 4, 1358, 2, 1498
3, 842, 4, 971, 4, 1448
2, 133, 3, 233, 4, 356, 3, 655
2, 90, 2, 617, 5, 694, 4, 1087, 3, 1099, 3, 1270, 2, 1293
2, 567, 3, 1309
3, 311, 4, 770, 3, 860
2, 34, 3, 583, 4, 1166, 2, 1187, 4, 1349
4, 797, 4, 934, 4, 1350, 4, 1500
4, 71, 5, 81, 5, 314, 5, 947, 4, 1140, 4, 1463, 4, 1523
4, 451, 4, 1087
3, 106, 3, 189, 2, 445, 3, 821, 3, 927, 4, 931
3, 395, 2, 971
2, 59, 2, 70, 4, 115, 3, 226, 4, 309, 3, 825, 3, 1191
3, 32, 4, 348, 3, 1085, 2, 1145, 3, 1261, 3, 1494
3, 199, 4, 552, 3, 802, 3, 1301
3, 62, 4, 538, 3, 1198, 4, 1320, 3, 1327
3, 278, 3, 549, 3, 565, 4, 888, 4, 1204
3, 342, 3, 745, 4, 761, 3, 1507
2, 436, 2, 879, 4, 1135, 4, 1251, 3, 1484
3, 529, 3, 708, 4, 1012
4, 442, 4, 446, 3, 825, 4, 1261
2, 516, 4, 1026
4, 583
4, 339, 4, 772, 3, 982, 3, 988, 3, 1142, 4, 1431
3, 239, 2, 899, 3, 1022, 3, 1182, 4, 1365, 5, 1442
2, 14, 3, 463
3, 126, 3, 197, 3, 669, 2, 1146, 2, 1368
3, 453, 4, 673, 2, 1189, 2, 1356
3, 127, 4, 160, 3, 177, 3, 277, 3, 972, 3, 1175, 3, 1392
4, 27, 2, 73, 3, 210, 4, 576, 2, 643, 4, 1431
3, 207
3, 153, 3, 403
2, 54, 3, 436, 3, 447, 4, 962
2, 31, 5, 540, 2, 569, 3, 1212, 5, 1239, 4, 1356
3, 27, 2, 343, 3, 472, 4, 616, 2, 716, 4, 949, 3, 1558
3, 1123, 3, 1166, 2, 1449
3, 197, 2, 407, 3, 413, 2, 1322
4, 840, 3, 925, 3, 1335
4, 166, 3, 1069
2, 200, 3, 726, 4, 782, 3, 803, 3, 965, 4, 1208, 2, 1402
3, 656, 4, 690, 3, 773, 3, 1029, 4, 1279, 3, 1405, 3, 1516
3, 397, 3, 696, 4, 746, 3, 846
3, 926, 4, 937, 3, 1143, 3, 1453
2, 111, 3, 171, 3, 288, 4, 521, 3, 1030, 3, 1059
4, 52, 3, 181, 3, 327, 5, 560, 2, 1136, 4, 1197
4, 91, 4, 701, 3, 734, 3, 761, 4, 878, 2, 1111, 3, 1206
3, 131, 3, 138, 3, 202, 4, 993
3, 88, 3, 514, 3, 681, 2, 1097, 4, 1336, 4, 1556
3, 38, 3, 148, 4, 1113, 3, 1136
3, 641, 5, 1017
4, 175, 3, 368, 3, 690, 2, 857
2, 308, 2, 341, 2, 358
3, 191, 2, 518, 2, 534, 2, 807, 3, 1077
2, 132, 2, 642, 3, 671, 3, 958, 3, 1280, 4, 1341, 2, 1457
4, 1124, 4, 1254
4, 263, 3, 1054
4, 479, 3, 1134, 3, 1355, 2, 1444
3, 1251, 3, 1521
4, 30, 2, 529, 4, 762, 5, 984, 4, 1338, 4, 1504
3, 126, 3, 292, 3, 948, 4, 1330, 2, 1447
3, 359, 3, 725, 3, 748, 4, 1008
3, 155, 3, 642, 3, 1457
3, 106, 3, 302, 3, 335, 3, 362, 2, 479, 4, 712, 3, 1221
3, 129, 2, 146, 3, 419, 4, 1361
3, 1377
4, 253, 3, 283, 4, 855, 3, 925, 4, 1302
3, 360, 3, 416, 3, 420, 3, 526, 2, 609, 2, 1108, 4, 1341
2, 1445
3, 423, 2, 579
4, 590, 3, 800, 5, 806, 2, 1099, 5, 1249
4, 330, 3, 367, 3, 1255
4, 64, 3, 180, 4, 413
2, 402, 3, 639, 2, 672, 3, 689, 2, 789
4, 772, 3, 1533
3, 385, 4, 539, 2, 585, 3, 722, 4, 1088
3, 516, 4, 768, 4, 815, 3, 965
4, 948, 4, 959, 3, 1165, 3, 1474
2, 133, 3, 193, 3, 310, 4, 543, 4, 1052, 4, 1081
2, 74, 2, 203, 4, 446, 4, 679, 3, 1255, 3, 1289, 2, 1316
3, 113, 4, 756, 2, 800, 3, 1083, 3, 1222, 4, 1378
2, 233, 4, 250, 3, 321, 4, 936
3, 337, 4, 797, 3, 887
2, 61, 3, 610, 3, 1192, 3, 1213, 4, 1375
4, 47, 2, 750
3, 290, 3, 323, 3, 912, 2, 1012, 2, 1549
2, 613, 2, 1286, 3, 1529
3, 277, 4, 527, 3, 1026
4, 997, 3, 1253
2, 787, 4, 876
3, 135, 2, 201, 2, 341, 4, 911, 4, 1110, 3, 1223, 4, 1300
3, 285, 4, 357, 3, 767, 3, 1150, 3, 1173
3, 694, 2, 834, 2, 990
3, 665, 3, 1031, 3, 1054, 3, 1314, 3, 1513
4, 250, 4, 350, 3, 473, 4, 773
2, 550, 2, 906, 4, 1432, 3, 1488
3, 121, 3, 364, 3, 597, 3, 820, 4, 1136, 3, 1173
3, 31, 3, 227, 3, 260, 3, 287, 3, 404, 4, 637, 4, 1146
3, 606, 3, 656, 4, 933, 3, 949, 2, 1072, 3, 1222, 3, 1382
4, 334, 2, 540, 4, 1309, 5, 1422, 3, 1498
3, 1539
3, 1063, 4, 1446, 3, 1456
4, 114, 3, 797
4, 454, 4, 924, 2, 1130, 4, 1286, 2, 1485
3, 141, 3, 158, 4, 228, 4, 278, 3, 700, 3, 844
4, 168, 3, 318, 4, 611, 2, 883, 2, 1166, 4, 1254
4, 1193
3, 271, 3, 275, 2, 664, 4, 1068, 5, 1091, 3, 1180
2, 76, 4, 132, 4, 1107, 4, 1297
4, 55, 4, 225, 2, 288, 3, 924
2, 234, 4, 417, 4, 488, 3, 494, 2, 694, 4, 784, 2, 850
3, 251, 3, 734, 3, 844, 3, 927
3, 568, 4, 997
3, 242, 4, 302, 3, 408, 3, 419, 3, 652, 3, 1064
2, 458, 4, 691, 5, 914, 5, 1267, 4, 1434, 4, 1517
3, 96, 2, 998
2, 129, 4, 655, 4, 711, 5, 732, 3, 895, 3, 1138, 2, 1331
5, 522, 3, 605, 4, 861, 3, 1111, 5, 1238, 4, 1348
2, 170, 3, 802, 3, 1412, 2, 1485
5, 509, 4, 559, 4, 836, 3, 852, 4, 975, 4, 1125
4, 212, 3, 855
3, 139, 3, 439, 3, 472, 2, 489, 2, 589, 2, 616, 3, 1225
3, 56, 4, 179, 3, 955
3, 147, 4, 213, 2, 353, 2, 509, 4, 709, 4, 1235, 2, 1489
2, 759
4, 546, 2, 1102
2, 110, 2, 347, 3, 1168
4, 433, 2, 749, 4, 1382
3, 417, 2, 560, 3, 660, 3, 893, 3, 1116, 3, 1432, 2, 1502
3, 556, 2, 600
3, 237, 2, 270, 3, 287, 2, 387, 2, 414
4, 370, 3, 1546
4, 137, 4, 320, 4, 397, 3, 686
2, 31, 3, 84, 3, 227, 3, 274, 3, 837
3, 184, 2, 194, 4, 207, 3, 400, 4, 710, 4, 949, 4, 1359
3, 403, 3, 674, 2, 1013, 3, 1329, 3, 1500
2, 370, 3, 990, 4, 1300
4, 125, 3, 541, 2, 1000, 3, 1090
4, 45, 3, 994
3, 1081, 2, 1137, 3, 1247, 3, 1330
4, 334, 3, 1270, 3, 1303
3, 168, 3, 1054, 3, 1497
3, 465, 3, 1107, 3, 1267, 3, 1311, 3, 1407, 4, 1527, 3, 1557
2, 1490
2, 86, 3, 785, 3, 901, 3, 1134
4, 260, 4, 626, 3, 692, 5, 902, 3, 909, 3, 1062
2, 160, 2, 942, 4, 1285, 4, 1362
3, 420, 2, 825, 5, 996, 4, 1375
3, 30, 3, 47, 4, 117, 4, 590, 2, 733, 3, 1066
3, 57, 4, 500, 3, 1106, 2, 1143
2, 434, 3, 1343
3, 620, 4, 637, 4, 707, 3, 757, 5, 1173, 5, 1323
3, 1090, 4, 1319, 3, 1363
2, 312, 3, 516, 3, 762
3, 545, 3, 822, 4, 1111
3, 512, 4, 695, 3, 772, 3, 1128
2, 708, 2, 1284, 3, 1528
3, 275, 4, 525, 3, 1024
3, 69, 3, 465, 2, 498, 3, 581, 3, 1251, 3, 1501
4, 146, 2, 1388
3, 439, 4, 922, 4, 1032
4, 356, 2, 766, 3, 1148, 3, 1171
3, 279, 2, 329, 4, 366, 2, 838, 3, 988, 5, 1281, 4, 1554
2, 397, 3, 1401, 2, 1539
2, 130, 3, 1352, 2, 1505
3, 1422
3, 126, 3, 160, 3, 176, 2, 276, 2, 303, 3, 913
3, 710, 3, 1049, 4, 1299, 2, 1426
3, 40, 3, 610, 3, 922, 4, 1176, 4, 1459
4, 393, 2, 869, 3, 1505
4, 76, 3, 110, 4, 553, 3, 1112, 4, 1212, 3, 1335
3, 563, 4, 580
3, 477, 4, 727, 4, 1226
3, 144, 3, 244, 4, 666, 3, 700, 3, 783, 4, 1415, 4, 1453
3, 177, 4, 406, 4, 610, 4, 826, 3, 1120, 3, 1270
3, 420, 3, 1256
3, 298
2, 481, 3, 1190
3, 996, 3, 1200, 4, 1296, 4, 1346, 3, 1417, 2, 1446
4, 288, 4, 910
3, 711, 4, 888
2, 422, 3, 611, 5, 1004
3, 178, 2, 234, 3, 239, 2, 345, 2, 428, 3, 927
3, 8
4, 557, 3, 601, 6, 884, 4, 1030, 6, 1473
4, 241, 2, 1550
4, 372, 4, 898, 4, 1526
3, 598, 3, 688
3, 55, 3, 211, 3, 937, 3, 1060
3, 679, 3, 845, 3, 928, 3, 1428
4, 32, 4, 569, 3, 868, 3, 1490
3, 26, 2, 645, 4, 1001, 4, 1527
3, 46, 3, 216, 3, 279, 4, 855, 2, 915
2, 489, 2, 905, 5, 1365, 4, 1454, 3, 1558
4, 89, 3, 242, 3, 679, 4, 988, 3, 1198, 4, 1204, 3, 1434
3, 302, 2, 718, 3, 1178, 3, 1267
5, 125, 3, 1074, 4, 1344
3, 206, 2, 682, 3, 905
4, 925, 4, 1448, 3, 1481
2, 116, 2, 389, 3, 759, 4, 1231
3, 959
4, 942, 3, 1398
3, 573, 3, 1335
4, 186, 4, 340, 4, 386, 4, 523, 4, 889
3, 519, 2, 569, 3, 669
5, 403, 4, 453, 3, 729, 3, 746, 4, 869, 4, 1019
4, 11, 5, 294, 4, 883, 4, 1525
3, 533, 5, 970
4, 51, 4, 211, 2, 1043, 2, 1319, 2, 1459
2, 107, 3, 157, 3, 253, 3, 696, 3, 1339, 3, 1366, 4, 1382
3, 719, 3, 856, 3, 1272, 3, 1422
3, 100, 2, 337, 3, 504, 3, 1159, 4, 1282, 4, 1542
2, 1169, 3, 1225, 3, 1335, 2, 1418
4, 397, 3, 403, 3, 697, 3, 730, 2, 1173, 4, 1319, 4, 1419
3, 640, 3, 857, 4, 1352
4, 670, 3, 869, 4, 880, 3, 1086, 4, 1396
3, 184, 3, 1070, 3, 1100
3, 384, 4, 817, 3, 1027, 4, 1033, 4, 1326, 4, 1476
4, 38, 3, 284, 2, 564, 2, 641, 3, 944, 2, 1034, 3, 1047, 4, 1066, 5, 1217, 5, 1366
3, 88, 3, 109, 3, 491, 3, 1018
4, 279, 2, 722, 4, 978, 4, 1094, 3, 1327, 3, 1364
2, 222, 4, 445, 3, 1304, 4, 1547
4, 688, 3, 1464
4, 242, 4, 262, 4, 772, 2, 1090, 2, 1215, 2, 1444, 2, 1487
4, 281, 2, 558, 4, 697, 2, 1007
4, 901, 3, 1224, 3, 1390, 3, 1400
3, 428, 4, 638, 4, 938, 4, 988, 3, 1088
4, 206, 3, 279, 2, 582, 4, 1094
2, 289, 3, 333, 4, 615, 3, 1204
3, 952, 4, 975, 4, 1434
3, 103, 3, 1258, 4, 1278
5, 109, 3, 330, 4, 1012
3, 746, 2, 908
3, 7, 2, 1176
3, 444, 3, 1059
3, 600, 3, 633, 2, 1222, 3, 1321, 3, 1348
3, 53, 3, 242, 2, 819
3, 59, 4, 1534
3, 93, 3, 103, 4, 309, 4, 529, 3, 619, 5, 1268, 4, 1272
2, 94, 4, 726, 4, 1336, 3, 1409
3, 433, 2, 760, 4, 776, 2, 1049
3, 450, 3, 909, 2, 999
4, 258, 3, 270, 4, 441, 3, 819, 2, 1423, 3, 1512
4, 869, 3, 1273
3, 98, 2, 886, 4, 1040, 4, 1223
2, 205, 2, 357, 4, 520, 3, 544, 2, 860, 3, 1493
4, 1066, 4, 1070
2, 72, 3, 118, 3, 255, 4, 311, 4, 621, 3, 634, 2, 800
4, 170, 2, 403, 4, 979, 2, 1040, 4, 1229
5, 21, 2, 124, 3, 613, 4, 1029, 3, 1212, 2, 1489
4, 81, 3, 164, 2, 680, 2, 1046, 2, 1483, 3, 1529
5, 61, 3, 244
4, 1070, 4, 1114, 2, 1397
3, 145, 2, 355, 3, 361, 2, 1270
3, 92, 3, 502, 3, 884
5, 69, 3, 235, 2, 891, 5, 1273, 2, 1390
2, 302, 2, 668, 3, 691, 4, 951
3, 195, 2, 572, 3, 682, 3, 1497
2, 50, 3, 279, 4, 322, 4, 605, 4, 1314
4, 89, 3, 462, 4, 632, 3, 695, 3, 1271, 2, 1304, 3, 1331
2, 92, 4, 135, 3, 418, 3, 1007, 3, 1128
3, 32, 3, 275, 3, 508, 3, 1084, 3, 1144, 3, 1460
4, 39, 4, 649, 3, 682, 4, 709, 4, 825, 2, 1058, 5, 1154
2, 79, 2, 149, 4, 765
3, 6, 2, 1441
4, 186, 4, 629, 3, 885, 3, 1235, 2, 1272
3, 762, 3, 872
3, 586, 2, 789, 2, 1101, 3, 1205
3, 170, 4, 679, 3, 995, 4, 1122, 2, 1318, 4, 1378, 2, 1495
5, 244, 4, 1259
1, 751
1, 25, 1, 129, 1, 451, 2, 618, 2, 1494
1, 166, 1, 199, 1, 216, 1, 316, 2, 343
1, 99, 1, 376, 1, 515, 2, 825
2, 66, 1, 249
2, 571, 1, 615, 1, 898, 2, 1043, 2, 1486
1, 61, 1, 172, 2, 255, 1, 771, 1, 1137, 2, 1160
1, 292, 2, 1328
1, 392, 2, 1128, 2, 1294
1, 425, 1, 1007, 1, 1028, 1, 1190, 2, 1434
2, 73, 3, 615, 1, 1092, 1, 1314
1, 299, 2, 921
1, 399, 2, 888
2, 77, 3, 233, 2, 1056, 3, 1081
2, 274, 2, 296, 1, 1052
1, 564, 1, 774, 1, 840, 2, 980, 1, 1289
1, 504, 2, 993
3, 337, 2, 649, 2, 1186, 2, 1325
1, 304, 1, 1059
2, 424, 1, 474, 1, 670, 1, 751, 2, 799, 1, 1040
1, 194, 2, 931, 2, 1097
2, 228, 1, 831, 3, 1224, 2, 1407
1, 398, 1, 565, 1, 648
1, 375, 1, 395, 1, 778, 2, 801, 2, 1471, 2, 1544
2, 462, 3, 618, 2, 1184, 3, 1467, 3, 1554
1, 218, 1, 757, 1, 1300
1, 337, 1, 676, 2, 1053
1, 404, 2, 726, 2, 786, 1, 903
2, 141, 2, 440, 1, 474, 1, 490, 2, 590, 1, 617, 1, 1227
1, 389, 2, 1204
2, 535, 1, 718, 2, 795, 1, 994, 2, 1084
2, 358, 1, 625, 2, 1047, 2, 1234, 1, 1307, 1, 1550
2, 393, 1, 775, 1, 786, 2, 798, 1, 1468, 2, 1541
3, 90, 3, 134, 2, 417, 2, 556, 3, 712
1, 656, 1, 1139, 1, 1249, 1, 1332
2, 463, 1, 500, 1, 573, 2, 983, 1, 1305, 1, 1388
2, 369, 2, 526, 1, 1251, 1, 1308, 2, 1374
4, 378, 4, 611, 4, 833, 1, 1187, 2, 1353, 2, 1437
2, 228, 1, 295, 1, 1083, 1, 1237, 2, 1420
2, 56, 2, 141, 1, 299, 2, 788, 2, 804, 1, 931, 2, 1541
1, 22, 2, 505, 2, 509, 1, 888, 2, 898, 2, 1324
1, 106, 1, 149, 2, 432, 2, 571, 2, 1141
1, 709, 1, 766, 2, 876, 2, 959, 1, 963, 1, 1458
1, 476, 1, 599, 1, 1019, 1, 1375
2, 537, 1, 832
3, 1115, 2, 1482
1, 873, 1, 1356, 1, 1466, 1, 1549
1, 213, 3, 772, 1, 872, 2, 995, 3, 1001, 1, 1295
2, 223, 1, 473, 2, 562, 3, 635, 3, 879, 1, 1511
2, 865
1, 299, 2, 405, 1, 409, 2, 1141, 2, 1224, 1, 1480
2, 332
3, 57, 3, 164, 3, 667, 3, 740, 3, 983, 3, 1472, 3, 1489
1, 27, 2, 509, 2, 514, 1, 892, 2, 903, 2, 1329
1, 110, 1, 154, 2, 437, 1, 576, 2, 1146
2, 390, 2, 773, 2, 1199, 2, 1256, 2, 1366, 2, 1449
2, 307, 1, 966, 2, 1089, 2, 1249, 3, 1432, 1, 1509
3, 241, 3, 851, 3, 1167, 3, 1357, 3, 1390, 2, 1407
1, 148, 2, 458, 1, 697, 2, 1086, 1, 1107, 2, 1490
1, 162, 1, 435, 2, 805, 2, 1277
1, 538, 2, 1233
2, 239, 2, 988, 1, 1443
1, 798
1, 419, 1, 565, 1, 665, 1, 1201, 1, 1208, 1, 1501, 1, 1544
1, 16, 2, 79, 1, 129, 2, 159
2, 290, 1, 306, 1, 579, 1, 849, 1, 1521
1, 163, 2, 1538
2, 600, 1, 644, 1, 927, 2, 1486, 1, 1515
2, 131, 1, 142, 2, 188, 1, 298, 2, 381, 1, 897, 1, 1263
1, 797
1, 518, 1, 1254, 3, 1323
2, 2, 1, 172, 2, 551, 1, 1154, 2, 1547
1, 1236, 2, 1373
2, 670, 1, 957, 1, 1480, 2, 1513
1, 245, 1, 518, 2, 888, 2, 1360
2, 622, 1, 1317, 1, 1520
3, 1358, 1, 1428
3, 143, 2, 399, 3, 775, 1, 885
2, 509, 1, 625, 2, 858
1, 949, 1, 1022, 1, 1265
2, 13, 3, 73, 1, 180, 2, 263, 1, 483, 2, 762, 2, 995
3, 37, 1, 127, 1, 231, 1, 553, 2, 720
2, 170, 1, 204, 1, 220, 1, 320, 2, 347
2, 201, 1, 477, 1, 617, 2, 927
2, 168, 2, 351, 1, 717
1, 84, 1, 240, 2, 440, 1, 966, 1, 1436, 1, 1503
2, 132, 3, 354, 2, 654, 2, 670, 2, 741, 2, 1213, 2, 1357
1, 894, 2, 1011, 1, 1248
1, 1148, 2, 1310, 1, 1554
2, 386, 1, 869, 2, 979
2, 692, 3, 1095, 4, 1208, 1, 1312
2, 32, 2, 908, 1, 1102, 1, 1411
1, 645, 1, 1221, 1, 1464
1, 393, 1, 572, 2, 876
1, 699, 1, 905, 2, 1215
1, 456, 1, 639, 2, 716, 2, 1072
2, 264, 1, 470, 2, 1239, 2, 1352, 1, 1429
2, 187, 2, 420, 1, 996, 2, 1056, 1, 1373, 2, 1502
2, 366, 2, 549, 1, 916
2, 951, 2, 1527
1, 255, 2, 472, 1, 1381
2, 561, 2, 648, 2, 1264
1, 282, 2, 382, 2, 505, 2, 805
2, 126, 1, 213, 2, 679, 2, 835, 1, 1401
2, 312, 1, 794
2, 684, 2, 771, 2, 821, 1, 1387
3, 731, 3, 885, 1, 1068, 2, 1501
2, 126, 2, 182, 1, 802, 2, 1158, 2, 1347
1, 105, 1, 338, 1, 914, 1, 975, 1, 1154
2, 293, 1, 759, 2, 830, 2, 836, 1, 1192
2, 287, 1, 397, 1, 470, 2, 713, 2, 1262, 2, 1452
3, 373, 1, 422, 3, 699, 1, 988
3, 649, 1, 1005
1, 167, 1, 216, 1, 312, 2, 755, 2, 1398, 1, 1425, 2, 1442
2, 71, 1, 314, 2, 547, 2, 770, 2, 1086, 1, 1123
1, 75, 2, 165, 2, 757, 2, 1173, 1, 1356
1, 217, 2, 850, 1, 1087, 1, 1120, 2, 1136, 2, 1236, 1, 1459
1, 317, 2, 423, 2, 427, 2, 1159, 3, 1243, 2, 1499
2, 447, 3, 1157
2, 76, 2, 1457, 1, 1490, 1, 1507
1, 1547
2, 910, 2, 921, 1, 1127, 1, 1437
1, 261, 2, 1137, 1, 1227, 2, 1331
3, 498, 2, 571, 3, 815, 1, 1304, 2, 1447, 3, 1553
2, 441, 1, 514, 1, 817, 2, 924, 2, 1246, 2, 1329
1, 105, 1, 171, 2, 311, 2, 467, 2, 666, 1, 1193, 1, 1269
1, 783, 1, 870, 1, 920, 1, 1486
1, 733, 1, 887, 1, 1070, 2, 1502
1, 225, 1, 281, 2, 301, 1, 901, 2, 1256
1, 132, 2, 365, 2, 588, 2, 904, 2, 1447
1, 146, 2, 928, 1, 935
1, 125, 1, 169, 2, 452, 2, 1161, 1, 1454
1, 127, 2, 1202, 3, 1225
1, 1298
2, 293, 1, 376, 2, 632, 2, 1009, 1, 1119
1, 212, 1, 255, 2, 538, 1, 1127, 2, 1248
2, 778, 2, 1214, 1, 1260
1, 1287
2, 621, 2, 694, 2, 998, 2, 1427, 1, 1510
2, 159, 2, 802, 1, 845, 1, 1128, 2, 1268, 2, 1424
1, 236, 2, 486, 1, 985
3, 33, 1, 56, 2, 689, 1, 726, 3, 799, 3, 1209
1, 439, 2, 722, 1, 1275, 1, 1431
2, 197, 1, 397, 1, 507, 1, 590, 2, 1106, 2, 1472, 2, 1495
2, 230, 1, 237, 1, 390, 2, 574, 1, 940, 2, 1006
1, 843, 1, 1453
2, 504, 2, 517, 1, 527, 2, 683, 1, 766, 2, 987
2, 264, 2, 335, 2, 341, 1, 634, 1, 697, 1, 1356
1, 218, 2, 707, 2, 851, 1, 1460, 1, 1533
2, 655, 1, 705, 1, 981, 3, 998, 1, 1270
2, 255, 1, 671, 1, 1131, 1, 1220
1, 944, 1, 1547
1, 75, 1, 285, 1, 291, 1, 1200
1, 546, 2, 1289
1, 234, 1, 388, 2, 571, 2, 847, 2, 937
1, 111, 2, 743, 1, 1014, 2, 1030, 1, 1353, 2, 1426
1, 234
2, 374, 1, 457, 1, 713, 1, 962, 1, 1089, 2, 1199
1, 312, 1, 468, 1, 668, 1, 857, 2, 1194, 2, 1250
2, 898, 2, 1441, 2, 1503
1, 189, 1, 288, 1, 315, 2, 1125, 1, 1158, 3, 1497
2, 29, 2, 578, 1, 690, 1, 767, 1, 1160, 1, 1344
1, 368, 1, 694, 2, 711, 2, 984
2, 516, 1, 936, 2, 1292
1, 127, 1, 170, 1, 1042
2, 969, 1, 1269, 2, 1302, 1, 1319, 1, 1418
1, 522, 2, 939
2, 106, 2, 206, 2, 329, 2, 629, 1, 662, 1, 1105
3, 98, 3, 188, 2, 261, 2, 504, 3, 1136
2, 171, 3, 751, 2, 785, 1, 1186, 1, 1257, 3, 1374, 1, 1473, 3, 1500
2, 529, 2, 685, 2, 885, 1, 1411, 2, 1467, 1, 1534
1, 100, 2, 162, 2, 702, 2, 772, 1, 1115, 2, 1387
1, 372, 2, 1248, 1, 1337, 1, 1441
2, 124, 2, 197, 1, 440, 2, 1072, 2, 1179
2, 1219, 2, 1349
3, 261, 1, 333, 1, 637, 2, 743, 2, 1149
2, 344, 2, 387, 2, 816, 1, 1259
2, 175
2, 41, 1, 125, 2, 1007, 2, 1433, 2, 1489
1, 358, 1, 1128
2, 23, 2, 60, 1, 532, 2, 975, 1, 1231, 1, 1248
2, 626, 1, 1108, 2, 1219
1, 90, 2, 636, 1, 640, 2, 1029, 3, 1432, 2, 1545
2, 540
2, 11, 1, 630, 2, 986, 2, 1512
2, 730, 2, 909, 2, 993, 1, 1213
3, 160, 1, 537, 2, 643, 2, 647, 2, 1463
2, 644, 1, 674
2, 128, 2, 201, 3, 445, 2, 1077, 2, 1183
3, 1127, 3, 1256
2, 168, 1, 241, 1, 544, 1, 651, 2, 1056
1, 542, 2, 586, 2, 869, 1, 1164, 1, 1458
2, 452
2, 46, 1, 279, 2, 502, 1, 1361
1, 522, 1, 1078
1, 85, 2, 318, 1, 322, 1, 489, 1, 1144, 2, 1365, 1, 1527
2, 533, 3, 556
1, 1019
3, 60, 1, 543, 2, 547, 2, 936, 2, 1340, 1, 1363, 2, 1452
3, 347, 2, 1023, 2, 1179
1, 145, 1, 440, 2, 1083, 2, 1220, 1, 1243, 2, 1287, 1, 1503
1, 850, 2, 940, 2, 1533
2, 102, 1, 308, 1, 1077, 2, 1190
2, 505, 2, 931, 3, 987, 2, 1097, 1, 1181
2, 725, 1, 1154
1, 398, 1, 565, 1, 1220, 2, 1441, 1, 1530
2, 579, 2, 789, 1, 851, 1, 1088, 2, 1121, 2, 1138, 2, 1238
2, 319, 2, 356, 1, 1244
2, 149, 1, 266, 1, 499, 1, 503, 2, 669, 2, 1009, 2, 1325
3, 27, 3, 137, 2, 220, 3, 1102, 2, 1528
2, 290, 1, 879, 2, 1006
1, 97, 2, 157, 2, 273, 2, 506, 2, 1016, 2, 1459
1, 131, 2, 427, 1, 1207, 2, 1219, 1, 1230, 2, 1386, 1, 1469
2, 171, 2, 260, 1, 327, 1, 853, 1, 1269, 1, 1452, 2, 1529
1, 102, 2, 551, 1, 1449
2, 285, 1, 334, 1, 611, 1, 628, 2, 757, 2, 900
2, 55, 2, 958
2, 615, 2, 1151, 1, 1291, 3, 1447
2, 1024
2, 259, 2, 1008, 2, 1463
2, 256, 2, 662, 1, 1404
2, 567
2, 384, 1, 639, 2, 989, 1, 1499
1, 610, 1, 660, 1, 760
2, 107, 1, 423, 3, 494, 3, 966, 2, 1109, 1, 1442
2, 70, 2, 380, 2, 393, 3, 559, 1, 569, 1, 1435
1, 136, 1, 415, 2, 1224, 1, 1284, 1, 1390, 1, 1473
1, 66, 2, 73, 2, 429, 1, 1371, 2, 1554
1, 499, 1, 689, 1, 1192, 1, 1265, 2, 1508
2, 761, 2, 1238
1, 1247
2, 1014
1, 22
2, 814
3, 847, 2, 891
2, 221, 2, 537, 2, 1170, 2, 1440
2, 302, 2, 778, 2, 1001
2, 19, 3, 102, 2, 734, 2, 772
3, 299, 2, 468, 2, 569, 2, 586, 3, 818, 1, 908, 2, 1225, 2, 1327
2, 199, 2, 303, 1, 453, 1, 1308, 1, 1395, 2, 1445
2, 512, 1, 689
2, 1425
1, 163, 1, 180, 3, 306, 1, 916, 1, 1232
1, 13, 1, 629
1, 131, 2, 214, 2, 470, 1, 720, 1, 846
2, 31, 1, 343, 1, 553, 2, 597, 1, 813, 1, 880, 2, 1019
1, 118, 2, 444, 1, 461, 1, 590, 1, 734
3, 134, 3, 317, 1, 684
1, 9, 2, 148, 1, 304, 2, 504, 1, 1030, 1, 1500
2, 84, 1, 300, 2, 610, 2, 1238, 1, 1259, 1, 1442
1, 217, 1, 822, 2, 1332
2, 206, 2, 541, 1, 574, 1, 590, 2, 816
2, 337, 2, 474, 2, 1040
2, 378, 2, 384, 2, 580, 2, 721, 2, 1154, 1, 1302
1, 18, 1, 261, 2, 750, 2, 894, 2, 1503
2, 115, 1, 165, 2, 441, 2, 458, 2, 731
3, 131, 3, 681
1, 498, 2, 821, 1, 855, 1, 871, 2, 971, 2, 1140, 1, 1184
1, 705, 2, 755, 2, 1031, 2, 1048, 2, 1171, 1, 1321
2, 139, 1, 961
2, 309
2, 130, 2, 592, 2, 862, 1, 1201, 1, 1517
2, 722, 1, 739, 1, 809, 2, 859, 2, 1275, 1, 1425
2, 7, 1, 244, 1, 1065
1, 1099
2, 11, 1, 706, 1, 909, 1, 1419, 1, 1452, 1, 1469
1, 252, 1, 256, 2, 1048
3, 83, 4, 912, 3, 958, 3, 1152, 2, 1462
2, 320, 2, 1125, 2, 1268
2, 133, 2, 366, 1, 942, 1, 1002, 2, 1191
2, 29, 1, 312, 1, 495, 1, 566, 2, 572, 1, 865, 2, 928
2, 605, 2, 905, 1, 938, 1, 955, 2, 1055
3, 297, 1, 946, 2, 1329, 3, 1340, 3, 1546
1, 514, 1, 574, 1, 690, 1, 923, 2, 1019, 2, 1462
2, 67, 2, 433, 1, 456, 2, 916
1, 739
2, 240, 2, 1082
1, 493, 2, 1149, 2, 1369, 1, 1459
2, 75, 1, 324, 1, 414, 2, 487, 2, 730, 2, 1362
1, 3, 2, 259, 1, 636, 1, 746
2, 39, 1, 549, 2, 992, 2, 1221, 3, 1248, 3, 1364
2, 642, 2, 655, 2, 665, 2, 821, 2, 905, 3, 1125
2, 519, 2, 1056, 2, 1355
1, 629, 2, 1139
3, 120, 2, 696, 2, 1488
2, 819, 2, 1255, 1, 1301
2, 283, 1, 1425
2, 524, 1, 624, 1, 746, 2, 1046, 1, 1522
2, 147, 2, 224, 1, 617, 1, 823, 2, 1179
3, 638, 2, 1447
2, 172, 3, 195, 2, 388, 1, 698, 2, 937, 2, 1326, 2, 1347
2, 11, 2, 860, 1, 1413
1, 119, 2, 778, 1, 1473
2, 425, 2, 441, 2, 512, 1, 562, 2, 978, 1, 984, 1, 1128
2, 452, 1, 895, 1, 1124, 2, 1151, 3, 1167, 3, 1500
1, 45, 1, 128, 1, 348, 1, 627, 2, 1424, 1, 1436, 2, 1497
2, 219, 2, 403, 1, 769
2, 136, 2, 706, 1, 906, 1, 1018, 1, 1488, 1, 1555
1, 43, 1, 359, 1, 488, 1, 965
1, 172, 2, 1208
1, 272, 2, 1008, 2, 1175
1, 24, 1, 402, 1, 1006, 2, 1399, 1, 1411
1, 219, 2, 536, 1, 606, 1, 1078, 2, 1222, 1, 1555
2, 304, 1, 959, 1, 1180, 2, 1269
3, 38, 3, 127, 2, 200, 1, 443, 3, 1076
1, 1201
2, 672, 3, 1076, 2, 1188, 1, 1292
3, 13, 1, 889, 2, 1082, 1, 1392
3, 250, 2, 323, 1, 566, 2, 1199, 2, 1305
2, 330, 2, 1002, 1, 1346
1, 47, 1, 763
1, 10, 1, 114, 1, 437, 2, 603, 3, 1479
2, 54, 2, 87, 2, 104, 2, 231
2, 1159, 2, 1288
1, 394, 1, 467, 1, 771, 2, 877, 2, 1199, 2, 1282
2, 901, 2, 1040, 2, 1196
3, 308, 2, 1417
2, 9, 1, 757
2, 508
2, 231, 2, 314, 2, 947, 2, 984, 2, 1234
2, 18, 3, 178, 2, 300, 2, 388, 3, 854, 3, 1010
2, 1380
2, 217, 2, 321, 1, 471, 1, 1326, 1, 1413, 2, 1463
5, 370, 2, 413
3, 4, 4, 131, 3, 1512, 4, 1545
2, 164, 4, 303, 4, 1445
4, 316, 3, 732, 4, 915, 2, 992, 3, 1192, 3, 1281
3, 383, 2, 749, 5, 1032, 4, 1186
3, 593, 5, 666, 4, 969, 2, 1398, 3, 1481
2, 37, 2, 563, 4, 640, 3, 1033, 2, 1216, 2, 1239
2, 707, 4, 1016
3, 97, 4, 873, 2, 1532
2, 271, 3, 427, 4, 993, 4, 1153, 2, 1209, 3, 1276
4, 743, 3, 881, 3, 1297, 4, 1446
4, 8, 4, 115, 4, 125, 5, 358, 5, 990, 4, 1184, 3, 1506
3, 865, 4, 1408, 4, 1470
3, 252, 3, 352, 2, 889, 2, 895, 3, 1188, 3, 1251
3, 718, 3, 928, 4, 935, 5, 1228, 3, 1278, 3, 1378
3, 186, 3, 745, 2, 845, 3, 968, 3, 1268, 2, 1388
4, 532, 4, 742, 4, 1041, 2, 1091, 2, 1191
3, 272, 5, 309, 4, 382, 5, 1197
2, 119, 4, 402, 2, 489, 4, 1111, 2, 1405
4, 672, 3, 1482
2, 206, 3, 1361
2, 19, 3, 157, 4, 523, 2, 589, 4, 1378, 4, 1531
4, 87, 2, 110, 3, 154, 2, 266, 3, 370, 3, 570, 2, 865
4, 609, 3, 803, 3, 1125, 4, 1292
3, 540, 3, 840, 3, 873, 3, 890, 3, 989
4, 107, 2, 180, 3, 484, 3, 590, 2, 996
4, 327
4, 75, 2, 1317
4, 368, 3, 851, 4, 961
4, 285, 2, 695, 3, 1077, 3, 1100
3, 208, 2, 258, 2, 295, 2, 767, 3, 917, 4, 1210, 2, 1483
5, 469, 3, 536, 5, 673, 4, 872, 4, 985, 6, 1089
2, 3, 3, 556, 4, 712, 2, 912, 2, 1438, 3, 1494
4, 17, 4, 849, 3, 1049, 4, 1059, 4, 1126, 4, 1265
2, 593, 3, 1302
2, 97, 4, 563, 2, 996, 3, 1206, 2, 1212, 3, 1408, 4, 1458
4, 31, 3, 108, 3, 1406
3, 120, 3, 647, 3, 723, 4, 1117, 4, 1129, 3, 1300, 2, 1323
2, 694, 4, 1436
3, 438, 4, 897, 4, 987
2, 245, 2, 1200
3, 675, 3, 1041, 3, 1064, 3, 1324, 3, 1524
3, 99, 3, 721
4, 522, 3, 698
2, 232, 3, 422, 3, 815, 2, 998
2, 146, 4, 463, 5, 1005, 3, 1068
4, 396, 2, 752
4, 53, 5, 473, 3, 502, 4, 623, 4, 1145, 2, 1189, 2, 1471
3, 759, 3, 959, 3, 969, 3, 1175, 3, 1485
2, 177, 3, 649, 3, 1092
4, 130, 4, 340, 3, 639, 3, 789
2, 369, 3, 390, 2, 772, 4, 1299, 4, 1538
4, 612, 4, 1178, 5, 1461, 5, 1548
2, 653, 4, 1136, 3, 1246, 4, 1329
4, 460
3, 976, 2, 1312
3, 166, 4, 210, 4, 493, 4, 1202, 2, 1496
4, 132, 3, 194, 4, 770, 3, 831, 4, 1519
3, 12, 2, 501, 2, 917, 5, 1377, 4, 1467
4, 102, 4, 568, 4, 934, 3, 1001, 4, 1211, 2, 1217, 4, 1371
5, 499, 3, 1507
2, 22, 3, 748, 3, 1002, 3, 1285, 3, 1424
2, 39, 4, 355, 3, 426, 3, 898, 2, 1374
2, 222, 3, 905
3, 561, 4, 618, 2, 1237, 3, 1394
3, 206, 5, 455
3, 85, 3, 489, 3, 601, 3, 1250
2, 276, 2, 719, 4, 975, 4, 1091, 3, 1324
3, 369, 2, 548, 3, 852
2, 282, 2, 286, 3, 665, 3, 1102
4, 356
3, 240, 2, 446, 3, 1215, 4, 1328, 3, 1405
3, 63, 3, 223, 2, 1005, 3, 1055, 4, 1332, 4, 1348, 2, 1471
2, 360, 3, 437, 3, 830, 3, 1013, 3, 1036, 2, 1392
3, 203, 3, 1091
3, 419, 3, 1075, 3, 1295, 3, 1384
3, 1191, 3, 1461
4, 617, 3, 783, 4, 867, 3, 1366
4, 507, 4, 806, 4, 1428, 5, 1528
2, 584, 2, 939, 4, 1466, 2, 1522
3, 154, 3, 217, 4, 696, 2, 853, 3, 1542
3, 427, 2, 843, 3, 1303, 3, 1392, 2, 1496
5, 28, 4, 494, 4, 860, 3, 926, 4, 1136, 3, 1143, 4, 1296
3, 1433
2, 241, 3, 884, 4, 911, 3, 1260, 4, 1356
4, 318, 2, 374, 3, 485, 2, 568, 2, 1067, 3, 1300, 2, 1523
4, 388, 4, 831, 2, 1087, 4, 1104, 3, 1437, 2, 1474
4, 555
2, 506, 3, 922
4, 313, 5, 319, 3, 612, 3, 656, 4, 1088, 4, 1334
3, 449, 4, 653, 4, 749, 4, 899
3, 499, 2, 503, 4, 882, 3, 892, 2, 1408
3, 978, 3, 1022
2, 263, 3, 562, 3, 595, 3, 612, 3, 712, 3, 739
2, 79, 2, 179, 2, 206, 4, 302, 3, 602, 3, 635
3, 643, 3, 853, 2, 915, 3, 1152, 4, 1185, 2, 1202, 4, 1302
2, 110, 3, 892, 4, 898, 3, 1235
2, 467, 4, 629, 3, 1422
3, 201
3, 68, 3, 683, 2, 1555
3, 946, 3, 1482
4, 104, 2, 547, 2, 776, 3, 803, 3, 1153
2, 98, 3, 474, 2, 1283, 2, 1343, 3, 1450, 2, 1533
3, 235, 2, 917
4, 262, 2, 461, 3, 574, 3, 1044, 2, 1250
3, 348, 3, 398, 3, 675, 3, 692, 3, 821, 3, 964
4, 288, 4, 731
2, 41, 4, 312, 2, 328, 4, 651, 3, 967
4, 8, 5, 411, 3, 938
3, 638, 4, 728
4, 95, 3, 251, 3, 977, 3, 1100
3, 719, 3, 885, 3, 968, 3, 1467
4, 72, 5, 608, 5, 908, 3, 1384, 3, 1530
4, 176, 3, 249, 3, 492, 4, 981, 3, 997, 3, 1124
4, 56, 5, 312, 2, 689, 4, 799
3, 396, 3, 439, 4, 722, 3, 862, 2, 1311, 4, 1431
3, 936, 3, 986, 3, 1262, 4, 1279, 2, 1402, 3, 1551
3, 500, 2, 544, 4, 827, 4, 1122, 2, 1415
4, 683, 3, 1492
3, 217, 3, 983, 4, 1372, 3, 1392
4, 4, 2, 447, 4, 703, 4, 1053
2, 98, 3, 121, 3, 165, 3, 381, 2, 581, 4, 691, 4, 1290
5, 134, 2, 623, 2, 1499
3, 357, 2, 933
2, 689, 2, 1492
3, 54, 4, 381, 4, 670
5, 71, 5, 254, 4, 325, 4, 331, 4, 620, 5, 687
3, 154, 2, 364, 4, 370, 3, 1279
3, 101, 2, 511, 3, 894, 3, 917
2, 488, 3, 584
3, 1457
3, 215, 3, 259, 3, 469, 3, 475, 4, 1384
3, 96, 4, 938
3, 179, 3, 183, 3, 349, 3, 1005, 5, 1388, 3, 1504
2, 399, 4, 729, 3, 855, 3, 1209, 4, 1375, 4, 1458
4, 37, 2, 359, 3, 420, 2, 526, 2, 536, 2, 769
3, 76, 4, 1551
3, 970, 4, 980, 3, 1186, 3, 1496
2, 154, 3, 215, 3, 331, 5, 564, 4, 1074, 3, 1103
2, 127, 2, 371, 4, 604, 4, 1180, 3, 1213, 2, 1240, 2, 1556
3, 135, 3, 778, 2, 821, 3, 1104, 3, 1244, 3, 1400
2, 158, 3, 175, 3, 245, 3, 861
3, 359, 4, 819, 3, 908
3, 82, 3, 631, 4, 1214, 2, 1235, 4, 1397
4, 748, 3, 885, 3, 1301, 4, 1451
4, 13, 4, 119, 4, 129, 5, 362, 5, 995, 4, 1188, 3, 1511
2, 188, 4, 604, 3, 914
5, 154, 4, 337, 4, 703
5, 953
3, 238, 2, 448, 3, 747, 4, 780, 2, 797, 4, 897, 3, 924
3, 584, 2, 1004, 3, 1360
3, 522, 2, 817
3, 828, 3, 1038, 4, 1044, 2, 1337, 3, 1387, 4, 1487
2, 175, 4, 275, 3, 398, 3, 697
3, 474, 4, 1356, 3, 1413
2, 574, 4, 597
4, 39, 4, 189, 2, 1044, 3, 1181, 3, 1493
3, 212, 4, 561
4, 52, 3, 555, 3, 628, 3, 871, 3, 1360, 4, 1503
3, 352, 3, 436, 4, 692, 3, 941, 3, 1068, 3, 1174, 4, 1178
2, 359, 3, 392, 3, 409
3, 242, 4, 292, 3, 569, 3, 585, 3, 715, 3, 858
3, 237, 5, 879, 3, 923, 3, 1206, 3, 1345, 4, 1501
4, 276, 3, 347, 2, 357, 3, 1060
3, 461, 4, 920, 3, 1010
3, 184, 2, 733, 4, 1316, 2, 1336, 3, 1426, 4, 1499
4, 103, 3, 507, 3, 1268
4, 320, 3, 513, 3, 836, 4, 1002
2, 453, 2, 486, 2, 503
3, 336, 4, 483, 3, 680, 4, 760, 3, 952, 4, 1222
4, 787, 3, 816
3, 368, 4, 684, 3, 1317
3, 181, 3, 414, 3, 1051, 3, 1367, 3, 1496
3, 31, 3, 458, 3, 624, 3, 1279, 2, 1500
2, 1220, 4, 1431
4, 56, 4, 528, 2, 671, 3, 1004, 3, 1526, 3, 1543
4, 438, 3, 1044, 2, 1081, 3, 1553
3, 601, 3, 967, 4, 990, 3, 1250, 3, 1450
3, 647
3, 1444
3, 100, 4, 543, 2, 772, 3, 1148
3, 292, 3, 1072, 3, 1095, 5, 1355, 3, 1554
3, 130, 3, 752
4, 552, 3, 729
2, 263, 4, 845
3, 30, 3, 76, 2, 785, 3, 1151, 2, 1218, 3, 1434
2, 782
4, 89, 5, 406, 3, 1142, 5, 1202, 3, 1319, 4, 1552
3, 353, 4, 706, 3, 956, 4, 1455
4, 474, 3, 896
3, 1378, 3, 1495
2, 1029
3, 636, 3, 840, 3, 1056, 4, 1349, 3, 1399, 2, 1499
2, 404, 3, 550, 3, 650, 3, 1186, 3, 1193, 2, 1486, 3, 1529
2, 67, 3, 88, 3, 288, 3, 583, 2, 1363, 3, 1386, 3, 1542
4, 56, 2, 66, 3, 1125, 3, 1448, 4, 1508
3, 123, 4, 772, 5, 925
3, 166, 2, 815, 3, 1198, 3, 1208, 3, 1414
4, 513, 2, 557, 4, 840, 4, 1135, 2, 1428
4, 696, 3, 1505
3, 230, 3, 996, 4, 1385, 3, 1405
3, 231, 4, 580
2, 235, 5, 251, 3, 484, 5, 574, 5, 647, 2, 890, 3, 1523
2, 39, 4, 338, 2, 371, 3, 960, 3, 1060
3, 661, 2, 1237, 3, 1480
3, 228, 4, 478, 3, 977
4, 1045, 3, 1301
2, 835, 4, 924
4, 86, 3, 152, 3, 292, 4, 862, 3, 1061, 3, 1174
4, 222, 2, 498, 3, 638, 3, 948
4, 428, 3, 1164, 4, 1330
5, 82, 4, 544, 3, 814, 3, 1154, 4, 1470
3, 608, 3, 1011, 3, 1228, 3, 1538
4, 192, 3, 196, 4, 701, 2, 1400, 3, 1517
2, 795, 4, 818, 3, 1278
4, 1101
3, 572, 4, 672, 2, 1508, 4, 1541
3, 609, 3, 665, 2, 1285, 3, 1441
4, 89
3, 489, 3, 1431
3, 443, 3, 476, 3, 1065, 2, 1192
2, 473, 3, 785, 2, 1255, 4, 1322, 2, 1461
3, 1023
2, 541
3, 1017, 2, 1393
3, 331, 5, 551, 3, 1233
4, 967, 4, 1543
4, 131, 4, 986, 2, 1300
4, 664, 3, 1292
4, 88, 2, 454, 3, 520, 3, 1302, 3, 1309, 4, 1463
3, 85, 3, 301, 2, 1210, 2, 1439
3, 728, 3, 1489
3, 341, 4, 495, 2, 540, 3, 678, 4, 1044
3, 471, 4, 771, 4, 821, 3, 920
3, 904, 4, 914, 3, 1120, 3, 1430
2, 88, 3, 149, 2, 265, 4, 498, 4, 1008, 4, 1037
3, 29, 3, 159, 5, 402, 5, 635, 3, 1211, 4, 1244, 4, 1271
4, 69, 3, 712, 4, 755, 3, 1038, 3, 1178, 3, 1334
4, 115, 3, 275, 4, 970, 4, 987, 2, 1058, 3, 1107, 2, 1524
2, 315, 4, 371, 3, 392, 3, 991, 3, 1347
2, 19, 3, 90, 3, 705
3, 968, 3, 1504
4, 29, 2, 472, 3, 728, 4, 1078
4, 11, 3, 341, 4, 820, 2, 977, 4, 1069
2, 62, 3, 551, 3, 967, 2, 1150, 2, 1426, 4, 1516
3, 5, 4, 115, 3, 198, 2, 714, 2, 1080, 3, 1517
3, 182, 4, 1557
3, 1008, 3, 1051
2, 355, 3, 689, 2, 722, 3, 739, 2, 838
2, 29, 2, 439, 4, 822
4, 6, 3, 173, 3, 828, 4, 1211, 3, 1327
4, 190, 4, 390, 3, 500, 2, 584, 2, 1099, 3, 1466, 3, 1488
4, 623, 3, 946, 4, 1112
3, 107, 3, 740, 3, 1349, 2, 1422
4, 543, 3, 593, 4, 870, 3, 887, 3, 1009, 3, 1159, 3, 1319
3, 271, 2, 477, 3, 1246, 4, 1359, 3, 1436
3, 551, 4, 601, 3, 877, 5, 894, 3, 1167
3, 82, 4, 142, 2, 259, 3, 492
5, 315, 3, 704, 4, 748, 2, 958, 4, 964, 4, 1407
2, 312, 3, 972, 2, 1095, 4, 1101, 2, 1255, 3, 1438
4, 439, 2, 1134
3, 102, 3, 645, 2, 1122, 3, 1344
2, 902
3, 526, 2, 849, 3, 909, 2, 1025, 2, 1258
3, 303, 3, 326, 3, 1081
2, 216, 3, 599, 3, 609, 4, 1125
2, 23, 3, 722, 2, 839, 3, 1072
2, 1327, 3, 1538, 3, 1544
3, 212, 2, 489, 4, 629, 3, 938
3, 54, 3, 65, 2, 710, 2, 1446, 2, 1506
4, 90, 5, 290, 4, 400, 2, 483, 2, 999, 2, 1365, 2, 1388
4, 523, 4, 1022, 4, 1259, 4, 1426
4, 260, 5, 464, 4, 974, 2, 1024, 2, 1123
3, 411, 3, 1227, 4, 1483
2, 35, 2, 151, 4, 384, 4, 894, 4, 1337, 2, 1533
3, 191, 3, 361, 2, 424, 3, 1000, 3, 1060, 3, 1377
4, 565, 3, 741
2, 276, 4, 858
2, 43, 3, 88, 3, 199, 2, 798, 3, 1164, 3, 1230, 2, 1447
3, 378, 3, 438, 4, 544, 3, 555, 3, 788, 3, 1200, 3, 1420
4, 351, 2, 827, 4, 1050
3, 132, 3, 165, 2, 1168, 3, 1268
2, 306, 4, 362, 3, 383, 3, 982, 3, 1338
2, 10, 3, 80, 3, 696
3, 958, 3, 1495
4, 20, 2, 463, 3, 719, 4, 1069
4, 114, 2, 137, 3, 180, 3, 293, 3, 397, 4, 596, 2, 892
4, 733, 3, 926, 3, 1249, 4, 1415
4, 567, 3, 866, 3, 899, 3, 916, 5, 1016
2, 231, 4, 304, 4, 607, 3, 714, 4, 1119
4, 104, 3, 780, 3, 936
4, 514, 3, 880, 3, 903, 4, 1363, 3, 1473
4, 394, 3, 816
2, 1415
2, 40, 2, 594, 4, 750, 2, 949, 2, 1476, 4, 1532
3, 1066, 3, 1203
3, 324, 3, 470, 3, 570, 3, 1107, 3, 1113, 2, 1406, 4, 1450
3, 18, 4, 895, 3, 918, 2, 1074, 4, 1378
3, 675, 2, 1211, 4, 1511
3, 198, 2, 408, 2, 452, 3, 735, 3, 874, 3, 1444
3, 589, 2, 1531
3, 129, 2, 162, 4, 1165, 3, 1265, 2, 1292
3, 262, 3, 345, 2, 865, 4, 955, 4, 1271, 2, 1441
2, 20, 2, 430, 4, 813
4, 164, 4, 819, 5, 1202, 3, 1318, 5, 1555
5, 218
2, 8, 3, 361, 2, 1110
3, 584, 3, 923, 4, 1173, 2, 1300
3, 328, 2, 484, 4, 1050, 3, 1210, 3, 1333
3, 571, 3, 598, 3, 914, 3, 1187, 3, 1457, 3, 1519
3, 65, 3, 415
3, 408, 3, 481, 4, 725, 3, 1214, 4, 1357, 4, 1463
2, 545, 4, 618, 3, 922, 4, 1028, 4, 1350, 2, 1433
3, 246, 3, 262, 3, 495, 4, 585, 2, 901, 4, 1071, 3, 1533
2, 49, 5, 349, 2, 382, 4, 1385, 3, 1485
3, 78, 3, 544, 4, 773, 3, 977, 2, 1193, 3, 1487, 4, 1536
2, 12, 3, 1233, 2, 1387
2, 198, 3, 388, 3, 725, 3, 781, 3, 964, 2, 1207, 2, 1401
4, 251, 3, 501, 2, 627, 4, 675, 4, 1417, 2, 1470
3, 777, 3, 1020
3, 900, 4, 1337, 3, 1383
3, 148, 4, 159, 3, 914, 2, 1324
2, 281, 3, 924, 4, 951, 3, 1301, 4, 1396
2, 5, 4, 358, 2, 415, 3, 525, 2, 608, 2, 1107, 3, 1340
4, 428, 4, 871, 2, 1127, 4, 1144, 3, 1477, 3, 1514
4, 372, 4, 595
4, 329, 3, 435, 4, 439, 4, 1171, 3, 1254, 2, 1510
3, 503, 3, 575, 3, 819, 3, 1308, 4, 1451, 4, 1557
4, 154, 3, 530, 4, 636, 5, 640, 5, 1456
3, 23, 4, 593, 3, 793, 3, 905, 3, 982, 2, 1375, 3, 1558
3, 40, 2, 450, 3, 855, 3, 1525
2, 147, 2, 620, 4, 1063
3, 347, 4, 780, 3, 990, 4, 996, 3, 1289, 3, 1439
4, 1, 2, 247, 2, 527, 3, 584, 2, 604, 5, 767, 3, 907, 3, 1010, 2, 1029, 5, 1329
3, 51, 3, 455, 2, 567, 2, 1216
3, 145, 3, 844, 4, 960, 4, 1193
2, 198, 2, 402, 4, 618
3, 431, 4, 641, 2, 708, 2, 847, 2, 1157
2, 175, 3, 225, 4, 735, 2, 764, 3, 884, 3, 1407, 3, 1450
4, 244, 2, 521, 3, 660, 2, 970
3, 86, 3, 97, 2, 742, 2, 1478, 4, 1538
4, 122, 5, 322, 3, 432, 2, 515, 2, 1031, 2, 1397, 2, 1420
4, 555, 3, 1054, 4, 1291, 3, 1458
4, 195, 5, 399, 4, 909, 3, 958, 2, 1058
3, 346, 2, 1162
4, 76, 3, 906, 4, 952, 3, 1145, 4, 1455
4, 143, 4, 785, 4, 989, 4, 1205, 4, 1235
2, 450, 3, 826
2, 1542
3, 533, 2, 576, 3, 1419, 2, 1448
3, 23, 4, 133, 3, 217, 2, 733, 2, 1099, 2, 1535
5, 114, 3, 297
3, 1123, 3, 1167, 2, 1449
2, 7, 3, 207, 3, 317, 2, 916, 3, 1282, 2, 1305, 3, 1349
3, 440, 4, 660, 2, 1176, 4, 1342
3, 114, 4, 147, 3, 163, 3, 263, 3, 958, 3, 1162, 2, 1378
4, 14, 2, 60, 3, 197, 4, 563, 2, 629, 4, 1418
4, 127, 2, 150, 3, 194, 3, 306, 3, 410, 3, 610, 2, 906
4, 650, 3, 843, 4, 1166, 5, 1332
4, 580, 4, 783, 3, 816, 4, 833, 3, 1030
2, 148, 4, 220, 4, 524, 4, 630, 5, 1036
4, 118, 4, 588, 4, 794, 2, 950
4, 12, 4, 268, 4, 511, 4, 744, 5, 967, 3, 1283, 3, 1320
3, 614
3, 963, 2, 1489, 5, 1545
2, 707, 4, 1190, 3, 1300, 3, 1383
3, 514, 4, 1356
4, 156, 3, 478, 3, 539, 3, 645, 3, 655, 3, 888, 5, 1398
4, 186, 4, 248, 3, 858, 3, 1201
4, 458, 5, 874, 4, 1057, 2, 1134, 3, 1334, 2, 1423, 4, 1527
3, 23, 2, 106, 3, 362, 3, 605, 3, 838, 4, 1414, 4, 1475
3, 272, 2, 915, 3, 959, 5, 1291, 3, 1387
4, 446, 3, 613, 3, 696
2, 752, 4, 1495
3, 80, 4, 496, 3, 956, 3, 1045
3, 852, 4, 1461
2, 995, 4, 1203, 4, 1286
2, 40, 3, 417, 3, 523, 4, 527, 4, 1259, 3, 1342
3, 493, 3, 566, 3, 810, 3, 1299, 3, 1442, 4, 1548
3, 336, 3, 340, 3, 1156, 4, 1411
3, 823, 3, 852
3, 39, 3, 472, 3, 682, 3, 688, 4, 1131
3, 375, 3, 1128, 2, 1504
4, 29, 4, 125, 4, 568, 3, 1211, 3, 1238, 3, 1254
3, 166, 5, 389, 4, 688, 3, 705, 4, 775, 3, 1248, 4, 1391
2, 156, 2, 1431
3, 672, 3, 1385, 3, 1418, 4, 1435, 4, 1535
2, 819
3, 685, 2, 1222, 3, 1522
4, 419, 2, 463
3, 3, 4, 36, 3, 53, 4, 180
2, 213, 3, 353, 3, 1495
4, 183, 3, 260, 3, 1558
2, 799, 2, 1269, 4, 1475
2, 14, 3, 55, 2, 115, 2, 124, 3, 305, 3, 804, 3, 1090
2, 28, 4, 471, 4, 1141, 4, 1257, 3, 1490
3, 53, 4, 136, 4, 1018, 3, 1445, 4, 1501
3, 120, 2, 486, 4, 552, 3, 1334, 3, 1341, 4, 1495
4, 117, 4, 333, 4, 1242, 2, 1471
4, 760, 3, 1521
4, 373, 4, 527, 2, 572, 4, 710, 5, 1076
3, 503, 4, 755, 4, 803, 3, 952
3, 936, 4, 946, 3, 1152, 3, 1462
2, 120, 3, 181, 3, 297, 5, 530, 4, 1040, 4, 1069
2, 61, 3, 190, 4, 434, 4, 667, 3, 1243, 4, 1276, 3, 1303
3, 101, 4, 744, 2, 787, 3, 1070, 4, 1210, 4, 1366
3, 1019
4, 936, 3, 1339
3, 97, 3, 164, 2, 952, 3, 1106, 3, 1289
4, 597, 3, 1311, 3, 1344, 5, 1361, 4, 1460
3, 6, 2, 262, 3, 511, 2, 638, 3, 744, 4, 748, 3, 1481
3, 1520
4, 545
2, 156, 3, 528, 3, 698, 3, 761, 2, 1370, 2, 1397
2, 263, 3, 962, 4, 1078, 4, 1311
3, 9, 3, 219, 3, 226, 3, 1135
2, 366, 2, 749, 2, 772, 2, 1515
2, 11, 5, 293, 4, 343, 3, 439, 3, 589, 4, 882, 4, 1525
3, 905
2, 585, 3, 1328
5, 329, 5, 789, 4, 879
2, 53, 3, 602, 3, 1184, 3, 1205, 4, 1368
4, 718, 3, 856, 3, 1272, 4, 1421
4, 90, 4, 100, 4, 333, 4, 965, 4, 1159, 3, 1481, 3, 1542
3, 497, 4, 524, 3, 840, 4, 1112, 4, 1383, 3, 1445
4, 1549
2, 430, 3, 1000
3, 261, 4, 693, 4, 904, 4, 910, 3, 1203, 3, 1353
2, 161, 3, 820, 3, 943, 4, 1243
4, 344, 3, 421, 2, 814, 4, 997, 5, 1376
2, 119
3, 308, 3, 368, 3, 391, 2, 1024, 3, 1061, 3, 1134, 3, 1543
2, 491, 3, 728, 2, 761, 4, 778, 3, 878
3, 162, 3, 166, 3, 958
3, 965, 3, 1287, 2, 1453, 2, 1464
2, 605, 3, 809, 2, 904, 3, 954, 3, 1054
2, 678, 5, 711, 2, 795, 4, 1050, 4, 1300, 4, 1427, 3, 1537
3, 418, 2, 718, 3, 768, 3, 867
4, 948, 3, 958, 3, 1164, 3, 1474
2, 1205, 4, 1265, 3, 1382
2, 523, 3, 585, 4, 822, 4, 855, 3, 872, 3, 972, 3, 1195
4, 537, 3, 659, 3, 666, 3, 1003, 3, 1435
3, 227, 3, 1175, 4, 1446
3, 210, 3, 686, 4, 909
4, 24, 4, 613, 4, 713, 2, 1549
3, 650, 3, 707, 2, 1326, 3, 1482
3, 130
3, 530, 3, 1472
3, 581, 2, 614, 3, 1203, 2, 1233
3, 514, 3, 827, 2, 1297, 4, 1363, 2, 1503
3, 847, 3, 976, 4, 1453
2, 138, 4, 238, 3, 660, 3, 1239
2, 114, 3, 640, 5, 717, 4, 1110, 4, 1122, 3, 1293, 2, 1316
2, 590, 3, 1332
4, 161, 4, 511
2, 165, 2, 415, 4, 504, 4, 577, 2, 820, 2, 1453
3, 1124, 3, 1128
4, 129, 3, 175, 4, 312, 2, 368, 3, 678, 3, 691, 2, 857
3, 255, 4, 505, 3, 1004
4, 975, 3, 1231
2, 765, 4, 854
3, 113, 2, 180, 2, 319, 4, 889, 4, 1089, 4, 1201, 5, 1278
2, 263, 4, 336, 3, 746, 3, 1128, 3, 1151
2, 133, 4, 289, 3, 488, 2, 1015, 3, 1485, 3, 1551
3, 538, 3, 605, 3, 742, 2, 942, 3, 1158, 3, 1468
4, 47, 3, 103, 4, 123, 2, 169, 4, 723, 4, 879, 3, 1078
3, 347, 3, 351, 3, 1046
4, 81, 2, 91, 3, 1150, 3, 1472, 4, 1532
2, 147, 4, 927, 3, 950, 5, 1210, 3, 1410
4, 704
2, 78, 2, 182, 3, 504, 3, 671, 3, 1087, 3, 1546
2, 28, 2, 138, 3, 1103, 3, 1540
3, 1044, 2, 1421
3, 358, 5, 578, 3, 1094, 4, 1261
3, 711, 2, 745, 2, 761
2, 508, 4, 524, 3, 595, 3, 645, 3, 1061, 3, 1067, 3, 1211
4, 5, 3, 731, 4, 787, 2, 1407
3, 375, 4, 625, 2, 1124
3, 209, 4, 292, 2, 548, 2, 798, 2, 925
2, 932
3, 313, 2, 346, 3, 363, 3, 462, 2, 489
3, 63, 2, 67, 4, 446
5, 866, 3, 1188, 2, 1355, 2, 1365
3, 393, 4, 603, 4, 903, 3, 953, 3, 1052
5, 170, 4, 243, 2, 547, 4, 1059
4, 254, 5, 297, 6, 580, 3, 1169
2, 917, 3, 940, 3, 1399
4, 68, 2, 1222, 4, 1243
3, 295, 4, 977
3, 634, 2, 690, 2, 1310, 3, 1466
4, 42, 3, 298, 3, 541, 4, 774, 2, 997, 2, 1313, 3, 1350
3, 306, 2, 535, 3, 578, 3, 861, 3, 1421
3, 38, 3, 271, 4, 847, 2, 907, 4, 1097
3, 481, 4, 897, 2, 1080, 2, 1357, 3, 1446
3, 82, 4, 548, 3, 980, 3, 1190, 3, 1197, 3, 1350, 4, 1490
3, 112, 4, 1487
3, 938, 3, 981
2, 285, 4, 522, 2, 555, 2, 572
2, 349, 3, 415, 3, 552, 2, 968, 2, 1278
5, 442, 4, 885, 3, 1158, 3, 1491, 4, 1528
3, 250, 3, 706, 4, 962, 3, 1128, 4, 1212
3, 955, 2, 1292
2, 911, 4, 1140, 3, 1183
3, 521, 2, 725, 4, 941, 2, 971
3, 89, 3, 465, 5, 571, 3, 575, 5, 954, 4, 964, 4, 1391
4, 30, 4, 639, 2, 1411, 4, 1444, 2, 1461
4, 1161, 2, 1544, 4, 1554
2, 49, 4, 109, 2, 215, 5, 226, 6, 871, 4, 1091
2, 1131, 4, 1241, 3, 1324
2, 455, 2, 492, 4, 565, 4, 975, 4, 1297, 3, 1380
2, 19, 2, 290, 4, 306, 3, 539, 5, 629, 4, 702, 2, 945
4, 296, 2, 329, 3, 918, 3, 1018, 2, 1554
2, 715, 2, 1292, 3, 1535
3, 283, 4, 532, 3, 1032
5, 734
2, 1477
3, 468, 2, 511, 4, 1354, 2, 1383
4, 68, 3, 152, 3, 667, 2, 1034, 3, 1470, 3, 1516
5, 49, 3, 232
4, 1058, 4, 1101, 2, 1384
4, 132, 2, 342, 4, 348, 3, 1257
4, 79, 2, 489, 3, 872
4, 57, 3, 223, 2, 878, 4, 1261, 2, 1377
2, 289, 4, 656, 3, 679, 5, 939
4, 87
4, 486, 4, 493, 2, 1262, 4, 1508
4, 54, 3, 127, 3, 370, 4, 919, 4, 1002, 3, 1108, 4, 1501
4, 190, 3, 440, 3, 540, 3, 567, 2, 1076, 3, 1376, 2, 1409
2, 7, 3, 226, 3, 436, 4, 443, 2, 596, 3, 1352
3, 353, 3, 476, 2, 896, 2, 1252
4, 43, 4, 347, 3, 359, 3, 530, 3, 909, 4, 992, 3, 1512
3, 556, 4, 594, 2, 843, 3, 943, 3, 1066, 4, 1366, 2, 1399
5, 411, 2, 1106
3, 171, 3, 241, 2, 714, 2, 1190, 2, 1413
4, 12, 2, 334, 3, 395, 2, 501, 3, 511, 2, 744
3, 52, 3, 1526
3, 85, 3, 95, 4, 301, 3, 611, 3, 619, 4, 1357, 4, 1361
2, 86, 4, 718, 4, 1328, 3, 1401
3, 425, 2, 752, 4, 768, 3, 1041
4, 123, 4, 539, 2, 999, 3, 1088
3, 895, 4, 1504
2, 1038, 4, 1148, 4, 1232
3, 362, 4, 400, 2, 472, 2, 882, 2, 1205, 4, 1288
2, 76, 3, 1228, 3, 1390
3, 219, 3, 442, 4, 795, 3, 1045, 3, 1544
5, 439, 4, 622
3, 609, 5, 1131, 3, 1174, 3, 1457
3, 552, 3, 731, 4, 1035
3, 465, 3, 469, 4, 848, 3, 1285
4, 442
3, 30, 3, 423, 4, 606, 3, 629, 4, 1398, 4, 1511
3, 96, 4, 406, 2, 645, 3, 1055, 3, 1438, 4, 1448
2, 17, 2, 543, 4, 620, 3, 1013, 2, 1196, 2, 1219
2, 686, 2, 996
4, 173, 2, 832, 2, 955, 4, 961, 4, 1115, 3, 1298
3, 300, 2, 995
3, 254, 3, 325, 3, 797, 2, 1273, 2, 1496
4, 387, 3, 581, 2, 903, 4, 1070
5, 1432
4, 161, 3, 457, 2, 1237, 4, 1249, 3, 1259, 3, 1416, 4, 1499
2, 394, 3, 717, 4, 777, 3, 893
3, 131, 5, 431, 4, 581
3, 314, 3, 364, 3, 641, 3, 930
2, 791, 4, 880
2, 108, 4, 139, 2, 248, 4, 404, 3, 701, 2, 1130
4, 122, 2, 751, 3, 771, 3, 817, 3, 954, 4, 1154, 3, 1370
2, 336, 2, 1194
3, 137, 2, 1239, 3, 1472
3, 680, 4, 713, 5, 1302, 4, 1402, 4, 1429
3, 45, 4, 117, 3, 361, 3, 850, 4, 910, 3, 993, 4, 1099
4, 461
5, 398, 3, 814, 4, 997, 2, 1074, 3, 1273, 3, 1363, 3, 1467
3, 447, 3, 680, 5, 1257, 5, 1317, 3, 1423, 3, 1506
3, 866, 2, 890
3, 338, 2, 544, 2, 899, 4, 1426
3, 17, 3, 261, 3, 494, 3, 716, 3, 1033, 3, 1070
4, 25, 3, 184, 2, 300, 2, 533, 2, 537, 4, 1043
3, 102, 2, 851
3, 385, 3, 1146, 2, 1539
3, 198, 3, 391, 3, 714, 3, 880
2, 428, 2, 461, 2, 478
3, 72, 4, 345, 3, 615, 3, 1287
4, 26
2, 180, 3, 879, 4, 995, 3, 1228
3, 136, 4, 142, 2, 1484
2, 369, 3, 646, 2, 676, 2, 785, 2, 1192
4, 210, 3, 260, 2, 356, 3, 506, 4, 799, 2, 1442, 2, 1485
3, 127, 2, 755, 3, 776, 3, 822, 3, 959, 4, 1159, 3, 1375
2, 340, 2, 1295
3, 673, 3, 1039, 3, 1062, 3, 1322, 3, 1522
4, 40, 3, 139, 5, 676, 3, 976, 3, 1452
4, 243, 3, 316, 3, 559, 4, 1048, 3, 1065, 3, 1192
3, 124, 3, 380, 2, 756, 2, 867
4, 463, 2, 507, 4, 790, 3, 929, 2, 1378, 4, 1499
3, 28, 2, 371, 4, 643
3, 193, 2, 852, 2, 975, 3, 1135, 3, 1318, 4, 1395
5, 320, 3, 1428
3, 80, 3, 623, 4, 1099, 2, 1322
2, 783
4, 90, 5, 406, 5, 789, 4, 906, 4, 1139, 3, 1143
4, 257, 4, 610, 3, 860, 4, 1359
5, 61, 4, 597, 4, 603, 2, 757, 4, 897, 3, 940, 3, 1373
3, 117, 2, 872
3, 140, 4, 467, 2, 756
2, 157, 4, 340, 4, 410, 4, 417, 2, 616, 4, 706, 3, 773
3, 271, 3, 753, 4, 863, 3, 947
3, 491
4, 331, 3, 747, 3, 930, 2, 1007, 2, 1206, 3, 1296
3, 397, 2, 763, 3, 786, 4, 1046
3, 219, 3, 1010
3, 435, 3, 1091, 3, 1311, 3, 1401
3, 1207, 3, 1477
2, 485, 3, 718, 2, 941, 3, 1294, 4, 1461, 3, 1544
3, 123, 3, 445, 3, 505, 2, 612, 2, 622, 3, 855, 2, 1365
4, 272, 4, 289, 2, 562, 4, 832, 2, 895, 2, 1504, 4, 1554
3, 546, 3, 858, 2, 1328, 4, 1395, 3, 1534
4, 879, 4, 1008, 4, 1485
2, 170, 3, 692, 4, 1148, 3, 1271
2, 146, 2, 672, 4, 749, 4, 1142, 4, 1154, 3, 1325, 2, 1348
2, 622, 3, 1364
3, 463, 4, 923, 4, 1012
3, 186, 2, 736, 4, 1318, 2, 1339, 4, 1428, 4, 1501
4, 392, 3, 396, 3, 786, 3, 1189, 3, 1212, 2, 1468
2, 350, 4, 1326
4, 290, 5, 1070, 2, 1093, 5, 1136, 3, 1353
3, 264, 3, 1200, 4, 1233
3, 98, 3, 984, 4, 1013
4, 394, 4, 827, 2, 1037, 5, 1043, 4, 1337, 4, 1486
2, 295, 4, 954, 4, 1077, 5, 1376
3, 478, 2, 555, 2, 948, 4, 1131, 3, 1509
2, 252, 2, 868
3, 109, 3, 408, 3, 442, 2, 1157, 4, 1444, 2, 1544
3, 148, 3, 625, 3, 862, 2, 895, 4, 912, 2, 1011
2, 255, 3, 844, 4, 970
3, 5, 4, 448, 2, 677, 3, 1054
2, 382, 3, 877
3, 242, 3, 292, 3, 568, 3, 585, 4, 858
4, 86, 3, 595, 5, 1234, 3, 1294, 3, 1411
4, 275, 3, 712, 3, 758, 3, 799, 3, 965, 3, 1048, 4, 1547
2, 266, 2, 326, 2, 443, 4, 676, 3, 772
3, 865, 4, 888, 3, 1348
3, 85, 5, 185, 4, 607
4, 16, 2, 931, 4, 1203
4, 215, 3, 444, 4, 648, 4, 864, 3, 1307
3, 11, 4, 261, 3, 361, 3, 388, 3, 1197, 2, 1230
5, 562, 4, 1367, 4, 1384, 6, 1511
5, 125, 4, 275, 3, 435, 4, 1267, 2, 1477, 3, 1544
2, 30, 2, 247, 4, 313, 3, 453, 3, 1023, 3, 1222, 4, 1335
3, 1359, 3, 1369
3, 117, 3, 184, 3, 1126, 2, 1309, 3, 1386
3, 161, 4, 194, 2, 211, 2, 311, 3, 1209, 4, 1419, 3, 1426
2, 4, 3, 158, 3, 341, 3, 618, 4, 707, 4, 774, 2, 1300
2, 116, 2, 172, 2, 282, 3, 365, 3, 865, 3, 1320
4, 309, 3, 502, 3, 824, 4, 991
2, 442, 2, 475, 2, 492
4, 325, 4, 375, 3, 652, 3, 668, 3, 941, 3, 1211
3, 776, 3, 805
3, 260, 4, 576
3, 456, 5, 938, 5, 1048, 5, 1132
3, 676, 4, 1105
3, 80, 3, 349, 3, 516, 2, 1171, 4, 1288, 3, 1405
4, 695, 3, 862, 3, 945, 3, 1444
3, 362, 3, 462, 3, 585, 3, 885, 2, 1361
4, 444, 2, 760, 4, 1392
4, 224, 3, 446, 4, 763, 3, 833, 3, 1305, 3, 1449, 4, 1549
3, 91, 4, 213, 5, 767, 3, 923, 4, 1445, 3, 1488
2, 67, 2, 227, 5, 1009, 4, 1059, 2, 1336, 3, 1475
4, 267, 2, 477, 3, 520, 2, 803, 4, 943, 4, 1513
3, 560, 2, 1502
4, 197, 2, 231, 4, 1233, 4, 1333, 3, 1360
2, 331, 2, 414, 2, 934, 3, 1023, 3, 1339, 2, 1510
4, 89, 3, 498, 3, 881
4, 66, 3, 232, 2, 887, 4, 1270, 2, 1387
2, 299, 3, 665, 3, 688, 4, 948
3, 601, 4, 634, 3, 717, 3, 973, 4, 1223, 3, 1350, 3, 1460
3, 341, 3, 640, 3, 690, 3, 790
2, 602, 5, 911
4, 406, 4, 412, 3, 768, 2, 1427
4, 143, 2, 386, 3, 839, 3, 1125, 4, 1421
3, 776, 3, 1052, 4, 1192, 4, 1341
2, 160, 4, 220, 3, 326, 4, 337, 3, 982, 3, 1202
3, 1282, 3, 1339, 3, 1449, 2, 1532
2, 950, 3, 1049, 2, 1472, 3, 1505
3, 573, 4, 629, 2, 1249, 3, 1405
3, 314, 5, 564, 3, 1063
4, 504, 4, 537, 4, 620, 3, 876, 4, 1126, 4, 1253
2, 88, 2, 543, 3, 577, 2, 593, 5, 720, 4, 1330
4, 317, 3, 350, 2, 434, 4, 689, 4, 939, 3, 1066
3, 357, 4, 390, 3, 407, 3, 533, 3, 1143, 3, 1459
4, 41, 3, 124, 2, 794, 3, 1171
3, 974, 3, 1018
2, 321, 3, 558, 2, 592, 3, 608, 2, 708
2, 406, 4, 789
4, 140, 4, 402, 3, 556, 3, 739, 3, 1015, 4, 1105
2, 206, 4, 595, 4, 855
2, 37, 2, 582, 3, 586, 4, 975, 3, 1379, 3, 1491
3, 50, 5, 386, 4, 443, 3, 626, 4, 1062, 3, 1418
3, 807, 2, 1013, 3, 1323
3, 147, 4, 563, 3, 1023, 4, 1113
5, 384, 5, 1189, 3, 1206, 4, 1333
4, 45, 4, 195, 2, 355, 4, 1187, 3, 1463
3, 631, 3, 981, 4, 1077, 2, 1520
3, 11, 4, 94, 3, 350, 3, 593, 3, 826, 2, 1049, 2, 1402
3, 136, 2, 186, 3, 223, 2, 696, 4, 1139, 3, 1411
3, 260, 4, 404, 3, 737, 2, 1275, 3, 1346
4, 44, 2, 366, 3, 427, 2, 533, 2, 543, 2, 776
4, 97, 3, 181, 2, 1489
4, 567, 3, 651, 3, 906, 4, 1156, 5, 1283, 4, 1393
2, 118, 3, 750, 2, 1360, 2, 1433
3, 554, 3, 604, 3, 881, 4, 897, 2, 1170
4, 49, 2, 165, 4, 398, 3, 1546
2, 221, 3, 654, 3, 864, 2, 870, 3, 1313
4, 557, 2, 1273, 2, 1310
4, 307, 4, 750, 4, 1006, 4, 1356, 2, 1393
2, 883, 4, 994, 4, 1077
4, 305, 3, 411, 4, 415, 4, 1147, 4, 1230, 3, 1486
3, 90, 3, 163, 3, 406, 3, 1039, 4, 1145
4, 795, 3, 995, 4, 1005, 4, 1211, 4, 1521
3, 213, 3, 1099, 3, 1128
4, 44, 3, 510, 3, 942, 3, 1152, 3, 1159, 5, 1313, 5, 1452
2, 1535
3, 830, 4, 946, 3, 1179, 4, 1275
3, 323, 4, 689, 4, 712, 2, 756, 5, 966, 3, 972
3, 223, 2, 1005, 4, 1012, 3, 1349
2, 483, 3, 646, 2, 1438
4, 314, 2, 397
3, 543, 3, 647
3, 37, 2, 1059
5, 121, 2, 564, 2, 793, 3, 820, 3, 1169
3, 490, 3, 794
3, 121, 3, 132, 3, 338, 3, 558, 3, 648, 4, 1297, 4, 1301
3, 26, 3, 658, 2, 1267, 2, 1340
3, 462, 3, 512, 3, 788, 4, 805, 2, 1077
2, 73, 4, 306, 4, 1454, 3, 1514
4, 129, 5, 562, 4, 772, 4, 778, 4, 1221
3, 399, 3, 436, 4, 686, 3, 786, 3, 1208, 3, 1241
3, 476, 2, 745, 4, 1015, 2, 1031
4, 778, 3, 915, 4, 1331, 4, 1481
4, 52, 4, 62, 4, 295, 4, 928, 4, 1121, 3, 1443, 3, 1504
4, 432, 4, 1068
4, 86, 3, 170, 2, 426, 3, 802, 2, 908, 4, 912
3, 473, 2, 1049
2, 40, 2, 50, 4, 96, 3, 207, 4, 290, 3, 806, 3, 1172
3, 13, 4, 329, 3, 1066, 2, 1126, 4, 1242, 3, 1475
3, 277, 2, 630, 3, 880, 3, 1379
4, 397, 3, 819
4, 99, 2, 542, 4, 798, 4, 915, 4, 1148
3, 290, 3, 773
4, 596, 3, 662, 4, 800, 2, 999, 3, 1112, 3, 1216
2, 7, 2, 63, 3, 130, 4, 683, 2, 839, 4, 1039
4, 199, 2, 476, 3, 615, 2, 925
4, 819, 3, 1141, 4, 1308
3, 60, 3, 303, 3, 792, 3, 935, 3, 1545
4, 989, 3, 999, 3, 1205, 3, 1515
2, 173, 2, 234, 3, 350, 4, 583, 4, 679
5, 796, 3, 870, 3, 1352
4, 21, 2, 1176, 4, 1196
2, 248, 3, 930
3, 587, 4, 643, 2, 1263, 3, 1419
3, 328, 4, 578, 2, 1077
4, 517, 4, 551, 4, 634, 3, 890, 4, 1139, 4, 1266
2, 101, 2, 557, 2, 590, 2, 607, 2, 734, 2, 1343
4, 59, 4, 315, 4, 691, 3, 1534
4, 285, 2, 495, 4, 539, 2, 822, 4, 961, 4, 1531
3, 578, 2, 1521
5, 119, 3, 152, 3, 1154, 4, 1281
2, 149, 3, 875, 2, 1345, 4, 1412, 3, 1551
4, 1025, 4, 1501
3, 10, 3, 825, 4, 1495
4, 1191, 2, 1308, 3, 1541, 3, 1545
4, 317, 2, 546, 2, 706, 4, 750, 4, 966, 4, 1409
4, 217, 3, 463, 2, 999, 3, 1005, 4, 1159, 4, 1342
2, 359, 4, 563, 4, 779, 2, 808
3, 409, 4, 413, 4, 792, 3, 802, 3, 1229, 2, 1484
4, 367, 4, 477, 3, 550, 3, 793, 3, 1342, 4, 1425, 3, 1532
3, 516, 4, 766, 4, 866, 2, 893, 4, 1288, 2, 1322
4, 44, 3, 281, 2, 314, 3, 331, 4, 653
4, 10, 2, 31, 4, 414, 5, 437, 4, 1179
4, 127, 4, 377, 2, 466, 2, 539, 4, 783, 4, 1415
4, 203, 3, 309, 3, 313, 4, 1129, 3, 1384
2, 886, 3, 1043
2, 206, 4, 849, 4, 1053, 3, 1149, 4, 1269, 4, 1298
5, 141, 3, 204, 2, 863, 3, 1400
4, 274, 3, 387, 2, 464, 2, 857, 3, 1040
4, 161, 4, 488, 3, 777
4, 18, 3, 178, 4, 361, 5, 438, 4, 638, 4, 727, 2, 794
4, 16, 2, 126, 4, 209, 4, 1091, 3, 1518
4, 10, 4, 193, 2, 559, 3, 625, 3, 1407, 3, 1414
3, 190, 3, 406, 2, 1315, 2, 1544
4, 36, 4, 40, 4, 833
4, 839, 3, 1161, 3, 1328
4, 7, 3, 80, 4, 323, 3, 812, 4, 955
3, 1009, 4, 1019, 3, 1225, 3, 1535
2, 193, 3, 254, 2, 370, 5, 603, 4, 1113, 5, 1142
3, 21, 3, 254, 4, 831, 2, 891, 2, 1336
3, 464, 2, 880, 3, 1120, 4, 1340, 3, 1430
4, 162
3, 29, 3, 112, 3, 611, 3, 1421, 3, 1477
3, 96, 4, 372, 4, 462, 3, 528, 4, 1317, 2, 1470
4, 441, 3, 830, 4, 874, 3, 1090
2, 238, 2, 487, 2, 614, 3, 720, 4, 724, 3, 1456, 3, 1540
2, 1496
4, 618
2, 229, 3, 601, 3, 771, 4, 834, 3, 1443, 2, 1470
2, 239, 3, 938, 4, 1054, 3, 1287
2, 82, 2, 195, 4, 299
2, 525, 2, 735, 3, 802, 2, 941, 2, 1251
5, 269, 4, 319, 3, 415, 4, 565, 4, 858, 4, 1501, 2, 1545
4, 978
2, 412, 3, 450, 4, 523, 4, 1255, 4, 1338
3, 966, 4, 1493, 2, 1549
2, 31
2, 1439
3, 337, 3, 852, 4, 956
4, 507, 3, 553, 3, 1056, 4, 1235
4, 11, 4, 960
4, 800, 4, 883, 4, 1103
2, 51, 4, 427, 3, 534, 5, 538, 4, 1353
5, 21, 4, 697, 3, 1267
3, 431, 3, 797, 2, 1234, 4, 1280, 3, 1390
4, 85, 4, 331, 2, 611, 2, 688, 4, 990, 2, 1081, 3, 1094, 3, 1113, 4, 1264, 4, 1413
3, 135, 3, 156, 3, 538, 3, 1065
2, 228, 4, 671, 3, 927, 3, 1044, 3, 1277, 3, 1314
3, 818
3, 15, 3, 152, 3, 464, 3, 568
2, 358, 3, 847
2, 35, 3, 917
2, 95, 3, 299, 3, 545
4, 53, 3, 119, 4, 259, 4, 409, 3, 569, 3, 1401
2, 393, 3, 705, 4, 959, 3, 1242, 3, 1381
3, 383, 2, 410, 2, 726, 3, 855, 2, 1331
3, 81, 4, 91, 3, 736, 2, 956, 2, 1472
4, 147, 4, 536, 4, 580, 2, 796
3, 417, 2, 454, 4, 527, 4, 937, 4, 1259, 3, 1343
2, 155, 2, 404, 3, 494, 3, 567, 2, 810, 3, 1442
4, 230, 3, 336, 3, 340, 5, 1156, 4, 1412
2, 817, 3, 973
2, 779, 3, 983, 4, 1079, 3, 1200, 4, 1229
3, 105, 4, 188, 5, 444, 3, 693, 3, 820
4, 205, 3, 317, 2, 394, 2, 787, 3, 970
3, 610, 2, 1553
3, 248, 2, 281, 4, 1284, 4, 1383, 3, 1410
2, 2, 2, 381, 2, 464, 2, 984, 3, 1073, 3, 1390
4, 42, 3, 451, 5, 834
4, 116, 3, 282, 2, 938, 4, 1320, 2, 1437
3, 349, 3, 715, 3, 738, 4, 998
3, 145, 3, 632, 3, 1447
3, 667, 3, 844
2, 378, 3, 567, 3, 960, 2, 1143
3, 265, 3, 292, 5, 608, 4, 1151, 3, 1213
4, 741, 3, 934, 3, 1257, 4, 1423
4, 575, 4, 874, 3, 907, 4, 924, 5, 1024
2, 239, 4, 312, 4, 615, 3, 722, 4, 1127
4, 112, 3, 788, 3, 944
3, 6, 3, 522, 3, 888, 4, 911, 3, 1371, 4, 1481
3, 86, 2, 143, 2, 363, 5, 453, 3, 1045, 3, 1461
2, 1112, 4, 1501
3, 380, 3, 995
3, 605, 4, 1447
3, 278, 4, 339, 2, 445, 3, 455, 2, 688, 4, 1514
3, 1470, 3, 1554
3, 29, 2, 39, 3, 245, 4, 555, 4, 1204, 3, 1208
3, 692, 2, 1368
2, 186, 3, 635, 3, 1534
3, 696, 4, 985
2, 559
3, 2, 4, 62, 3, 179, 5, 412
2, 235, 4, 624, 4, 668, 2, 878, 4, 884, 4, 1327
2, 115, 4, 238, 5, 1014
2, 315, 3, 471, 4, 1037, 4, 1197, 2, 1253, 4, 1319
5, 787, 3, 924, 3, 1340, 4, 1490
3, 52, 4, 158, 4, 168, 4, 401, 3, 1034, 4, 1227, 3, 1550
3, 538, 4, 1077
3, 193, 2, 276, 2, 532, 3, 908, 3, 1014, 4, 1018
3, 482, 2, 1058
3, 60, 2, 146, 3, 203, 3, 313, 3, 396, 3, 815, 3, 1181
3, 24, 3, 119, 4, 436, 3, 1172, 3, 1232, 3, 1349
4, 228, 2, 1536
4, 261, 4, 787, 3, 1415
3, 577
4, 394, 4, 999, 4, 1509
2, 4, 2, 718, 3, 768, 3, 867
4, 447, 4, 851, 4, 963, 3, 1067
3, 31, 4, 1180, 4, 1240, 3, 1356
3, 594, 2, 798, 4, 1014, 2, 1044
3, 162, 2, 538, 4, 644, 2, 648, 4, 1027, 3, 1037, 4, 1464
4, 103, 4, 712, 2, 1484, 3, 1517, 2, 1534
4, 59, 2, 69, 2, 1234
4, 286, 4, 968
4, 99, 4, 625, 2, 1095, 4, 1301, 2, 1457
4, 95, 4, 1110, 3, 1181
2, 255, 4, 915, 2, 1037, 5, 1337
2, 438, 2, 494, 2, 612, 4, 775, 3, 1470
2, 213, 3, 829
3, 369, 2, 402, 3, 991, 3, 1118
4, 11, 3, 860, 2, 1413
4, 238
2, 716, 4, 1525
4, 347, 4, 358, 2, 1523, 3, 1527
4, 451, 3, 481, 3, 1123, 2, 1150, 2, 1167, 4, 1500
3, 527, 3, 618, 3, 934, 4, 1063, 2, 1469, 3, 1539
2, 294, 2, 937, 4, 964, 3, 1313, 4, 1409
2, 17, 4, 371, 2, 427, 3, 537, 2, 620, 2, 1120, 3, 1353
4, 441, 4, 884, 2, 1140, 4, 1156, 4, 1489, 3, 1527
4, 482, 4, 704
2, 62, 3, 438, 3, 544, 4, 548, 4, 1281, 3, 1364
5, 12, 3, 515, 4, 588, 3, 831, 3, 1320, 4, 1464
3, 313, 3, 396, 3, 652, 3, 901, 2, 1028, 4, 1134, 4, 1138
2, 319, 3, 352, 3, 369
4, 202, 3, 546, 3, 675, 4, 818, 4, 1407
4, 515, 3, 575, 4, 692, 4, 1337
5, 132, 3, 282
3, 16, 3, 488, 3, 631, 2, 731, 4, 964, 3, 1187, 3, 1503
4, 768, 2, 1051, 3, 1138
2, 9, 3, 213, 3, 429, 2, 1338
3, 156, 3, 160, 3, 952
4, 959, 4, 1281, 3, 1448, 3, 1458
4, 599, 5, 803, 4, 899, 4, 948, 3, 1048
4, 7, 4, 263, 2, 640, 3, 750
3, 347, 4, 390, 4, 673, 3, 813, 2, 1262, 4, 1382
3, 157, 2, 1372
3, 77, 2, 326, 3, 453, 2, 849, 3, 882
3, 27, 4, 116, 5, 420, 3, 432, 3, 603, 4, 982, 4, 1065
4, 570, 3, 629, 2, 916, 2, 1016, 3, 1139, 4, 1439, 2, 1472
4, 192
3, 59, 3, 142, 2, 642, 3, 1451, 3, 1507
5, 40, 2, 86, 4, 223, 2, 559, 4, 589, 4, 1347
2, 57, 4, 79, 3, 123, 3, 236, 3, 339, 3, 539, 2, 835
2, 92, 3, 415, 3, 475, 4, 581, 2, 592, 3, 825, 3, 1457
4, 388, 3, 864, 3, 1501
4, 169, 2, 202, 4, 645, 3, 1205, 4, 1305, 4, 1427
2, 656, 3, 672
3, 472, 4, 722, 3, 1221
4, 875
3, 459, 3, 1235
3, 33, 3, 70, 3, 543, 4, 986, 2, 1258, 4, 1541
4, 10, 4, 486, 3, 1025, 3, 1096
3, 1056, 2, 1393
2, 18, 3, 247, 4, 290, 4, 573, 4, 1282
4, 57, 4, 430, 4, 600, 3, 663, 2, 1239, 2, 1272, 4, 1299
4, 42, 5, 85, 4, 368, 4, 957, 3, 1077
3, 225, 5, 458, 3, 1034, 4, 1094, 4, 1410, 3, 1539
3, 598, 4, 659, 3, 775, 2, 1008, 4, 1104, 4, 1547
3, 66, 2, 815
3, 349, 3, 1114, 4, 1503, 2, 1524
4, 136, 4, 579, 3, 835, 3, 1184, 2, 1222
3, 712, 3, 822
3, 739, 3, 1051, 3, 1155
3, 803, 4, 986, 4, 1352
2, 44, 4, 100, 4, 1075, 4, 1265
4, 23, 5, 193, 3, 256, 4, 892
2, 202, 4, 385, 4, 456, 5, 462, 3, 662, 4, 752, 2, 818
3, 219, 3, 702, 3, 812, 3, 895
2, 480
3, 307, 3, 490, 4, 856
4, 18, 4, 1106
3, 347, 3, 390, 4, 600, 4, 607, 4, 1516
3, 227, 5, 1070
3, 78, 4, 311, 3, 315, 4, 481, 4, 1136, 4, 1519
3, 32, 3, 531, 3, 764, 3, 987, 3, 1340, 4, 1506
3, 168, 3, 491, 3, 551, 2, 657, 2, 668, 3, 901, 2, 1410
3, 940
3, 555, 4, 865
3, 359, 4, 365, 3, 721, 2, 1380
3, 792, 3, 981, 4, 1374, 2, 1557
2, 582, 3, 609, 3, 925, 4, 1054, 3, 1197, 3, 1530
3, 285, 2, 927, 5, 954, 4, 1304, 5, 1400
2, 8, 4, 362, 2, 418, 3, 528, 2, 611, 2, 1111, 3, 1344
4, 432, 4, 875, 3, 1131, 4, 1147, 5, 1480, 3, 1518
4, 376, 4, 598
2, 53, 3, 429, 3, 535, 4, 539, 4, 1271, 3, 1355
4, 3, 3, 506, 3, 579, 3, 822, 3, 1311, 4, 1454
4, 303, 3, 387, 4, 643, 4, 892, 2, 1019, 4, 1125, 5, 1129
3, 679, 4, 889, 3, 1188, 3, 1221, 5, 1238, 3, 1338
3, 706, 4, 805, 3, 1228, 3, 1261
3, 329, 4, 799, 3, 1005, 3, 1161
2, 70, 4, 320
4, 353, 3, 880, 3, 1508
3, 670
3, 43, 4, 486, 3, 1092, 4, 1129
2, 517, 3, 1426
3, 606, 3, 623, 3, 694, 3, 744, 4, 1309
4, 124, 3, 633, 4, 1272, 3, 1332, 3, 1449
4, 847
3, 897
4, 88, 4, 737, 3, 920, 2, 1120, 4, 1130, 3, 1336
4, 127, 4, 597, 5, 803, 3, 1373
3, 132, 3, 365, 3, 941, 3, 1002, 3, 1318, 3, 1447
2, 1287, 3, 1347, 4, 1464
4, 1277
3, 395, 3, 611, 3, 1520
3, 103, 4, 731, 3, 935, 3, 1351
2, 82, 3, 319, 3, 1141
4, 309, 4, 625
4, 36, 3, 918, 3, 1345, 4, 1401, 3, 1511
3, 117, 2, 549, 5, 1332, 4, 1338
2, 206, 3, 396, 3, 972, 2, 1215
3, 945
2, 462
4, 696, 4, 1036, 5, 1285, 2, 1412
3, 27, 3, 597, 2, 909, 4, 1162, 4, 1445
2, 586, 4, 613, 3, 929, 4, 1058, 3, 1202, 3, 1535
2, 289, 2, 932, 4, 959, 3, 1309, 4, 1404
2, 13, 4, 366, 2, 422, 3, 533, 2, 616, 2, 1115, 3, 1348
4, 436, 4, 879, 2, 1135, 4, 1152, 4, 1485, 3, 1522
4, 380, 4, 603
3, 337, 3, 443, 4, 447, 4, 1179, 3, 1262, 2, 1518
4, 7, 3, 510, 3, 583, 3, 827, 3, 1316, 4, 1459
3, 211, 3, 294, 3, 550, 2, 927, 3, 1033, 4, 1037
2, 597, 2, 1173, 3, 1417
3, 165, 3, 414
4, 65, 4, 447, 3, 458, 3, 974
3, 297, 4, 413
3, 137, 3, 713, 3, 1092
2, 453, 4, 686, 4, 909, 4, 1262, 4, 1428, 3, 1512
3, 90, 2, 993
2, 124, 3, 650, 4, 706, 5, 727, 3, 889, 3, 1132, 2, 1326
4, 517, 2, 600, 3, 856, 3, 1105, 4, 1232, 3, 1342
2, 164, 3, 797, 3, 1406, 2, 1479
4, 504, 4, 554, 4, 830, 2, 847, 2, 970, 3, 1119
2, 68, 4, 112, 3, 395, 3, 983, 3, 1104
3, 8, 3, 251, 3, 484, 3, 1060, 3, 1121, 3, 1437
4, 258, 2, 354, 3, 528, 3, 705, 2, 797, 2, 1466
3, 162, 3, 395, 3, 617, 3, 933, 3, 971, 3, 1476
2, 85, 2, 201, 2, 434, 2, 438, 4, 944, 4, 1387
3, 655, 3, 1464
2, 294, 4, 916
2, 716, 3, 776, 3, 893
3, 34, 3, 333, 3, 367, 4, 383, 4, 483, 4, 510, 3, 1120
3, 829
2, 14
2, 563, 3, 606, 3, 889, 3, 1449, 3, 1478
2, 94, 3, 344
4, 377, 3, 387, 3, 903
4, 604, 4, 693
3, 61, 4, 217, 3, 416, 4, 943, 4, 1413, 4, 1479
3, 564, 3, 630, 3, 767, 2, 967, 3, 1183, 4, 1493
4, 31, 2, 98, 3, 651, 4, 807, 2, 1007, 2, 1533
3, 1220, 2, 1357
2, 382, 3, 527, 3, 627, 3, 1164, 3, 1170, 2, 1463, 4, 1507
3, 66, 3, 265, 3, 561, 4, 1341, 3, 1364, 3, 1520
4, 308, 3, 724, 4, 907, 2, 984, 3, 1183, 3, 1273
3, 374, 2, 740, 4, 1023, 3, 1177
3, 11, 3, 681, 5, 754, 4, 1058, 3, 1486
2, 28, 2, 554, 4, 631, 3, 1024, 2, 1207, 2, 1230
2, 795, 4, 1105
2, 63, 4, 185, 4, 961
2, 262, 3, 418, 4, 984, 4, 1144, 2, 1201, 3, 1267
4, 832, 3, 969, 3, 1281, 4, 1385, 3, 1535
4, 1558
2, 852, 3, 1009
3, 117, 3, 417, 2, 567
4, 592, 5, 641, 3, 918, 4, 1058, 4, 1207
3, 202
4, 386
2, 66, 3, 698, 3, 1308, 2, 1380
3, 405, 2, 731, 4, 748, 4, 1021
3, 422, 4, 881, 2, 971
4, 229, 3, 242, 4, 412, 3, 791, 2, 1394, 3, 1484
4, 841, 3, 1245
3, 69, 2, 858, 4, 1012, 3, 1195
3, 177, 2, 426, 4, 516, 4, 589, 2, 832, 4, 1464
3, 1038, 3, 1042
3, 44, 4, 89, 4, 227, 3, 283, 4, 593, 3, 605, 3, 772
3, 170, 3, 420
2, 70, 3, 453, 3, 463, 4, 979
4, 47, 2, 557, 4, 586, 3, 1229, 4, 1256, 3, 1372
4, 17, 3, 43, 2, 360, 4, 489, 5, 632, 2, 732, 4, 965
4, 1042, 4, 1086, 2, 1369
3, 213, 2, 423, 3, 430, 2, 1339
4, 64, 2, 473, 5, 856
4, 41, 3, 207, 3, 862, 4, 1245, 2, 1362
3, 371, 3, 737, 3, 760, 4, 1020
3, 167, 3, 654, 3, 1469
3, 118, 3, 314, 3, 347, 3, 374, 2, 491, 4, 724, 3, 1233
3, 141, 2, 158, 3, 431, 4, 1373
3, 1389
3, 188, 4, 537
2, 895, 3, 1138
2, 53, 2, 1018, 3, 1454, 3, 1500
3, 862, 5, 1238
2, 232, 4, 292, 3, 398, 4, 409, 3, 1054, 3, 1274
3, 1257, 3, 1314, 4, 1424, 2, 1507
3, 19, 2, 1022, 3, 1122, 3, 1544
3, 645, 4, 701, 2, 1321, 3, 1477
3, 289, 5, 539, 3, 1038
3, 576, 3, 609, 3, 692, 3, 948, 3, 1198, 3, 1298, 4, 1325
3, 316, 3, 520, 3, 616, 2, 765
3, 366, 2, 370, 4, 749, 3, 759, 3, 1275
3, 64, 2, 107, 4, 390, 3, 530, 3, 1099
2, 3, 3, 247, 3, 480, 3, 1116, 3, 1432
2, 10, 3, 886, 3, 975
3, 699, 4, 1302
2, 77, 4, 466, 4, 726
3, 120, 3, 749, 2, 769, 3, 1152, 3, 1368
5, 97, 4, 380, 3, 467, 5, 1089, 3, 1382
3, 650, 3, 1459
2, 184, 3, 1339
3, 48, 2, 94, 3, 231, 4, 597, 3, 664, 2, 776, 3, 1452
2, 547
4, 111, 3, 437, 4, 454, 4, 726, 3, 997
3, 52, 4, 561, 5, 877, 3, 1200, 4, 1260, 3, 1377
3, 667, 3, 728, 4, 917, 4, 1416
2, 434, 4, 857
3, 404, 5, 1074, 5, 1190, 5, 1423, 3, 1519
2, 54
3, 1463
2, 360, 3, 980, 3, 1290
3, 602, 3, 691
4, 156, 3, 312, 3, 1038, 3, 1161
3, 682, 3, 849, 3, 932, 3, 1431
3, 36, 4, 572, 3, 872, 3, 1494
4, 70, 3, 126, 2, 746, 4, 1102
3, 50, 3, 220, 3, 283, 4, 859, 2, 919
3, 4, 2, 493, 2, 909, 4, 1368, 3, 1458
4, 190
3, 57, 2, 140, 3, 640, 3, 1449, 3, 1505
2, 124, 2, 201, 4, 400, 2, 490, 3, 556, 2, 1499
3, 488, 3, 854, 2, 877, 4, 920, 3, 1137
2, 947, 3, 1047, 2, 1470, 3, 1503
4, 668, 4, 724, 2, 1344, 3, 1500
3, 312, 5, 562, 3, 1061
4, 502, 3, 535, 3, 618, 3, 874, 4, 1124, 3, 1251
2, 183, 3, 638, 4, 672, 3, 688, 4, 788, 3, 815, 3, 1425
4, 353, 4, 1092
3, 230
4, 413
4, 457, 3, 529, 3, 773, 3, 1228, 3, 1262, 3, 1278, 4, 1405
3, 66, 3, 166, 4, 588
5, 815, 4, 1458
2, 805, 4, 1414
2, 948, 4, 1058, 4, 1142
4, 369, 2, 407, 4, 479, 4, 889, 4, 1212, 3, 1295
2, 107, 2, 357, 3, 446, 3, 519, 3, 762, 4, 1395
3, 1065, 3, 1069
2, 71, 3, 117, 3, 254, 3, 310, 4, 620, 3, 633, 2, 799
2, 100, 3, 350
3, 97, 3, 480, 4, 491, 4, 1006
2, 75, 4, 584, 2, 613, 2, 1256, 4, 1283, 2, 1400
4, 114, 4, 751, 3, 1196, 3, 1439
4, 61, 4, 244, 4, 320, 2, 610, 4, 676, 3, 1458
4, 144, 2, 354, 4, 360, 3, 1269
2, 15, 3, 338, 3, 398, 4, 421, 2, 1053, 3, 1091, 3, 1164
2, 521, 3, 758, 2, 791, 4, 808, 4, 908
3, 192, 3, 196, 3, 988
3, 994, 3, 1317, 2, 1483, 2, 1494
5, 732, 4, 935, 5, 1031, 3, 1081, 3, 1181
4, 43, 4, 299, 2, 675, 3, 786
3, 382, 2, 426, 4, 709, 3, 848, 2, 1298, 4, 1418
3, 290, 4, 563, 3, 1505
3, 1239
4, 203, 4, 423, 4, 1105
5, 160, 4, 249, 4, 565, 4, 736, 3, 1198
2, 10, 4, 226, 3, 536, 2, 1164, 3, 1185, 2, 1368
3, 576, 4, 632, 2, 1252, 3, 1408
3, 317, 4, 566, 2, 1066
4, 506, 3, 540, 3, 623, 3, 879, 4, 1128, 3, 1255
2, 187, 3, 643, 4, 676, 3, 693, 4, 793, 3, 820, 3, 1429
4, 260, 4, 1096
4, 21, 4, 38, 3, 137, 3, 370, 5, 880, 3, 909, 4, 1552
3, 24, 4, 174, 3, 334, 3, 1116, 4, 1166, 2, 1376, 4, 1443
3, 374, 4, 451, 2, 844, 2, 1027, 2, 1406
3, 843, 3, 930, 3, 980, 3, 1545
3, 364, 3, 530, 2, 1186, 2, 1406, 2, 1496
4, 923, 2, 1127
3, 434, 3, 578, 2, 910, 3, 1449, 3, 1520
2, 707
2, 51, 2, 345, 3, 573, 2, 617, 2, 777, 3, 900, 3, 1453
2, 604, 4, 914
5, 408, 5, 415, 4, 770, 2, 1430
4, 49, 2, 292, 3, 841, 3, 1030, 4, 1423
3, 778, 3, 1055, 5, 1194, 5, 1344
4, 304, 5, 1041, 2, 1101, 4, 1204, 4, 1207, 2, 1217
2, 564
4, 454, 4, 471, 2, 541, 3, 591, 3, 1007, 3, 1014, 3, 1157
4, 728
4, 195, 3, 424, 3, 628, 4, 844, 3, 1287
3, 88, 4, 338, 3, 438, 3, 465, 3, 1274, 2, 1307
4, 542, 4, 1347, 3, 1363, 3, 1490
3, 63, 4, 202, 4, 352, 3, 512, 3, 1344, 4, 1554
2, 239, 3, 805, 4, 1088, 3, 1227
3, 196, 2, 252, 3, 256, 2, 362, 2, 445, 3, 945
3, 582, 3, 802, 3, 1318, 4, 1485
4, 935, 2, 969, 3, 985, 3, 1085
4, 189
4, 329, 5, 412, 4, 1044, 2, 1082, 4, 1331
3, 955
2, 512, 3, 749, 2, 782, 3, 799, 2, 899
3, 182, 3, 187, 3, 979
3, 985, 3, 1308, 2, 1474, 2, 1485
4, 625, 3, 829, 4, 925, 4, 975, 3, 1075
4, 34, 4, 290, 2, 666, 3, 777
3, 373, 3, 417, 4, 700, 3, 839, 2, 1288, 4, 1409
3, 281, 4, 553, 3, 1496
2, 1229
4, 194, 4, 414, 4, 1096
3, 830, 2, 1406
2, 1163, 3, 1552
3, 217, 2, 367, 3, 527, 5, 1222, 5, 1309, 5, 1359
2, 406, 4, 776
5, 123, 5, 360, 5, 394, 3, 410
3, 187, 5, 254, 4, 391, 2, 703, 4, 807
4, 281, 3, 724, 3, 953, 4, 996, 3, 1329
4, 387, 4, 553, 4, 637, 3, 1136
3, 151, 2, 251, 4, 788, 3, 1087, 4, 1150
4, 355, 5, 428, 3, 671, 4, 1160, 2, 1177, 3, 1303
2, 492, 4, 564, 2, 868, 3, 1297, 4, 1380
2, 365, 2, 442, 3, 835, 4, 1018, 3, 1041, 2, 1397
3, 476, 3, 879, 3, 1095, 3, 1405
3, 60, 3, 64, 3, 1268, 2, 1385
3, 394, 3, 623, 2, 783, 4, 826, 3, 1043, 4, 1486
3, 294, 3, 539, 2, 1076, 5, 1082, 3, 1236, 2, 1419
2, 75, 3, 104, 4, 570, 4, 1213, 3, 1350, 3, 1373, 3, 1416
3, 1412
5, 191, 5, 220, 4, 863, 4, 890, 3, 1240
3, 1176, 3, 1232, 3, 1342, 2, 1425
3, 843, 2, 943, 4, 1066, 3, 1365, 4, 1398
3, 640
4, 58, 3, 357, 2, 507
2, 241, 2, 857
4, 98, 3, 397, 4, 430, 2, 1146, 4, 1433, 3, 1533
3, 234, 2, 711, 4, 948, 4, 981, 2, 997, 4, 1097
4, 3, 2, 148, 3, 248, 4, 275, 4, 785, 4, 1084, 3, 1117
4, 182, 5, 824, 4, 961, 2, 984, 3, 1028, 3, 1244
3, 616
3, 1016, 3, 1338, 2, 1505, 2, 1515
3, 446, 4, 656, 4, 955, 3, 1005, 3, 1105
4, 320, 3, 393, 2, 697, 3, 1209
4, 403, 3, 447, 4, 730, 3, 1319
3, 969, 3, 992, 3, 1549
3, 218, 3, 983, 4, 1372, 3, 1393
2, 351, 3, 607, 4, 956, 4, 1466
3, 1, 3, 24, 2, 68, 4, 284, 4, 581, 3, 1193
4, 421, 4, 758, 3, 1190
2, 55, 3, 491, 4, 648, 3, 847, 3, 1037, 4, 1373, 2, 1430
4, 1382, 3, 1386
3, 157, 4, 1532
4, 983, 4, 1027
3, 267, 3, 567, 2, 600, 3, 617, 3, 717, 3, 744
2, 181, 3, 281, 2, 308, 3, 404, 2, 704, 3, 737, 4, 1180
4, 21, 2, 410, 2, 453, 4, 663, 3, 670
3, 323, 2, 356, 3, 1072, 4, 1359, 4, 1458
4, 456, 2, 1059, 3, 1149, 2, 1221, 3, 1465
5, 506, 3, 572, 4, 710, 4, 909, 4, 1022, 3, 1126
4, 14, 4, 70, 2, 137, 3, 690, 4, 846, 2, 1046
4, 54, 3, 800, 3, 886, 2, 1162, 4, 1183, 2, 1193, 3, 1302
2, 78, 3, 267, 3, 844, 2, 1087
3, 195, 3, 211, 3, 340, 3, 484, 2, 817, 3, 1426, 4, 1476
2, 55, 3, 780, 2, 1250, 4, 1317, 2, 1456
2, 1407
5, 304, 3, 924, 4, 1234
2, 34, 2, 255, 2, 344, 4, 534, 4, 771, 4, 937, 3, 1353
3, 238, 2, 987, 2, 1443
4, 558, 4, 800, 2, 1273
3, 308, 2, 751, 2, 980, 3, 1007, 3, 1357
4, 581, 4, 664, 3, 884
3, 314, 4, 318, 3, 1134, 4, 1390
2, 898, 4, 927
3, 382, 4, 698, 3, 1331
3, 195, 4, 428, 3, 1065, 3, 1381, 4, 1510
2, 53, 3, 143, 3, 569, 3, 735, 3, 1391
2, 1235, 4, 1445
4, 70, 4, 542, 4, 685, 3, 1018, 3, 1540, 3, 1557
4, 378
3, 205, 4, 262, 3, 282, 2, 881, 4, 1237
4, 1370, 3, 1441
2, 411, 3, 788
2, 43, 3, 236, 2, 725
3, 459, 2, 1035
2, 110, 3, 133, 2, 889
3, 406, 3, 416, 3, 932
4, 633, 5, 722
4, 271, 2, 471, 3, 583, 3, 1053, 2, 1259
3, 358, 3, 408, 3, 685, 3, 701, 3, 830, 3, 974
3, 298, 3, 741
2, 98, 4, 660
3, 138, 3, 194, 3, 304, 3, 388, 3, 887, 3, 1270
3, 648, 4, 737
5, 105, 3, 261, 4, 987, 4, 1110
4, 728, 3, 894, 4, 978, 3, 1477
3, 81, 4, 618, 4, 917, 2, 1394, 3, 1539
4, 185, 3, 258, 3, 501, 4, 990, 3, 1104, 3, 1134
3, 66, 4, 322, 2, 698, 3, 808
3, 405, 2, 449, 4, 732, 3, 871, 2, 1320, 4, 1441
2, 313, 4, 585, 3, 1528
2, 1261
3, 226, 4, 446, 3, 1128
4, 164, 3, 254, 4, 570, 4, 740, 3, 1202
2, 14, 5, 231, 5, 541, 4, 1169, 4, 1190, 3, 1373
3, 580, 4, 636, 2, 1256, 3, 1412
3, 321, 5, 571, 3, 1070
4, 511, 3, 544, 3, 627, 3, 883, 4, 1133, 3, 1260
2, 95, 4, 647, 4, 681, 4, 697, 2, 727, 2, 1337
4, 292, 3, 1217, 4, 1473
4, 25, 3, 42, 3, 142, 3, 375, 4, 884, 3, 914, 4, 1556
3, 29, 4, 179, 3, 339, 3, 1121, 4, 1171, 2, 1381, 4, 1448
3, 378, 4, 455, 2, 848, 2, 1032, 2, 1410
3, 847, 4, 934, 3, 984, 4, 1550
3, 369, 3, 535, 2, 1190, 2, 1411, 2, 1500
4, 928, 2, 1131
3, 439, 3, 582, 2, 915, 3, 1454, 3, 1524
2, 711
2, 56, 2, 349, 3, 578, 2, 622, 2, 782, 3, 905, 3, 1458
2, 609, 4, 918
4, 413, 4, 419, 3, 775, 2, 1434
4, 53, 2, 296, 3, 846, 3, 1035, 4, 1428
3, 783, 3, 1059, 4, 1199, 4, 1348
2, 167, 4, 227, 3, 333, 4, 344, 3, 989, 3, 1209
3, 221, 2, 278, 2, 388, 2, 471, 3, 970, 3, 1426
3, 511, 4, 731, 5, 1247, 5, 1413
3, 961, 2, 995, 3, 1011, 3, 1111
4, 691, 2, 895, 2, 1207, 3, 1311
3, 1101
3, 39, 3, 199, 4, 322, 4, 875, 3, 1031, 4, 1554
3, 79, 2, 239, 4, 1021, 4, 1071, 2, 1348, 3, 1487
4, 135, 4, 275, 4, 488, 2, 845, 4, 1157, 3, 1410
2, 52, 4, 834, 4, 884, 3, 1161, 3, 1300, 2, 1450
4, 189, 3, 399, 3, 442, 3, 725, 5, 865, 4, 1021
3, 332, 4, 482, 2, 642, 3, 1337, 3, 1424, 3, 1474
3, 619, 3, 989
2, 336, 3, 573, 3, 606, 3, 623, 2, 723
4, 7, 3, 11, 4, 803
4, 809, 3, 1132, 5, 1298
3, 50, 4, 293, 3, 782, 3, 926, 3, 1535
2, 419
3, 556, 4, 895, 2, 1272
3, 307, 2, 336, 2, 978, 4, 1005, 3, 1355
3, 413, 3, 469, 3, 473, 3, 579, 3, 662, 2, 1162, 3, 1395
3, 37, 2, 387
2, 283, 3, 454, 4, 1435, 4, 1525
4, 965, 3, 1036, 4, 1508
3, 207, 3, 867, 2, 990, 5, 1289
3, 391, 2, 447, 2, 467, 4, 630, 4, 1422
4, 68, 2, 118, 4, 430, 3, 534, 3, 684, 3, 1472, 3, 1539
2, 981
3, 361, 2, 394, 3, 411, 3, 511, 2, 538
3, 990, 4, 994, 3, 1372
2, 723
2, 68, 3, 380, 4, 590, 2, 634, 5, 917, 2, 1056, 2, 1505
2, 524
4, 344, 5, 1097, 3, 1473
3, 94, 3, 537, 3, 1180, 2, 1207, 3, 1224, 3, 1557
3, 38, 3, 261, 3, 577, 3, 648, 2, 1120, 3, 1263
3, 125, 2, 175, 4, 212, 4, 684, 4, 1127, 3, 1383, 5, 1400
4, 231, 3, 714, 4, 718, 4, 1510, 4, 1533
2, 738, 3, 1291, 4, 1447
4, 12, 2, 95, 4, 116, 4, 315, 3, 611, 3, 1391, 3, 1414
3, 548, 4, 1037
5, 15, 4, 91, 3, 485, 3, 668, 4, 691, 5, 1460
3, 158, 4, 468, 3, 707, 3, 1117, 3, 1500, 4, 1510
2, 78, 2, 605, 4, 681, 4, 1075, 3, 1087, 3, 1258, 2, 1281
2, 555, 3, 1297
4, 396, 4, 855, 4, 945
3, 119, 2, 668, 4, 1251, 2, 1272, 4, 1361, 4, 1434
4, 325, 4, 329, 3, 718, 3, 1122, 3, 1145, 2, 1401
2, 283, 4, 1258
4, 223, 4, 1025, 4, 1069, 3, 1285
3, 94, 4, 177, 5, 433, 3, 809, 3, 915, 3, 919
3, 206, 2, 279, 3, 523, 4, 1155, 4, 1261
3, 80, 4, 729, 3, 912, 3, 1111, 5, 1122, 4, 1328
3, 216, 3, 686, 3, 892, 3, 1048
3, 110
3, 41, 3, 457, 4, 607, 3, 767, 3, 1452, 3, 1462
3, 646, 3, 1016
2, 363, 3, 600, 2, 634, 3, 650, 2, 750
4, 34, 4, 38, 4, 830
5, 837, 4, 1159, 4, 1326
2, 5, 3, 78, 2, 321, 3, 810, 2, 953
2, 446
3, 584, 3, 923, 4, 1172, 3, 1299
2, 484, 2, 796, 3, 1049, 3, 1332, 3, 1472
4, 570, 4, 597, 2, 914, 4, 1043, 3, 1186, 3, 1519
3, 65, 2, 414
2, 310, 3, 481, 4, 1463, 4, 1552
3, 1147
3, 229, 2, 618, 3, 639, 4, 1022, 3, 1045, 3, 1548
2, 30, 5, 86, 4, 106, 4, 1061
4, 276, 5, 520, 2, 753, 3, 975, 4, 1292, 4, 1362
3, 443, 3, 559
2, 93, 3, 283, 3, 859, 2, 1102
4, 90, 4, 152, 4, 762, 3, 1105
4, 362, 3, 778, 4, 961, 2, 1038, 3, 1238, 3, 1327
3, 429, 2, 795, 4, 1078, 3, 1232
4, 66, 3, 736, 4, 809, 4, 986, 4, 1112, 4, 1541
3, 166, 3, 776, 3, 1092, 2, 1262
2, 296, 4, 313, 3, 384, 3, 999
3, 400, 4, 860, 3, 950
3, 124, 2, 673, 4, 1255, 2, 1276, 3, 1366, 4, 1438
4, 427, 4, 431, 3, 820, 3, 1223, 3, 1246, 2, 1502
2, 287, 4, 1263
2, 227, 3, 1030, 4, 1074, 3, 1290
3, 222, 2, 226, 2, 1041
3, 199, 3, 709, 4, 738, 4, 1025, 3, 1347, 4, 1408, 2, 1524
3, 1288, 3, 1417
3, 329, 4, 706, 3, 1218
3, 440, 4, 556
3, 279, 2, 685, 3, 856, 3, 1234
3, 449, 3, 593, 2, 926, 4, 1465, 3, 1535
3, 233, 4, 969, 3, 1136
3, 350, 2, 959, 2, 1032, 2, 1275
4, 480, 3, 497, 3, 567, 3, 617, 4, 1183
4, 1146, 4, 1206, 2, 1322, 4, 1555
3, 463, 4, 667, 2, 883, 2, 913
4, 216, 4, 227, 2, 1392, 3, 1396
3, 631, 3, 980, 4, 1490, 2, 1519
2, 48, 3, 94, 3, 204, 2, 804, 3, 1170, 3, 1236, 2, 1453
3, 424, 3, 645, 3, 1161, 4, 1327
3, 778, 2, 811, 2, 828
3, 1134
4, 118, 3, 508, 3, 528, 3, 911, 2, 1437
4, 139, 3, 226, 4, 692, 4, 848, 2, 1414
3, 166, 4, 409, 2, 642, 3, 865, 3, 1278, 3, 1348
3, 429, 3, 546
2, 80, 3, 269, 3, 845, 4, 1088
4, 76, 4, 139, 3, 748, 3, 1091
4, 349, 3, 765, 4, 948, 2, 1025, 3, 1224, 3, 1314
3, 512, 2, 878, 5, 1161, 3, 1315, 4, 1361
3, 57, 3, 412, 2, 972, 3, 1072, 4, 1195, 3, 1494, 2, 1538
4, 193, 4, 393, 2, 503, 2, 586, 2, 1102, 2, 1468, 3, 1491
4, 626, 3, 1125, 4, 1362, 3, 1529
3, 363, 5, 567, 2, 1029, 4, 1077, 2, 1226
3, 417, 3, 1233, 5, 1489
2, 41, 2, 157, 4, 390, 2, 900, 2, 1343, 2, 1538
3, 326, 2, 387, 2, 1075
3, 120, 3, 929, 4, 963, 3, 1302, 2, 1552
4, 87, 3, 197, 4, 270, 3, 513, 2, 1063, 3, 1252
3, 1199, 4, 1210
4, 24, 4, 966, 4, 1149, 2, 1226
2, 34, 2, 284, 4, 374, 2, 690, 4, 860, 4, 1322
3, 997, 4, 1407
2, 181, 3, 238, 3, 458, 3, 547, 3, 1140, 3, 1556
4, 112, 4, 135, 4, 1304
3, 25, 4, 29, 3, 418, 2, 821, 4, 934
4, 661, 2, 1183, 5, 1227, 4, 1384, 2, 1510
2, 120, 3, 493, 3, 663, 3, 726, 2, 1362, 2, 1432
2, 228, 3, 927, 4, 1043, 3, 1276
3, 184, 2, 190, 4, 1532
3, 14, 3, 1295
4, 320, 2, 879, 4, 979, 4, 1102, 4, 1402, 2, 1445, 3, 1522
3, 4, 3, 203, 3, 314, 2, 913, 2, 1279, 2, 1302
3, 140, 4, 294, 3, 477, 3, 754, 4, 843
4, 174, 4, 377, 4, 887, 3, 937, 2, 1037
3, 325, 2, 1140
4, 54, 3, 884, 4, 930, 3, 1123, 4, 1433
4, 121, 3, 764, 3, 967, 4, 1184, 4, 1213
2, 428, 3, 805
2, 1520
3, 511, 2, 555, 5, 1397, 2, 1427
3, 2, 2, 112, 3, 195, 3, 711, 5, 1077, 5, 1514
3, 476, 4, 892, 2, 1075, 3, 1352, 3, 1441
4, 77, 4, 543, 3, 932, 4, 975, 4, 1185, 3, 1192, 5, 1485
2, 107, 2, 163, 3, 384, 4, 473, 3, 1066, 3, 1482
2, 1133, 3, 1522
3, 410, 4, 497, 4, 1113
3, 354, 4, 360, 4, 514, 3, 697, 3, 1063, 4, 1130
3, 394, 3, 597, 3, 814, 3, 1309
4, 58, 4, 541, 4, 545, 3, 923, 4, 1360
3, 497, 3, 810, 2, 1280, 4, 1346, 2, 1486
3, 830, 3, 959, 4, 1436
2, 121, 3, 221, 3, 344, 3, 643
3, 312, 3, 518, 2, 873, 5, 1400
3, 235, 3, 468, 3, 690, 3, 1006, 3, 1044, 3, 1549
3, 255, 3, 371, 2, 604, 3, 608, 3, 642, 4, 1114, 3, 1557
2, 38, 4, 109, 3, 725
4, 18, 2, 450, 4, 1232, 4, 1239
4, 107, 3, 296, 4, 436, 3, 873
4, 103, 4, 166, 3, 775, 3, 1119
4, 376, 3, 792, 4, 975, 2, 1052, 3, 1252, 2, 1341
2, 540, 2, 906, 3, 1189, 2, 1342, 3, 1388
2, 7, 4, 84, 3, 440, 2, 999, 3, 1099, 4, 1222, 4, 1521
4, 221
2, 11, 3, 364, 2, 1113
4, 31, 3, 587, 2, 1302, 2, 1340
2, 428, 3, 584, 4, 1053, 4, 1310, 4, 1336, 2, 1366
3, 45, 3, 900, 3, 1037, 3, 1350, 4, 1453
3, 68, 2, 418
3, 48, 3, 786, 2, 1363
3, 354, 4, 603, 3, 1103
3, 1073, 3, 1329
2, 863, 5, 953, 3, 1546
2, 1187, 4, 1376
3, 151, 4, 800, 4, 954
3, 195, 2, 844, 4, 1227, 3, 1237, 3, 1443
4, 542, 2, 585, 4, 868, 4, 1164, 3, 1457
3, 725, 3, 1534
3, 259, 3, 1024, 4, 1413, 3, 1434
2, 392, 4, 648, 4, 997, 4, 1507
3, 206
4, 212, 3, 566, 4, 815, 4, 1315
4, 456, 3, 462, 3, 755, 5, 799, 3, 1231, 5, 1477
2, 115, 4, 265
3, 26, 2, 342, 4, 614, 2, 714, 3, 885, 4, 947, 3, 1557
3, 1024, 4, 1068
4, 196, 3, 406, 4, 705, 4, 738, 5, 755, 4, 855, 4, 882
3, 445, 3, 1221
3, 433
4, 316, 2, 522, 2, 878, 4, 1404
3, 93, 3, 336, 4, 569, 3, 792, 3, 1108, 3, 1145
2, 545, 3, 1255
5, 216, 4, 266
4, 67, 3, 913
2, 43, 3, 447, 3, 1208
4, 260, 3, 453, 3, 775, 4, 942
2, 393, 2, 426, 2, 443
4, 483, 2, 1155, 4, 1498
4, 166, 2, 229, 2, 888, 3, 1425
4, 300, 3, 412, 2, 489, 2, 882, 3, 1065
3, 187, 4, 513, 3, 802
3, 43, 2, 203, 3, 386, 4, 463, 2, 663, 4, 752, 2, 819
3, 317, 3, 800
3, 623, 3, 689, 3, 827, 2, 1026, 3, 1243, 4, 1553
4, 131, 2, 157, 3, 187, 4, 208, 4, 710, 5, 866, 3, 1163
3, 58, 2, 81, 3, 337, 3, 714, 3, 820, 3, 824
4, 98, 3, 287, 3, 863, 4, 1107
4, 94, 4, 157, 3, 766, 3, 1109
5, 367, 3, 783, 4, 966, 2, 1043, 3, 1243, 3, 1332
2, 530, 2, 897, 3, 1180, 2, 1333, 3, 1379
4, 75, 3, 431, 2, 990, 3, 1090, 4, 1213, 4, 1512, 2, 1556
3, 212, 4, 411, 2, 521, 2, 605, 2, 1121, 2, 1487, 3, 1510
5, 644, 4, 1143, 4, 1380, 4, 1547
3, 382, 5, 585, 4, 998, 2, 1048, 2, 1148
3, 435, 3, 1251, 4, 1507
2, 59, 2, 176, 4, 408, 4, 918, 2, 1361, 2, 1557
4, 345, 3, 405, 3, 1093
4, 12, 4, 139, 4, 948, 5, 981, 3, 1320
4, 105, 3, 216, 5, 288, 3, 532, 3, 1081, 3, 1270
3, 1218, 3, 1228
3, 42, 4, 985, 3, 1168, 2, 1245
2, 53, 2, 302, 3, 392, 2, 708, 3, 878, 4, 1340
3, 1015, 4, 1425
3, 17, 2, 200, 2, 256, 3, 476, 3, 566, 3, 1159
3, 934
5, 917, 4, 1373
3, 50, 3, 533, 3, 537, 3, 1330, 3, 1353
2, 460, 3, 1169
2, 976, 3, 1180, 4, 1276, 4, 1326, 3, 1396, 2, 1425
3, 268, 3, 890
3, 690, 4, 867
2, 401, 3, 591, 4, 984
4, 214, 5, 255, 3, 315, 3, 421, 4, 505, 4, 1004
3, 544, 3, 765, 3, 1280, 4, 1447
3, 898, 2, 931, 3, 948, 4, 1047
3, 96, 4, 725, 3, 928, 3, 1344
2, 75, 3, 313, 3, 1134
3, 302, 4, 618
3, 658, 2, 908, 2, 912, 3, 1394, 4, 1504
4, 548
3, 948, 3, 1270, 2, 1436, 2, 1447
5, 588, 4, 791, 5, 887, 4, 937, 3, 1037
4, 252, 2, 629, 3, 739, 4, 1554
3, 335, 4, 379, 4, 662, 3, 801, 2, 1251, 4, 1371
3, 243, 2, 1458
3, 842, 3, 1219
4, 156, 4, 376, 3, 1059
3, 792, 2, 1368
2, 1125, 3, 1514
3, 403, 4, 490, 3, 1106
2, 346, 2, 1122
2, 430, 3, 873, 3, 1145, 4, 1478, 2, 1515
4, 455, 2, 538
4, 684, 3, 787
3, 178, 4, 954, 2, 1199
3, 352, 2, 508, 3, 1074, 3, 1234, 4, 1357
2, 498, 3, 525, 3, 841, 3, 1114, 3, 1384, 2, 1446
4, 463, 3, 492, 3, 1135, 2, 1162, 2, 1179, 4, 1511
4, 602, 3, 629, 3, 946, 2, 1075, 3, 1218, 3, 1551
3, 194, 3, 543
4, 34, 3, 123, 3, 440, 4, 610, 3, 1072
4, 197, 3, 507, 2, 1136, 3, 1156, 2, 1339, 2, 1539
3, 547, 4, 603, 2, 1223, 3, 1379
3, 191, 4, 441
3, 71, 3, 474, 3, 556, 3, 587
3, 300
2, 483, 3, 1192
3, 999, 3, 1203, 4, 1298, 4, 1348, 3, 1419, 2, 1448
4, 291, 4, 913
2, 713, 3, 774, 3, 890
3, 31, 2, 331, 3, 364, 2, 380, 2, 480, 2, 507, 3, 1117
3, 45, 4, 168, 4, 943
2, 39, 3, 105, 3, 245, 3, 401, 4, 1127, 3, 1380
3, 717, 3, 854, 3, 1270, 3, 1420
3, 98, 4, 331, 3, 335, 4, 502, 3, 1157, 3, 1377, 3, 1540
4, 308, 2, 785, 3, 1007
4, 904
4, 731, 4, 914, 5, 1280
4, 28, 4, 1004, 3, 1530
4, 748, 4, 927, 3, 1010, 4, 1230
3, 651, 4, 1494
5, 2, 2, 325, 4, 385, 4, 491, 3, 502, 4, 735
3, 42, 4, 541, 2, 774, 3, 1350, 3, 1411, 3, 1517
4, 179, 3, 915, 4, 1081
3, 295, 3, 905, 2, 1221, 2, 1391
2, 328, 4, 345, 3, 416, 3, 1031
4, 113, 4, 529, 3, 989, 3, 1079
4, 885, 5, 1495
2, 1029, 4, 1139, 4, 1222
4, 459, 2, 463, 3, 515, 3, 1231, 3, 1278, 4, 1534
3, 416, 2, 992
3, 91, 2, 749
3, 114, 4, 441, 4, 730
3, 131, 3, 314, 5, 384, 4, 391, 4, 680, 5, 746
3, 214, 2, 424, 4, 430, 3, 1436
2, 88, 3, 161, 3, 571, 3, 954, 3, 977
3, 498, 2, 794
3, 804, 3, 1014, 2, 1020, 4, 1313, 2, 1363, 2, 1463
3, 368, 4, 928, 4, 1028, 4, 1151, 4, 1157, 5, 1450, 3, 1494
2, 282, 3, 648, 3, 671, 4, 931
3, 78, 3, 565, 3, 1380
2, 128, 3, 188, 2, 305, 5, 538, 4, 1047, 4, 1490
2, 69, 4, 441, 2, 612, 3, 674, 3, 1250, 4, 1284, 2, 1311
3, 205, 3, 848
3, 133, 3, 432, 3, 465, 2, 482, 2, 582, 2, 609, 3, 1218
2, 49, 2, 172, 3, 948
3, 140, 4, 207, 2, 346, 3, 502, 5, 702, 4, 1228, 3, 1482
2, 752
4, 540, 2, 1095
3, 166, 4, 482, 4, 865, 4, 981, 3, 1214, 3, 1218
4, 332, 3, 686, 3, 935, 4, 1435
4, 39, 4, 576, 4, 582, 4, 736, 4, 875, 3, 919, 3, 1351
3, 70, 4, 849, 3, 872, 2, 1028, 4, 1332
4, 629, 3, 1166, 5, 1465
6, 250, 3, 460, 4, 503, 2, 786, 4, 926, 4, 1496
3, 543, 3, 1485
4, 83, 3, 117, 3, 1119, 3, 1246
2, 114, 3, 840, 2, 1310, 4, 1376, 3, 1516
2, 1466
3, 364, 4, 983, 4, 1293
3, 118, 5, 534, 4, 994, 4, 1083
4, 192, 3, 429, 2, 462, 4, 479, 4, 801
4, 159, 4, 562, 2, 1323, 3, 1328
2, 404, 3, 660, 4, 1009, 4, 1519
3, 218
3, 164, 3, 414
2, 64, 3, 447, 3, 457, 4, 973
2, 138, 4, 648, 2, 677, 3, 1250, 3, 1320, 3, 1366
3, 178, 4, 814, 3, 1260, 4, 1503
4, 644, 4, 1064, 3, 1420
2, 41, 2, 197, 4, 397, 2, 923, 3, 1393, 3, 1460
3, 447, 3, 513, 3, 651, 2, 850, 3, 1067, 3, 1377
5, 11, 2, 78, 4, 631, 5, 787, 3, 987, 2, 1513
4, 1104, 4, 1241
3, 265, 4, 411, 3, 511, 2, 1047, 4, 1054, 3, 1347
3, 46, 2, 75, 3, 541, 3, 1184, 2, 1388, 3, 1484, 4, 1533
4, 9, 3, 86, 3, 1384
3, 722, 2, 1192, 4, 1398
3, 376, 4, 422, 3, 532, 4, 615, 3, 1497
2, 133, 3, 256, 3, 1031
3, 789, 3, 1071, 3, 1211, 2, 1367
3, 179, 2, 235, 2, 346, 2, 429, 3, 928, 3, 1384
3, 468, 4, 689, 4, 1205, 4, 1371
3, 919, 2, 952, 3, 969, 3, 1069
4, 649, 2, 852, 2, 1164, 3, 1268
4, 233, 4, 742, 4, 1058, 5, 1185, 2, 1381, 4, 1441, 3, 1558
3, 307, 3, 1322
2, 24, 3, 107, 4, 363, 3, 739
3, 21, 2, 333, 2, 446, 3, 587, 2, 870, 2, 1009
4, 11, 3, 626
3, 650, 4, 1078
3, 323, 3, 384, 3, 490, 3, 500, 3, 733, 4, 1145
3, 40, 4, 540, 3, 773, 3, 995, 3, 1349, 4, 1515
3, 177, 3, 913, 3, 1080
3, 294, 3, 903, 2, 976, 2, 1219
4, 343, 4, 414, 3, 424, 3, 1127
2, 377, 2, 820, 4, 1076, 4, 1192, 2, 1425
4, 567, 4, 746, 4, 1050
4, 480, 3, 484, 4, 863, 4, 1299
4, 554, 5, 1064
3, 621
4, 377, 4, 810, 3, 1020, 3, 1026, 3, 1180, 4, 1469
4, 257, 3, 380, 4, 800, 2, 1156
4, 251, 3, 264, 5, 434, 3, 813, 2, 1416, 3, 1505
4, 863, 4, 1266
3, 121, 3, 188, 2, 976, 3, 1130, 3, 1313
3, 165, 5, 198, 2, 215, 3, 315, 3, 1010, 3, 1213, 3, 1430
2, 778
2, 402, 3, 724, 5, 784, 3, 901
3, 42, 3, 341, 2, 491
3, 225, 5, 551, 2, 841
2, 592
3, 992, 3, 1314, 2, 1480, 2, 1491
3, 422, 4, 632, 4, 931, 4, 981, 3, 1081
2, 199, 4, 272, 4, 576, 4, 1087
4, 518
4, 46, 3, 424, 4, 1028, 3, 1421, 4, 1433
3, 541, 3, 678, 3, 1244
3, 588, 3, 925, 4, 1358
4, 815
5, 149, 5, 465
4, 758, 4, 1241, 4, 1351, 2, 1434
4, 147, 3, 1116
2, 1183
3, 24, 3, 184, 4, 307, 4, 860, 3, 1016, 4, 1539
2, 11, 3, 161, 3, 321, 4, 1103, 4, 1153, 2, 1363, 4, 1430
2, 248, 3, 361, 4, 437, 2, 831, 3, 1014
2, 134, 5, 916, 5, 966, 3, 1243, 4, 1382, 3, 1532
3, 174, 3, 384, 3, 428, 2, 710, 3, 850, 3, 1006
3, 414, 3, 564, 3, 724, 3, 1353, 4, 1419, 4, 1506, 3, 1556
2, 238, 2, 764, 3, 820, 2, 841, 3, 930, 4, 1003, 3, 1247
4, 695, 3, 728, 3, 811, 3, 1067, 3, 1317, 3, 1416, 4, 1443
2, 532, 3, 734, 3, 735, 4, 981
3, 582, 2, 586, 3, 964, 3, 975, 2, 1401, 3, 1491
4, 442, 2, 1418, 3, 1530
3, 68, 4, 551, 3, 661
2, 395, 2, 778, 3, 801, 2, 1543
4, 372
5, 256, 4, 462, 5, 1344
2, 658, 4, 681
4, 26, 4, 176, 2, 336, 2, 1031, 4, 1168
2, 199, 5, 645
2, 30, 2, 300, 4, 317, 3, 550, 4, 639, 4, 712, 2, 955
2, 104, 4, 403, 2, 437, 3, 1025, 3, 1125
2, 726, 2, 1302, 3, 1545
3, 293, 4, 543, 3, 1042
3, 250, 4, 333, 4, 589, 2, 839, 3, 966
4, 350, 3, 462, 2, 539, 2, 932, 3, 1115
3, 140, 3, 466, 3, 755
4, 93, 3, 253, 4, 437, 4, 513, 3, 713, 4, 803, 3, 869
3, 270, 3, 753
3, 576, 3, 643, 3, 780, 2, 979, 3, 1196, 4, 1506
3, 372, 4, 528, 2, 1254, 4, 1310, 4, 1377
4, 322, 3, 861, 3, 1404
3, 6, 4, 152, 2, 251, 2, 788, 3, 1088
4, 452, 4, 525, 4, 769, 3, 1224, 3, 1257, 3, 1274, 2, 1401
4, 120, 4, 742
3, 21, 4, 254, 3, 763, 4, 1402, 3, 1462
4, 880
4, 930
4, 121, 4, 770, 3, 953, 3, 1152, 5, 1163, 4, 1369
3, 257, 4, 727, 3, 933, 3, 1089
4, 151
3, 401, 4, 551, 3, 711, 3, 1406, 3, 1493, 3, 1543
4, 687, 2, 970, 4, 1057
4, 132, 4, 348, 4, 1257, 2, 1486
4, 774, 3, 1536
5, 388, 4, 541, 4, 587, 4, 725, 5, 1091
3, 518, 4, 818, 4, 868, 3, 967
4, 951, 4, 961, 3, 1167, 3, 1477
4, 135, 2, 375, 3, 404, 4, 1074, 5, 1190, 3, 1423
3, 481, 2, 541, 3, 1230, 3, 1463
3, 248, 3, 371, 2, 791, 2, 1147
3, 35, 4, 339, 2, 352, 4, 522, 3, 901, 2, 1504
4, 951, 4, 1354
2, 112, 3, 179, 2, 967, 3, 1121, 2, 1304
2, 286
2, 103, 4, 159, 3, 270, 4, 353, 4, 869, 2, 1235, 2, 1258
2, 392, 3, 715, 4, 775, 3, 892
3, 130, 3, 429, 2, 579
3, 313, 3, 363, 4, 639, 3, 928
2, 789, 4, 879
4, 428, 3, 627, 2, 740, 4, 817, 4, 1210, 3, 1416
3, 467, 4, 677, 2, 883, 4, 1193
4, 730, 3, 790, 3, 907, 3, 1552
4, 48, 6, 347, 4, 497
2, 231, 2, 846
4, 87, 3, 387, 4, 420, 2, 1136, 5, 1423, 3, 1522
3, 224, 4, 700, 4, 937, 4, 970, 4, 987, 4, 1087
3, 41, 4, 141, 4, 168, 4, 677, 4, 977, 3, 1010
3, 1147, 4, 1290
3, 252, 2, 422, 5, 485, 5, 1061, 4, 1121, 4, 1227, 3, 1310
3, 938, 3, 1448, 4, 1477
4, 514, 5, 724, 5, 1024, 4, 1074, 3, 1174
5, 292, 4, 364, 2, 668, 4, 1180
3, 375, 4, 418, 3, 701, 3, 1290
4, 73, 4, 1038, 3, 1061, 5, 1520
3, 844, 3, 882
3, 195, 2, 416, 3, 1098
3, 832, 3, 994
3, 93, 2, 1262
3, 442, 4, 529, 4, 1145
4, 386, 4, 392, 3, 546, 3, 729, 4, 1095, 4, 1162
4, 523, 3, 683, 3, 726, 3, 943, 3, 1438
4, 466
2, 306, 3, 722, 4, 905, 2, 982, 3, 1182, 3, 1271
2, 342
4, 486, 3, 546, 4, 1235, 4, 1468
3, 253, 3, 376, 2, 796, 2, 1151
4, 246, 2, 259, 4, 429, 3, 808, 2, 1411, 3, 1501
3, 955, 3, 1359
2, 117, 3, 183, 2, 972, 3, 1126, 2, 1309
2, 291
2, 108, 4, 164, 3, 274, 4, 357, 4, 873, 2, 1239, 2, 1262
2, 397, 3, 719, 4, 780, 3, 896
3, 134, 3, 434, 2, 584
3, 317, 3, 367, 4, 644, 3, 933
3, 408, 3, 1284, 2, 1373, 3, 1477
3, 36, 3, 1450, 4, 1467
3, 69, 3, 85, 4, 215, 3, 358, 2, 691, 4, 1300
4, 222, 2, 865, 4, 1241, 3, 1337
4, 156, 4, 355, 2, 465, 2, 549, 2, 1065, 2, 1431, 3, 1454
3, 30, 4, 685, 3, 1185, 4, 1422
4, 325, 4, 529, 4, 1039, 2, 1089, 2, 1189
3, 477, 3, 1292, 4, 1548
2, 40, 2, 100, 2, 217, 4, 450, 4, 959, 4, 1402
3, 256, 3, 427, 3, 489, 3, 1065, 3, 1126, 3, 1442
3, 48, 4, 281, 3, 791, 4, 1429, 3, 1490
4, 907
4, 957
3, 148, 4, 797, 3, 980, 2, 1180, 3, 1190, 3, 1396
3, 285, 4, 755, 3, 961, 3, 1117
4, 179
2, 12, 3, 428, 3, 578, 4, 738, 3, 1366, 4, 1433, 4, 1520
2, 348, 2, 875, 4, 931, 2, 952, 3, 1041, 4, 1114, 3, 1357
3, 825
4, 506, 4, 512, 2, 666, 3, 712, 4, 849, 4, 1215, 2, 1282
3, 683, 3, 862, 3, 945, 3, 1165
3, 489
4, 65, 4, 249, 3, 325, 4, 615
3, 203, 3, 692, 3, 835, 2, 1444, 3, 1517
3, 889, 3, 899, 3, 1105, 3, 1415
3, 73, 4, 133, 2, 250, 3, 483
4, 403, 2, 792, 4, 836, 3, 1046, 3, 1052, 4, 1495
2, 303, 3, 963, 2, 1085, 4, 1092, 2, 1246, 3, 1429
3, 527, 2, 1222
3, 190, 3, 261, 4, 733, 2, 1210, 2, 1432
4, 323, 3, 517, 3, 839, 4, 1006
5, 457, 2, 490, 5, 507
4, 4, 4, 547, 2, 1218
4, 230, 2, 293, 3, 952, 3, 1489
4, 363, 3, 476, 2, 553, 2, 946, 3, 1129
2, 1084
2, 458, 4, 980, 4, 1013
3, 78, 4, 84, 4, 234, 4, 527, 4, 1170, 2, 1213, 2, 1496
3, 687, 4, 1103, 3, 1413
3, 751, 3, 934, 3, 1300
5, 48, 4, 69, 4, 1024, 2, 1550
4, 142, 4, 385, 4, 618, 4, 840, 4, 1157, 4, 1227
3, 405, 3, 522
2, 56, 3, 245, 2, 821
3, 62, 3, 1537
3, 95, 3, 106, 3, 312, 3, 532, 3, 621, 4, 1270, 4, 1274
2, 96, 3, 729, 3, 1338, 2, 1411
3, 436, 4, 762, 4, 779, 2, 1051
2, 12, 3, 232, 4, 322, 3, 748, 4, 915, 4, 925, 4, 1331
2, 216, 2, 964, 2, 1420
4, 535, 2, 1251, 2, 1288
3, 286, 4, 729, 4, 985, 4, 1334, 2, 1371
4, 862, 4, 972
4, 782, 2, 986, 3, 1298, 3, 1402
2, 1192
3, 33, 3, 193, 4, 316, 4, 869, 3, 1026, 4, 1548
2, 20, 3, 170, 4, 330, 5, 1112, 5, 1162, 3, 1372, 4, 1439
4, 257, 3, 370, 2, 447, 2, 840, 2, 1023
2, 143, 4, 926, 4, 976, 3, 1252, 3, 1392, 2, 1541
4, 183, 3, 393, 3, 437, 3, 720, 5, 859, 4, 1015
6, 8, 3, 424, 4, 573, 4, 733, 3, 1362, 4, 1428, 5, 1516
3, 247, 2, 773, 3, 829, 2, 850, 3, 939, 4, 1012, 3, 1256
4, 820
3, 113, 3, 119, 3, 273, 2, 456, 4, 889
4, 153, 2, 452, 2, 485, 3, 502, 3, 602, 3, 629
4, 259, 3, 848, 4, 975
3, 9, 4, 39, 2, 681, 3, 1058
2, 126, 3, 172, 3, 282, 2, 881, 2, 1247, 3, 1530
4, 263, 4, 446, 3, 523, 3, 812
4, 156, 3, 618, 3, 889, 4, 1228, 2, 1544
3, 54, 3, 682, 4, 1086, 3, 1302
3, 33, 4, 266, 3, 270, 3, 776, 2, 1475
3, 966, 3, 989, 3, 1449
2, 118, 3, 1272
3, 68, 4, 434, 2, 500, 4, 1289, 2, 1443, 4, 1489
3, 846, 4, 1063, 3, 1558
4, 43, 3, 875, 3, 1075, 4, 1086, 3, 1292
2, 293, 3, 337, 3, 1179, 3, 1208
3, 74, 3, 590, 3, 956, 3, 1393, 3, 1439, 4, 1549
3, 57, 4, 1432
5, 883, 2, 927
2, 230, 4, 564, 3, 597, 2, 614
2, 294, 3, 360, 4, 498, 2, 914, 2, 1223
3, 387, 4, 830, 3, 1103, 2, 1436, 4, 1473
3, 195, 3, 651, 4, 1004, 4, 1171, 4, 1254
4, 901
2, 58, 2, 118, 2, 235, 4, 468, 3, 977, 4, 1420
4, 100, 4, 270, 3, 333, 4, 909, 4, 969
2, 54, 2, 543, 2, 959, 4, 1419, 3, 1508
2, 144, 4, 707, 4, 1073, 3, 1139, 3, 1349, 2, 1356, 4, 1509
4, 540, 3, 1549
3, 655, 4, 938, 2, 1234
3, 102, 3, 212, 3, 811, 3, 1177, 4, 1200, 3, 1244, 3, 1460
3, 432, 4, 652, 4, 1168, 4, 1335
3, 785, 2, 819, 3, 835
3, 1141
4, 122, 5, 126, 3, 515, 4, 919, 4, 1031
4, 146, 4, 700, 4, 856, 3, 1378, 2, 1421
4, 3, 3, 173, 2, 236, 3, 872
2, 182, 4, 365, 4, 436, 4, 442, 2, 642, 4, 731, 2, 798
4, 199, 4, 682, 4, 792
2, 43, 4, 116, 3, 525, 3, 908, 3, 931
2, 550, 2, 845
3, 856, 3, 1066, 3, 1072, 4, 1365, 4, 1415, 2, 1515
2, 420, 2, 882, 3, 982, 3, 1202, 3, 1209, 2, 1405, 2, 1545
4, 104, 4, 304, 4, 414, 2, 497, 2, 1013, 3, 1379, 2, 1402
4, 634, 3, 956, 4, 1123
2, 118, 3, 750, 3, 1360, 2, 1432
4, 457, 3, 507, 3, 783, 3, 800, 4, 923, 3, 1073
4, 160
3, 480, 3, 670, 5, 1063
3, 237, 2, 293, 3, 297, 2, 403, 2, 487, 3, 986
3, 623, 2, 844, 2, 1359, 3, 1526, 4, 1536
4, 34, 4, 424, 4, 467, 2, 683
4, 207, 2, 245, 3, 317, 3, 727, 4, 1133
2, 891, 3, 1047
4, 9
2, 25, 4, 109, 4, 991, 3, 1417, 3, 1473
3, 189, 2, 622, 2, 1404, 4, 1410
5, 80, 4, 583, 4, 656, 4, 899, 3, 1388, 5, 1405, 3, 1531
3, 250, 5, 283, 3, 872, 2, 972, 3, 1508
3, 396, 3, 469, 4, 712, 4, 1201, 4, 1345, 4, 1451
3, 436, 4, 509, 4, 812, 5, 918, 5, 1241, 3, 1324
3, 233, 4, 250, 3, 483, 4, 572, 2, 889, 4, 1059, 2, 1521
3, 240, 4, 273, 4, 1275, 3, 1375, 2, 1498
4, 1073, 3, 1235, 4, 1479
4, 287, 2, 640, 3, 890, 3, 1389
4, 530, 4, 536, 4, 690, 3, 830, 3, 873, 3, 1306, 4, 1552
3, 24, 4, 804, 3, 827, 3, 983, 4, 1287
4, 584, 3, 1120, 5, 1420
3, 104, 4, 317, 3, 673, 3, 986, 3, 1239, 3, 1522
4, 663, 4, 713, 3, 990, 4, 1129, 3, 1279
2, 274
2, 554, 2, 850
3, 860, 3, 1070, 3, 1076, 4, 1370, 4, 1420, 2, 1519
2, 328, 2, 887, 3, 987, 3, 1110, 3, 1116, 2, 1409, 2, 1453
4, 108, 4, 308, 3, 418, 2, 502, 2, 1017, 3, 1384, 2, 1406
3, 541, 4, 1030
5, 316, 4, 1198, 3, 1254
3, 416, 2, 428, 3, 439, 2, 595, 3, 678, 4, 898
3, 62, 4, 478, 4, 938, 4, 1027
3, 92, 2, 391, 3, 425, 2, 441, 2, 541, 2, 568, 3, 1177
2, 9, 3, 131, 4, 907
3, 69, 2, 99, 2, 305, 3, 461, 4, 1187, 3, 1344
3, 778, 3, 915, 3, 1331, 3, 1481
2, 62, 3, 295, 3, 299, 4, 465, 3, 1121, 3, 1341, 3, 1503
4, 369, 2, 845, 3, 1068
2, 53, 3, 86, 3, 675, 3, 775
3, 809, 3, 866, 2, 1388, 3, 1544
2, 40, 3, 289
4, 345
5, 270, 3, 858, 4, 985
3, 20, 4, 49, 2, 692, 3, 1068
2, 136, 3, 182, 3, 293, 2, 892, 2, 1258, 3, 1541
4, 1314
3, 472, 3, 532, 2, 649, 2, 882, 4, 978, 4, 1421
3, 688, 3, 1497
4, 222, 4, 988, 4, 1377, 4, 1398
4, 10, 2, 453, 3, 709, 4, 1058
4, 103, 4, 126, 3, 170, 3, 386, 5, 586, 3, 696, 3, 1295
3, 722, 5, 916, 2, 1238, 3, 1299, 2, 1405, 4, 1415
3, 706, 4, 872, 4, 955, 3, 1176
4, 470, 3, 1406, 4, 1439
2, 304, 3, 347, 3, 1190, 3, 1219
4, 190, 3, 627, 4, 1382
2, 107, 3, 516, 4, 899, 3, 909, 2, 1425
3, 117, 2, 161, 4, 443, 3, 583, 4, 739
5, 154, 4, 397, 4, 630, 4, 853, 3, 1169, 3, 1239
3, 320, 2, 437, 2, 670, 2, 1179
3, 95, 4, 1233, 2, 1436
3, 184, 4, 321, 2, 634, 4, 737
3, 527, 4, 1016
3, 205, 3, 1087
2, 265, 3, 468, 3, 617
3, 498, 3, 774, 3, 1064
3, 464, 4, 647, 3, 724, 3, 1080
3, 285, 2, 358, 3, 602, 3, 1234, 4, 1340
2, 311, 3, 727, 3, 1037
4, 278, 4, 461, 5, 827
3, 1077, 3, 1547
3, 317, 2, 361, 3, 571, 4, 577, 4, 1486
3, 553, 2, 969, 3, 1209, 4, 1429, 3, 1519
4, 154
3, 118, 3, 201, 2, 700, 3, 1469, 3, 1510
4, 1, 2, 47, 3, 185, 4, 551, 2, 617, 4, 1406
2, 18, 4, 41, 2, 85, 3, 197, 3, 301, 3, 501, 4, 796
2, 72, 3, 395, 3, 455, 4, 561, 2, 572, 3, 805, 3, 1437
2, 20, 3, 336, 3, 465, 2, 941
4, 9, 4, 192, 4, 269, 2, 469, 4, 558, 3, 625
2, 92, 3, 309
4, 495, 4, 512, 2, 583, 3, 633, 3, 1049, 3, 1055, 3, 1198
3, 79, 4, 516, 3, 672, 2, 872, 3, 1398, 4, 1454, 4, 1475
2, 143, 4, 520, 3, 626, 4, 630, 4, 1362, 3, 1445
4, 93, 3, 597, 3, 669, 4, 913, 4, 1402, 2, 1418, 3, 1545
2, 206, 3, 1175
3, 6, 2, 1242
4, 300, 3, 1275, 2, 1388
3, 606, 4, 1032, 3, 1088, 2, 1198, 3, 1282
2, 237, 2, 1019, 4, 1362, 4, 1439
3, 497, 2, 902, 4, 1073, 3, 1451
3, 27, 3, 107, 3, 194, 3, 569, 2, 810, 3, 1046
3, 134, 4, 577, 3, 1182, 4, 1220
2, 511, 4, 1419
3, 600, 3, 617, 3, 687, 4, 737, 3, 1303
4, 214, 3, 724, 4, 1363, 3, 1423, 2, 1540
4, 841
3, 890
2, 234, 4, 650, 4, 960
3, 201, 4, 384, 4, 750
4, 999
4, 970
2, 500, 4, 1409
3, 677, 4, 727, 3, 1003, 4, 1020, 3, 1293
2, 208, 3, 268, 3, 385, 4, 618, 3, 714
2, 904, 3, 927, 3, 1387
5, 56, 2, 1210, 4, 1231
3, 282, 4, 965
2, 233, 5, 289, 3, 310, 3, 909, 5, 1265
3, 8, 3, 623, 2, 1495
4, 886, 2, 1422
2, 390, 3, 646, 4, 996, 4, 1505
3, 41, 4, 64, 3, 107, 5, 220, 4, 324, 3, 524, 4, 819
2, 77, 3, 399, 3, 460, 4, 566, 2, 576, 3, 809, 3, 1441
4, 469, 2, 849, 3, 1485
4, 153, 2, 187, 4, 630, 3, 1189, 4, 1289, 4, 1412
2, 640, 3, 657
3, 457, 4, 706, 3, 1206
4, 860
3, 444, 3, 1220
4, 17, 4, 55, 4, 527, 4, 970, 3, 1243, 5, 1525
4, 471, 3, 1010, 3, 1080, 4, 1552
3, 1040, 2, 1377
3, 2, 3, 231, 5, 275, 5, 557, 5, 1267
4, 42, 5, 414, 5, 584, 4, 647, 3, 1223, 3, 1256, 5, 1283
2, 44, 4, 88, 3, 371, 3, 960, 3, 1080
3, 227, 4, 460, 3, 1036, 3, 1097, 3, 1413, 3, 1542
3, 601, 4, 661, 3, 778, 2, 1011, 4, 1107, 4, 1550
3, 69, 2, 817
3, 351, 3, 1117, 4, 1506, 2, 1527
5, 139, 4, 582, 3, 838, 3, 1187, 2, 1224
3, 715, 3, 825
3, 742, 3, 1054, 3, 1158
2, 806, 2, 851, 4, 989, 3, 1355
3, 213, 4, 529
3, 822, 4, 1001, 2, 1084, 4, 1305
2, 758, 2, 792, 4, 1380, 3, 1480, 3, 1507
3, 26, 3, 99, 3, 342, 3, 831, 4, 891, 4, 975, 3, 1081
3, 539, 4, 968
3, 213, 4, 273, 3, 379, 3, 389, 3, 622, 3, 1034
2, 429, 3, 662, 4, 885, 4, 1238, 4, 1405, 3, 1488
3, 66, 3, 969
2, 100, 3, 626, 4, 682, 4, 703, 3, 865, 2, 1109, 2, 1302
4, 590, 2, 673, 3, 929, 3, 1179, 4, 1305, 4, 1319
2, 141, 3, 773, 3, 1382, 2, 1455
4, 480, 2, 530, 2, 806, 2, 823, 4, 946, 3, 1095
3, 183, 3, 826
4, 110, 2, 410, 3, 443, 3, 459, 3, 559, 3, 586, 4, 1196
3, 124, 4, 247, 3, 1023
2, 118, 4, 184, 2, 324, 3, 480, 4, 1206, 3, 1459
3, 796, 3, 933, 3, 1349, 3, 1499
3, 176, 3, 858
2, 612, 2, 1191, 2, 1347
3, 1022
3, 1005, 2, 1461
3, 539, 3, 1301
3, 153, 4, 306, 3, 352, 3, 489, 4, 856
3, 583, 2, 632, 3, 732
4, 466, 4, 516, 3, 793, 3, 809, 4, 932, 3, 1082
2, 260, 3, 849, 3, 1492, 2, 1535
3, 256, 2, 302, 2, 412, 3, 496, 2, 1378
2, 13, 3, 136, 4, 912
3, 73, 2, 104, 2, 213, 3, 369, 4, 1095, 3, 1348
3, 782, 4, 919, 3, 1335, 3, 1485
2, 67, 3, 300, 3, 304, 4, 470, 3, 1125, 3, 1346, 3, 1508
4, 374, 2, 850, 3, 1073
2, 57, 5, 91, 6, 680, 4, 779
3, 717, 3, 773, 2, 1393, 3, 1549
2, 44, 3, 294
3, 327, 4, 338, 4, 854
4, 643
4, 431, 4, 460, 2, 1103, 3, 1147, 2, 1480
3, 24, 2, 107, 3, 363, 3, 607, 3, 840, 4, 1416, 4, 1476
3, 274, 2, 916, 3, 960, 4, 1293, 3, 1389
4, 448, 4, 614, 4, 697
2, 754, 3, 1496
4, 82, 4, 498, 4, 957, 4, 1047
3, 853, 4, 1463
2, 1094, 5, 1204, 4, 1287
2, 42, 3, 418, 3, 524, 4, 528, 4, 1260, 3, 1344
3, 495, 3, 568, 3, 811, 3, 1300, 3, 1443, 4, 1550
3, 292, 3, 376, 4, 632, 3, 881, 2, 1008, 4, 1114, 5, 1118
4, 668, 4, 878, 3, 1177, 4, 1210, 5, 1227, 4, 1327
3, 695, 4, 794, 2, 1217, 3, 1250
3, 415, 4, 885, 3, 1091, 3, 1150
2, 59, 4, 309
3, 342, 3, 869, 3, 1497
3, 658
3, 32, 5, 475, 3, 1081, 4, 1118
2, 506, 3, 1415
3, 595, 4, 612, 3, 683, 4, 733, 4, 1298
4, 113, 3, 622, 4, 1261, 3, 1321, 3, 1438
5, 836
3, 886
2, 35, 3, 451
3, 185, 2, 255, 3, 262, 2, 555, 3, 618, 4, 1277
3, 182, 3, 392, 3, 692, 3, 841
2, 32, 3, 442, 3, 825, 2, 835, 3, 1351
3, 43, 3, 86, 2, 369, 3, 509, 2, 665
2, 20, 3, 1122
2, 274, 3, 656
3, 270, 4, 423, 3, 606, 3, 883, 4, 973
3, 400, 4, 604, 4, 1113, 2, 1163, 2, 1263
3, 454, 3, 1269, 3, 1525
2, 17, 3, 77, 2, 194, 5, 427, 4, 937, 4, 1380
3, 331, 3, 501, 3, 564, 3, 1140, 3, 1200, 3, 1516
3, 704, 4, 881
2, 415, 3, 604, 4, 998
3, 172, 2, 228, 3, 232, 2, 338, 2, 421, 3, 921
3, 2
3, 551, 3, 595, 3, 877, 3, 1023, 3, 1466
4, 235, 2, 1543
4, 268, 4, 794, 4, 1423
3, 592, 3, 681
3, 49, 3, 205, 3, 931, 3, 1054
4, 575, 3, 742, 3, 825
4, 66
4, 562, 3, 568, 2, 1338, 3, 1486
4, 19, 4, 129, 3, 202, 3, 446, 4, 995, 4, 1078, 3, 1184
4, 169, 3, 419, 2, 518, 3, 545, 2, 1055, 4, 1355, 2, 1388
4, 83, 4, 549, 5, 915, 3, 982, 4, 1192, 3, 1198, 3, 1352
3, 296, 2, 712, 3, 1171, 3, 1261
4, 119, 3, 1068, 4, 1338
3, 579, 4, 801
2, 535, 2, 572, 4, 645, 3, 822, 4, 1055, 3, 1377, 4, 1461
2, 370
4, 952
3, 936, 2, 1391
3, 470
3, 376, 3, 998, 4, 1098
3, 700, 3, 929
2, 1299
2, 417, 2, 633
3, 396, 4, 446, 3, 723, 3, 739, 3, 1012, 3, 1282
2, 847, 3, 876
3, 331, 4, 647, 3, 1280
3, 144, 3, 377, 3, 1013, 3, 1330, 3, 1459
3, 103, 4, 193, 2, 619, 4, 786, 4, 796, 4, 1441
4, 87, 2, 143, 3, 253, 3, 336, 3, 836, 3, 1218
4, 693, 4, 783
4, 151, 4, 307, 3, 1033, 4, 1155
3, 677, 3, 843, 3, 926, 3, 1426
4, 27, 3, 127, 5, 664, 5, 963, 3, 1440
5, 231, 3, 304, 3, 547, 5, 1036, 4, 1053, 3, 1180
4, 78
4, 477, 4, 483, 2, 839, 2, 1498
4, 117, 2, 361, 3, 910, 3, 1099, 4, 1492
4, 750, 3, 1026, 4, 1166, 4, 1315
2, 231, 4, 291, 3, 397, 5, 408, 3, 1053, 3, 1273
5, 1256, 3, 1313, 4, 1423, 3, 1506
3, 18, 2, 1021, 3, 1121, 3, 1543
3, 644, 4, 700, 2, 1320, 3, 1476
3, 288, 5, 538, 3, 1037
4, 575, 3, 594, 3, 608, 3, 850, 4, 1197, 3, 1227
2, 159, 3, 614, 5, 648, 3, 664, 3, 764, 3, 791, 3, 1401
3, 89, 3, 95, 3, 388, 4, 451, 3, 1110
3, 428, 4, 461, 3, 478, 2, 605, 3, 1214, 3, 1530
4, 42, 3, 169, 3, 564, 3, 584, 2, 598, 3, 1351
4, 246, 3, 878, 3, 1487
3, 156, 3, 389, 3, 612, 3, 928, 3, 1471
2, 6, 4, 433, 4, 599, 4, 1254, 4, 1475
3, 992, 2, 1195
4, 30, 4, 503, 2, 646, 2, 979, 2, 1501, 3, 1518
5, 413, 4, 642, 3, 1019, 3, 1528
2, 144, 3, 924, 3, 947, 4, 1207, 3, 1406
3, 604
3, 81, 2, 570, 2, 986, 4, 1446, 3, 1536
5, 268
3, 25, 2, 135, 2, 218, 3, 717, 3, 1526
4, 18, 4, 201, 4, 278, 2, 478, 4, 568, 3, 634
2, 199, 3, 415, 3, 1324
3, 642, 5, 1058, 2, 1368
3, 608, 3, 791, 3, 1158
4, 881, 2, 1407, 5, 1463
4, 722, 4, 1205, 4, 1315, 4, 1398
3, 529, 4, 1371
3, 202, 4, 263, 2, 369, 3, 379, 4, 612, 4, 1438
4, 548, 3, 608, 4, 715, 3, 798, 4, 1297
5, 182, 3, 598, 4, 781, 2, 858, 2, 1058, 3, 1147
3, 346, 2, 712, 4, 995, 3, 1148
3, 555
3, 876, 3, 965, 2, 1558
3, 786, 4, 1389
2, 164, 4, 553, 4, 813
3, 207, 3, 835, 2, 856, 4, 1239, 3, 1455
2, 184, 4, 467, 3, 554, 4, 1176, 2, 1469
3, 737, 3, 1546
3, 271, 3, 1426
3, 38, 4, 84, 3, 221, 2, 587, 2, 654, 4, 766, 3, 1442
2, 155, 3, 964, 3, 1130, 3, 1213, 2, 1434
4, 5, 2, 72, 3, 1014, 3, 1197, 4, 1274, 2, 1473
3, 6, 3, 52, 2, 761, 3, 1127, 3, 1194, 3, 1410
3, 143, 3, 326, 2, 403, 3, 603, 4, 662, 4, 692, 2, 1285
4, 642, 3, 752
3, 669, 3, 1085, 3, 1395
3, 733, 3, 916, 3, 1282
5, 30, 4, 1005, 2, 1532
3, 750, 4, 1232, 3, 1342, 3, 1426
3, 686, 3, 719, 4, 1308, 3, 1408, 3, 1435
4, 26, 4, 270, 3, 819, 4, 902, 4, 1008, 5, 1511
3, 90, 4, 573, 3, 577, 3, 955, 3, 1392
3, 500, 3, 1209
3, 806, 2, 1016, 3, 1022, 5, 1315, 3, 1365, 3, 1465
3, 14, 3, 370, 2, 930, 3, 1030, 4, 1152, 3, 1452, 2, 1496
3, 54, 3, 254, 3, 364, 2, 963, 2, 1329, 2, 1352
3, 191, 4, 345, 3, 528, 3, 804, 4, 894
5, 407, 2, 937, 4, 987, 2, 1102, 2, 1306
2, 331, 2, 414, 3, 670, 3, 1046, 3, 1156
3, 75, 4, 957
2, 37, 3, 487
3, 317, 2, 344, 4, 661, 4, 1204, 2, 1266
4, 600, 3, 793, 3, 1116, 2, 1282
3, 86, 3, 103
4, 153
3, 552, 3, 1495
4, 93, 3, 126, 3, 1129, 3, 1255
3, 123, 3, 849, 3, 1319, 4, 1386, 3, 1525
4, 999, 4, 1475
3, 799, 3, 1469, 2, 1542
3, 54, 5, 1165, 2, 1282, 3, 1519
3, 291, 2, 520, 2, 680, 4, 724, 3, 940, 4, 1383
2, 191, 3, 437, 2, 973, 4, 980, 2, 1133, 3, 1316
3, 1, 5, 467, 4, 1110, 3, 1270, 3, 1314, 3, 1530
3, 5, 3, 1027
3, 108, 3, 457
3, 451, 3, 524, 4, 767, 4, 1256, 4, 1400, 5, 1506
2, 491, 4, 563, 2, 867, 4, 973, 4, 1296, 2, 1379
2, 18, 3, 288, 3, 305, 3, 538, 4, 627, 2, 943, 4, 1114
3, 294, 2, 328, 3, 1330, 3, 1430, 2, 1553
3, 1128, 3, 1290, 3, 1533
4, 342, 2, 695, 3, 945, 3, 1444
4, 48, 4, 585, 4, 591, 4, 745, 4, 884, 3, 928, 3, 1361
3, 79, 5, 859, 3, 882, 2, 1038, 4, 1341
4, 638, 2, 1175, 5, 1474
4, 19, 3, 1250, 3, 1294
3, 325, 3, 535, 3, 541, 3, 695, 3, 1450
3, 479
4, 319, 3, 735, 3, 918, 2, 995, 2, 1194, 3, 1284
2, 482, 3, 848, 3, 871, 4, 1131, 2, 1331
2, 382, 2, 942, 3, 1042, 3, 1164, 4, 1171, 2, 1464, 2, 1508
4, 163, 4, 363, 3, 473, 2, 556, 2, 1072, 3, 1438, 3, 1461
4, 596, 3, 918, 4, 1085
5, 333, 5, 406, 4, 649, 4, 1138, 4, 1154, 3, 1281
3, 116, 2, 372, 2, 749, 3, 859
2, 30, 2, 343, 3, 553, 2, 596, 3, 879, 2, 1019, 2, 1468
2, 486
3, 962, 2, 1339
3, 373, 4, 593, 3, 1109, 4, 1276
3, 727, 2, 760, 2, 776
5, 523, 4, 539, 4, 610, 4, 660, 3, 1076, 5, 1082, 4, 1226
3, 797
3, 131, 4, 447
3, 740, 4, 1223, 4, 1333, 3, 1416
3, 677, 3, 710, 4, 1299, 3, 1398, 3, 1425
3, 17, 3, 261, 4, 810, 3, 893, 3, 999, 3, 1502
3, 81, 4, 564, 3, 568, 3, 946, 3, 1383
3, 491, 3, 1200
4, 461, 4, 894, 3, 1104, 2, 1110, 3, 1403, 4, 1453, 2, 1553
3, 5, 4, 1486
3, 112, 4, 754, 3, 798, 3, 1081, 3, 1220, 4, 1376
2, 232, 4, 248, 3, 319, 3, 935
3, 335, 4, 795, 3, 885
4, 59, 3, 608, 3, 1190, 4, 1211, 2, 1374
4, 45, 2, 748
3, 288, 3, 321, 3, 910, 2, 1010, 2, 1547
3, 611, 2, 1187, 3, 1430
3, 275, 4, 525, 3, 1024
4, 995, 3, 1251
3, 785, 5, 874
4, 36, 2, 102, 2, 242, 4, 812, 3, 1011, 3, 1124
4, 116, 3, 765, 3, 948, 4, 1148, 2, 1158, 3, 1225, 4, 1364
3, 233, 3, 809, 3, 1188
3, 64, 2, 147, 3, 403, 3, 646, 3, 879, 4, 1102, 4, 1455
4, 457, 4, 900, 3, 1173, 2, 1506, 4, 1543
3, 265, 3, 721, 4, 1074, 3, 1241, 4, 1324
3, 970, 2, 1307
3, 161, 5, 205, 4, 488, 4, 1197, 2, 1490
2, 69, 4, 441, 2, 612, 3, 674, 3, 1251, 3, 1284, 2, 1311
4, 109
4, 429, 3, 618, 4, 1011
3, 1120, 4, 1230, 3, 1313
2, 481, 4, 554, 3, 858, 4, 964, 4, 1287, 2, 1370
2, 9, 2, 279, 2, 431, 4, 618, 2, 837, 5, 1008
3, 1144, 4, 1554
4, 146, 3, 329, 3, 385, 4, 605, 3, 695, 3, 1121, 2, 1288
4, 332, 3, 686, 3, 936, 4, 1435
4, 39, 4, 576, 4, 582, 4, 736, 4, 875, 3, 919, 3, 1352
3, 70, 4, 850, 3, 873, 2, 1029, 4, 1332
4, 629, 3, 1166, 5, 1465
3, 153, 2, 363, 2, 407, 4, 689, 3, 829, 3, 1399
4, 709, 4, 759, 3, 1035, 4, 1175, 3, 1325
3, 203, 3, 320
4, 43, 3, 619, 3, 998
2, 456, 4, 689, 4, 912, 4, 1266, 4, 1432, 3, 1515
2, 899, 2, 1555
2, 30, 2, 556, 3, 612, 4, 633, 2, 796, 2, 1232
4, 693, 3, 797
3, 187, 5, 963, 2, 1209
3, 264, 2, 420, 3, 986, 3, 1146, 3, 1269
3, 507, 4, 534, 3, 850, 3, 1123, 4, 1393, 3, 1456
4, 2
4, 441, 3, 1010
3, 137, 3, 437, 2, 587
3, 320, 3, 370, 3, 647, 3, 936
4, 206, 3, 427, 3, 516, 2, 943, 2, 1003, 3, 1109, 2, 1119
4, 154, 3, 1256, 3, 1489
4, 174, 3, 274, 3, 397, 3, 696, 3, 730, 4, 1173, 2, 1445
3, 305, 4, 534, 3, 671, 2, 694, 2, 737, 3, 954
3, 205, 4, 987, 3, 993
2, 511, 3, 1220
2, 15, 3, 481, 3, 1124, 3, 1327, 3, 1423, 3, 1473, 2, 1544
2, 25, 3, 1506
4, 131
4, 452, 3, 641, 3, 1034
3, 1087, 3, 1143, 3, 1253, 2, 1336
2, 754, 4, 854, 3, 1276, 3, 1309
4, 377, 4, 847, 2, 1053, 4, 1209, 2, 1409
2, 65, 3, 81, 3, 152, 3, 624, 3, 768
3, 92, 4, 408, 3, 791, 4, 907, 3, 1140, 3, 1144
4, 355, 3, 709, 3, 958, 3, 1458
4, 62, 4, 599, 4, 605, 4, 759, 4, 898, 3, 942, 3, 1374
3, 93, 5, 872, 3, 895, 2, 1051, 4, 1355
4, 652, 2, 1189, 5, 1488
3, 176, 2, 386, 3, 429, 4, 712, 3, 852, 3, 1422
4, 732, 4, 782, 3, 1058, 4, 1198, 3, 1347
3, 226, 3, 343
4, 66, 3, 642, 3, 1021
2, 479, 4, 712, 4, 935, 3, 1288, 4, 1455, 3, 1538
4, 20, 3, 922
2, 53, 2, 579, 3, 635, 4, 656, 2, 818, 2, 1255
3, 200, 3, 716, 4, 820
4, 370, 4, 416, 4, 919
3, 94, 2, 643, 3, 832, 2, 1225, 2, 1408
3, 580, 3, 856, 4, 1146
3, 547, 4, 730, 2, 807, 3, 1162
6, 634, 5, 844, 4, 851, 5, 1144, 3, 1194, 5, 1294
3, 102, 4, 661, 3, 761, 4, 884, 4, 1184, 3, 1304
3, 448, 4, 658, 4, 957, 2, 1007, 2, 1107
2, 188, 4, 225, 3, 298, 3, 1113
3, 35, 4, 318, 3, 405, 3, 1321
3, 971, 3, 994, 4, 1454
2, 122, 3, 1277
2, 32, 3, 170, 4, 536, 2, 602, 4, 1391, 4, 1545
3, 3, 3, 26, 2, 70, 4, 286, 3, 486, 2, 781
4, 326, 2, 681
4, 80, 4, 500, 3, 529, 3, 649, 3, 1172, 2, 1215, 2, 1498
3, 689, 3, 889, 3, 899, 3, 1105, 3, 1415
3, 31, 5, 324, 2, 967, 2, 1010, 3, 1293, 4, 1439
4, 444, 4, 461, 2, 531, 5, 581, 4, 997, 3, 1003, 3, 1147
3, 28, 4, 465, 4, 621, 2, 820, 3, 1347, 4, 1403, 4, 1424
2, 92, 3, 468, 3, 574, 4, 578, 4, 1311, 3, 1394
5, 42, 4, 545, 4, 618, 3, 861, 3, 1350, 3, 1494
3, 343, 3, 426, 4, 682, 3, 931, 3, 1058, 3, 1164, 4, 1168
4, 349, 3, 382, 3, 399
4, 25, 3, 1111, 4, 1454
2, 185, 3, 845, 3, 967, 4, 1267
4, 368, 2, 445, 2, 838, 4, 1021, 4, 1400
2, 143
2, 10, 3, 332, 3, 392, 4, 415, 2, 1048, 3, 1085, 3, 1158
2, 515, 3, 752, 2, 786, 3, 802, 3, 902
3, 497
3, 404, 3, 1026, 4, 1125
3, 727, 3, 956
2, 1326
2, 444, 2, 661
3, 424, 4, 474, 3, 750, 3, 767, 3, 1039, 3, 1310
4, 874, 4, 904
3, 358, 4, 675, 3, 1307
3, 171, 3, 404, 3, 1041, 3, 1357, 3, 1486
2, 810, 3, 900
4, 62, 3, 128, 3, 268, 4, 424, 3, 623, 2, 1150
5, 45, 3, 673, 3, 694, 3, 740, 4, 877, 4, 1077, 4, 1293
3, 258, 2, 1213
3, 591, 3, 957, 3, 980, 3, 1240, 3, 1440
3, 637
3, 522, 2, 1531
2, 46, 3, 612, 4, 894
3, 12, 2, 56, 4, 272, 4, 472, 2, 768, 4, 1547
4, 312, 2, 668
4, 66, 5, 486, 3, 515, 4, 636, 3, 1158, 2, 1202, 2, 1484
3, 675, 3, 875, 3, 885, 3, 1091, 3, 1401
2, 35, 4, 329, 2, 971, 2, 1015, 3, 1298, 3, 1443
3, 351, 3, 368, 2, 439, 4, 489, 3, 911, 3, 1054
5, 3, 5, 469, 5, 476, 4, 625, 3, 919, 4, 1191, 4, 1474
3, 875, 3, 1079, 3, 1278, 3, 1391, 3, 1495
3, 95, 3, 538, 2, 767, 2, 810, 3, 1093
3, 298, 4, 548, 3, 1047
4, 1018, 3, 1273
2, 807, 4, 897
4, 59, 2, 125, 2, 265, 4, 834, 3, 1034, 3, 1147
4, 139, 3, 788, 3, 971, 4, 1171, 2, 1181, 3, 1248, 4, 1387
2, 256, 4, 832, 3, 1210
3, 86, 2, 170, 3, 426, 3, 669, 3, 902, 4, 1124, 4, 1478
4, 336, 4, 941, 4, 1451
4, 563, 4, 613, 3, 712
4, 1254, 3, 1325
3, 295
4, 332, 2, 399, 4, 1187, 4, 1341, 2, 1387, 4, 1524
4, 180, 3, 380, 2, 675, 3, 1455, 2, 1478, 3, 1522
4, 219, 3, 575
3, 393, 3, 423, 3, 543, 2, 1065, 2, 1109, 2, 1392, 4, 1531
3, 583, 2, 793, 2, 999, 2, 1309
2, 789, 2, 1525
4, 357, 3, 919, 2, 1445
4, 663, 4, 1146, 4, 1256, 5, 1339
4, 470, 3, 757, 4, 1312
4, 553, 3, 1063
2, 202, 2, 834, 3, 1104, 4, 1121, 4, 1443, 3, 1516
3, 412, 3, 1227, 4, 1483
3, 35, 2, 152, 4, 385, 4, 894, 4, 1337, 2, 1533
3, 70, 3, 133, 3, 709, 2, 769, 4, 1458
3, 440, 2, 856, 3, 1316, 3, 1405, 2, 1509
5, 41, 4, 507, 5, 873, 3, 939, 4, 1149, 4, 1156, 4, 1309
3, 1446
2, 254, 3, 897, 4, 924, 3, 1273, 4, 1369
4, 331, 2, 387, 3, 498, 2, 581, 2, 1080, 3, 1313, 4, 1536
2, 323, 4, 673, 3, 1183
2, 328
2, 144, 5, 201, 3, 311, 3, 394, 5, 910, 2, 1276, 3, 1299
3, 531, 2, 853, 3, 914, 2, 1030, 2, 1263
3, 308, 3, 331, 3, 1086
4, 221, 3, 604, 4, 614, 4, 1130
3, 62, 3, 295, 4, 805, 2, 834, 4, 1477, 4, 1504, 3, 1520
2, 2, 2, 162, 4, 944, 4, 994, 3, 1271, 3, 1410
3, 299, 3, 509, 3, 552, 2, 835, 3, 975, 3, 1131
3, 26, 4, 442, 3, 592, 3, 752, 3, 1380, 4, 1447, 4, 1534
2, 112, 4, 168, 4, 189, 4, 1144
5, 262, 5, 505, 3, 738, 3, 961, 4, 1277, 5, 1347
4, 525, 2, 642, 2, 875
4, 82, 4, 115, 3, 132, 4, 259
3, 16, 2, 292, 3, 432
4, 165, 3, 242, 3, 1540
3, 878, 3, 1348, 4, 1554
4, 96, 2, 522, 4, 533, 4, 579, 3, 689, 2, 772
3, 156, 3, 572, 2, 1032, 3, 1121
4, 1246
3, 101, 4, 211, 3, 810, 3, 1176, 4, 1199, 3, 1243, 3, 1459
2, 334, 3, 554, 3, 1236
3, 970, 3, 1132
3, 208, 2, 231, 4, 1400
4, 121, 5, 125, 4, 514, 4, 917, 4, 1030
4, 48, 4, 601, 4, 757, 5, 1279, 2, 1323
4, 2, 3, 172, 2, 235, 3, 871
4, 1114, 3, 1121, 3, 1476
2, 735, 3, 875, 3, 1444
3, 608, 2, 974, 3, 1257, 2, 1411, 3, 1457
4, 1068
3, 1451
4, 222, 3, 929, 4, 1137, 3, 1278, 2, 1374
3, 1214, 3, 1270, 3, 1381, 2, 1464
3, 881, 3, 1403, 3, 1437
2, 169, 2, 442, 2, 812, 4, 1284
4, 1012
2, 995, 2, 1451
4, 529
3, 435, 3, 1058, 4, 1157
3, 759, 3, 988
2, 1358
2, 476, 2, 693
3, 456, 4, 506, 3, 782, 3, 799, 3, 1071, 4, 1342
4, 72, 4, 1160
3, 109, 3, 475, 3, 542, 4, 752, 4, 758, 3, 912
2, 9, 4, 791, 4, 1135, 4, 1212
3, 366, 2, 772, 3, 942, 3, 1321
3, 439, 3, 583, 2, 916, 4, 1454, 3, 1525
3, 42, 3, 275, 3, 280, 3, 446, 3, 1101, 3, 1484
2, 496, 4, 729, 3, 951, 3, 1305, 4, 1471, 3, 1555
4, 36, 2, 359, 2, 419, 2, 525, 3, 535, 2, 866
4, 90, 3, 173, 2, 1481
4, 560, 3, 643, 3, 899, 4, 1148, 4, 1275, 3, 1385
3, 207, 3, 696, 4, 840, 2, 1449, 4, 1522
2, 807, 2, 1013, 2, 1322
3, 244, 2, 660, 2, 1120, 3, 1209
5, 67, 4, 1016
3, 1103, 2, 1160, 3, 1270, 2, 1353
3, 770, 3, 1293, 3, 1326
4, 390, 4, 397, 3, 546, 4, 840, 2, 1112, 4, 1395, 4, 1482
4, 796, 2, 1000, 3, 1312, 3, 1416
4, 67, 2, 1303
3, 304, 4, 361, 3, 544, 3, 1336, 3, 1526
3, 34, 3, 184, 3, 344, 4, 1126, 4, 1176, 2, 1386, 4, 1453
5, 368, 4, 481, 4, 558, 2, 951, 3, 1134
3, 158, 3, 485, 3, 774
3, 112, 3, 272, 4, 455, 3, 532, 2, 732, 4, 821, 2, 888
3, 289, 3, 771
4, 594, 3, 661, 4, 798, 3, 998, 4, 1214, 2, 1524
3, 2, 3, 158, 3, 884, 3, 1007
4, 528, 3, 695, 3, 778
4, 19
4, 515, 3, 521, 2, 1291, 3, 1537
4, 82, 3, 155, 3, 399, 3, 948, 4, 1031, 3, 1137, 4, 1530
4, 178, 3, 277, 4, 304, 3, 1113, 3, 1147, 4, 1486
2, 1260
2, 180, 3, 1522
3, 357, 3, 407, 3, 683, 3, 700, 3, 829, 3, 973
4, 394, 3, 837
4, 194, 3, 1436
3, 487, 4, 970, 4, 1080
4, 404, 3, 814, 3, 1197, 3, 1220
4, 474
2, 301, 4, 358, 3, 378, 3, 977, 3, 1333
3, 595, 2, 1466, 3, 1537
3, 954, 3, 1491
4, 16, 2, 459, 3, 715, 4, 1064
2, 109, 2, 132, 3, 176, 3, 288, 3, 392, 2, 592, 2, 887
2, 1528
3, 519, 2, 563, 4, 1405, 2, 1435
3, 10, 4, 120, 3, 203, 2, 719, 2, 1085, 3, 1522
5, 101, 3, 284
3, 1109, 4, 1153, 4, 1436
3, 184, 2, 394, 3, 400, 2, 1309
5, 131, 3, 541, 3, 924
4, 108, 3, 275, 2, 930, 4, 1313, 2, 1429
3, 341, 2, 707, 3, 730, 4, 990
3, 234, 2, 611, 3, 721, 3, 1537
3, 89, 3, 318, 4, 361, 3, 644, 3, 1197, 3, 1354
2, 664, 3, 713, 4, 990, 3, 1007, 2, 1129, 3, 1279, 3, 1439
4, 391, 3, 597, 4, 1367, 5, 1479, 4, 1556
3, 39, 5, 1254
4, 638, 2, 887, 3, 987, 3, 1014, 2, 1110, 4, 1410, 3, 1443
2, 103, 4, 552, 4, 1451
3, 198, 3, 901
3, 44, 4, 604, 2, 704, 2, 826, 3, 1126
3, 467, 3, 710
3, 25, 4, 1003, 3, 1026
2, 251, 3, 1406
4, 18, 2, 64, 3, 202, 4, 568, 2, 634, 4, 1423
4, 132, 2, 155, 3, 199, 3, 311, 3, 415, 3, 615, 2, 910
4, 654, 3, 848, 3, 1170, 5, 1337
2, 488, 4, 788, 4, 821, 3, 837, 3, 937
3, 1007, 4, 1416
4, 8, 3, 191
3, 1017, 3, 1060
2, 364, 3, 601, 2, 634, 3, 651, 2, 751
3, 39, 2, 448, 4, 831
4, 16, 3, 182, 3, 837, 4, 1220, 2, 1337
3, 346, 3, 712, 3, 735, 4, 995
3, 142, 3, 629, 3, 1444
2, 192, 3, 252, 2, 369, 4, 602, 4, 1111, 4, 1554
3, 1314
4, 50, 3, 116, 4, 256, 4, 405, 3, 566, 3, 1398
2, 293, 3, 859, 4, 1142, 3, 1281
3, 1128, 3, 1184, 3, 1294, 2, 1377
2, 795, 3, 895, 4, 1018, 2, 1317, 4, 1350
3, 246, 3, 262, 3, 495, 5, 585, 2, 901, 4, 1072, 3, 1533
2, 50, 4, 349, 2, 382, 3, 1385, 3, 1485
4, 30, 4, 1085, 4, 1345
3, 174, 4, 396, 4, 750, 4, 999, 3, 1499
4, 897, 2, 943, 4, 1080, 4, 1446
3, 304, 4, 620
3, 913, 2, 926, 3, 1093, 4, 1176, 3, 1396
3, 550
3, 949, 3, 1272, 2, 1438, 2, 1449
4, 380, 3, 590, 4, 889, 3, 939, 3, 1039
4, 254, 3, 327, 2, 630, 4, 1142
3, 337, 4, 381, 3, 664, 3, 1253
2, 903, 3, 926, 3, 1386
3, 151, 3, 917, 4, 1306, 3, 1327
3, 410, 4, 853, 3, 1126, 2, 1459, 4, 1496
3, 218, 3, 674, 4, 1027, 4, 1194, 4, 1277
3, 924, 2, 1260
3, 114, 4, 158, 4, 441, 4, 1150, 2, 1443
3, 22, 5, 395, 4, 565, 3, 628, 3, 1204, 3, 1237, 2, 1264
3, 62
2, 382, 4, 571, 5, 964
3, 236, 2, 292, 3, 296, 2, 402, 2, 485, 3, 985
3, 525, 3, 745, 3, 1261, 4, 1428
2, 878, 2, 912, 2, 928
5, 12, 4, 82, 3, 555, 4, 698, 4, 1553
3, 22, 3, 338, 2, 721, 4, 837, 4, 1070, 3, 1074
4, 286, 2, 639, 3, 889, 3, 1388
4, 529, 4, 535, 4, 689, 4, 828, 3, 872, 2, 1305, 5, 1550
3, 729, 5, 803, 3, 982, 4, 1285, 3, 1484
3, 582, 2, 1119, 4, 1418
3, 106, 3, 316, 2, 360, 3, 643, 3, 782, 3, 1352
3, 496, 4, 1439
4, 37, 3, 70, 3, 1073, 3, 1199
3, 696, 4, 1166, 3, 1233, 4, 1372, 2, 1528
4, 166, 4, 643, 3, 1181, 4, 1252
2, 1115, 2, 1452
3, 77, 2, 349, 4, 632, 3, 719, 3, 1185, 4, 1341
3, 197, 2, 213, 4, 284, 3, 900
3, 301, 4, 346, 3, 850
3, 24, 2, 573, 3, 763, 2, 1156, 2, 1339
3, 510, 3, 787, 4, 1076
3, 477, 4, 660, 3, 737, 3, 1093
3, 298, 3, 371, 3, 614, 4, 1246, 4, 1353
3, 268, 4, 917, 3, 1100, 2, 1300, 3, 1310, 3, 1516
4, 308, 2, 778, 4, 984, 5, 1140
3, 21, 3, 254, 2, 477, 4, 830, 4, 1080
3, 880, 3, 1063, 2, 1340, 3, 1429
4, 287, 2, 604
3, 29, 4, 112, 4, 994, 3, 1420, 4, 1477
4, 95, 2, 528, 3, 1310, 3, 1316
2, 185, 3, 374, 3, 950, 2, 1291
2, 1020
2, 538
5, 772, 4, 1111, 4, 1361, 2, 1488
3, 102, 3, 672, 4, 984, 3, 1238, 3, 1454, 4, 1521
4, 18, 4, 157, 3, 307, 3, 467, 4, 1299, 4, 1509
3, 857, 3, 1140, 3, 1280, 2, 1436
4, 248, 3, 304, 2, 414, 2, 497, 2, 997, 3, 1452
4, 634, 4, 854, 4, 1133, 4, 1370, 5, 1537
2, 478, 4, 694
3, 800, 4, 1343
3, 1144, 3, 1400
3, 254, 2, 757
2, 125, 4, 281, 3, 1007, 3, 1130
3, 237, 4, 404, 3, 487, 3, 986
4, 4, 3, 541, 4, 840, 2, 1463
2, 95, 2, 301, 3, 1071, 4, 1183
3, 18, 3, 251, 4, 827, 2, 888, 2, 1333
4, 558, 3, 974, 3, 1214, 4, 1434, 4, 1524
5, 159
4, 26, 3, 109, 3, 608, 4, 1417, 3, 1474
4, 6, 4, 92, 2, 466, 3, 525, 4, 556, 4, 1314
3, 23, 2, 46, 3, 90, 3, 306, 3, 506, 3, 616, 2, 1215
2, 59, 4, 382, 4, 545, 2, 558, 2, 1228
3, 119, 4, 319, 3, 614, 4, 1394, 2, 1417, 3, 1461
3, 159, 3, 515
4, 333, 4, 362, 2, 483, 2, 1005, 2, 1048, 3, 1331
2, 472, 3, 522, 3, 799, 3, 815, 3, 945, 3, 1088
3, 37, 2, 509, 5, 952
3, 237, 4, 669, 4, 879, 4, 886, 3, 1179, 3, 1329
2, 137, 3, 796, 2, 919, 4, 1218
3, 417, 2, 473, 2, 494, 4, 656, 4, 1449
2, 94
4, 284, 3, 344, 3, 367, 2, 623, 4, 999, 3, 1105, 3, 1109
3, 1220, 4, 1237, 4, 1363
4, 128, 5, 398, 4, 461, 3, 1070, 3, 1413
3, 182, 3, 504, 3, 565, 3, 671, 3, 681, 3, 914, 2, 1424
2, 1051
3, 568, 4, 878
2, 1394, 3, 1517
3, 42, 4, 485, 3, 1128, 2, 1155, 3, 1171, 3, 1504
3, 83, 4, 305, 3, 622, 5, 692, 3, 1164, 4, 1308
3, 72, 2, 122, 3, 160, 4, 632, 3, 1075, 3, 1331, 4, 1348
3, 86, 4, 190, 2, 340, 2, 1128, 3, 1195, 3, 1332
3, 380, 2, 662
3, 499, 3, 798, 4, 832, 4, 848, 3, 948
4, 420, 4, 1256
4, 278, 4, 394
5, 118, 4, 694, 3, 1486
3, 531, 2, 764, 3, 1243, 4, 1400, 3, 1410, 3, 1493
5, 71, 5, 974
2, 105, 2, 631, 3, 708, 4, 1101, 4, 1114, 3, 1284, 2, 1307
2, 678, 3, 1421
3, 422, 5, 882, 4, 971
3, 146, 3, 695, 4, 1277, 4, 1298, 3, 1387, 2, 1460
3, 65, 3, 468, 3, 1230
4, 281, 3, 475, 3, 797, 4, 964
2, 414, 2, 448, 2, 464
3, 395, 4, 445, 3, 722, 3, 738, 3, 1011, 3, 1281
4, 749, 3, 778
4, 233, 5, 549
3, 525, 4, 952, 4, 1008, 4, 1118, 4, 1201
2, 60, 4, 842, 3, 1185, 4, 1262
3, 319, 2, 725, 4, 896, 3, 1274
4, 17, 4, 489, 2, 633, 3, 966, 3, 1488, 3, 1505
5, 400, 3, 1005, 5, 1043, 3, 1515
2, 563, 3, 929, 3, 952, 3, 1212, 3, 1411
3, 609
3, 1405
2, 469, 3, 819, 3, 1328
3, 157, 3, 173
3, 223, 2, 1531
3, 256, 4, 267, 4, 783
3, 573
5, 360, 4, 389, 4, 1032, 4, 1076, 5, 1409
4, 563, 3, 730, 3, 813
3, 54, 3, 869, 4, 1539
3, 31, 4, 91, 2, 208, 3, 441
4, 361, 2, 750, 4, 794, 3, 1004, 3, 1010, 4, 1453
2, 261, 3, 921, 2, 1043, 4, 1050, 2, 1203, 3, 1386
4, 156, 3, 385, 4, 589, 4, 805, 3, 1248
4, 202, 3, 302, 5, 329, 3, 1138, 3, 1171, 4, 1510
4, 406, 4, 1211, 3, 1227, 3, 1354
4, 66, 4, 216, 2, 376, 3, 1208, 3, 1485
4, 614, 4, 1123
3, 777, 3, 1021
2, 900, 3, 1337, 2, 1383
4, 51, 2, 62, 2, 1227
4, 278, 4, 960
3, 188, 3, 714, 3, 791, 3, 1184, 2, 1390, 4, 1546
2, 442, 3, 858
3, 548
3, 868, 4, 958, 3, 1550
3, 1, 2, 605, 3, 767
4, 338, 2, 421
3, 567, 3, 671
3, 62, 2, 1083
3, 242, 2, 685, 2, 914, 3, 941, 3, 1290
3, 515, 3, 818
2, 431, 2, 641, 3, 847, 2, 1157
3, 89, 4, 322, 3, 832, 5, 861, 4, 1051, 4, 1471, 5, 1531
3, 1315, 3, 1444
3, 356, 4, 732, 3, 1244
4, 563, 4, 679, 4, 912
3, 153, 2, 170, 3, 1441
4, 3, 4, 476, 2, 619, 2, 952, 4, 1474, 3, 1491
3, 262, 2, 312, 3, 349, 2, 822, 3, 971, 5, 1265, 4, 1537
2, 380, 3, 1385, 2, 1522
3, 114, 4, 1335, 4, 1489
3, 1405
2, 110, 3, 143, 3, 159, 2, 259, 3, 286, 2, 896
3, 693, 3, 1032, 4, 1282, 2, 1409
3, 24, 4, 593, 2, 906, 5, 1159, 4, 1442
3, 71, 4, 680, 3, 707, 3, 1023, 2, 1152, 3, 1296
3, 175, 2, 524
4, 14, 3, 104, 3, 420, 4, 591, 3, 1053
3, 543, 5, 959, 2, 1269
4, 510, 3, 693
2, 583, 3, 1149, 4, 1432, 4, 1519
3, 527, 4, 1009, 4, 1120
3, 54, 3, 537, 3, 541, 3, 1333, 3, 1356
2, 464, 3, 1173
3, 980, 3, 1183, 5, 1279, 4, 1329, 3, 1400, 3, 1429
3, 272, 3, 894
3, 694, 3, 871
2, 405, 3, 594, 4, 987
4, 805, 4, 915
3, 832, 3, 1031, 4, 1042, 3, 1248, 3, 1558
3, 346, 3, 390, 4, 819, 3, 1262
4, 30, 3, 546, 3, 912, 4, 935, 3, 1395, 2, 1505
3, 14, 2, 70, 3, 290, 5, 380, 3, 972, 3, 1388
2, 1136, 3, 1525
3, 404, 3, 1020
4, 560, 3, 593, 4, 1182, 4, 1282, 3, 1309
4, 241, 2, 790, 3, 873, 3, 980, 5, 1483, 3, 1556
3, 447, 3, 451, 3, 830, 3, 1266
3, 254, 3, 283, 2, 926, 3, 970, 3, 1302
4, 360, 4, 527, 3, 610
2, 666, 2, 1409
4, 410, 3, 870, 3, 959
4, 218, 3, 231, 5, 401, 4, 780, 2, 1383, 3, 1472
4, 830, 3, 1233
4, 58, 2, 846, 4, 1000, 4, 1183
3, 165, 2, 415, 4, 504, 4, 577, 2, 821, 4, 1453
3, 1027, 3, 1031
2, 32, 3, 78, 3, 215, 2, 271, 3, 581, 3, 594, 2, 760
3, 158, 3, 408
2, 59, 3, 441, 4, 452, 4, 968
4, 264, 3, 640, 5, 1150, 4, 1179, 3, 1244, 3, 1361
2, 74, 4, 203, 3, 447, 2, 680, 2, 1289, 4, 1316
3, 881, 4, 997, 3, 1230, 2, 1326
4, 138, 4, 145, 2, 1486
4, 167, 3, 234, 4, 371, 2, 787, 2, 1097
3, 261, 4, 704, 2, 977, 2, 1309, 4, 1347
4, 69, 3, 525, 3, 878, 4, 1044, 4, 1128
4, 195, 2, 774, 4, 928, 3, 974, 3, 1111, 3, 1264, 4, 1477
3, 245, 3, 416, 2, 478, 2, 1054, 2, 1115, 3, 1221, 4, 1304
4, 202, 3, 252, 2, 761, 4, 791, 3, 911, 2, 1433, 3, 1477
3, 119, 4, 768, 3, 951, 4, 1150, 2, 1161, 3, 1227, 3, 1367
3, 332, 2, 738, 3, 908, 3, 1287
3, 405, 3, 549, 3, 881, 4, 1420, 3, 1491
3, 286, 4, 1022, 4, 1189
3, 402, 2, 673, 2, 1012, 3, 1085, 3, 1328
3, 369, 4, 885, 4, 989
5, 637, 4, 683, 3, 1186, 5, 1365
4, 44, 3, 992
3, 666, 4, 832, 4, 916, 3, 1136
3, 333, 3, 1269, 4, 1302
3, 463, 2, 506, 4, 1349, 2, 1378
2, 4, 3, 50, 4, 160, 3, 243, 2, 759, 2, 1125
5, 44, 4, 227
3, 163, 3, 373, 3, 417, 3, 699, 4, 839, 3, 995
3, 306, 3, 456, 2, 616, 4, 1311, 3, 1398, 3, 1448
3, 593, 3, 963
2, 310, 3, 547, 3, 580, 3, 597, 2, 697
3, 680, 3, 1442
3, 293, 4, 447, 2, 493, 3, 630, 4, 996
3, 424, 3, 723, 4, 773, 3, 873
3, 856, 4, 867, 3, 1073, 3, 1383
2, 41, 3, 101, 3, 218, 4, 451, 4, 960, 3, 989
3, 111, 3, 354, 5, 587, 4, 1163, 4, 1224, 4, 1540
4, 361, 3, 457, 2, 631, 3, 691, 3, 808, 3, 900, 3, 1543
3, 68, 3, 228, 4, 923, 4, 939, 2, 1010, 3, 1060, 2, 1476
2, 365, 4, 421, 3, 441, 4, 604, 4, 1041, 2, 1396
4, 508
3, 571, 4, 947
3, 105, 3, 298, 2, 787
3, 618, 2, 1194, 3, 1437
3, 185, 3, 435
3, 85, 3, 468, 5, 478, 4, 994
2, 62, 4, 572, 2, 601, 3, 1244, 3, 1271, 2, 1387
2, 199, 3, 835, 3, 1281, 4, 1524
4, 665, 2, 1085, 3, 1441
4, 602, 3, 898
2, 439, 2, 738, 3, 788, 3, 888
3, 468, 3, 871, 3, 1088, 3, 1398
3, 52, 3, 56, 5, 1260, 2, 1377
4, 386, 3, 615, 2, 775, 4, 819, 4, 1035, 4, 1478
2, 286, 3, 532, 2, 1068, 4, 1075, 3, 1228, 3, 1411
2, 67, 3, 96, 4, 562, 3, 1205, 3, 1342, 3, 1365, 3, 1409
3, 1405
3, 183, 2, 213, 3, 882, 2, 953, 3, 1232
3, 387, 2, 443, 4, 447, 3, 553, 4, 636, 4, 1136, 3, 1369
2, 105, 4, 775, 4, 1124, 5, 1220
4, 1380
3, 182, 4, 431
3, 61, 4, 82, 3, 465, 3, 991
4, 252, 2, 695, 3, 951, 3, 1067, 3, 1300, 3, 1338
2, 196, 4, 418, 3, 1277, 4, 1521
4, 759, 3, 1535
3, 314, 2, 543, 3, 587, 3, 869, 3, 1429
3, 227, 2, 1535
4, 357, 5, 367, 5, 883
3, 673
5, 461, 5, 490, 4, 1133, 4, 1177, 5, 1509
4, 567, 2, 734, 3, 817
3, 82, 3, 155, 3, 970
2, 132, 2, 192, 3, 309, 4, 541, 4, 637
3, 731, 5, 754
4, 196, 3, 345, 4, 505, 2, 1134, 3, 1200, 4, 1338
2, 385, 3, 668, 3, 1221, 2, 1377
2, 1124, 4, 1234, 3, 1317
2, 71, 3, 448, 3, 554, 4, 558, 4, 1290, 3, 1373
4, 21, 3, 525, 3, 598, 3, 841, 3, 1330, 3, 1473
3, 322, 3, 406, 3, 661, 3, 911, 3, 1038, 4, 1144, 4, 1148
3, 329, 3, 362, 4, 379
3, 309, 3, 359, 3, 636, 3, 652, 3, 781, 3, 925
3, 249, 3, 692
4, 49, 2, 1291
4, 440, 5, 922, 5, 1032
4, 356, 2, 766, 3, 1149, 3, 1172
3, 279, 2, 329, 4, 367, 2, 839, 3, 989, 4, 1282, 4, 1555
4, 559, 3, 625, 4, 762, 2, 962, 3, 1075, 3, 1179
3, 26, 2, 93, 3, 646, 4, 802, 2, 1002, 2, 1528
5, 107, 3, 756, 4, 939, 4, 1138, 2, 1149, 2, 1215, 5, 1355
2, 34, 3, 223, 3, 799
3, 40, 4, 539, 2, 772, 3, 1348, 3, 1409, 3, 1515
4, 177, 3, 913, 4, 1079
3, 293, 3, 903, 2, 1219, 2, 1389
3, 424, 3, 440, 4, 511, 3, 561, 2, 1127
4, 1150, 2, 1266, 4, 1499, 4, 1503
2, 178, 4, 407, 5, 611, 3, 827, 4, 1270
3, 514, 4, 853, 2, 1229
3, 264, 2, 707, 2, 936, 3, 963, 3, 1312
5, 536, 4, 840
2, 550, 2, 760, 3, 966, 2, 1276
3, 1170
3, 12, 4, 294, 3, 1004, 3, 1526
3, 534, 4, 960, 3, 1016, 3, 1127, 3, 1210
2, 165, 2, 947, 4, 1290, 4, 1367
3, 425, 2, 831, 5, 1001, 2, 1380
3, 35, 3, 52, 4, 123, 4, 595, 2, 738, 3, 1071
3, 62, 2, 505, 3, 1111, 2, 1148
3, 668, 3, 1034, 4, 1057, 3, 1317, 3, 1517
4, 714
3, 502, 2, 1510
2, 25, 3, 591, 4, 874
4, 66, 2, 89, 3, 133, 2, 245, 3, 349, 3, 549, 2, 844
4, 588, 3, 782, 3, 1104, 4, 1271
