"experiment_id","dataset","mode","repeat","transactions","retained_items","duplicate_transactions_normalized","minsup","minsup_count","minuo","mincorr","preprocess_ms","runtime_ms","wall_ms","patterns","pattern_hash","peak_heap_mb","nodes","candidates","support_pruned","correlation_pruned","uo_bound_pruned","eda_aborts","duo_merges","duo_entries_processed","duo_entries_materialized","lazy_duo_skips","scratch_duo_merges","postfilter_entries_scanned","max_depth","java_heap","timestamp_utc"
"journal_bmspos2","BMSPOS2","HUOPM","0","515366","275","0","0.003","1547","0.3","0.0","1885","11133","23920","327","493dc500c4afa41a50952be2308af25358b87d9e2c91adce8de837765320c117","397.065781","9975","59028","49328","0","4450","0","0","0","0","0","0","0","7","4g","2026-08-24T15:45:37Z"
"journal_bmspos2","BMSPOS2","CORHUOPM_AC","0","515366","275","0","0.003","1547","0.3","0.3","1847","9199","19560","14","d2829b3a0ebed8cad4cf5bed75869319124154e61712968f9f03bdc8783de179","397.08223","2359","37783","35699","2074","0","0","0","0","0","0","0","0","3","4g","2026-08-24T15:45:57Z"
"journal_bmspos2","BMSPOS2","CORHUOPM_BOND","0","515366","275","0","0.003","1547","0.3","0.3","1769","13084","27082","13","ce1ad84a2cba23934fb02a63bbc17491cf7f6c7384a7c653ec4345d92abab2c5","469.235413","2325","37689","35639","2047","0","0","0","0","0","0","0","0","3","4g","2026-08-24T15:46:24Z"
"journal_bmspos2","BMSPOS2","COUPM_KULC_ADAPTED","0","515366","275","0","0.003","1547","0.3","0.3","1817","12171","26578","29","1b5240e478ede855b486c7512195e21ac2c77ca7cc8978d5d35b6a3ed9bce2a5","397.119286","9975","59028","49328","0","4450","0","0","0","0","0","0","0","7","4g","2026-08-24T15:46:50Z"
"journal_bmspos2","BMSPOS2","UOB_POSTFILTER","0","515366","275","0","0.003","1547","0.3","0.1","1794","19357","40680","14","6fd1db885cbf5903b2484038b4f6c4b540aee7f152cab7eb82ead32cdfc57275","397.207649","9975","59028","49328","0","4450","0","0","0","0","0","0","114063626","7","4g","2026-08-24T15:47:31Z"
"journal_bmspos2","BMSPOS2","UOB_FULL","0","515366","275","0","0.003","1547","0.3","0.1","1850","7105","16054","14","6fd1db885cbf5903b2484038b4f6c4b540aee7f152cab7eb82ead32cdfc57275","438.587463","281","37675","35635","2034","0","2034","2040","24022229","241274","35635","0","0","2","4g","2026-08-24T15:47:47Z"
"journal_bmspos2","BMSPOS2","UOB_NO_EDA","0","515366","275","0","0.003","1547","0.3","0.1","1882","11107","26009","14","6fd1db885cbf5903b2484038b4f6c4b540aee7f152cab7eb82ead32cdfc57275","575.64296","2340","37749","35684","2059","0","0","2065","215358049","215358049","35684","0","0","3","4g","2026-08-24T15:48:13Z"
"journal_bmspos2","BMSPOS2","UOB_NO_UO_BOUND","0","515366","275","0","0.003","1547","0.3","0.1","1765","6534","14993","14","6fd1db885cbf5903b2484038b4f6c4b540aee7f152cab7eb82ead32cdfc57275","454.460732","281","37675","35635","2034","0","2034","2040","24022229","241274","35635","0","0","2","4g","2026-08-24T15:48:28Z"
"journal_bmspos2","BMSPOS2","UOB_EAGER_DUO","0","515366","275","0","0.003","1547","0.3","0.1","1771","9788","21242","14","6fd1db885cbf5903b2484038b4f6c4b540aee7f152cab7eb82ead32cdfc57275","470.573006","281","37675","1","37668","0","37668","37675","42294354","251153","0","0","0","2","4g","2026-08-24T15:48:49Z"
"journal_bmspos2","BMSPOS2","UOB_RECOMPUTE_DUO","0","515366","275","0","0.003","1547","0.3","0.1","1938","15882","32400","14","6fd1db885cbf5903b2484038b4f6c4b540aee7f152cab7eb82ead32cdfc57275","767.268219","2340","37749","35684","2059","0","0","4155","431738993","431738993","35684","2090","0","3","4g","2026-08-24T15:49:22Z"
"journal_bmspos2","BMSPOS2","HUOPM","1","515366","275","0","0.003","1547","0.3","0.0","1807","12378","26611","327","493dc500c4afa41a50952be2308af25358b87d9e2c91adce8de837765320c117","397.021584","9975","59028","49328","0","4450","0","0","0","0","0","0","0","7","4g","2026-08-24T15:49:48Z"
"journal_bmspos2","BMSPOS2","UOB_RECOMPUTE_DUO","1","515366","275","0","0.003","1547","0.3","0.1","1906","19596","48604","14","6fd1db885cbf5903b2484038b4f6c4b540aee7f152cab7eb82ead32cdfc57275","775.688675","2340","37749","35684","2059","0","0","4155","431738993","431738993","35684","2090","0","3","4g","2026-08-24T15:50:37Z"
"journal_bmspos2","BMSPOS2","UOB_EAGER_DUO","1","515366","275","0","0.003","1547","0.3","0.1","1835","7145","16447","14","6fd1db885cbf5903b2484038b4f6c4b540aee7f152cab7eb82ead32cdfc57275","471.104874","281","37675","1","37668","0","37668","37675","42294354","251153","0","0","0","2","4g","2026-08-24T15:50:53Z"
"journal_bmspos2","BMSPOS2","UOB_NO_UO_BOUND","1","515366","275","0","0.003","1547","0.3","0.1","1868","6778","15505","14","6fd1db885cbf5903b2484038b4f6c4b540aee7f152cab7eb82ead32cdfc57275","454.453621","281","37675","35635","2034","0","2034","2040","24022229","241274","35635","0","0","2","4g","2026-08-24T15:51:09Z"
"journal_bmspos2","BMSPOS2","UOB_NO_EDA","1","515366","275","0","0.003","1547","0.3","0.1","1845","14312","34994","14","6fd1db885cbf5903b2484038b4f6c4b540aee7f152cab7eb82ead32cdfc57275","588.76516","2340","37749","35684","2059","0","0","2065","215358049","215358049","35684","0","0","3","4g","2026-08-24T15:51:44Z"
"journal_bmspos2","BMSPOS2","UOB_FULL","1","515366","275","0","0.003","1547","0.3","0.1","1869","9474","20699","14","6fd1db885cbf5903b2484038b4f6c4b540aee7f152cab7eb82ead32cdfc57275","443.402206","281","37675","35635","2034","0","2034","2040","24022229","241274","35635","0","0","2","4g","2026-08-24T15:52:05Z"
"journal_bmspos2","BMSPOS2","UOB_POSTFILTER","1","515366","275","0","0.003","1547","0.3","0.1","1853","21663","44457","14","6fd1db885cbf5903b2484038b4f6c4b540aee7f152cab7eb82ead32cdfc57275","396.900398","9975","59028","49328","0","4450","0","0","0","0","0","0","114063626","7","4g","2026-08-24T15:52:49Z"
"journal_bmspos2","BMSPOS2","COUPM_KULC_ADAPTED","1","515366","275","0","0.003","1547","0.3","0.3","1881","13317","28708","29","1b5240e478ede855b486c7512195e21ac2c77ca7cc8978d5d35b6a3ed9bce2a5","397.223526","9975","59028","49328","0","4450","0","0","0","0","0","0","0","7","4g","2026-08-24T15:53:18Z"
"journal_bmspos2","BMSPOS2","CORHUOPM_BOND","1","515366","275","0","0.003","1547","0.3","0.3","1821","13156","26972","13","ce1ad84a2cba23934fb02a63bbc17491cf7f6c7384a7c653ec4345d92abab2c5","471.404251","2325","37689","35639","2047","0","0","0","0","0","0","0","0","3","4g","2026-08-24T15:53:45Z"
"journal_bmspos2","BMSPOS2","CORHUOPM_AC","1","515366","275","0","0.003","1547","0.3","0.3","1865","9106","19889","14","d2829b3a0ebed8cad4cf5bed75869319124154e61712968f9f03bdc8783de179","396.048759","2359","37783","35699","2074","0","0","0","0","0","0","0","0","3","4g","2026-08-24T15:54:05Z"
"journal_bmspos2","BMSPOS2","CORHUOPM_BOND","2","515366","275","0","0.003","1547","0.3","0.3","1815","10875","23295","13","ce1ad84a2cba23934fb02a63bbc17491cf7f6c7384a7c653ec4345d92abab2c5","470.161957","2325","37689","35639","2047","0","0","0","0","0","0","0","0","3","4g","2026-08-24T15:54:28Z"
"journal_bmspos2","BMSPOS2","COUPM_KULC_ADAPTED","2","515366","275","0","0.003","1547","0.3","0.3","1855","13528","29154","29","1b5240e478ede855b486c7512195e21ac2c77ca7cc8978d5d35b6a3ed9bce2a5","397.089951","9975","59028","49328","0","4450","0","0","0","0","0","0","0","7","4g","2026-08-24T15:54:57Z"
"journal_bmspos2","BMSPOS2","UOB_POSTFILTER","2","515366","275","0","0.003","1547","0.3","0.1","1824","22433","45643","14","6fd1db885cbf5903b2484038b4f6c4b540aee7f152cab7eb82ead32cdfc57275","396.815231","9975","59028","49328","0","4450","0","0","0","0","0","0","114063626","7","4g","2026-08-24T15:55:43Z"
"journal_bmspos2","BMSPOS2","UOB_FULL","2","515366","275","0","0.003","1547","0.3","0.1","1849","7118","16046","14","6fd1db885cbf5903b2484038b4f6c4b540aee7f152cab7eb82ead32cdfc57275","444.340378","281","37675","35635","2034","0","2034","2040","24022229","241274","35635","0","0","2","4g","2026-08-24T15:55:59Z"
"journal_bmspos2","BMSPOS2","UOB_NO_EDA","2","515366","275","0","0.003","1547","0.3","0.1","1821","10822","26604","14","6fd1db885cbf5903b2484038b4f6c4b540aee7f152cab7eb82ead32cdfc57275","586.187454","2340","37749","35684","2059","0","0","2065","215358049","215358049","35684","0","0","3","4g","2026-08-24T15:56:25Z"
"journal_bmspos2","BMSPOS2","UOB_NO_UO_BOUND","2","515366","275","0","0.003","1547","0.3","0.1","1837","9167","20556","14","6fd1db885cbf5903b2484038b4f6c4b540aee7f152cab7eb82ead32cdfc57275","454.582748","281","37675","35635","2034","0","2034","2040","24022229","241274","35635","0","0","2","4g","2026-08-24T15:56:46Z"
"journal_bmspos2","BMSPOS2","UOB_EAGER_DUO","2","515366","275","0","0.003","1547","0.3","0.1","1821","9462","20548","14","6fd1db885cbf5903b2484038b4f6c4b540aee7f152cab7eb82ead32cdfc57275","471.411301","281","37675","1","37668","0","37668","37675","42294354","251153","0","0","0","2","4g","2026-08-24T15:57:07Z"
"journal_bmspos2","BMSPOS2","UOB_RECOMPUTE_DUO","2","515366","275","0","0.003","1547","0.3","0.1","1861","15327","33918","14","6fd1db885cbf5903b2484038b4f6c4b540aee7f152cab7eb82ead32cdfc57275","768.633446","2340","37749","35684","2059","0","0","4155","431738993","431738993","35684","2090","0","3","4g","2026-08-24T15:57:40Z"
"journal_bmspos2","BMSPOS2","HUOPM","2","515366","275","0","0.003","1547","0.3","0.0","1818","11922","26032","327","493dc500c4afa41a50952be2308af25358b87d9e2c91adce8de837765320c117","397.086586","9975","59028","49328","0","4450","0","0","0","0","0","0","0","7","4g","2026-08-24T15:58:06Z"
"journal_bmspos2","BMSPOS2","CORHUOPM_AC","2","515366","275","0","0.003","1547","0.3","0.3","1820","6964","15468","14","d2829b3a0ebed8cad4cf5bed75869319124154e61712968f9f03bdc8783de179","395.965393","2359","37783","35699","2074","0","0","0","0","0","0","0","0","3","4g","2026-08-24T15:58:22Z"
"journal_bmspos2","BMSPOS2","CORHUOPM_BOND","3","515366","275","0","0.003","1547","0.3","0.3","1864","13583","27329","13","ce1ad84a2cba23934fb02a63bbc17491cf7f6c7384a7c653ec4345d92abab2c5","471.095383","2325","37689","35639","2047","0","0","0","0","0","0","0","0","3","4g","2026-08-24T15:58:49Z"
"journal_bmspos2","BMSPOS2","CORHUOPM_AC","3","515366","275","0","0.003","1547","0.3","0.3","1864","9239","18941","14","d2829b3a0ebed8cad4cf5bed75869319124154e61712968f9f03bdc8783de179","396.288307","2359","37783","35699","2074","0","0","0","0","0","0","0","0","3","4g","2026-08-24T15:59:08Z"
"journal_bmspos2","BMSPOS2","HUOPM","3","515366","275","0","0.003","1547","0.3","0.0","1843","12025","25939","327","493dc500c4afa41a50952be2308af25358b87d9e2c91adce8de837765320c117","396.980598","9975","59028","49328","0","4450","0","0","0","0","0","0","0","7","4g","2026-08-24T15:59:34Z"
"journal_bmspos2","BMSPOS2","UOB_RECOMPUTE_DUO","3","515366","275","0","0.003","1547","0.3","0.1","1844","20059","42111","14","6fd1db885cbf5903b2484038b4f6c4b540aee7f152cab7eb82ead32cdfc57275","771.860184","2340","37749","35684","2059","0","0","4155","431738993","431738993","35684","2090","0","3","4g","2026-08-24T16:00:16Z"
"journal_bmspos2","BMSPOS2","UOB_EAGER_DUO","3","515366","275","0","0.003","1547","0.3","0.1","1874","7115","16294","14","6fd1db885cbf5903b2484038b4f6c4b540aee7f152cab7eb82ead32cdfc57275","469.893478","281","37675","1","37668","0","37668","37675","42294354","251153","0","0","0","2","4g","2026-08-24T16:00:33Z"
"journal_bmspos2","BMSPOS2","UOB_NO_UO_BOUND","3","515366","275","0","0.003","1547","0.3","0.1","1854","7822","16682","14","6fd1db885cbf5903b2484038b4f6c4b540aee7f152cab7eb82ead32cdfc57275","454.430443","281","37675","35635","2034","0","2034","2040","24022229","241274","35635","0","0","2","4g","2026-08-24T16:00:49Z"
"journal_bmspos2","BMSPOS2","UOB_NO_EDA","3","515366","275","0","0.003","1547","0.3","0.1","1853","13385","34440","14","6fd1db885cbf5903b2484038b4f6c4b540aee7f152cab7eb82ead32cdfc57275","579.034126","2340","37749","35684","2059","0","0","2065","215358049","215358049","35684","0","0","3","4g","2026-08-24T16:01:24Z"
"journal_bmspos2","BMSPOS2","UOB_FULL","3","515366","275","0","0.003","1547","0.3","0.1","1867","7159","16052","14","6fd1db885cbf5903b2484038b4f6c4b540aee7f152cab7eb82ead32cdfc57275","444.934189","281","37675","35635","2034","0","2034","2040","24022229","241274","35635","0","0","2","4g","2026-08-24T16:01:40Z"
"journal_bmspos2","BMSPOS2","UOB_POSTFILTER","3","515366","275","0","0.003","1547","0.3","0.1","1806","17969","38150","14","6fd1db885cbf5903b2484038b4f6c4b540aee7f152cab7eb82ead32cdfc57275","397.110146","9975","59028","49328","0","4450","0","0","0","0","0","0","114063626","7","4g","2026-08-24T16:02:18Z"
"journal_bmspos2","BMSPOS2","COUPM_KULC_ADAPTED","3","515366","275","0","0.003","1547","0.3","0.3","1819","12539","26831","29","1b5240e478ede855b486c7512195e21ac2c77ca7cc8978d5d35b6a3ed9bce2a5","397.086723","9975","59028","49328","0","4450","0","0","0","0","0","0","0","7","4g","2026-08-24T16:02:45Z"
"journal_bmspos2","BMSPOS2","UOB_POSTFILTER","4","515366","275","0","0.003","1547","0.3","0.1","1866","24923","47503","14","6fd1db885cbf5903b2484038b4f6c4b540aee7f152cab7eb82ead32cdfc57275","396.154579","9975","59028","49328","0","4450","0","0","0","0","0","0","114063626","7","4g","2026-08-24T16:03:32Z"
"journal_bmspos2","BMSPOS2","UOB_FULL","4","515366","275","0","0.003","1547","0.3","0.1","1838","7036","15854","14","6fd1db885cbf5903b2484038b4f6c4b540aee7f152cab7eb82ead32cdfc57275","444.579857","281","37675","35635","2034","0","2034","2040","24022229","241274","35635","0","0","2","4g","2026-08-24T16:03:48Z"
"journal_bmspos2","BMSPOS2","UOB_NO_EDA","4","515366","275","0","0.003","1547","0.3","0.1","1877","10879","25615","14","6fd1db885cbf5903b2484038b4f6c4b540aee7f152cab7eb82ead32cdfc57275","584.577347","2340","37749","35684","2059","0","0","2065","215358049","215358049","35684","0","0","3","4g","2026-08-24T16:04:14Z"
"journal_bmspos2","BMSPOS2","UOB_NO_UO_BOUND","4","515366","275","0","0.003","1547","0.3","0.1","1788","7397","16358","14","6fd1db885cbf5903b2484038b4f6c4b540aee7f152cab7eb82ead32cdfc57275","457.562851","281","37675","35635","2034","0","2034","2040","24022229","241274","35635","0","0","2","4g","2026-08-24T16:04:30Z"
"journal_bmspos2","BMSPOS2","UOB_EAGER_DUO","4","515366","275","0","0.003","1547","0.3","0.1","1899","7579","17238","14","6fd1db885cbf5903b2484038b4f6c4b540aee7f152cab7eb82ead32cdfc57275","471.17189","281","37675","1","37668","0","37668","37675","42294354","251153","0","0","0","2","4g","2026-08-24T16:04:47Z"
"journal_bmspos2","BMSPOS2","UOB_RECOMPUTE_DUO","4","515366","275","0","0.003","1547","0.3","0.1","1976","16402","35410","14","6fd1db885cbf5903b2484038b4f6c4b540aee7f152cab7eb82ead32cdfc57275","743.32476","2340","37749","35684","2059","0","0","4155","431738993","431738993","35684","2090","0","3","4g","2026-08-24T16:05:23Z"
"journal_bmspos2","BMSPOS2","HUOPM","4","515366","275","0","0.003","1547","0.3","0.0","1837","13261","28226","327","493dc500c4afa41a50952be2308af25358b87d9e2c91adce8de837765320c117","396.968193","9975","59028","49328","0","4450","0","0","0","0","0","0","0","7","4g","2026-08-24T16:05:51Z"
"journal_bmspos2","BMSPOS2","CORHUOPM_AC","4","515366","275","0","0.003","1547","0.3","0.3","1794","7663","16795","14","d2829b3a0ebed8cad4cf5bed75869319124154e61712968f9f03bdc8783de179","395.783058","2359","37783","35699","2074","0","0","0","0","0","0","0","0","3","4g","2026-08-24T16:06:08Z"
"journal_bmspos2","BMSPOS2","CORHUOPM_BOND","4","515366","275","0","0.003","1547","0.3","0.3","1845","11724","25800","13","ce1ad84a2cba23934fb02a63bbc17491cf7f6c7384a7c653ec4345d92abab2c5","470.835617","2325","37689","35639","2047","0","0","0","0","0","0","0","0","3","4g","2026-08-24T16:06:34Z"
"journal_bmspos2","BMSPOS2","COUPM_KULC_ADAPTED","4","515366","275","0","0.003","1547","0.3","0.3","1854","13314","28267","29","1b5240e478ede855b486c7512195e21ac2c77ca7cc8978d5d35b6a3ed9bce2a5","396.993286","9975","59028","49328","0","4450","0","0","0","0","0","0","0","7","4g","2026-08-24T16:07:02Z"
"journal_bmspos2","BMSPOS2","UOB_POSTFILTER","5","515366","275","0","0.003","1547","0.3","0.1","1805","25806","49526","14","6fd1db885cbf5903b2484038b4f6c4b540aee7f152cab7eb82ead32cdfc57275","396.782158","9975","59028","49328","0","4450","0","0","0","0","0","0","114063626","7","4g","2026-08-24T16:07:51Z"
"journal_bmspos2","BMSPOS2","COUPM_KULC_ADAPTED","5","515366","275","0","0.003","1547","0.3","0.3","1820","14475","30156","29","1b5240e478ede855b486c7512195e21ac2c77ca7cc8978d5d35b6a3ed9bce2a5","397.166458","9975","59028","49328","0","4450","0","0","0","0","0","0","0","7","4g","2026-08-24T16:08:21Z"
"journal_bmspos2","BMSPOS2","CORHUOPM_BOND","5","515366","275","0","0.003","1547","0.3","0.3","1828","14298","30076","13","ce1ad84a2cba23934fb02a63bbc17491cf7f6c7384a7c653ec4345d92abab2c5","471.207191","2325","37689","35639","2047","0","0","0","0","0","0","0","0","3","4g","2026-08-24T16:08:52Z"
"journal_bmspos2","BMSPOS2","CORHUOPM_AC","5","515366","275","0","0.003","1547","0.3","0.3","1829","7993","17972","14","d2829b3a0ebed8cad4cf5bed75869319124154e61712968f9f03bdc8783de179","397.149246","2359","37783","35699","2074","0","0","0","0","0","0","0","0","3","4g","2026-08-24T16:09:10Z"
"journal_bmspos2","BMSPOS2","HUOPM","5","515366","275","0","0.003","1547","0.3","0.0","1833","14497","30974","327","493dc500c4afa41a50952be2308af25358b87d9e2c91adce8de837765320c117","396.959465","9975","59028","49328","0","4450","0","0","0","0","0","0","0","7","4g","2026-08-24T16:09:40Z"
"journal_bmspos2","BMSPOS2","UOB_RECOMPUTE_DUO","5","515366","275","0","0.003","1547","0.3","0.1","1828","20267","45707","14","6fd1db885cbf5903b2484038b4f6c4b540aee7f152cab7eb82ead32cdfc57275","736.902344","2340","37749","35684","2059","0","0","4155","431738993","431738993","35684","2090","0","3","4g","2026-08-24T16:10:26Z"
"journal_bmspos2","BMSPOS2","UOB_EAGER_DUO","5","515366","275","0","0.003","1547","0.3","0.1","1854","9137","20599","14","6fd1db885cbf5903b2484038b4f6c4b540aee7f152cab7eb82ead32cdfc57275","471.133301","281","37675","1","37668","0","37668","37675","42294354","251153","0","0","0","2","4g","2026-08-24T16:10:47Z"
"journal_bmspos2","BMSPOS2","UOB_NO_UO_BOUND","5","515366","275","0","0.003","1547","0.3","0.1","1829","9306","19790","14","6fd1db885cbf5903b2484038b4f6c4b540aee7f152cab7eb82ead32cdfc57275","457.324989","281","37675","35635","2034","0","2034","2040","24022229","241274","35635","0","0","2","4g","2026-08-24T16:11:07Z"
"journal_bmspos2","BMSPOS2","UOB_NO_EDA","5","515366","275","0","0.003","1547","0.3","0.1","1926","10941","24368","14","6fd1db885cbf5903b2484038b4f6c4b540aee7f152cab7eb82ead32cdfc57275","560.031082","2340","37749","35684","2059","0","0","2065","215358049","215358049","35684","0","0","3","4g","2026-08-24T16:11:31Z"
"journal_bmspos2","BMSPOS2","UOB_FULL","5","515366","275","0","0.003","1547","0.3","0.1","1827","5944","13926","14","6fd1db885cbf5903b2484038b4f6c4b540aee7f152cab7eb82ead32cdfc57275","443.311317","281","37675","35635","2034","0","2034","2040","24022229","241274","35635","0","0","2","4g","2026-08-24T16:11:45Z"
"journal_bmspos2","BMSPOS2","UOB_NO_EDA","6","515366","275","0","0.003","1547","0.3","0.1","1829","10690","25052","14","6fd1db885cbf5903b2484038b4f6c4b540aee7f152cab7eb82ead32cdfc57275","562.506828","2340","37749","35684","2059","0","0","2065","215358049","215358049","35684","0","0","3","4g","2026-08-24T16:12:10Z"
"journal_bmspos2","BMSPOS2","UOB_NO_UO_BOUND","6","515366","275","0","0.003","1547","0.3","0.1","1826","6658","15145","14","6fd1db885cbf5903b2484038b4f6c4b540aee7f152cab7eb82ead32cdfc57275","454.459572","281","37675","35635","2034","0","2034","2040","24022229","241274","35635","0","0","2","4g","2026-08-24T16:12:25Z"
"journal_bmspos2","BMSPOS2","UOB_EAGER_DUO","6","515366","275","0","0.003","1547","0.3","0.1","1854","7062","16003","14","6fd1db885cbf5903b2484038b4f6c4b540aee7f152cab7eb82ead32cdfc57275","469.958206","281","37675","1","37668","0","37668","37675","42294354","251153","0","0","0","2","4g","2026-08-24T16:12:41Z"
"journal_bmspos2","BMSPOS2","UOB_RECOMPUTE_DUO","6","515366","275","0","0.003","1547","0.3","0.1","1842","15443","35746","14","6fd1db885cbf5903b2484038b4f6c4b540aee7f152cab7eb82ead32cdfc57275","710.793266","2340","37749","35684","2059","0","0","4155","431738993","431738993","35684","2090","0","3","4g","2026-08-24T16:13:17Z"
"journal_bmspos2","BMSPOS2","HUOPM","6","515366","275","0","0.003","1547","0.3","0.0","1854","12368","26666","327","493dc500c4afa41a50952be2308af25358b87d9e2c91adce8de837765320c117","396.928078","9975","59028","49328","0","4450","0","0","0","0","0","0","0","7","4g","2026-08-24T16:13:44Z"
"journal_bmspos2","BMSPOS2","CORHUOPM_AC","6","515366","275","0","0.003","1547","0.3","0.3","1847","8836","18671","14","d2829b3a0ebed8cad4cf5bed75869319124154e61712968f9f03bdc8783de179","396.187531","2359","37783","35699","2074","0","0","0","0","0","0","0","0","3","4g","2026-08-24T16:14:02Z"
"journal_bmspos2","BMSPOS2","CORHUOPM_BOND","6","515366","275","0","0.003","1547","0.3","0.3","1834","13301","27451","13","ce1ad84a2cba23934fb02a63bbc17491cf7f6c7384a7c653ec4345d92abab2c5","469.946465","2325","37689","35639","2047","0","0","0","0","0","0","0","0","3","4g","2026-08-24T16:14:30Z"
"journal_bmspos2","BMSPOS2","COUPM_KULC_ADAPTED","6","515366","275","0","0.003","1547","0.3","0.3","1821","13895","29006","29","1b5240e478ede855b486c7512195e21ac2c77ca7cc8978d5d35b6a3ed9bce2a5","397.265236","9975","59028","49328","0","4450","0","0","0","0","0","0","0","7","4g","2026-08-24T16:14:59Z"
"journal_bmspos2","BMSPOS2","UOB_POSTFILTER","6","515366","275","0","0.003","1547","0.3","0.1","1814","18401","38084","14","6fd1db885cbf5903b2484038b4f6c4b540aee7f152cab7eb82ead32cdfc57275","397.117157","9975","59028","49328","0","4450","0","0","0","0","0","0","114063626","7","4g","2026-08-24T16:15:37Z"
"journal_bmspos2","BMSPOS2","UOB_FULL","6","515366","275","0","0.003","1547","0.3","0.1","1822","6734","15489","14","6fd1db885cbf5903b2484038b4f6c4b540aee7f152cab7eb82ead32cdfc57275","445.273689","281","37675","35635","2034","0","2034","2040","24022229","241274","35635","0","0","2","4g","2026-08-24T16:15:52Z"
"journal_bmspos2","BMSPOS2","UOB_NO_EDA","7","515366","275","0","0.003","1547","0.3","0.1","1823","10992","25230","14","6fd1db885cbf5903b2484038b4f6c4b540aee7f152cab7eb82ead32cdfc57275","644.302483","2340","37749","35684","2059","0","0","2065","215358049","215358049","35684","0","0","3","4g","2026-08-24T16:16:17Z"
"journal_bmspos2","BMSPOS2","UOB_FULL","7","515366","275","0","0.003","1547","0.3","0.1","1820","9395","20308","14","6fd1db885cbf5903b2484038b4f6c4b540aee7f152cab7eb82ead32cdfc57275","443.829582","281","37675","35635","2034","0","2034","2040","24022229","241274","35635","0","0","2","4g","2026-08-24T16:16:38Z"
"journal_bmspos2","BMSPOS2","UOB_POSTFILTER","7","515366","275","0","0.003","1547","0.3","0.1","1871","18841","39044","14","6fd1db885cbf5903b2484038b4f6c4b540aee7f152cab7eb82ead32cdfc57275","397.361504","9975","59028","49328","0","4450","0","0","0","0","0","0","114063626","7","4g","2026-08-24T16:17:17Z"
"journal_bmspos2","BMSPOS2","COUPM_KULC_ADAPTED","7","515366","275","0","0.003","1547","0.3","0.3","1832","13202","28236","29","1b5240e478ede855b486c7512195e21ac2c77ca7cc8978d5d35b6a3ed9bce2a5","397.236526","9975","59028","49328","0","4450","0","0","0","0","0","0","0","7","4g","2026-08-24T16:17:45Z"
"journal_bmspos2","BMSPOS2","CORHUOPM_BOND","7","515366","275","0","0.003","1547","0.3","0.3","1819","13134","27625","13","ce1ad84a2cba23934fb02a63bbc17491cf7f6c7384a7c653ec4345d92abab2c5","470.144577","2325","37689","35639","2047","0","0","0","0","0","0","0","0","3","4g","2026-08-24T16:18:13Z"
"journal_bmspos2","BMSPOS2","CORHUOPM_AC","7","515366","275","0","0.003","1547","0.3","0.3","1812","6937","15539","14","d2829b3a0ebed8cad4cf5bed75869319124154e61712968f9f03bdc8783de179","396.560921","2359","37783","35699","2074","0","0","0","0","0","0","0","0","3","4g","2026-08-24T16:18:28Z"
"journal_bmspos2","BMSPOS2","HUOPM","7","515366","275","0","0.003","1547","0.3","0.0","1845","12036","26803","327","493dc500c4afa41a50952be2308af25358b87d9e2c91adce8de837765320c117","397.105225","9975","59028","49328","0","4450","0","0","0","0","0","0","0","7","4g","2026-08-24T16:18:55Z"
"journal_bmspos2","BMSPOS2","UOB_RECOMPUTE_DUO","7","515366","275","0","0.003","1547","0.3","0.1","1834","15153","34942","14","6fd1db885cbf5903b2484038b4f6c4b540aee7f152cab7eb82ead32cdfc57275","717.42157","2340","37749","35684","2059","0","0","4155","431738993","431738993","35684","2090","0","3","4g","2026-08-24T16:19:30Z"
"journal_bmspos2","BMSPOS2","UOB_EAGER_DUO","7","515366","275","0","0.003","1547","0.3","0.1","1840","9020","19977","14","6fd1db885cbf5903b2484038b4f6c4b540aee7f152cab7eb82ead32cdfc57275","471.013626","281","37675","1","37668","0","37668","37675","42294354","251153","0","0","0","2","4g","2026-08-24T16:19:50Z"
"journal_bmspos2","BMSPOS2","UOB_NO_UO_BOUND","7","515366","275","0","0.003","1547","0.3","0.1","1855","6730","15448","14","6fd1db885cbf5903b2484038b4f6c4b540aee7f152cab7eb82ead32cdfc57275","454.292892","281","37675","35635","2034","0","2034","2040","24022229","241274","35635","0","0","2","4g","2026-08-24T16:20:05Z"
"journal_bmspos2","BMSPOS2","UOB_EAGER_DUO","8","515366","275","0","0.003","1547","0.3","0.1","2017","7141","16590","14","6fd1db885cbf5903b2484038b4f6c4b540aee7f152cab7eb82ead32cdfc57275","470.881744","281","37675","1","37668","0","37668","37675","42294354","251153","0","0","0","2","4g","2026-08-24T16:20:22Z"
"journal_bmspos2","BMSPOS2","UOB_RECOMPUTE_DUO","8","515366","275","0","0.003","1547","0.3","0.1","1796","16835","44110","14","6fd1db885cbf5903b2484038b4f6c4b540aee7f152cab7eb82ead32cdfc57275","872.403481","2340","37749","35684","2059","0","0","4155","431738993","431738993","35684","2090","0","3","4g","2026-08-24T16:21:06Z"
"journal_bmspos2","BMSPOS2","HUOPM","8","515366","275","0","0.003","1547","0.3","0.0","1861","13647","29047","327","493dc500c4afa41a50952be2308af25358b87d9e2c91adce8de837765320c117","396.920433","9975","59028","49328","0","4450","0","0","0","0","0","0","0","7","4g","2026-08-24T16:21:35Z"
"journal_bmspos2","BMSPOS2","CORHUOPM_AC","8","515366","275","0","0.003","1547","0.3","0.3","1800","8752","18740","14","d2829b3a0ebed8cad4cf5bed75869319124154e61712968f9f03bdc8783de179","396.069626","2359","37783","35699","2074","0","0","0","0","0","0","0","0","3","4g","2026-08-24T16:21:54Z"
"journal_bmspos2","BMSPOS2","CORHUOPM_BOND","8","515366","275","0","0.003","1547","0.3","0.3","1843","13171","27408","13","ce1ad84a2cba23934fb02a63bbc17491cf7f6c7384a7c653ec4345d92abab2c5","470.180771","2325","37689","35639","2047","0","0","0","0","0","0","0","0","3","4g","2026-08-24T16:22:21Z"
"journal_bmspos2","BMSPOS2","COUPM_KULC_ADAPTED","8","515366","275","0","0.003","1547","0.3","0.3","1838","12320","26731","29","1b5240e478ede855b486c7512195e21ac2c77ca7cc8978d5d35b6a3ed9bce2a5","397.168175","9975","59028","49328","0","4450","0","0","0","0","0","0","0","7","4g","2026-08-24T16:22:48Z"
"journal_bmspos2","BMSPOS2","UOB_POSTFILTER","8","515366","275","0","0.003","1547","0.3","0.1","1802","19341","39912","14","6fd1db885cbf5903b2484038b4f6c4b540aee7f152cab7eb82ead32cdfc57275","397.050697","9975","59028","49328","0","4450","0","0","0","0","0","0","114063626","7","4g","2026-08-24T16:23:28Z"
"journal_bmspos2","BMSPOS2","UOB_FULL","8","515366","275","0","0.003","1547","0.3","0.1","1956","6987","16005","14","6fd1db885cbf5903b2484038b4f6c4b540aee7f152cab7eb82ead32cdfc57275","443.835732","281","37675","35635","2034","0","2034","2040","24022229","241274","35635","0","0","2","4g","2026-08-24T16:23:44Z"
"journal_bmspos2","BMSPOS2","UOB_NO_EDA","8","515366","275","0","0.003","1547","0.3","0.1","1830","13717","29982","14","6fd1db885cbf5903b2484038b4f6c4b540aee7f152cab7eb82ead32cdfc57275","589.438538","2340","37749","35684","2059","0","0","2065","215358049","215358049","35684","0","0","3","4g","2026-08-24T16:24:14Z"
"journal_bmspos2","BMSPOS2","UOB_NO_UO_BOUND","8","515366","275","0","0.003","1547","0.3","0.1","1843","6529","14918","14","6fd1db885cbf5903b2484038b4f6c4b540aee7f152cab7eb82ead32cdfc57275","451.348793","281","37675","35635","2034","0","2034","2040","24022229","241274","35635","0","0","2","4g","2026-08-24T16:24:29Z"
"journal_bmspos2","BMSPOS2","UOB_EAGER_DUO","9","515366","275","0","0.003","1547","0.3","0.1","1854","7230","16386","14","6fd1db885cbf5903b2484038b4f6c4b540aee7f152cab7eb82ead32cdfc57275","470.98262","281","37675","1","37668","0","37668","37675","42294354","251153","0","0","0","2","4g","2026-08-24T16:24:45Z"
"journal_bmspos2","BMSPOS2","UOB_NO_UO_BOUND","9","515366","275","0","0.003","1547","0.3","0.1","1845","9157","20262","14","6fd1db885cbf5903b2484038b4f6c4b540aee7f152cab7eb82ead32cdfc57275","456.598915","281","37675","35635","2034","0","2034","2040","24022229","241274","35635","0","0","2","4g","2026-08-24T16:25:05Z"
"journal_bmspos2","BMSPOS2","UOB_NO_EDA","9","515366","275","0","0.003","1547","0.3","0.1","1880","11197","25141","14","6fd1db885cbf5903b2484038b4f6c4b540aee7f152cab7eb82ead32cdfc57275","551.453506","2340","37749","35684","2059","0","0","2065","215358049","215358049","35684","0","0","3","4g","2026-08-24T16:25:31Z"
"journal_bmspos2","BMSPOS2","UOB_FULL","9","515366","275","0","0.003","1547","0.3","0.1","1898","9623","21580","14","6fd1db885cbf5903b2484038b4f6c4b540aee7f152cab7eb82ead32cdfc57275","443.402817","281","37675","35635","2034","0","2034","2040","24022229","241274","35635","0","0","2","4g","2026-08-24T16:25:52Z"
"journal_bmspos2","BMSPOS2","UOB_POSTFILTER","9","515366","275","0","0.003","1547","0.3","0.1","1810","17755","37601","14","6fd1db885cbf5903b2484038b4f6c4b540aee7f152cab7eb82ead32cdfc57275","397.103485","9975","59028","49328","0","4450","0","0","0","0","0","0","114063626","7","4g","2026-08-24T16:26:30Z"
"journal_bmspos2","BMSPOS2","COUPM_KULC_ADAPTED","9","515366","275","0","0.003","1547","0.3","0.3","1842","12223","26703","29","1b5240e478ede855b486c7512195e21ac2c77ca7cc8978d5d35b6a3ed9bce2a5","397.405418","9975","59028","49328","0","4450","0","0","0","0","0","0","0","7","4g","2026-08-24T16:26:56Z"
"journal_bmspos2","BMSPOS2","CORHUOPM_BOND","9","515366","275","0","0.003","1547","0.3","0.3","1855","13160","28396","13","ce1ad84a2cba23934fb02a63bbc17491cf7f6c7384a7c653ec4345d92abab2c5","469.950928","2325","37689","35639","2047","0","0","0","0","0","0","0","0","3","4g","2026-08-24T16:27:25Z"
"journal_bmspos2","BMSPOS2","CORHUOPM_AC","9","515366","275","0","0.003","1547","0.3","0.3","1856","8947","19127","14","d2829b3a0ebed8cad4cf5bed75869319124154e61712968f9f03bdc8783de179","395.952377","2359","37783","35699","2074","0","0","0","0","0","0","0","0","3","4g","2026-08-24T16:27:44Z"
"journal_bmspos2","BMSPOS2","HUOPM","9","515366","275","0","0.003","1547","0.3","0.0","1832","13798","29126","327","493dc500c4afa41a50952be2308af25358b87d9e2c91adce8de837765320c117","396.993477","9975","59028","49328","0","4450","0","0","0","0","0","0","0","7","4g","2026-08-24T16:28:13Z"
"journal_bmspos2","BMSPOS2","UOB_RECOMPUTE_DUO","9","515366","275","0","0.003","1547","0.3","0.1","1833","20934","47453","14","6fd1db885cbf5903b2484038b4f6c4b540aee7f152cab7eb82ead32cdfc57275","737.279961","2340","37749","35684","2059","0","0","4155","431738993","431738993","35684","2090","0","3","4g","2026-08-24T16:29:01Z"
"journal_chess","Chess","HUOPM","0","3196","34","0","0.6","1918","0.3","0.0","266","11927","22307","11469","5db5b2e39b47aaaa17ce0907085c6afd2797d1dba384ffb81631441e1b1ee08e","310.114922","67746","70869","3157","0","33950","0","0","0","0","0","0","0","14","4g","2026-08-24T16:29:23Z"
"journal_chess","Chess","CORHUOPM_AC","0","3196","34","0","0.6","1918","0.3","0.65","229","6347","11509","3408","7dbf5702be7b814a09e50e5e3ea2bf405a5a6b0a5383c01710a1cafc0bccf9b7","309.936943","38760","39972","1246","8638","15293","0","0","0","0","0","0","0","13","4g","2026-08-24T16:29:34Z"
"journal_chess","Chess","CORHUOPM_BOND","0","3196","34","0","0.6","1918","0.3","0.72","238","1245","3226","453","f603f6ce33d4201128364d4b6f5eb987c005a6f067d56bdd5a93ed0df8ce9861","308.947815","8008","8163","189","975","4086","0","0","0","0","0","0","0","12","4g","2026-08-24T16:29:38Z"
"journal_chess","Chess","COUPM_KULC_ADAPTED","0","3196","34","0","0.6","1918","0.3","0.65","277","11041","20742","8007","50ea1a00c838761cc85ac321942e18af566cf56c47e189cc7d8b549d983b20df","309.979622","67746","70869","3157","0","33950","0","0","0","0","0","0","0","14","4g","2026-08-24T16:29:58Z"
"journal_chess","Chess","UOB_POSTFILTER","0","3196","34","0","0.6","1918","0.3","0.1","271","15175","29806","65","3e6d37edd1d2fc11ac320165825850303ac097ebf806401db08c12edffb8d91d","310.134651","67746","70869","3157","0","33950","0","0","0","0","0","0","358788891","14","4g","2026-08-24T16:30:28Z"
"journal_chess","Chess","UOB_FULL","0","3196","34","0","0.6","1918","0.3","0.1","266","1475","3524","65","3e6d37edd1d2fc11ac320165825850303ac097ebf806401db08c12edffb8d91d","389.845848","6972","10642","946","2758","4928","2758","9696","30189796","22154376","946","0","0","9","4g","2026-08-24T16:30:32Z"
"journal_chess","Chess","UOB_NO_EDA","0","3196","34","0","0.6","1918","0.3","0.1","267","1676","3898","65","3e6d37edd1d2fc11ac320165825850303ac097ebf806401db08c12edffb8d91d","368.508102","11131","12207","1110","4159","4928","0","11097","35442828","35442828","1110","0","0","9","4g","2026-08-24T16:30:36Z"
"journal_chess","Chess","UOB_NO_UO_BOUND","0","3196","34","0","0.6","1918","0.3","0.1","280","3921","7342","65","3e6d37edd1d2fc11ac320165825850303ac097ebf806401db08c12edffb8d91d","309.482552","27802","38830","1312","9750","0","9750","37518","117552845","88725944","1312","0","0","9","4g","2026-08-24T16:30:43Z"
"journal_chess","Chess","UOB_EAGER_DUO","0","3196","34","0","0.6","1918","0.3","0.1","244","1580","3612","65","3e6d37edd1d2fc11ac320165825850303ac097ebf806401db08c12edffb8d91d","458.277428","6972","10642","690","3014","4928","3014","10642","33038582","24326224","0","0","0","9","4g","2026-08-24T16:30:47Z"
"journal_chess","Chess","UOB_RECOMPUTE_DUO","0","3196","34","0","0.6","1918","0.3","0.1","290","4880","9132","65","3e6d37edd1d2fc11ac320165825850303ac097ebf806401db08c12edffb8d91d","310.123093","11131","12207","1110","4159","4928","0","58108","184600077","184600077","1110","47011","0","9","4g","2026-08-24T16:30:56Z"
"journal_chess","Chess","HUOPM","1","3196","34","0","0.6","1918","0.3","0.0","280","11055","21326","11469","5db5b2e39b47aaaa17ce0907085c6afd2797d1dba384ffb81631441e1b1ee08e","309.946892","67746","70869","3157","0","33950","0","0","0","0","0","0","0","14","4g","2026-08-24T16:31:17Z"
"journal_chess","Chess","UOB_RECOMPUTE_DUO","1","3196","34","0","0.6","1918","0.3","0.1","273","4509","8860","65","3e6d37edd1d2fc11ac320165825850303ac097ebf806401db08c12edffb8d91d","309.827095","11131","12207","1110","4159","4928","0","58108","184600077","184600077","1110","47011","0","9","4g","2026-08-24T16:31:26Z"
"journal_chess","Chess","UOB_EAGER_DUO","1","3196","34","0","0.6","1918","0.3","0.1","266","1406","3558","65","3e6d37edd1d2fc11ac320165825850303ac097ebf806401db08c12edffb8d91d","370.532463","6972","10642","690","3014","4928","3014","10642","33038582","24326224","0","0","0","9","4g","2026-08-24T16:31:29Z"
"journal_chess","Chess","UOB_NO_UO_BOUND","1","3196","34","0","0.6","1918","0.3","0.1","230","3685","6946","65","3e6d37edd1d2fc11ac320165825850303ac097ebf806401db08c12edffb8d91d","309.711838","27802","38830","1312","9750","0","9750","37518","117552845","88725944","1312","0","0","9","4g","2026-08-24T16:31:36Z"
"journal_chess","Chess","UOB_NO_EDA","1","3196","34","0","0.6","1918","0.3","0.1","288","1565","3807","65","3e6d37edd1d2fc11ac320165825850303ac097ebf806401db08c12edffb8d91d","370.84288","11131","12207","1110","4159","4928","0","11097","35442828","35442828","1110","0","0","9","4g","2026-08-24T16:31:40Z"
"journal_chess","Chess","UOB_FULL","1","3196","34","0","0.6","1918","0.3","0.1","291","1340","3526","65","3e6d37edd1d2fc11ac320165825850303ac097ebf806401db08c12edffb8d91d","307.997643","6972","10642","946","2758","4928","2758","9696","30189796","22154376","946","0","0","9","4g","2026-08-24T16:31:44Z"
"journal_chess","Chess","UOB_POSTFILTER","1","3196","34","0","0.6","1918","0.3","0.1","279","16296","31183","65","3e6d37edd1d2fc11ac320165825850303ac097ebf806401db08c12edffb8d91d","309.902382","67746","70869","3157","0","33950","0","0","0","0","0","0","358788891","14","4g","2026-08-24T16:32:15Z"
"journal_chess","Chess","COUPM_KULC_ADAPTED","1","3196","34","0","0.6","1918","0.3","0.65","279","11488","22038","8007","50ea1a00c838761cc85ac321942e18af566cf56c47e189cc7d8b549d983b20df","309.83506","67746","70869","3157","0","33950","0","0","0","0","0","0","0","14","4g","2026-08-24T16:32:37Z"
"journal_chess","Chess","CORHUOPM_BOND","1","3196","34","0","0.6","1918","0.3","0.72","224","1117","3040","453","f603f6ce33d4201128364d4b6f5eb987c005a6f067d56bdd5a93ed0df8ce9861","308.826462","8008","8163","189","975","4086","0","0","0","0","0","0","0","12","4g","2026-08-24T16:32:40Z"
"journal_chess","Chess","CORHUOPM_AC","1","3196","34","0","0.6","1918","0.3","0.65","290","6686","12394","3408","7dbf5702be7b814a09e50e5e3ea2bf405a5a6b0a5383c01710a1cafc0bccf9b7","309.359947","38760","39972","1246","8638","15293","0","0","0","0","0","0","0","13","4g","2026-08-24T16:32:52Z"
"journal_chess","Chess","CORHUOPM_BOND","2","3196","34","0","0.6","1918","0.3","0.72","239","1081","3035","453","f603f6ce33d4201128364d4b6f5eb987c005a6f067d56bdd5a93ed0df8ce9861","309.010422","8008","8163","189","975","4086","0","0","0","0","0","0","0","12","4g","2026-08-24T16:32:55Z"
"journal_chess","Chess","COUPM_KULC_ADAPTED","2","3196","34","0","0.6","1918","0.3","0.65","241","11255","21647","8007","50ea1a00c838761cc85ac321942e18af566cf56c47e189cc7d8b549d983b20df","309.922501","67746","70869","3157","0","33950","0","0","0","0","0","0","0","14","4g","2026-08-24T16:33:17Z"
"journal_chess","Chess","UOB_POSTFILTER","2","3196","34","0","0.6","1918","0.3","0.1","263","15858","31258","65","3e6d37edd1d2fc11ac320165825850303ac097ebf806401db08c12edffb8d91d","309.945267","67746","70869","3157","0","33950","0","0","0","0","0","0","358788891","14","4g","2026-08-24T16:33:48Z"
"journal_chess","Chess","UOB_FULL","2","3196","34","0","0.6","1918","0.3","0.1","270","1361","3471","65","3e6d37edd1d2fc11ac320165825850303ac097ebf806401db08c12edffb8d91d","370.254379","6972","10642","946","2758","4928","2758","9696","30189796","22154376","946","0","0","9","4g","2026-08-24T16:33:52Z"
"journal_chess","Chess","UOB_NO_EDA","2","3196","34","0","0.6","1918","0.3","0.1","255","1607","3881","65","3e6d37edd1d2fc11ac320165825850303ac097ebf806401db08c12edffb8d91d","370.78891","11131","12207","1110","4159","4928","0","11097","35442828","35442828","1110","0","0","9","4g","2026-08-24T16:33:56Z"
"journal_chess","Chess","UOB_NO_UO_BOUND","2","3196","34","0","0.6","1918","0.3","0.1","274","4129","7627","65","3e6d37edd1d2fc11ac320165825850303ac097ebf806401db08c12edffb8d91d","309.39283","27802","38830","1312","9750","0","9750","37518","117552845","88725944","1312","0","0","9","4g","2026-08-24T16:34:03Z"
"journal_chess","Chess","UOB_EAGER_DUO","2","3196","34","0","0.6","1918","0.3","0.1","282","1507","3786","65","3e6d37edd1d2fc11ac320165825850303ac097ebf806401db08c12edffb8d91d","476.708504","6972","10642","690","3014","4928","3014","10642","33038582","24326224","0","0","0","9","4g","2026-08-24T16:34:07Z"
"journal_chess","Chess","UOB_RECOMPUTE_DUO","2","3196","34","0","0.6","1918","0.3","0.1","268","5205","9683","65","3e6d37edd1d2fc11ac320165825850303ac097ebf806401db08c12edffb8d91d","309.688934","11131","12207","1110","4159","4928","0","58108","184600077","184600077","1110","47011","0","9","4g","2026-08-24T16:34:17Z"
"journal_chess","Chess","HUOPM","2","3196","34","0","0.6","1918","0.3","0.0","273","11615","22208","11469","5db5b2e39b47aaaa17ce0907085c6afd2797d1dba384ffb81631441e1b1ee08e","309.851402","67746","70869","3157","0","33950","0","0","0","0","0","0","0","14","4g","2026-08-24T16:34:39Z"
"journal_chess","Chess","CORHUOPM_AC","2","3196","34","0","0.6","1918","0.3","0.65","283","6499","12186","3408","7dbf5702be7b814a09e50e5e3ea2bf405a5a6b0a5383c01710a1cafc0bccf9b7","309.81456","38760","39972","1246","8638","15293","0","0","0","0","0","0","0","13","4g","2026-08-24T16:34:51Z"
"journal_chess","Chess","CORHUOPM_BOND","3","3196","34","0","0.6","1918","0.3","0.72","251","1187","3240","453","f603f6ce33d4201128364d4b6f5eb987c005a6f067d56bdd5a93ed0df8ce9861","307.909737","8008","8163","189","975","4086","0","0","0","0","0","0","0","12","4g","2026-08-24T16:34:54Z"
"journal_chess","Chess","CORHUOPM_AC","3","3196","34","0","0.6","1918","0.3","0.65","268","6613","12216","3408","7dbf5702be7b814a09e50e5e3ea2bf405a5a6b0a5383c01710a1cafc0bccf9b7","309.929001","38760","39972","1246","8638","15293","0","0","0","0","0","0","0","13","4g","2026-08-24T16:35:07Z"
"journal_chess","Chess","HUOPM","3","3196","34","0","0.6","1918","0.3","0.0","227","11580","21581","11469","5db5b2e39b47aaaa17ce0907085c6afd2797d1dba384ffb81631441e1b1ee08e","309.949867","67746","70869","3157","0","33950","0","0","0","0","0","0","0","14","4g","2026-08-24T16:35:28Z"
"journal_chess","Chess","UOB_RECOMPUTE_DUO","3","3196","34","0","0.6","1918","0.3","0.1","269","5125","9465","65","3e6d37edd1d2fc11ac320165825850303ac097ebf806401db08c12edffb8d91d","309.680565","11131","12207","1110","4159","4928","0","58108","184600077","184600077","1110","47011","0","9","4g","2026-08-24T16:35:38Z"
"journal_chess","Chess","UOB_EAGER_DUO","3","3196","34","0","0.6","1918","0.3","0.1","267","1472","3622","65","3e6d37edd1d2fc11ac320165825850303ac097ebf806401db08c12edffb8d91d","309.866035","6972","10642","690","3014","4928","3014","10642","33038582","24326224","0","0","0","9","4g","2026-08-24T16:35:41Z"
"journal_chess","Chess","UOB_NO_UO_BOUND","3","3196","34","0","0.6","1918","0.3","0.1","269","4054","7258","65","3e6d37edd1d2fc11ac320165825850303ac097ebf806401db08c12edffb8d91d","308.886765","27802","38830","1312","9750","0","9750","37518","117552845","88725944","1312","0","0","9","4g","2026-08-24T16:35:49Z"
"journal_chess","Chess","UOB_NO_EDA","3","3196","34","0","0.6","1918","0.3","0.1","269","1661","3829","65","3e6d37edd1d2fc11ac320165825850303ac097ebf806401db08c12edffb8d91d","368.784424","11131","12207","1110","4159","4928","0","11097","35442828","35442828","1110","0","0","9","4g","2026-08-24T16:35:52Z"
"journal_chess","Chess","UOB_FULL","3","3196","34","0","0.6","1918","0.3","0.1","277","1424","3533","65","3e6d37edd1d2fc11ac320165825850303ac097ebf806401db08c12edffb8d91d","307.322891","6972","10642","946","2758","4928","2758","9696","30189796","22154376","946","0","0","9","4g","2026-08-24T16:35:56Z"
"journal_chess","Chess","UOB_POSTFILTER","3","3196","34","0","0.6","1918","0.3","0.1","274","16327","32098","65","3e6d37edd1d2fc11ac320165825850303ac097ebf806401db08c12edffb8d91d","309.933617","67746","70869","3157","0","33950","0","0","0","0","0","0","358788891","14","4g","2026-08-24T16:36:28Z"
"journal_chess","Chess","COUPM_KULC_ADAPTED","3","3196","34","0","0.6","1918","0.3","0.65","277","11830","22622","8007","50ea1a00c838761cc85ac321942e18af566cf56c47e189cc7d8b549d983b20df","309.904251","67746","70869","3157","0","33950","0","0","0","0","0","0","0","14","4g","2026-08-24T16:36:51Z"
"journal_chess","Chess","UOB_POSTFILTER","4","3196","34","0","0.6","1918","0.3","0.1","231","16356","32682","65","3e6d37edd1d2fc11ac320165825850303ac097ebf806401db08c12edffb8d91d","309.941284","67746","70869","3157","0","33950","0","0","0","0","0","0","358788891","14","4g","2026-08-24T16:37:23Z"
"journal_chess","Chess","UOB_FULL","4","3196","34","0","0.6","1918","0.3","0.1","274","1417","3600","65","3e6d37edd1d2fc11ac320165825850303ac097ebf806401db08c12edffb8d91d","307.036911","6972","10642","946","2758","4928","2758","9696","30189796","22154376","946","0","0","9","4g","2026-08-24T16:37:27Z"
"journal_chess","Chess","UOB_NO_EDA","4","3196","34","0","0.6","1918","0.3","0.1","259","1513","3704","65","3e6d37edd1d2fc11ac320165825850303ac097ebf806401db08c12edffb8d91d","371.014374","11131","12207","1110","4159","4928","0","11097","35442828","35442828","1110","0","0","9","4g","2026-08-24T16:37:31Z"
"journal_chess","Chess","UOB_NO_UO_BOUND","4","3196","34","0","0.6","1918","0.3","0.1","255","4052","7442","65","3e6d37edd1d2fc11ac320165825850303ac097ebf806401db08c12edffb8d91d","371.884132","27802","38830","1312","9750","0","9750","37518","117552845","88725944","1312","0","0","9","4g","2026-08-24T16:37:38Z"
"journal_chess","Chess","UOB_EAGER_DUO","4","3196","34","0","0.6","1918","0.3","0.1","273","1548","3742","65","3e6d37edd1d2fc11ac320165825850303ac097ebf806401db08c12edffb8d91d","495.324409","6972","10642","690","3014","4928","3014","10642","33038582","24326224","0","0","0","9","4g","2026-08-24T16:37:42Z"
"journal_chess","Chess","UOB_RECOMPUTE_DUO","4","3196","34","0","0.6","1918","0.3","0.1","274","5149","9603","65","3e6d37edd1d2fc11ac320165825850303ac097ebf806401db08c12edffb8d91d","617.05304","11131","12207","1110","4159","4928","0","58108","184600077","184600077","1110","47011","0","9","4g","2026-08-24T16:37:51Z"
"journal_chess","Chess","HUOPM","4","3196","34","0","0.6","1918","0.3","0.0","274","11278","21628","11469","5db5b2e39b47aaaa17ce0907085c6afd2797d1dba384ffb81631441e1b1ee08e","309.575302","67746","70869","3157","0","33950","0","0","0","0","0","0","0","14","4g","2026-08-24T16:38:13Z"
"journal_chess","Chess","CORHUOPM_AC","4","3196","34","0","0.6","1918","0.3","0.65","266","6484","12025","3408","7dbf5702be7b814a09e50e5e3ea2bf405a5a6b0a5383c01710a1cafc0bccf9b7","309.921776","38760","39972","1246","8638","15293","0","0","0","0","0","0","0","13","4g","2026-08-24T16:38:25Z"
"journal_chess","Chess","CORHUOPM_BOND","4","3196","34","0","0.6","1918","0.3","0.72","274","1148","3138","453","f603f6ce33d4201128364d4b6f5eb987c005a6f067d56bdd5a93ed0df8ce9861","308.577385","8008","8163","189","975","4086","0","0","0","0","0","0","0","12","4g","2026-08-24T16:38:28Z"
"journal_chess","Chess","COUPM_KULC_ADAPTED","4","3196","34","0","0.6","1918","0.3","0.65","274","11483","22061","8007","50ea1a00c838761cc85ac321942e18af566cf56c47e189cc7d8b549d983b20df","309.553093","67746","70869","3157","0","33950","0","0","0","0","0","0","0","14","4g","2026-08-24T16:38:50Z"
"journal_chess","Chess","UOB_POSTFILTER","5","3196","34","0","0.6","1918","0.3","0.1","268","16285","32028","65","3e6d37edd1d2fc11ac320165825850303ac097ebf806401db08c12edffb8d91d","309.933075","67746","70869","3157","0","33950","0","0","0","0","0","0","358788891","14","4g","2026-08-24T16:39:22Z"
"journal_chess","Chess","COUPM_KULC_ADAPTED","5","3196","34","0","0.6","1918","0.3","0.65","268","11219","21853","8007","50ea1a00c838761cc85ac321942e18af566cf56c47e189cc7d8b549d983b20df","309.844688","67746","70869","3157","0","33950","0","0","0","0","0","0","0","14","4g","2026-08-24T16:39:44Z"
"journal_chess","Chess","CORHUOPM_BOND","5","3196","34","0","0.6","1918","0.3","0.72","274","1192","3249","453","f603f6ce33d4201128364d4b6f5eb987c005a6f067d56bdd5a93ed0df8ce9861","310.002518","8008","8163","189","975","4086","0","0","0","0","0","0","0","12","4g","2026-08-24T16:39:47Z"
"journal_chess","Chess","CORHUOPM_AC","5","3196","34","0","0.6","1918","0.3","0.65","228","6539","12098","3408","7dbf5702be7b814a09e50e5e3ea2bf405a5a6b0a5383c01710a1cafc0bccf9b7","309.88504","38760","39972","1246","8638","15293","0","0","0","0","0","0","0","13","4g","2026-08-24T16:39:59Z"
"journal_chess","Chess","HUOPM","5","3196","34","0","0.6","1918","0.3","0.0","236","11394","21687","11469","5db5b2e39b47aaaa17ce0907085c6afd2797d1dba384ffb81631441e1b1ee08e","309.93412","67746","70869","3157","0","33950","0","0","0","0","0","0","0","14","4g","2026-08-24T16:40:21Z"
"journal_chess","Chess","UOB_RECOMPUTE_DUO","5","3196","34","0","0.6","1918","0.3","0.1","269","5073","9670","65","3e6d37edd1d2fc11ac320165825850303ac097ebf806401db08c12edffb8d91d","309.650002","11131","12207","1110","4159","4928","0","58108","184600077","184600077","1110","47011","0","9","4g","2026-08-24T16:40:31Z"
"journal_chess","Chess","UOB_EAGER_DUO","5","3196","34","0","0.6","1918","0.3","0.1","274","1389","3488","65","3e6d37edd1d2fc11ac320165825850303ac097ebf806401db08c12edffb8d91d","366.814552","6972","10642","690","3014","4928","3014","10642","33038582","24326224","0","0","0","9","4g","2026-08-24T16:40:34Z"
"journal_chess","Chess","UOB_NO_UO_BOUND","5","3196","34","0","0.6","1918","0.3","0.1","268","3733","7098","65","3e6d37edd1d2fc11ac320165825850303ac097ebf806401db08c12edffb8d91d","371.513199","27802","38830","1312","9750","0","9750","37518","117552845","88725944","1312","0","0","9","4g","2026-08-24T16:40:41Z"
"journal_chess","Chess","UOB_NO_EDA","5","3196","34","0","0.6","1918","0.3","0.1","271","1900","4163","65","3e6d37edd1d2fc11ac320165825850303ac097ebf806401db08c12edffb8d91d","529.56073","11131","12207","1110","4159","4928","0","11097","35442828","35442828","1110","0","0","9","4g","2026-08-24T16:40:46Z"
"journal_chess","Chess","UOB_FULL","5","3196","34","0","0.6","1918","0.3","0.1","264","1483","3616","65","3e6d37edd1d2fc11ac320165825850303ac097ebf806401db08c12edffb8d91d","584.874542","6972","10642","946","2758","4928","2758","9696","30189796","22154376","946","0","0","9","4g","2026-08-24T16:40:49Z"
"journal_chess","Chess","UOB_NO_EDA","6","3196","34","0","0.6","1918","0.3","0.1","272","1539","3700","65","3e6d37edd1d2fc11ac320165825850303ac097ebf806401db08c12edffb8d91d","370.846481","11131","12207","1110","4159","4928","0","11097","35442828","35442828","1110","0","0","9","4g","2026-08-24T16:40:53Z"
"journal_chess","Chess","UOB_NO_UO_BOUND","6","3196","34","0","0.6","1918","0.3","0.1","264","3661","7145","65","3e6d37edd1d2fc11ac320165825850303ac097ebf806401db08c12edffb8d91d","371.294891","27802","38830","1312","9750","0","9750","37518","117552845","88725944","1312","0","0","9","4g","2026-08-24T16:41:00Z"
"journal_chess","Chess","UOB_EAGER_DUO","6","3196","34","0","0.6","1918","0.3","0.1","225","1492","3607","65","3e6d37edd1d2fc11ac320165825850303ac097ebf806401db08c12edffb8d91d","532.785187","6972","10642","690","3014","4928","3014","10642","33038582","24326224","0","0","0","9","4g","2026-08-24T16:41:04Z"
"journal_chess","Chess","UOB_RECOMPUTE_DUO","6","3196","34","0","0.6","1918","0.3","0.1","272","4510","8808","65","3e6d37edd1d2fc11ac320165825850303ac097ebf806401db08c12edffb8d91d","370.14782","11131","12207","1110","4159","4928","0","58108","184600077","184600077","1110","47011","0","9","4g","2026-08-24T16:41:12Z"
"journal_chess","Chess","HUOPM","6","3196","34","0","0.6","1918","0.3","0.0","301","10110","20043","11469","5db5b2e39b47aaaa17ce0907085c6afd2797d1dba384ffb81631441e1b1ee08e","309.94397","67746","70869","3157","0","33950","0","0","0","0","0","0","0","14","4g","2026-08-24T16:41:33Z"
"journal_chess","Chess","CORHUOPM_AC","6","3196","34","0","0.6","1918","0.3","0.65","276","6183","11671","3408","7dbf5702be7b814a09e50e5e3ea2bf405a5a6b0a5383c01710a1cafc0bccf9b7","309.612854","38760","39972","1246","8638","15293","0","0","0","0","0","0","0","13","4g","2026-08-24T16:41:44Z"
"journal_chess","Chess","CORHUOPM_BOND","6","3196","34","0","0.6","1918","0.3","0.72","257","1131","3049","453","f603f6ce33d4201128364d4b6f5eb987c005a6f067d56bdd5a93ed0df8ce9861","309.64637","8008","8163","189","975","4086","0","0","0","0","0","0","0","12","4g","2026-08-24T16:41:47Z"
"journal_chess","Chess","COUPM_KULC_ADAPTED","6","3196","34","0","0.6","1918","0.3","0.65","232","9996","19769","8007","50ea1a00c838761cc85ac321942e18af566cf56c47e189cc7d8b549d983b20df","309.932503","67746","70869","3157","0","33950","0","0","0","0","0","0","0","14","4g","2026-08-24T16:42:07Z"
"journal_chess","Chess","UOB_POSTFILTER","6","3196","34","0","0.6","1918","0.3","0.1","270","14826","29577","65","3e6d37edd1d2fc11ac320165825850303ac097ebf806401db08c12edffb8d91d","309.900978","67746","70869","3157","0","33950","0","0","0","0","0","0","358788891","14","4g","2026-08-24T16:42:37Z"
"journal_chess","Chess","UOB_FULL","6","3196","34","0","0.6","1918","0.3","0.1","276","1636","3778","65","3e6d37edd1d2fc11ac320165825850303ac097ebf806401db08c12edffb8d91d","370.829498","6972","10642","946","2758","4928","2758","9696","30189796","22154376","946","0","0","9","4g","2026-08-24T16:42:40Z"
"journal_chess","Chess","UOB_NO_EDA","7","3196","34","0","0.6","1918","0.3","0.1","253","1629","3821","65","3e6d37edd1d2fc11ac320165825850303ac097ebf806401db08c12edffb8d91d","368.81929","11131","12207","1110","4159","4928","0","11097","35442828","35442828","1110","0","0","9","4g","2026-08-24T16:42:44Z"
"journal_chess","Chess","UOB_FULL","7","3196","34","0","0.6","1918","0.3","0.1","273","1461","3613","65","3e6d37edd1d2fc11ac320165825850303ac097ebf806401db08c12edffb8d91d","398.266235","6972","10642","946","2758","4928","2758","9696","30189796","22154376","946","0","0","9","4g","2026-08-24T16:42:48Z"
"journal_chess","Chess","UOB_POSTFILTER","7","3196","34","0","0.6","1918","0.3","0.1","260","14948","29673","65","3e6d37edd1d2fc11ac320165825850303ac097ebf806401db08c12edffb8d91d","309.911652","67746","70869","3157","0","33950","0","0","0","0","0","0","358788891","14","4g","2026-08-24T16:43:17Z"
"journal_chess","Chess","COUPM_KULC_ADAPTED","7","3196","34","0","0.6","1918","0.3","0.65","272","10618","20789","8007","50ea1a00c838761cc85ac321942e18af566cf56c47e189cc7d8b549d983b20df","309.763008","67746","70869","3157","0","33950","0","0","0","0","0","0","0","14","4g","2026-08-24T16:43:38Z"
"journal_chess","Chess","CORHUOPM_BOND","7","3196","34","0","0.6","1918","0.3","0.72","274","1123","3135","453","f603f6ce33d4201128364d4b6f5eb987c005a6f067d56bdd5a93ed0df8ce9861","381.530807","8008","8163","189","975","4086","0","0","0","0","0","0","0","12","4g","2026-08-24T16:43:41Z"
"journal_chess","Chess","CORHUOPM_AC","7","3196","34","0","0.6","1918","0.3","0.65","277","6073","11551","3408","7dbf5702be7b814a09e50e5e3ea2bf405a5a6b0a5383c01710a1cafc0bccf9b7","309.502869","38760","39972","1246","8638","15293","0","0","0","0","0","0","0","13","4g","2026-08-24T16:43:53Z"
"journal_chess","Chess","HUOPM","7","3196","34","0","0.6","1918","0.3","0.0","273","10575","20467","11469","5db5b2e39b47aaaa17ce0907085c6afd2797d1dba384ffb81631441e1b1ee08e","309.92495","67746","70869","3157","0","33950","0","0","0","0","0","0","0","14","4g","2026-08-24T16:44:13Z"
"journal_chess","Chess","UOB_RECOMPUTE_DUO","7","3196","34","0","0.6","1918","0.3","0.1","276","4824","9286","65","3e6d37edd1d2fc11ac320165825850303ac097ebf806401db08c12edffb8d91d","309.878914","11131","12207","1110","4159","4928","0","58108","184600077","184600077","1110","47011","0","9","4g","2026-08-24T16:44:23Z"
"journal_chess","Chess","UOB_EAGER_DUO","7","3196","34","0","0.6","1918","0.3","0.1","266","1572","3792","65","3e6d37edd1d2fc11ac320165825850303ac097ebf806401db08c12edffb8d91d","525.352493","6972","10642","690","3014","4928","3014","10642","33038582","24326224","0","0","0","9","4g","2026-08-24T16:44:26Z"
"journal_chess","Chess","UOB_NO_UO_BOUND","7","3196","34","0","0.6","1918","0.3","0.1","274","3889","7371","65","3e6d37edd1d2fc11ac320165825850303ac097ebf806401db08c12edffb8d91d","309.808105","27802","38830","1312","9750","0","9750","37518","117552845","88725944","1312","0","0","9","4g","2026-08-24T16:44:34Z"
"journal_chess","Chess","UOB_EAGER_DUO","8","3196","34","0","0.6","1918","0.3","0.1","267","1714","3928","65","3e6d37edd1d2fc11ac320165825850303ac097ebf806401db08c12edffb8d91d","591.826111","6972","10642","690","3014","4928","3014","10642","33038582","24326224","0","0","0","9","4g","2026-08-24T16:44:38Z"
"journal_chess","Chess","UOB_RECOMPUTE_DUO","8","3196","34","0","0.6","1918","0.3","0.1","272","4643","8941","65","3e6d37edd1d2fc11ac320165825850303ac097ebf806401db08c12edffb8d91d","309.77079","11131","12207","1110","4159","4928","0","58108","184600077","184600077","1110","47011","0","9","4g","2026-08-24T16:44:47Z"
"journal_chess","Chess","HUOPM","8","3196","34","0","0.6","1918","0.3","0.0","226","10582","20741","11469","5db5b2e39b47aaaa17ce0907085c6afd2797d1dba384ffb81631441e1b1ee08e","309.911629","67746","70869","3157","0","33950","0","0","0","0","0","0","0","14","4g","2026-08-24T16:45:07Z"
"journal_chess","Chess","CORHUOPM_AC","8","3196","34","0","0.6","1918","0.3","0.65","287","6046","11480","3408","7dbf5702be7b814a09e50e5e3ea2bf405a5a6b0a5383c01710a1cafc0bccf9b7","309.706512","38760","39972","1246","8638","15293","0","0","0","0","0","0","0","13","4g","2026-08-24T16:45:19Z"
"journal_chess","Chess","CORHUOPM_BOND","8","3196","34","0","0.6","1918","0.3","0.72","237","1078","3032","453","f603f6ce33d4201128364d4b6f5eb987c005a6f067d56bdd5a93ed0df8ce9861","310.000824","8008","8163","189","975","4086","0","0","0","0","0","0","0","12","4g","2026-08-24T16:45:22Z"
"journal_chess","Chess","COUPM_KULC_ADAPTED","8","3196","34","0","0.6","1918","0.3","0.65","278","10620","20776","8007","50ea1a00c838761cc85ac321942e18af566cf56c47e189cc7d8b549d983b20df","309.915184","67746","70869","3157","0","33950","0","0","0","0","0","0","0","14","4g","2026-08-24T16:45:43Z"
"journal_chess","Chess","UOB_POSTFILTER","8","3196","34","0","0.6","1918","0.3","0.1","250","15148","30110","65","3e6d37edd1d2fc11ac320165825850303ac097ebf806401db08c12edffb8d91d","309.869972","67746","70869","3157","0","33950","0","0","0","0","0","0","358788891","14","4g","2026-08-24T16:46:13Z"
"journal_chess","Chess","UOB_FULL","8","3196","34","0","0.6","1918","0.3","0.1","238","1467","3649","65","3e6d37edd1d2fc11ac320165825850303ac097ebf806401db08c12edffb8d91d","467.470871","6972","10642","946","2758","4928","2758","9696","30189796","22154376","946","0","0","9","4g","2026-08-24T16:46:17Z"
"journal_chess","Chess","UOB_NO_EDA","8","3196","34","0","0.6","1918","0.3","0.1","231","1574","3741","65","3e6d37edd1d2fc11ac320165825850303ac097ebf806401db08c12edffb8d91d","370.257828","11131","12207","1110","4159","4928","0","11097","35442828","35442828","1110","0","0","9","4g","2026-08-24T16:46:20Z"
"journal_chess","Chess","UOB_NO_UO_BOUND","8","3196","34","0","0.6","1918","0.3","0.1","238","3834","7151","65","3e6d37edd1d2fc11ac320165825850303ac097ebf806401db08c12edffb8d91d","309.846252","27802","38830","1312","9750","0","9750","37518","117552845","88725944","1312","0","0","9","4g","2026-08-24T16:46:27Z"
"journal_chess","Chess","UOB_EAGER_DUO","9","3196","34","0","0.6","1918","0.3","0.1","270","1578","3815","65","3e6d37edd1d2fc11ac320165825850303ac097ebf806401db08c12edffb8d91d","495.63974","6972","10642","690","3014","4928","3014","10642","33038582","24326224","0","0","0","9","4g","2026-08-24T16:46:31Z"
"journal_chess","Chess","UOB_NO_UO_BOUND","9","3196","34","0","0.6","1918","0.3","0.1","268","3737","7275","65","3e6d37edd1d2fc11ac320165825850303ac097ebf806401db08c12edffb8d91d","308.615295","27802","38830","1312","9750","0","9750","37518","117552845","88725944","1312","0","0","9","4g","2026-08-24T16:46:38Z"
"journal_chess","Chess","UOB_NO_EDA","9","3196","34","0","0.6","1918","0.3","0.1","282","1638","3925","65","3e6d37edd1d2fc11ac320165825850303ac097ebf806401db08c12edffb8d91d","370.779678","11131","12207","1110","4159","4928","0","11097","35442828","35442828","1110","0","0","9","4g","2026-08-24T16:46:42Z"
"journal_chess","Chess","UOB_FULL","9","3196","34","0","0.6","1918","0.3","0.1","256","1372","3474","65","3e6d37edd1d2fc11ac320165825850303ac097ebf806401db08c12edffb8d91d","370.248627","6972","10642","946","2758","4928","2758","9696","30189796","22154376","946","0","0","9","4g","2026-08-24T16:46:46Z"
"journal_chess","Chess","UOB_POSTFILTER","9","3196","34","0","0.6","1918","0.3","0.1","279","14742","29429","65","3e6d37edd1d2fc11ac320165825850303ac097ebf806401db08c12edffb8d91d","309.925766","67746","70869","3157","0","33950","0","0","0","0","0","0","358788891","14","4g","2026-08-24T16:47:15Z"
"journal_chess","Chess","COUPM_KULC_ADAPTED","9","3196","34","0","0.6","1918","0.3","0.65","231","10713","20581","8007","50ea1a00c838761cc85ac321942e18af566cf56c47e189cc7d8b549d983b20df","309.941544","67746","70869","3157","0","33950","0","0","0","0","0","0","0","14","4g","2026-08-24T16:47:36Z"
"journal_chess","Chess","CORHUOPM_BOND","9","3196","34","0","0.6","1918","0.3","0.72","224","1177","3142","453","f603f6ce33d4201128364d4b6f5eb987c005a6f067d56bdd5a93ed0df8ce9861","407.170662","8008","8163","189","975","4086","0","0","0","0","0","0","0","12","4g","2026-08-24T16:47:39Z"
"journal_chess","Chess","CORHUOPM_AC","9","3196","34","0","0.6","1918","0.3","0.65","279","5988","11682","3408","7dbf5702be7b814a09e50e5e3ea2bf405a5a6b0a5383c01710a1cafc0bccf9b7","309.633148","38760","39972","1246","8638","15293","0","0","0","0","0","0","0","13","4g","2026-08-24T16:47:51Z"
"journal_chess","Chess","HUOPM","9","3196","34","0","0.6","1918","0.3","0.0","219","10622","20632","11469","5db5b2e39b47aaaa17ce0907085c6afd2797d1dba384ffb81631441e1b1ee08e","309.925903","67746","70869","3157","0","33950","0","0","0","0","0","0","0","14","4g","2026-08-24T16:48:11Z"
"journal_chess","Chess","UOB_RECOMPUTE_DUO","9","3196","34","0","0.6","1918","0.3","0.1","225","4644","8841","65","3e6d37edd1d2fc11ac320165825850303ac097ebf806401db08c12edffb8d91d","309.672966","11131","12207","1110","4159","4928","0","58108","184600077","184600077","1110","47011","0","9","4g","2026-08-24T16:48:20Z"
"journal_foodmart","Foodmart","HUOPM","0","21556","1559","0","0.001","22","0.3","0.0","284","926","2555","437","3ff565168ca55cad81f3522c75b79511b1b399758e4f71b27cc2076130a685a9","307.372894","1559","1214358","1214358","0","4","0","0","0","0","0","0","0","1","4g","2026-08-24T16:48:23Z"
"journal_foodmart","Foodmart","CORHUOPM_AC","0","21556","1559","0","0.001","22","0.3","0.3","286","968","2585","437","3ff565168ca55cad81f3522c75b79511b1b399758e4f71b27cc2076130a685a9","308.42688","1559","1214358","1214358","0","4","0","0","0","0","0","0","0","1","4g","2026-08-24T16:48:25Z"
"journal_foodmart","Foodmart","CORHUOPM_BOND","0","21556","1559","0","0.001","22","0.3","0.3","295","973","2591","437","3ff565168ca55cad81f3522c75b79511b1b399758e4f71b27cc2076130a685a9","359.383064","1559","1214358","1214358","0","4","0","0","0","0","0","0","0","1","4g","2026-08-24T16:48:28Z"
"journal_foodmart","Foodmart","COUPM_KULC_ADAPTED","0","21556","1559","0","0.001","22","0.3","0.3","298","950","2626","437","3ff565168ca55cad81f3522c75b79511b1b399758e4f71b27cc2076130a685a9","308.38662","1559","1214358","1214358","0","4","0","0","0","0","0","0","0","1","4g","2026-08-24T16:48:31Z"
"journal_foodmart","Foodmart","UOB_POSTFILTER","0","21556","1559","0","0.001","22","0.3","0.1","291","984","2579","437","3ff565168ca55cad81f3522c75b79511b1b399758e4f71b27cc2076130a685a9","310.037514","1559","1214358","1214358","0","4","0","0","0","0","0","0","24556","1","4g","2026-08-24T16:48:33Z"
"journal_foodmart","Foodmart","UOB_FULL","0","21556","1559","0","0.001","22","0.3","0.1","289","951","2578","437","3ff565168ca55cad81f3522c75b79511b1b399758e4f71b27cc2076130a685a9","309.029518","1559","1214358","1214358","0","4","0","0","0","0","1214358","0","0","1","4g","2026-08-24T16:48:36Z"
"journal_foodmart","Foodmart","UOB_NO_EDA","0","21556","1559","0","0.001","22","0.3","0.1","292","946","2569","437","3ff565168ca55cad81f3522c75b79511b1b399758e4f71b27cc2076130a685a9","378.420624","1559","1214358","1214358","0","4","0","0","0","0","1214358","0","0","1","4g","2026-08-24T16:48:38Z"
"journal_foodmart","Foodmart","UOB_NO_UO_BOUND","0","21556","1559","0","0.001","22","0.3","0.1","273","974","2627","437","3ff565168ca55cad81f3522c75b79511b1b399758e4f71b27cc2076130a685a9","307.418594","1559","1214461","1214461","0","0","0","0","0","0","1214461","0","0","1","4g","2026-08-24T16:48:41Z"
"journal_foodmart","Foodmart","UOB_EAGER_DUO","0","21556","1559","0","0.001","22","0.3","0.1","281","1157","2820","437","3ff565168ca55cad81f3522c75b79511b1b399758e4f71b27cc2076130a685a9","590.640915","1559","1214358","0","1214358","4","1214358","1214358","2099308","0","0","0","0","1","4g","2026-08-24T16:48:44Z"
"journal_foodmart","Foodmart","UOB_RECOMPUTE_DUO","0","21556","1559","0","0.001","22","0.3","0.1","274","943","2561","437","3ff565168ca55cad81f3522c75b79511b1b399758e4f71b27cc2076130a685a9","306.581306","1559","1214358","1214358","0","4","0","0","0","0","1214358","0","0","1","4g","2026-08-24T16:48:46Z"
"journal_foodmart","Foodmart","HUOPM","1","21556","1559","0","0.001","22","0.3","0.0","292","858","2512","437","3ff565168ca55cad81f3522c75b79511b1b399758e4f71b27cc2076130a685a9","307.113228","1559","1214358","1214358","0","4","0","0","0","0","0","0","0","1","4g","2026-08-24T16:48:49Z"
"journal_foodmart","Foodmart","UOB_RECOMPUTE_DUO","1","21556","1559","0","0.001","22","0.3","0.1","291","860","2508","437","3ff565168ca55cad81f3522c75b79511b1b399758e4f71b27cc2076130a685a9","370.166626","1559","1214358","1214358","0","4","0","0","0","0","1214358","0","0","1","4g","2026-08-24T16:48:51Z"
"journal_foodmart","Foodmart","UOB_EAGER_DUO","1","21556","1559","0","0.001","22","0.3","0.1","289","943","2899","437","3ff565168ca55cad81f3522c75b79511b1b399758e4f71b27cc2076130a685a9","400.172882","1559","1214358","0","1214358","4","1214358","1214358","2099308","0","0","0","0","1","4g","2026-08-24T16:48:54Z"
"journal_foodmart","Foodmart","UOB_NO_UO_BOUND","1","21556","1559","0","0.001","22","0.3","0.1","291","820","2524","437","3ff565168ca55cad81f3522c75b79511b1b399758e4f71b27cc2076130a685a9","309.028603","1559","1214461","1214461","0","0","0","0","0","0","1214461","0","0","1","4g","2026-08-24T16:48:57Z"
"journal_foodmart","Foodmart","UOB_NO_EDA","1","21556","1559","0","0.001","22","0.3","0.1","283","857","2496","437","3ff565168ca55cad81f3522c75b79511b1b399758e4f71b27cc2076130a685a9","379.200539","1559","1214358","1214358","0","4","0","0","0","0","1214358","0","0","1","4g","2026-08-24T16:48:59Z"
"journal_foodmart","Foodmart","UOB_FULL","1","21556","1559","0","0.001","22","0.3","0.1","291","884","2480","437","3ff565168ca55cad81f3522c75b79511b1b399758e4f71b27cc2076130a685a9","440.167183","1559","1214358","1214358","0","4","0","0","0","0","1214358","0","0","1","4g","2026-08-24T16:49:02Z"
"journal_foodmart","Foodmart","UOB_POSTFILTER","1","21556","1559","0","0.001","22","0.3","0.1","282","862","2485","437","3ff565168ca55cad81f3522c75b79511b1b399758e4f71b27cc2076130a685a9","398.228867","1559","1214358","1214358","0","4","0","0","0","0","0","0","24556","1","4g","2026-08-24T16:49:04Z"
"journal_foodmart","Foodmart","COUPM_KULC_ADAPTED","1","21556","1559","0","0.001","22","0.3","0.3","284","822","2489","437","3ff565168ca55cad81f3522c75b79511b1b399758e4f71b27cc2076130a685a9","306.078102","1559","1214358","1214358","0","4","0","0","0","0","0","0","0","1","4g","2026-08-24T16:49:07Z"
"journal_foodmart","Foodmart","CORHUOPM_BOND","1","21556","1559","0","0.001","22","0.3","0.3","292","896","2564","437","3ff565168ca55cad81f3522c75b79511b1b399758e4f71b27cc2076130a685a9","412.137115","1559","1214358","1214358","0","4","0","0","0","0","0","0","0","1","4g","2026-08-24T16:49:09Z"
"journal_foodmart","Foodmart","CORHUOPM_AC","1","21556","1559","0","0.001","22","0.3","0.3","282","819","2459","437","3ff565168ca55cad81f3522c75b79511b1b399758e4f71b27cc2076130a685a9","308.129364","1559","1214358","1214358","0","4","0","0","0","0","0","0","0","1","4g","2026-08-24T16:49:12Z"
"journal_foodmart","Foodmart","CORHUOPM_BOND","2","21556","1559","0","0.001","22","0.3","0.3","283","850","2480","437","3ff565168ca55cad81f3522c75b79511b1b399758e4f71b27cc2076130a685a9","401.155098","1559","1214358","1214358","0","4","0","0","0","0","0","0","0","1","4g","2026-08-24T16:49:14Z"
"journal_foodmart","Foodmart","COUPM_KULC_ADAPTED","2","21556","1559","0","0.001","22","0.3","0.3","291","857","2482","437","3ff565168ca55cad81f3522c75b79511b1b399758e4f71b27cc2076130a685a9","386.154556","1559","1214358","1214358","0","4","0","0","0","0","0","0","0","1","4g","2026-08-24T16:49:17Z"
"journal_foodmart","Foodmart","UOB_POSTFILTER","2","21556","1559","0","0.001","22","0.3","0.1","283","795","2430","437","3ff565168ca55cad81f3522c75b79511b1b399758e4f71b27cc2076130a685a9","308.228889","1559","1214358","1214358","0","4","0","0","0","0","0","0","24556","1","4g","2026-08-24T16:49:19Z"
"journal_foodmart","Foodmart","UOB_FULL","2","21556","1559","0","0.001","22","0.3","0.1","280","806","2437","437","3ff565168ca55cad81f3522c75b79511b1b399758e4f71b27cc2076130a685a9","309.029205","1559","1214358","1214358","0","4","0","0","0","0","1214358","0","0","1","4g","2026-08-24T16:49:22Z"
"journal_foodmart","Foodmart","UOB_NO_EDA","2","21556","1559","0","0.001","22","0.3","0.1","278","801","2390","437","3ff565168ca55cad81f3522c75b79511b1b399758e4f71b27cc2076130a685a9","306.250038","1559","1214358","1214358","0","4","0","0","0","0","1214358","0","0","1","4g","2026-08-24T16:49:24Z"
"journal_foodmart","Foodmart","UOB_NO_UO_BOUND","2","21556","1559","0","0.001","22","0.3","0.1","291","863","2486","437","3ff565168ca55cad81f3522c75b79511b1b399758e4f71b27cc2076130a685a9","309.100716","1559","1214461","1214461","0","0","0","0","0","0","1214461","0","0","1","4g","2026-08-24T16:49:26Z"
"journal_foodmart","Foodmart","UOB_EAGER_DUO","2","21556","1559","0","0.001","22","0.3","0.1","280","1066","2922","437","3ff565168ca55cad81f3522c75b79511b1b399758e4f71b27cc2076130a685a9","793.183182","1559","1214358","0","1214358","4","1214358","1214358","2099308","0","0","0","0","1","4g","2026-08-24T16:49:29Z"
"journal_foodmart","Foodmart","UOB_RECOMPUTE_DUO","2","21556","1559","0","0.001","22","0.3","0.1","279","819","2375","437","3ff565168ca55cad81f3522c75b79511b1b399758e4f71b27cc2076130a685a9","368.237434","1559","1214358","1214358","0","4","0","0","0","0","1214358","0","0","1","4g","2026-08-24T16:49:32Z"
"journal_foodmart","Foodmart","HUOPM","2","21556","1559","0","0.001","22","0.3","0.0","289","841","2518","437","3ff565168ca55cad81f3522c75b79511b1b399758e4f71b27cc2076130a685a9","305.116272","1559","1214358","1214358","0","4","0","0","0","0","0","0","0","1","4g","2026-08-24T16:49:34Z"
"journal_foodmart","Foodmart","CORHUOPM_AC","2","21556","1559","0","0.001","22","0.3","0.3","268","817","2462","437","3ff565168ca55cad81f3522c75b79511b1b399758e4f71b27cc2076130a685a9","310.0289","1559","1214358","1214358","0","4","0","0","0","0","0","0","0","1","4g","2026-08-24T16:49:37Z"
"journal_foodmart","Foodmart","CORHUOPM_BOND","3","21556","1559","0","0.001","22","0.3","0.3","299","804","2489","437","3ff565168ca55cad81f3522c75b79511b1b399758e4f71b27cc2076130a685a9","307.123528","1559","1214358","1214358","0","4","0","0","0","0","0","0","0","1","4g","2026-08-24T16:49:39Z"
"journal_foodmart","Foodmart","CORHUOPM_AC","3","21556","1559","0","0.001","22","0.3","0.3","280","843","2518","437","3ff565168ca55cad81f3522c75b79511b1b399758e4f71b27cc2076130a685a9","308.208572","1559","1214358","1214358","0","4","0","0","0","0","0","0","0","1","4g","2026-08-24T16:49:42Z"
"journal_foodmart","Foodmart","HUOPM","3","21556","1559","0","0.001","22","0.3","0.0","276","872","2498","437","3ff565168ca55cad81f3522c75b79511b1b399758e4f71b27cc2076130a685a9","421.134918","1559","1214358","1214358","0","4","0","0","0","0","0","0","0","1","4g","2026-08-24T16:49:44Z"
"journal_foodmart","Foodmart","UOB_RECOMPUTE_DUO","3","21556","1559","0","0.001","22","0.3","0.1","268","865","2544","437","3ff565168ca55cad81f3522c75b79511b1b399758e4f71b27cc2076130a685a9","390.239296","1559","1214358","1214358","0","4","0","0","0","0","1214358","0","0","1","4g","2026-08-24T16:49:47Z"
"journal_foodmart","Foodmart","UOB_EAGER_DUO","3","21556","1559","0","0.001","22","0.3","0.1","300","1037","2927","437","3ff565168ca55cad81f3522c75b79511b1b399758e4f71b27cc2076130a685a9","738.168533","1559","1214358","0","1214358","4","1214358","1214358","2099308","0","0","0","0","1","4g","2026-08-24T16:49:50Z"
"journal_foodmart","Foodmart","UOB_NO_UO_BOUND","3","21556","1559","0","0.001","22","0.3","0.1","282","804","2429","437","3ff565168ca55cad81f3522c75b79511b1b399758e4f71b27cc2076130a685a9","308.194313","1559","1214461","1214461","0","0","0","0","0","0","1214461","0","0","1","4g","2026-08-24T16:49:52Z"
"journal_foodmart","Foodmart","UOB_NO_EDA","3","21556","1559","0","0.001","22","0.3","0.1","291","850","2497","437","3ff565168ca55cad81f3522c75b79511b1b399758e4f71b27cc2076130a685a9","391.436401","1559","1214358","1214358","0","4","0","0","0","0","1214358","0","0","1","4g","2026-08-24T16:49:55Z"
"journal_foodmart","Foodmart","UOB_FULL","3","21556","1559","0","0.001","22","0.3","0.1","288","918","2589","437","3ff565168ca55cad81f3522c75b79511b1b399758e4f71b27cc2076130a685a9","307.300629","1559","1214358","1214358","0","4","0","0","0","0","1214358","0","0","1","4g","2026-08-24T16:49:57Z"
"journal_foodmart","Foodmart","UOB_POSTFILTER","3","21556","1559","0","0.001","22","0.3","0.1","297","858","2465","437","3ff565168ca55cad81f3522c75b79511b1b399758e4f71b27cc2076130a685a9","373.154701","1559","1214358","1214358","0","4","0","0","0","0","0","0","24556","1","4g","2026-08-24T16:50:00Z"
"journal_foodmart","Foodmart","COUPM_KULC_ADAPTED","3","21556","1559","0","0.001","22","0.3","0.3","283","835","2464","437","3ff565168ca55cad81f3522c75b79511b1b399758e4f71b27cc2076130a685a9","376.218338","1559","1214358","1214358","0","4","0","0","0","0","0","0","0","1","4g","2026-08-24T16:50:02Z"
"journal_foodmart","Foodmart","UOB_POSTFILTER","4","21556","1559","0","0.001","22","0.3","0.1","287","813","2450","437","3ff565168ca55cad81f3522c75b79511b1b399758e4f71b27cc2076130a685a9","307.120224","1559","1214358","1214358","0","4","0","0","0","0","0","0","24556","1","4g","2026-08-24T16:50:05Z"
"journal_foodmart","Foodmart","UOB_FULL","4","21556","1559","0","0.001","22","0.3","0.1","292","806","2482","437","3ff565168ca55cad81f3522c75b79511b1b399758e4f71b27cc2076130a685a9","306.174606","1559","1214358","1214358","0","4","0","0","0","0","1214358","0","0","1","4g","2026-08-24T16:50:07Z"
"journal_foodmart","Foodmart","UOB_NO_EDA","4","21556","1559","0","0.001","22","0.3","0.1","286","876","2495","437","3ff565168ca55cad81f3522c75b79511b1b399758e4f71b27cc2076130a685a9","406.164902","1559","1214358","1214358","0","4","0","0","0","0","1214358","0","0","1","4g","2026-08-24T16:50:10Z"
"journal_foodmart","Foodmart","UOB_NO_UO_BOUND","4","21556","1559","0","0.001","22","0.3","0.1","276","882","2491","437","3ff565168ca55cad81f3522c75b79511b1b399758e4f71b27cc2076130a685a9","356.228409","1559","1214461","1214461","0","0","0","0","0","0","1214461","0","0","1","4g","2026-08-24T16:50:12Z"
"journal_foodmart","Foodmart","UOB_EAGER_DUO","4","21556","1559","0","0.001","22","0.3","0.1","285","925","2774","437","3ff565168ca55cad81f3522c75b79511b1b399758e4f71b27cc2076130a685a9","367.176346","1559","1214358","0","1214358","4","1214358","1214358","2099308","0","0","0","0","1","4g","2026-08-24T16:50:15Z"
"journal_foodmart","Foodmart","UOB_RECOMPUTE_DUO","4","21556","1559","0","0.001","22","0.3","0.1","281","898","2577","437","3ff565168ca55cad81f3522c75b79511b1b399758e4f71b27cc2076130a685a9","434.182007","1559","1214358","1214358","0","4","0","0","0","0","1214358","0","0","1","4g","2026-08-24T16:50:17Z"
"journal_foodmart","Foodmart","HUOPM","4","21556","1559","0","0.001","22","0.3","0.0","284","870","2484","437","3ff565168ca55cad81f3522c75b79511b1b399758e4f71b27cc2076130a685a9","412.117065","1559","1214358","1214358","0","4","0","0","0","0","0","0","0","1","4g","2026-08-24T16:50:20Z"
"journal_foodmart","Foodmart","CORHUOPM_AC","4","21556","1559","0","0.001","22","0.3","0.3","274","850","2488","437","3ff565168ca55cad81f3522c75b79511b1b399758e4f71b27cc2076130a685a9","428.15419","1559","1214358","1214358","0","4","0","0","0","0","0","0","0","1","4g","2026-08-24T16:50:22Z"
"journal_foodmart","Foodmart","CORHUOPM_BOND","4","21556","1559","0","0.001","22","0.3","0.3","278","851","2467","437","3ff565168ca55cad81f3522c75b79511b1b399758e4f71b27cc2076130a685a9","306.296173","1559","1214358","1214358","0","4","0","0","0","0","0","0","0","1","4g","2026-08-24T16:50:25Z"
"journal_foodmart","Foodmart","COUPM_KULC_ADAPTED","4","21556","1559","0","0.001","22","0.3","0.3","297","827","2479","437","3ff565168ca55cad81f3522c75b79511b1b399758e4f71b27cc2076130a685a9","305.121292","1559","1214358","1214358","0","4","0","0","0","0","0","0","0","1","4g","2026-08-24T16:50:27Z"
"journal_foodmart","Foodmart","UOB_POSTFILTER","5","21556","1559","0","0.001","22","0.3","0.1","278","908","2534","437","3ff565168ca55cad81f3522c75b79511b1b399758e4f71b27cc2076130a685a9","420.295715","1559","1214358","1214358","0","4","0","0","0","0","0","0","24556","1","4g","2026-08-24T16:50:30Z"
"journal_foodmart","Foodmart","COUPM_KULC_ADAPTED","5","21556","1559","0","0.001","22","0.3","0.3","283","798","2443","437","3ff565168ca55cad81f3522c75b79511b1b399758e4f71b27cc2076130a685a9","309.028519","1559","1214358","1214358","0","4","0","0","0","0","0","0","0","1","4g","2026-08-24T16:50:32Z"
"journal_foodmart","Foodmart","CORHUOPM_BOND","5","21556","1559","0","0.001","22","0.3","0.3","276","856","2476","437","3ff565168ca55cad81f3522c75b79511b1b399758e4f71b27cc2076130a685a9","379.189995","1559","1214358","1214358","0","4","0","0","0","0","0","0","0","1","4g","2026-08-24T16:50:35Z"
"journal_foodmart","Foodmart","CORHUOPM_AC","5","21556","1559","0","0.001","22","0.3","0.3","298","885","2534","437","3ff565168ca55cad81f3522c75b79511b1b399758e4f71b27cc2076130a685a9","379.362839","1559","1214358","1214358","0","4","0","0","0","0","0","0","0","1","4g","2026-08-24T16:50:37Z"
"journal_foodmart","Foodmart","HUOPM","5","21556","1559","0","0.001","22","0.3","0.0","280","887","2485","437","3ff565168ca55cad81f3522c75b79511b1b399758e4f71b27cc2076130a685a9","423.136658","1559","1214358","1214358","0","4","0","0","0","0","0","0","0","1","4g","2026-08-24T16:50:40Z"
"journal_foodmart","Foodmart","UOB_RECOMPUTE_DUO","5","21556","1559","0","0.001","22","0.3","0.1","276","864","2491","437","3ff565168ca55cad81f3522c75b79511b1b399758e4f71b27cc2076130a685a9","370.239296","1559","1214358","1214358","0","4","0","0","0","0","1214358","0","0","1","4g","2026-08-24T16:50:42Z"
"journal_foodmart","Foodmart","UOB_EAGER_DUO","5","21556","1559","0","0.001","22","0.3","0.1","276","1092","2912","437","3ff565168ca55cad81f3522c75b79511b1b399758e4f71b27cc2076130a685a9","721.242897","1559","1214358","0","1214358","4","1214358","1214358","2099308","0","0","0","0","1","4g","2026-08-24T16:50:45Z"
"journal_foodmart","Foodmart","UOB_NO_UO_BOUND","5","21556","1559","0","0.001","22","0.3","0.1","287","773","2344","437","3ff565168ca55cad81f3522c75b79511b1b399758e4f71b27cc2076130a685a9","308.188644","1559","1214461","1214461","0","0","0","0","0","0","1214461","0","0","1","4g","2026-08-24T16:50:48Z"
"journal_foodmart","Foodmart","UOB_NO_EDA","5","21556","1559","0","0.001","22","0.3","0.1","313","831","2501","437","3ff565168ca55cad81f3522c75b79511b1b399758e4f71b27cc2076130a685a9","308.182098","1559","1214358","1214358","0","4","0","0","0","0","1214358","0","0","1","4g","2026-08-24T16:50:50Z"
"journal_foodmart","Foodmart","UOB_FULL","5","21556","1559","0","0.001","22","0.3","0.1","278","918","2577","437","3ff565168ca55cad81f3522c75b79511b1b399758e4f71b27cc2076130a685a9","420.300415","1559","1214358","1214358","0","4","0","0","0","0","1214358","0","0","1","4g","2026-08-24T16:50:53Z"
"journal_foodmart","Foodmart","UOB_NO_EDA","6","21556","1559","0","0.001","22","0.3","0.1","295","853","2543","437","3ff565168ca55cad81f3522c75b79511b1b399758e4f71b27cc2076130a685a9","394.222794","1559","1214358","1214358","0","4","0","0","0","0","1214358","0","0","1","4g","2026-08-24T16:50:55Z"
"journal_foodmart","Foodmart","UOB_NO_UO_BOUND","6","21556","1559","0","0.001","22","0.3","0.1","287","879","2484","437","3ff565168ca55cad81f3522c75b79511b1b399758e4f71b27cc2076130a685a9","395.181313","1559","1214461","1214461","0","0","0","0","0","0","1214461","0","0","1","4g","2026-08-24T16:50:58Z"
"journal_foodmart","Foodmart","UOB_EAGER_DUO","6","21556","1559","0","0.001","22","0.3","0.1","283","984","2795","437","3ff565168ca55cad81f3522c75b79511b1b399758e4f71b27cc2076130a685a9","612.233322","1559","1214358","0","1214358","4","1214358","1214358","2099308","0","0","0","0","1","4g","2026-08-24T16:51:00Z"
"journal_foodmart","Foodmart","UOB_RECOMPUTE_DUO","6","21556","1559","0","0.001","22","0.3","0.1","283","829","2456","437","3ff565168ca55cad81f3522c75b79511b1b399758e4f71b27cc2076130a685a9","379.201103","1559","1214358","1214358","0","4","0","0","0","0","1214358","0","0","1","4g","2026-08-24T16:51:03Z"
"journal_foodmart","Foodmart","HUOPM","6","21556","1559","0","0.001","22","0.3","0.0","268","896","2498","437","3ff565168ca55cad81f3522c75b79511b1b399758e4f71b27cc2076130a685a9","403.274178","1559","1214358","1214358","0","4","0","0","0","0","0","0","0","1","4g","2026-08-24T16:51:05Z"
"journal_foodmart","Foodmart","CORHUOPM_AC","6","21556","1559","0","0.001","22","0.3","0.3","269","863","2478","437","3ff565168ca55cad81f3522c75b79511b1b399758e4f71b27cc2076130a685a9","392.123413","1559","1214358","1214358","0","4","0","0","0","0","0","0","0","1","4g","2026-08-24T16:51:08Z"
"journal_foodmart","Foodmart","CORHUOPM_BOND","6","21556","1559","0","0.001","22","0.3","0.3","276","866","2559","437","3ff565168ca55cad81f3522c75b79511b1b399758e4f71b27cc2076130a685a9","418.155151","1559","1214358","1214358","0","4","0","0","0","0","0","0","0","1","4g","2026-08-24T16:51:10Z"
"journal_foodmart","Foodmart","COUPM_KULC_ADAPTED","6","21556","1559","0","0.001","22","0.3","0.3","283","891","2559","437","3ff565168ca55cad81f3522c75b79511b1b399758e4f71b27cc2076130a685a9","306.362534","1559","1214358","1214358","0","4","0","0","0","0","0","0","0","1","4g","2026-08-24T16:51:13Z"
"journal_foodmart","Foodmart","UOB_POSTFILTER","6","21556","1559","0","0.001","22","0.3","0.1","287","880","2489","437","3ff565168ca55cad81f3522c75b79511b1b399758e4f71b27cc2076130a685a9","405.118645","1559","1214358","1214358","0","4","0","0","0","0","0","0","24556","1","4g","2026-08-24T16:51:15Z"
"journal_foodmart","Foodmart","UOB_FULL","6","21556","1559","0","0.001","22","0.3","0.1","294","860","2543","437","3ff565168ca55cad81f3522c75b79511b1b399758e4f71b27cc2076130a685a9","402.440079","1559","1214358","1214358","0","4","0","0","0","0","1214358","0","0","1","4g","2026-08-24T16:51:18Z"
"journal_foodmart","Foodmart","UOB_NO_EDA","7","21556","1559","0","0.001","22","0.3","0.1","271","803","2430","437","3ff565168ca55cad81f3522c75b79511b1b399758e4f71b27cc2076130a685a9","308.106606","1559","1214358","1214358","0","4","0","0","0","0","1214358","0","0","1","4g","2026-08-24T16:51:20Z"
"journal_foodmart","Foodmart","UOB_FULL","7","21556","1559","0","0.001","22","0.3","0.1","292","816","2460","437","3ff565168ca55cad81f3522c75b79511b1b399758e4f71b27cc2076130a685a9","307.368523","1559","1214358","1214358","0","4","0","0","0","0","1214358","0","0","1","4g","2026-08-24T16:51:23Z"
"journal_foodmart","Foodmart","UOB_POSTFILTER","7","21556","1559","0","0.001","22","0.3","0.1","294","887","2559","437","3ff565168ca55cad81f3522c75b79511b1b399758e4f71b27cc2076130a685a9","424.228867","1559","1214358","1214358","0","4","0","0","0","0","0","0","24556","1","4g","2026-08-24T16:51:25Z"
"journal_foodmart","Foodmart","COUPM_KULC_ADAPTED","7","21556","1559","0","0.001","22","0.3","0.3","293","927","2590","437","3ff565168ca55cad81f3522c75b79511b1b399758e4f71b27cc2076130a685a9","425.154716","1559","1214358","1214358","0","4","0","0","0","0","0","0","0","1","4g","2026-08-24T16:51:28Z"
"journal_foodmart","Foodmart","CORHUOPM_BOND","7","21556","1559","0","0.001","22","0.3","0.3","284","848","2474","437","3ff565168ca55cad81f3522c75b79511b1b399758e4f71b27cc2076130a685a9","398.129486","1559","1214358","1214358","0","4","0","0","0","0","0","0","0","1","4g","2026-08-24T16:51:31Z"
"journal_foodmart","Foodmart","CORHUOPM_AC","7","21556","1559","0","0.001","22","0.3","0.3","302","854","2489","437","3ff565168ca55cad81f3522c75b79511b1b399758e4f71b27cc2076130a685a9","310.0289","1559","1214358","1214358","0","4","0","0","0","0","0","0","0","1","4g","2026-08-24T16:51:33Z"
"journal_foodmart","Foodmart","HUOPM","7","21556","1559","0","0.001","22","0.3","0.0","282","862","2491","437","3ff565168ca55cad81f3522c75b79511b1b399758e4f71b27cc2076130a685a9","388.209145","1559","1214358","1214358","0","4","0","0","0","0","0","0","0","1","4g","2026-08-24T16:51:36Z"
"journal_foodmart","Foodmart","UOB_RECOMPUTE_DUO","7","21556","1559","0","0.001","22","0.3","0.1","285","903","2591","437","3ff565168ca55cad81f3522c75b79511b1b399758e4f71b27cc2076130a685a9","400.16291","1559","1214358","1214358","0","4","0","0","0","0","1214358","0","0","1","4g","2026-08-24T16:51:38Z"
"journal_foodmart","Foodmart","UOB_EAGER_DUO","7","21556","1559","0","0.001","22","0.3","0.1","283","934","2817","437","3ff565168ca55cad81f3522c75b79511b1b399758e4f71b27cc2076130a685a9","368.174438","1559","1214358","0","1214358","4","1214358","1214358","2099308","0","0","0","0","1","4g","2026-08-24T16:51:41Z"
"journal_foodmart","Foodmart","UOB_NO_UO_BOUND","7","21556","1559","0","0.001","22","0.3","0.1","277","805","2408","437","3ff565168ca55cad81f3522c75b79511b1b399758e4f71b27cc2076130a685a9","308.366661","1559","1214461","1214461","0","0","0","0","0","0","1214461","0","0","1","4g","2026-08-24T16:51:43Z"
"journal_foodmart","Foodmart","UOB_EAGER_DUO","8","21556","1559","0","0.001","22","0.3","0.1","281","910","2757","437","3ff565168ca55cad81f3522c75b79511b1b399758e4f71b27cc2076130a685a9","355.241058","1559","1214358","0","1214358","4","1214358","1214358","2099308","0","0","0","0","1","4g","2026-08-24T16:51:46Z"
"journal_foodmart","Foodmart","UOB_RECOMPUTE_DUO","8","21556","1559","0","0.001","22","0.3","0.1","274","840","2485","437","3ff565168ca55cad81f3522c75b79511b1b399758e4f71b27cc2076130a685a9","309.029236","1559","1214358","1214358","0","4","0","0","0","0","1214358","0","0","1","4g","2026-08-24T16:51:49Z"
"journal_foodmart","Foodmart","HUOPM","8","21556","1559","0","0.001","22","0.3","0.0","298","904","2567","437","3ff565168ca55cad81f3522c75b79511b1b399758e4f71b27cc2076130a685a9","308.42775","1559","1214358","1214358","0","4","0","0","0","0","0","0","0","1","4g","2026-08-24T16:51:51Z"
"journal_foodmart","Foodmart","CORHUOPM_AC","8","21556","1559","0","0.001","22","0.3","0.3","281","828","2468","437","3ff565168ca55cad81f3522c75b79511b1b399758e4f71b27cc2076130a685a9","310.0289","1559","1214358","1214358","0","4","0","0","0","0","0","0","0","1","4g","2026-08-24T16:51:54Z"
"journal_foodmart","Foodmart","CORHUOPM_BOND","8","21556","1559","0","0.001","22","0.3","0.3","284","828","2470","437","3ff565168ca55cad81f3522c75b79511b1b399758e4f71b27cc2076130a685a9","306.116684","1559","1214358","1214358","0","4","0","0","0","0","0","0","0","1","4g","2026-08-24T16:51:56Z"
"journal_foodmart","Foodmart","COUPM_KULC_ADAPTED","8","21556","1559","0","0.001","22","0.3","0.3","283","830","2466","437","3ff565168ca55cad81f3522c75b79511b1b399758e4f71b27cc2076130a685a9","310.028519","1559","1214358","1214358","0","4","0","0","0","0","0","0","0","1","4g","2026-08-24T16:51:59Z"
"journal_foodmart","Foodmart","UOB_POSTFILTER","8","21556","1559","0","0.001","22","0.3","0.1","291","933","2635","437","3ff565168ca55cad81f3522c75b79511b1b399758e4f71b27cc2076130a685a9","394.118835","1559","1214358","1214358","0","4","0","0","0","0","0","0","24556","1","4g","2026-08-24T16:52:01Z"
"journal_foodmart","Foodmart","UOB_FULL","8","21556","1559","0","0.001","22","0.3","0.1","296","849","2546","437","3ff565168ca55cad81f3522c75b79511b1b399758e4f71b27cc2076130a685a9","403.527428","1559","1214358","1214358","0","4","0","0","0","0","1214358","0","0","1","4g","2026-08-24T16:52:04Z"
"journal_foodmart","Foodmart","UOB_NO_EDA","8","21556","1559","0","0.001","22","0.3","0.1","280","866","2518","437","3ff565168ca55cad81f3522c75b79511b1b399758e4f71b27cc2076130a685a9","307.182053","1559","1214358","1214358","0","4","0","0","0","0","1214358","0","0","1","4g","2026-08-24T16:52:06Z"
"journal_foodmart","Foodmart","UOB_NO_UO_BOUND","8","21556","1559","0","0.001","22","0.3","0.1","287","795","2428","437","3ff565168ca55cad81f3522c75b79511b1b399758e4f71b27cc2076130a685a9","310.028603","1559","1214461","1214461","0","0","0","0","0","0","1214461","0","0","1","4g","2026-08-24T16:52:09Z"
"journal_foodmart","Foodmart","UOB_EAGER_DUO","9","21556","1559","0","0.001","22","0.3","0.1","289","1060","3003","437","3ff565168ca55cad81f3522c75b79511b1b399758e4f71b27cc2076130a685a9","310.029617","1559","1214358","0","1214358","4","1214358","1214358","2099308","0","0","0","0","1","4g","2026-08-24T16:52:12Z"
"journal_foodmart","Foodmart","UOB_NO_UO_BOUND","9","21556","1559","0","0.001","22","0.3","0.1","310","846","2705","437","3ff565168ca55cad81f3522c75b79511b1b399758e4f71b27cc2076130a685a9","308.299721","1559","1214461","1214461","0","0","0","0","0","0","1214461","0","0","1","4g","2026-08-24T16:52:14Z"
"journal_foodmart","Foodmart","UOB_NO_EDA","9","21556","1559","0","0.001","22","0.3","0.1","274","854","2479","437","3ff565168ca55cad81f3522c75b79511b1b399758e4f71b27cc2076130a685a9","392.170334","1559","1214358","1214358","0","4","0","0","0","0","1214358","0","0","1","4g","2026-08-24T16:52:17Z"
"journal_foodmart","Foodmart","UOB_FULL","9","21556","1559","0","0.001","22","0.3","0.1","282","862","2487","437","3ff565168ca55cad81f3522c75b79511b1b399758e4f71b27cc2076130a685a9","308.182037","1559","1214358","1214358","0","4","0","0","0","0","1214358","0","0","1","4g","2026-08-24T16:52:19Z"
"journal_foodmart","Foodmart","UOB_POSTFILTER","9","21556","1559","0","0.001","22","0.3","0.1","296","904","2582","437","3ff565168ca55cad81f3522c75b79511b1b399758e4f71b27cc2076130a685a9","307.113243","1559","1214358","1214358","0","4","0","0","0","0","0","0","24556","1","4g","2026-08-24T16:52:22Z"
"journal_foodmart","Foodmart","COUPM_KULC_ADAPTED","9","21556","1559","0","0.001","22","0.3","0.3","283","863","2471","437","3ff565168ca55cad81f3522c75b79511b1b399758e4f71b27cc2076130a685a9","375.123032","1559","1214358","1214358","0","4","0","0","0","0","0","0","0","1","4g","2026-08-24T16:52:24Z"
"journal_foodmart","Foodmart","CORHUOPM_BOND","9","21556","1559","0","0.001","22","0.3","0.3","295","890","2560","437","3ff565168ca55cad81f3522c75b79511b1b399758e4f71b27cc2076130a685a9","357.164719","1559","1214358","1214358","0","4","0","0","0","0","0","0","0","1","4g","2026-08-24T16:52:27Z"
"journal_foodmart","Foodmart","CORHUOPM_AC","9","21556","1559","0","0.001","22","0.3","0.3","287","829","2522","437","3ff565168ca55cad81f3522c75b79511b1b399758e4f71b27cc2076130a685a9","310.0289","1559","1214358","1214358","0","4","0","0","0","0","0","0","0","1","4g","2026-08-24T16:52:29Z"
"journal_foodmart","Foodmart","HUOPM","9","21556","1559","0","0.001","22","0.3","0.0","287","818","2488","437","3ff565168ca55cad81f3522c75b79511b1b399758e4f71b27cc2076130a685a9","309.028488","1559","1214358","1214358","0","4","0","0","0","0","0","0","0","1","4g","2026-08-24T16:52:32Z"
"journal_foodmart","Foodmart","UOB_RECOMPUTE_DUO","9","21556","1559","0","0.001","22","0.3","0.1","281","865","2478","437","3ff565168ca55cad81f3522c75b79511b1b399758e4f71b27cc2076130a685a9","307.182007","1559","1214358","1214358","0","4","0","0","0","0","1214358","0","0","1","4g","2026-08-24T16:52:34Z"
"journal_kosarak","Kosarak","HUOPM","0","989949","11","0","0.045","44548","0.3","0.0","4955","811","7624","5","f79b72805735446cd348b93550098c820ea725a51e157a3e7e32cb12764ebdfb","398.777153","30","59","40","0","10","0","0","0","0","0","0","0","3","4g","2026-08-24T16:52:42Z"
"journal_kosarak","Kosarak","CORHUOPM_AC","0","989949","11","0","0.045","44548","0.3","0.3","4920","1251","7993","3","0510c7d8959f09ff10c131a6f5f9013c28a3e1797cfa99b32ff2364567a2755d","362.670883","28","56","39","13","1","0","0","0","0","0","0","0","3","4g","2026-08-24T16:52:50Z"
"journal_kosarak","Kosarak","CORHUOPM_BOND","0","989949","11","0","0.045","44548","0.3","0.3","5312","1687","9037","2","613dc7b23dcac1c88757d1ecccaa1d72916bd5ea2721e7a3a845462b68e1bc11","379.302551","27","55","39","13","1","0","0","0","0","0","0","0","2","4g","2026-08-24T16:52:59Z"
"journal_kosarak","Kosarak","COUPM_KULC_ADAPTED","0","989949","11","0","0.045","44548","0.3","0.3","5078","827","7871","4","cbe904d9e0961dc7ccd577b986c4044a8d2701a41bcef280aa8d730af177a888","400.618462","30","59","40","0","10","0","0","0","0","0","0","0","3","4g","2026-08-24T16:53:07Z"
"journal_kosarak","Kosarak","UOB_POSTFILTER","0","989949","11","0","0.045","44548","0.3","0.1","5153","1589","9112","2","613dc7b23dcac1c88757d1ecccaa1d72916bd5ea2721e7a3a845462b68e1bc11","400.66201","30","59","40","0","10","0","0","0","0","0","0","4423378","3","4g","2026-08-24T16:53:16Z"
"journal_kosarak","Kosarak","UOB_FULL","0","989949","11","0","0.045","44548","0.3","0.1","4928","1367","8157","2","613dc7b23dcac1c88757d1ecccaa1d72916bd5ea2721e7a3a845462b68e1bc11","415.716614","14","55","39","13","1","13","16","3620941","1527348","39","0","0","2","4g","2026-08-24T16:53:24Z"
"journal_kosarak","Kosarak","UOB_NO_EDA","0","989949","11","0","0.045","44548","0.3","0.1","4966","1545","8813","2","613dc7b23dcac1c88757d1ecccaa1d72916bd5ea2721e7a3a845462b68e1bc11","340.226875","27","55","39","13","1","0","16","8514448","8514448","39","0","0","2","4g","2026-08-24T16:53:33Z"
"journal_kosarak","Kosarak","UOB_NO_UO_BOUND","0","989949","11","0","0.045","44548","0.3","0.1","4936","1062","7414","2","613dc7b23dcac1c88757d1ecccaa1d72916bd5ea2721e7a3a845462b68e1bc11","395.666847","14","55","39","13","0","13","16","3620941","1527348","39","0","0","2","4g","2026-08-24T16:53:40Z"
"journal_kosarak","Kosarak","UOB_EAGER_DUO","0","989949","11","0","0.045","44548","0.3","0.1","5354","1378","8681","2","613dc7b23dcac1c88757d1ecccaa1d72916bd5ea2721e7a3a845462b68e1bc11","444.218285","14","55","0","52","1","52","55","5286911","1527348","0","0","0","2","4g","2026-08-24T16:53:49Z"
"journal_kosarak","Kosarak","UOB_RECOMPUTE_DUO","0","989949","11","0","0.045","44548","0.3","0.1","5119","1600","9665","2","613dc7b23dcac1c88757d1ecccaa1d72916bd5ea2721e7a3a845462b68e1bc11","322.207985","27","55","39","13","1","0","32","17028896","17028896","39","16","0","2","4g","2026-08-24T16:53:59Z"
"journal_kosarak","Kosarak","HUOPM","1","989949","11","0","0.045","44548","0.3","0.0","5107","733","7813","5","f79b72805735446cd348b93550098c820ea725a51e157a3e7e32cb12764ebdfb","398.645668","30","59","40","0","10","0","0","0","0","0","0","0","3","4g","2026-08-24T16:54:07Z"
"journal_kosarak","Kosarak","UOB_RECOMPUTE_DUO","1","989949","11","0","0.045","44548","0.3","0.1","5006","1578","9521","2","613dc7b23dcac1c88757d1ecccaa1d72916bd5ea2721e7a3a845462b68e1bc11","327.853149","27","55","39","13","1","0","32","17028896","17028896","39","16","0","2","4g","2026-08-24T16:54:16Z"
"journal_kosarak","Kosarak","UOB_EAGER_DUO","1","989949","11","0","0.045","44548","0.3","0.1","5079","1263","8287","2","613dc7b23dcac1c88757d1ecccaa1d72916bd5ea2721e7a3a845462b68e1bc11","438.260643","14","55","0","52","1","52","55","5286911","1527348","0","0","0","2","4g","2026-08-24T16:54:24Z"
"journal_kosarak","Kosarak","UOB_NO_UO_BOUND","1","989949","11","0","0.045","44548","0.3","0.1","4823","920","7151","2","613dc7b23dcac1c88757d1ecccaa1d72916bd5ea2721e7a3a845462b68e1bc11","380.13253","14","55","39","13","0","13","16","3620941","1527348","39","0","0","2","4g","2026-08-24T16:54:32Z"
"journal_kosarak","Kosarak","UOB_NO_EDA","1","989949","11","0","0.045","44548","0.3","0.1","4899","1498","8725","2","613dc7b23dcac1c88757d1ecccaa1d72916bd5ea2721e7a3a845462b68e1bc11","338.990578","27","55","39","13","1","0","16","8514448","8514448","39","0","0","2","4g","2026-08-24T16:54:40Z"
"journal_kosarak","Kosarak","UOB_FULL","1","989949","11","0","0.045","44548","0.3","0.1","5215","1292","8369","2","613dc7b23dcac1c88757d1ecccaa1d72916bd5ea2721e7a3a845462b68e1bc11","397.660591","14","55","39","13","1","13","16","3620941","1527348","39","0","0","2","4g","2026-08-24T16:54:49Z"
"journal_kosarak","Kosarak","UOB_POSTFILTER","1","989949","11","0","0.045","44548","0.3","0.1","5113","2018","9569","2","613dc7b23dcac1c88757d1ecccaa1d72916bd5ea2721e7a3a845462b68e1bc11","398.61689","30","59","40","0","10","0","0","0","0","0","0","4423378","3","4g","2026-08-24T16:54:58Z"
"journal_kosarak","Kosarak","COUPM_KULC_ADAPTED","1","989949","11","0","0.045","44548","0.3","0.3","5124","738","7792","4","cbe904d9e0961dc7ccd577b986c4044a8d2701a41bcef280aa8d730af177a888","398.783745","30","59","40","0","10","0","0","0","0","0","0","0","3","4g","2026-08-24T16:55:06Z"
"journal_kosarak","Kosarak","CORHUOPM_BOND","1","989949","11","0","0.045","44548","0.3","0.3","5239","1598","8939","2","613dc7b23dcac1c88757d1ecccaa1d72916bd5ea2721e7a3a845462b68e1bc11","377.747437","27","55","39","13","1","0","0","0","0","0","0","0","2","4g","2026-08-24T16:55:15Z"
"journal_kosarak","Kosarak","CORHUOPM_AC","1","989949","11","0","0.045","44548","0.3","0.3","5168","1184","8122","3","0510c7d8959f09ff10c131a6f5f9013c28a3e1797cfa99b32ff2364567a2755d","362.768295","28","56","39","13","1","0","0","0","0","0","0","0","3","4g","2026-08-24T16:55:23Z"
"journal_kosarak","Kosarak","CORHUOPM_BOND","2","989949","11","0","0.045","44548","0.3","0.3","4961","1563","8639","2","613dc7b23dcac1c88757d1ecccaa1d72916bd5ea2721e7a3a845462b68e1bc11","377.618355","27","55","39","13","1","0","0","0","0","0","0","0","2","4g","2026-08-24T16:55:32Z"
"journal_kosarak","Kosarak","COUPM_KULC_ADAPTED","2","989949","11","0","0.045","44548","0.3","0.3","4809","1311","7605","4","cbe904d9e0961dc7ccd577b986c4044a8d2701a41bcef280aa8d730af177a888","398.654129","30","59","40","0","10","0","0","0","0","0","0","0","3","4g","2026-08-24T16:55:39Z"
"journal_kosarak","Kosarak","UOB_POSTFILTER","2","989949","11","0","0.045","44548","0.3","0.1","5224","1425","9091","2","613dc7b23dcac1c88757d1ecccaa1d72916bd5ea2721e7a3a845462b68e1bc11","398.764969","30","59","40","0","10","0","0","0","0","0","0","4423378","3","4g","2026-08-24T16:55:48Z"
"journal_kosarak","Kosarak","UOB_FULL","2","989949","11","0","0.045","44548","0.3","0.1","4903","1246","8015","2","613dc7b23dcac1c88757d1ecccaa1d72916bd5ea2721e7a3a845462b68e1bc11","411.697906","14","55","39","13","1","13","16","3620941","1527348","39","0","0","2","4g","2026-08-24T16:55:56Z"
"journal_kosarak","Kosarak","UOB_NO_EDA","2","989949","11","0","0.045","44548","0.3","0.1","5166","1370","8885","2","613dc7b23dcac1c88757d1ecccaa1d72916bd5ea2721e7a3a845462b68e1bc11","338.915459","27","55","39","13","1","0","16","8514448","8514448","39","0","0","2","4g","2026-08-24T16:56:05Z"
"journal_kosarak","Kosarak","UOB_NO_UO_BOUND","2","989949","11","0","0.045","44548","0.3","0.1","5100","949","7557","2","613dc7b23dcac1c88757d1ecccaa1d72916bd5ea2721e7a3a845462b68e1bc11","395.687256","14","55","39","13","0","13","16","3620941","1527348","39","0","0","2","4g","2026-08-24T16:56:13Z"
"journal_kosarak","Kosarak","UOB_EAGER_DUO","2","989949","11","0","0.045","44548","0.3","0.1","4947","1379","8290","2","613dc7b23dcac1c88757d1ecccaa1d72916bd5ea2721e7a3a845462b68e1bc11","444.207542","14","55","0","52","1","52","55","5286911","1527348","0","0","0","2","4g","2026-08-24T16:56:21Z"
"journal_kosarak","Kosarak","UOB_RECOMPUTE_DUO","2","989949","11","0","0.045","44548","0.3","0.1","5049","1564","9508","2","613dc7b23dcac1c88757d1ecccaa1d72916bd5ea2721e7a3a845462b68e1bc11","328.097855","27","55","39","13","1","0","32","17028896","17028896","39","16","0","2","4g","2026-08-24T16:56:31Z"
"journal_kosarak","Kosarak","HUOPM","2","989949","11","0","0.045","44548","0.3","0.0","5086","1335","8404","5","f79b72805735446cd348b93550098c820ea725a51e157a3e7e32cb12764ebdfb","398.658554","30","59","40","0","10","0","0","0","0","0","0","0","3","4g","2026-08-24T16:56:39Z"
"journal_kosarak","Kosarak","CORHUOPM_AC","2","989949","11","0","0.045","44548","0.3","0.3","4897","605","6746","3","0510c7d8959f09ff10c131a6f5f9013c28a3e1797cfa99b32ff2364567a2755d","362.732407","28","56","39","13","1","0","0","0","0","0","0","0","3","4g","2026-08-24T16:56:46Z"
"journal_kosarak","Kosarak","CORHUOPM_BOND","3","989949","11","0","0.045","44548","0.3","0.3","5121","1615","8920","2","613dc7b23dcac1c88757d1ecccaa1d72916bd5ea2721e7a3a845462b68e1bc11","377.717201","27","55","39","13","1","0","0","0","0","0","0","0","2","4g","2026-08-24T16:56:55Z"
"journal_kosarak","Kosarak","CORHUOPM_AC","3","989949","11","0","0.045","44548","0.3","0.3","5156","586","7075","3","0510c7d8959f09ff10c131a6f5f9013c28a3e1797cfa99b32ff2364567a2755d","362.715004","28","56","39","13","1","0","0","0","0","0","0","0","3","4g","2026-08-24T16:57:02Z"
"journal_kosarak","Kosarak","HUOPM","3","989949","11","0","0.045","44548","0.3","0.0","5072","723","7790","5","f79b72805735446cd348b93550098c820ea725a51e157a3e7e32cb12764ebdfb","398.827209","30","59","40","0","10","0","0","0","0","0","0","0","3","4g","2026-08-24T16:57:10Z"
"journal_kosarak","Kosarak","UOB_RECOMPUTE_DUO","3","989949","11","0","0.045","44548","0.3","0.1","4783","1493","8466","2","613dc7b23dcac1c88757d1ecccaa1d72916bd5ea2721e7a3a845462b68e1bc11","327.853233","27","55","39","13","1","0","32","17028896","17028896","39","16","0","2","4g","2026-08-24T16:57:18Z"
"journal_kosarak","Kosarak","UOB_EAGER_DUO","3","989949","11","0","0.045","44548","0.3","0.1","5169","706","7467","2","613dc7b23dcac1c88757d1ecccaa1d72916bd5ea2721e7a3a845462b68e1bc11","444.393883","14","55","0","52","1","52","55","5286911","1527348","0","0","0","2","4g","2026-08-24T16:57:26Z"
"journal_kosarak","Kosarak","UOB_NO_UO_BOUND","3","989949","11","0","0.045","44548","0.3","0.1","4835","1122","7462","2","613dc7b23dcac1c88757d1ecccaa1d72916bd5ea2721e7a3a845462b68e1bc11","394.175125","14","55","39","13","0","13","16","3620941","1527348","39","0","0","2","4g","2026-08-24T16:57:33Z"
"journal_kosarak","Kosarak","UOB_NO_EDA","3","989949","11","0","0.045","44548","0.3","0.1","4892","943","7600","2","613dc7b23dcac1c88757d1ecccaa1d72916bd5ea2721e7a3a845462b68e1bc11","339.058868","27","55","39","13","1","0","16","8514448","8514448","39","0","0","2","4g","2026-08-24T16:57:41Z"
"journal_kosarak","Kosarak","UOB_FULL","3","989949","11","0","0.045","44548","0.3","0.1","5057","1240","8191","2","613dc7b23dcac1c88757d1ecccaa1d72916bd5ea2721e7a3a845462b68e1bc11","415.618103","14","55","39","13","1","13","16","3620941","1527348","39","0","0","2","4g","2026-08-24T16:57:49Z"
"journal_kosarak","Kosarak","UOB_POSTFILTER","3","989949","11","0","0.045","44548","0.3","0.1","4892","1497","8464","2","613dc7b23dcac1c88757d1ecccaa1d72916bd5ea2721e7a3a845462b68e1bc11","398.726128","30","59","40","0","10","0","0","0","0","0","0","4423378","3","4g","2026-08-24T16:57:57Z"
"journal_kosarak","Kosarak","COUPM_KULC_ADAPTED","3","989949","11","0","0.045","44548","0.3","0.3","5235","730","7932","4","cbe904d9e0961dc7ccd577b986c4044a8d2701a41bcef280aa8d730af177a888","398.726135","30","59","40","0","10","0","0","0","0","0","0","0","3","4g","2026-08-24T16:58:05Z"
"journal_kosarak","Kosarak","UOB_POSTFILTER","4","989949","11","0","0.045","44548","0.3","0.1","5203","1987","9481","2","613dc7b23dcac1c88757d1ecccaa1d72916bd5ea2721e7a3a845462b68e1bc11","398.715897","30","59","40","0","10","0","0","0","0","0","0","4423378","3","4g","2026-08-24T16:58:15Z"
"journal_kosarak","Kosarak","UOB_FULL","4","989949","11","0","0.045","44548","0.3","0.1","5144","1279","8366","2","613dc7b23dcac1c88757d1ecccaa1d72916bd5ea2721e7a3a845462b68e1bc11","407.707558","14","55","39","13","1","13","16","3620941","1527348","39","0","0","2","4g","2026-08-24T16:58:23Z"
"journal_kosarak","Kosarak","UOB_NO_EDA","4","989949","11","0","0.045","44548","0.3","0.1","5215","1505","9051","2","613dc7b23dcac1c88757d1ecccaa1d72916bd5ea2721e7a3a845462b68e1bc11","338.870789","27","55","39","13","1","0","16","8514448","8514448","39","0","0","2","4g","2026-08-24T16:58:32Z"
"journal_kosarak","Kosarak","UOB_NO_UO_BOUND","4","989949","11","0","0.045","44548","0.3","0.1","5039","901","7376","2","613dc7b23dcac1c88757d1ecccaa1d72916bd5ea2721e7a3a845462b68e1bc11","395.551407","14","55","39","13","0","13","16","3620941","1527348","39","0","0","2","4g","2026-08-24T16:58:39Z"
"journal_kosarak","Kosarak","UOB_EAGER_DUO","4","989949","11","0","0.045","44548","0.3","0.1","4836","1328","8156","2","613dc7b23dcac1c88757d1ecccaa1d72916bd5ea2721e7a3a845462b68e1bc11","444.119247","14","55","0","52","1","52","55","5286911","1527348","0","0","0","2","4g","2026-08-24T16:58:48Z"
"journal_kosarak","Kosarak","UOB_RECOMPUTE_DUO","4","989949","11","0","0.045","44548","0.3","0.1","4872","1645","9384","2","613dc7b23dcac1c88757d1ecccaa1d72916bd5ea2721e7a3a845462b68e1bc11","319.45092","27","55","39","13","1","0","32","17028896","17028896","39","16","0","2","4g","2026-08-24T16:58:57Z"
"journal_kosarak","Kosarak","HUOPM","4","989949","11","0","0.045","44548","0.3","0.0","5307","1309","8690","5","f79b72805735446cd348b93550098c820ea725a51e157a3e7e32cb12764ebdfb","398.62075","30","59","40","0","10","0","0","0","0","0","0","0","3","4g","2026-08-24T16:59:06Z"
"journal_kosarak","Kosarak","CORHUOPM_AC","4","989949","11","0","0.045","44548","0.3","0.3","4752","1210","7751","3","0510c7d8959f09ff10c131a6f5f9013c28a3e1797cfa99b32ff2364567a2755d","362.690292","28","56","39","13","1","0","0","0","0","0","0","0","3","4g","2026-08-24T16:59:13Z"
"journal_kosarak","Kosarak","CORHUOPM_BOND","4","989949","11","0","0.045","44548","0.3","0.3","4976","1523","8196","2","613dc7b23dcac1c88757d1ecccaa1d72916bd5ea2721e7a3a845462b68e1bc11","377.654839","27","55","39","13","1","0","0","0","0","0","0","0","2","4g","2026-08-24T16:59:22Z"
"journal_kosarak","Kosarak","COUPM_KULC_ADAPTED","4","989949","11","0","0.045","44548","0.3","0.3","4988","1273","7849","4","cbe904d9e0961dc7ccd577b986c4044a8d2701a41bcef280aa8d730af177a888","398.703255","30","59","40","0","10","0","0","0","0","0","0","0","3","4g","2026-08-24T16:59:30Z"
"journal_kosarak","Kosarak","UOB_POSTFILTER","5","989949","11","0","0.045","44548","0.3","0.1","4922","1977","9418","2","613dc7b23dcac1c88757d1ecccaa1d72916bd5ea2721e7a3a845462b68e1bc11","398.678368","30","59","40","0","10","0","0","0","0","0","0","4423378","3","4g","2026-08-24T16:59:39Z"
"journal_kosarak","Kosarak","COUPM_KULC_ADAPTED","5","989949","11","0","0.045","44548","0.3","0.3","4891","740","7617","4","cbe904d9e0961dc7ccd577b986c4044a8d2701a41bcef280aa8d730af177a888","398.703819","30","59","40","0","10","0","0","0","0","0","0","0","3","4g","2026-08-24T16:59:47Z"
"journal_kosarak","Kosarak","CORHUOPM_BOND","5","989949","11","0","0.045","44548","0.3","0.3","5153","1616","8840","2","613dc7b23dcac1c88757d1ecccaa1d72916bd5ea2721e7a3a845462b68e1bc11","377.686478","27","55","39","13","1","0","0","0","0","0","0","0","2","4g","2026-08-24T16:59:55Z"
"journal_kosarak","Kosarak","CORHUOPM_AC","5","989949","11","0","0.045","44548","0.3","0.3","4874","1200","7907","3","0510c7d8959f09ff10c131a6f5f9013c28a3e1797cfa99b32ff2364567a2755d","362.651001","28","56","39","13","1","0","0","0","0","0","0","0","3","4g","2026-08-24T17:00:03Z"
"journal_kosarak","Kosarak","HUOPM","5","989949","11","0","0.045","44548","0.3","0.0","5372","729","8168","5","f79b72805735446cd348b93550098c820ea725a51e157a3e7e32cb12764ebdfb","398.719978","30","59","40","0","10","0","0","0","0","0","0","0","3","4g","2026-08-24T17:00:11Z"
"journal_kosarak","Kosarak","UOB_RECOMPUTE_DUO","5","989949","11","0","0.045","44548","0.3","0.1","5125","1623","9390","2","613dc7b23dcac1c88757d1ecccaa1d72916bd5ea2721e7a3a845462b68e1bc11","327.950867","27","55","39","13","1","0","32","17028896","17028896","39","16","0","2","4g","2026-08-24T17:00:21Z"
"journal_kosarak","Kosarak","UOB_EAGER_DUO","5","989949","11","0","0.045","44548","0.3","0.1","4833","1267","7996","2","613dc7b23dcac1c88757d1ecccaa1d72916bd5ea2721e7a3a845462b68e1bc11","444.260643","14","55","0","52","1","52","55","5286911","1527348","0","0","0","2","4g","2026-08-24T17:00:29Z"
"journal_kosarak","Kosarak","UOB_NO_UO_BOUND","5","989949","11","0","0.045","44548","0.3","0.1","4977","888","7348","2","613dc7b23dcac1c88757d1ecccaa1d72916bd5ea2721e7a3a845462b68e1bc11","394.072922","14","55","39","13","0","13","16","3620941","1527348","39","0","0","2","4g","2026-08-24T17:00:36Z"
"journal_kosarak","Kosarak","UOB_NO_EDA","5","989949","11","0","0.045","44548","0.3","0.1","5004","1684","9052","2","613dc7b23dcac1c88757d1ecccaa1d72916bd5ea2721e7a3a845462b68e1bc11","338.964607","27","55","39","13","1","0","16","8514448","8514448","39","0","0","2","4g","2026-08-24T17:00:45Z"
"journal_kosarak","Kosarak","UOB_FULL","5","989949","11","0","0.045","44548","0.3","0.1","5455","1361","8823","2","613dc7b23dcac1c88757d1ecccaa1d72916bd5ea2721e7a3a845462b68e1bc11","413.190826","14","55","39","13","1","13","16","3620941","1527348","39","0","0","2","4g","2026-08-24T17:00:54Z"
"journal_kosarak","Kosarak","UOB_NO_EDA","6","989949","11","0","0.045","44548","0.3","0.1","4813","1289","8409","2","613dc7b23dcac1c88757d1ecccaa1d72916bd5ea2721e7a3a845462b68e1bc11","328.839363","27","55","39","13","1","0","16","8514448","8514448","39","0","0","2","4g","2026-08-24T17:01:02Z"
"journal_kosarak","Kosarak","UOB_NO_UO_BOUND","6","989949","11","0","0.045","44548","0.3","0.1","4923","879","7260","2","613dc7b23dcac1c88757d1ecccaa1d72916bd5ea2721e7a3a845462b68e1bc11","378.362381","14","55","39","13","0","13","16","3620941","1527348","39","0","0","2","4g","2026-08-24T17:01:10Z"
"journal_kosarak","Kosarak","UOB_EAGER_DUO","6","989949","11","0","0.045","44548","0.3","0.1","5271","1241","8490","2","613dc7b23dcac1c88757d1ecccaa1d72916bd5ea2721e7a3a845462b68e1bc11","444.247849","14","55","0","52","1","52","55","5286911","1527348","0","0","0","2","4g","2026-08-24T17:01:18Z"
"journal_kosarak","Kosarak","UOB_RECOMPUTE_DUO","6","989949","11","0","0.045","44548","0.3","0.1","5099","1526","9474","2","613dc7b23dcac1c88757d1ecccaa1d72916bd5ea2721e7a3a845462b68e1bc11","327.982979","27","55","39","13","1","0","32","17028896","17028896","39","16","0","2","4g","2026-08-24T17:01:28Z"
"journal_kosarak","Kosarak","HUOPM","6","989949","11","0","0.045","44548","0.3","0.0","4838","1279","8086","5","f79b72805735446cd348b93550098c820ea725a51e157a3e7e32cb12764ebdfb","398.717422","30","59","40","0","10","0","0","0","0","0","0","0","3","4g","2026-08-24T17:01:36Z"
"journal_kosarak","Kosarak","CORHUOPM_AC","6","989949","11","0","0.045","44548","0.3","0.3","4812","1148","7673","3","0510c7d8959f09ff10c131a6f5f9013c28a3e1797cfa99b32ff2364567a2755d","362.66201","28","56","39","13","1","0","0","0","0","0","0","0","3","4g","2026-08-24T17:01:43Z"
"journal_kosarak","Kosarak","CORHUOPM_BOND","6","989949","11","0","0.045","44548","0.3","0.3","5080","1624","8924","2","613dc7b23dcac1c88757d1ecccaa1d72916bd5ea2721e7a3a845462b68e1bc11","377.617691","27","55","39","13","1","0","0","0","0","0","0","0","2","4g","2026-08-24T17:01:52Z"
"journal_kosarak","Kosarak","COUPM_KULC_ADAPTED","6","989949","11","0","0.045","44548","0.3","0.3","4849","1267","8022","4","cbe904d9e0961dc7ccd577b986c4044a8d2701a41bcef280aa8d730af177a888","398.692955","30","59","40","0","10","0","0","0","0","0","0","0","3","4g","2026-08-24T17:02:00Z"
"journal_kosarak","Kosarak","UOB_POSTFILTER","6","989949","11","0","0.045","44548","0.3","0.1","4769","1401","8510","2","613dc7b23dcac1c88757d1ecccaa1d72916bd5ea2721e7a3a845462b68e1bc11","398.716393","30","59","40","0","10","0","0","0","0","0","0","4423378","3","4g","2026-08-24T17:02:09Z"
"journal_kosarak","Kosarak","UOB_FULL","6","989949","11","0","0.045","44548","0.3","0.1","5169","1246","8260","2","613dc7b23dcac1c88757d1ecccaa1d72916bd5ea2721e7a3a845462b68e1bc11","413.207542","14","55","39","13","1","13","16","3620941","1527348","39","0","0","2","4g","2026-08-24T17:02:17Z"
"journal_kosarak","Kosarak","UOB_NO_EDA","7","989949","11","0","0.045","44548","0.3","0.1","5135","1545","9010","2","613dc7b23dcac1c88757d1ecccaa1d72916bd5ea2721e7a3a845462b68e1bc11","338.907234","27","55","39","13","1","0","16","8514448","8514448","39","0","0","2","4g","2026-08-24T17:02:26Z"
"journal_kosarak","Kosarak","UOB_FULL","7","989949","11","0","0.045","44548","0.3","0.1","4893","1228","7987","2","613dc7b23dcac1c88757d1ecccaa1d72916bd5ea2721e7a3a845462b68e1bc11","411.667915","14","55","39","13","1","13","16","3620941","1527348","39","0","0","2","4g","2026-08-24T17:02:34Z"
"journal_kosarak","Kosarak","UOB_POSTFILTER","7","989949","11","0","0.045","44548","0.3","0.1","4818","1370","8501","2","613dc7b23dcac1c88757d1ecccaa1d72916bd5ea2721e7a3a845462b68e1bc11","398.796837","30","59","40","0","10","0","0","0","0","0","0","4423378","3","4g","2026-08-24T17:02:43Z"
"journal_kosarak","Kosarak","COUPM_KULC_ADAPTED","7","989949","11","0","0.045","44548","0.3","0.3","4751","725","7464","4","cbe904d9e0961dc7ccd577b986c4044a8d2701a41bcef280aa8d730af177a888","398.703636","30","59","40","0","10","0","0","0","0","0","0","0","3","4g","2026-08-24T17:02:50Z"
"journal_kosarak","Kosarak","CORHUOPM_BOND","7","989949","11","0","0.045","44548","0.3","0.3","5100","1538","8671","2","613dc7b23dcac1c88757d1ecccaa1d72916bd5ea2721e7a3a845462b68e1bc11","377.779648","27","55","39","13","1","0","0","0","0","0","0","0","2","4g","2026-08-24T17:02:59Z"
"journal_kosarak","Kosarak","CORHUOPM_AC","7","989949","11","0","0.045","44548","0.3","0.3","5229","1222","8187","3","0510c7d8959f09ff10c131a6f5f9013c28a3e1797cfa99b32ff2364567a2755d","362.672089","28","56","39","13","1","0","0","0","0","0","0","0","3","4g","2026-08-24T17:03:07Z"
"journal_kosarak","Kosarak","HUOPM","7","989949","11","0","0.045","44548","0.3","0.0","5033","1270","8291","5","f79b72805735446cd348b93550098c820ea725a51e157a3e7e32cb12764ebdfb","398.617622","30","59","40","0","10","0","0","0","0","0","0","0","3","4g","2026-08-24T17:03:15Z"
"journal_kosarak","Kosarak","UOB_RECOMPUTE_DUO","7","989949","11","0","0.045","44548","0.3","0.1","4786","1549","9284","2","613dc7b23dcac1c88757d1ecccaa1d72916bd5ea2721e7a3a845462b68e1bc11","327.99678","27","55","39","13","1","0","32","17028896","17028896","39","16","0","2","4g","2026-08-24T17:03:25Z"
"journal_kosarak","Kosarak","UOB_EAGER_DUO","7","989949","11","0","0.045","44548","0.3","0.1","4844","1300","8037","2","613dc7b23dcac1c88757d1ecccaa1d72916bd5ea2721e7a3a845462b68e1bc11","444.221214","14","55","0","52","1","52","55","5286911","1527348","0","0","0","2","4g","2026-08-24T17:03:33Z"
"journal_kosarak","Kosarak","UOB_NO_UO_BOUND","7","989949","11","0","0.045","44548","0.3","0.1","5062","957","7431","2","613dc7b23dcac1c88757d1ecccaa1d72916bd5ea2721e7a3a845462b68e1bc11","398.175713","14","55","39","13","0","13","16","3620941","1527348","39","0","0","2","4g","2026-08-24T17:03:40Z"
"journal_kosarak","Kosarak","UOB_EAGER_DUO","8","989949","11","0","0.045","44548","0.3","0.1","4851","1221","8012","2","613dc7b23dcac1c88757d1ecccaa1d72916bd5ea2721e7a3a845462b68e1bc11","444.118103","14","55","0","52","1","52","55","5286911","1527348","0","0","0","2","4g","2026-08-24T17:03:48Z"
"journal_kosarak","Kosarak","UOB_RECOMPUTE_DUO","8","989949","11","0","0.045","44548","0.3","0.1","4804","1671","9409","2","613dc7b23dcac1c88757d1ecccaa1d72916bd5ea2721e7a3a845462b68e1bc11","327.853149","27","55","39","13","1","0","32","17028896","17028896","39","16","0","2","4g","2026-08-24T17:03:57Z"
"journal_kosarak","Kosarak","HUOPM","8","989949","11","0","0.045","44548","0.3","0.0","5289","817","8202","5","f79b72805735446cd348b93550098c820ea725a51e157a3e7e32cb12764ebdfb","398.684235","30","59","40","0","10","0","0","0","0","0","0","0","3","4g","2026-08-24T17:04:06Z"
"journal_kosarak","Kosarak","CORHUOPM_AC","8","989949","11","0","0.045","44548","0.3","0.3","5626","1259","8833","3","0510c7d8959f09ff10c131a6f5f9013c28a3e1797cfa99b32ff2364567a2755d","360.752533","28","56","39","13","1","0","0","0","0","0","0","0","3","4g","2026-08-24T17:04:15Z"
"journal_kosarak","Kosarak","CORHUOPM_BOND","8","989949","11","0","0.045","44548","0.3","0.3","4859","1618","8682","2","613dc7b23dcac1c88757d1ecccaa1d72916bd5ea2721e7a3a845462b68e1bc11","377.739128","27","55","39","13","1","0","0","0","0","0","0","0","2","4g","2026-08-24T17:04:23Z"
"journal_kosarak","Kosarak","COUPM_KULC_ADAPTED","8","989949","11","0","0.045","44548","0.3","0.3","5037","1318","8353","4","cbe904d9e0961dc7ccd577b986c4044a8d2701a41bcef280aa8d730af177a888","398.79007","30","59","40","0","10","0","0","0","0","0","0","0","3","4g","2026-08-24T17:04:32Z"
"journal_kosarak","Kosarak","UOB_POSTFILTER","8","989949","11","0","0.045","44548","0.3","0.1","4950","1484","8763","2","613dc7b23dcac1c88757d1ecccaa1d72916bd5ea2721e7a3a845462b68e1bc11","398.616974","30","59","40","0","10","0","0","0","0","0","0","4423378","3","4g","2026-08-24T17:04:40Z"
"journal_kosarak","Kosarak","UOB_FULL","8","989949","11","0","0.045","44548","0.3","0.1","5078","1251","8268","2","613dc7b23dcac1c88757d1ecccaa1d72916bd5ea2721e7a3a845462b68e1bc11","415.630493","14","55","39","13","1","13","16","3620941","1527348","39","0","0","2","4g","2026-08-24T17:04:49Z"
"journal_kosarak","Kosarak","UOB_NO_EDA","8","989949","11","0","0.045","44548","0.3","0.1","5193","1394","8994","2","613dc7b23dcac1c88757d1ecccaa1d72916bd5ea2721e7a3a845462b68e1bc11","342.945656","27","55","39","13","1","0","16","8514448","8514448","39","0","0","2","4g","2026-08-24T17:04:58Z"
"journal_kosarak","Kosarak","UOB_NO_UO_BOUND","8","989949","11","0","0.045","44548","0.3","0.1","4989","909","7377","2","613dc7b23dcac1c88757d1ecccaa1d72916bd5ea2721e7a3a845462b68e1bc11","380.273506","14","55","39","13","0","13","16","3620941","1527348","39","0","0","2","4g","2026-08-24T17:05:05Z"
"journal_kosarak","Kosarak","UOB_EAGER_DUO","9","989949","11","0","0.045","44548","0.3","0.1","4322","1219","7460","2","613dc7b23dcac1c88757d1ecccaa1d72916bd5ea2721e7a3a845462b68e1bc11","454.118103","14","55","0","52","1","52","55","5286911","1527348","0","0","0","2","4g","2026-08-24T17:05:12Z"
"journal_kosarak","Kosarak","UOB_NO_UO_BOUND","9","989949","11","0","0.045","44548","0.3","0.1","4845","950","7272","2","613dc7b23dcac1c88757d1ecccaa1d72916bd5ea2721e7a3a845462b68e1bc11","386.135437","14","55","39","13","0","13","16","3620941","1527348","39","0","0","2","4g","2026-08-24T17:05:20Z"
"journal_kosarak","Kosarak","UOB_NO_EDA","9","989949","11","0","0.045","44548","0.3","0.1","4975","1344","8657","2","613dc7b23dcac1c88757d1ecccaa1d72916bd5ea2721e7a3a845462b68e1bc11","328.91758","27","55","39","13","1","0","16","8514448","8514448","39","0","0","2","4g","2026-08-24T17:05:28Z"
"journal_kosarak","Kosarak","UOB_FULL","9","989949","11","0","0.045","44548","0.3","0.1","4987","1282","8129","2","613dc7b23dcac1c88757d1ecccaa1d72916bd5ea2721e7a3a845462b68e1bc11","412.618073","14","55","39","13","1","13","16","3620941","1527348","39","0","0","2","4g","2026-08-24T17:05:36Z"
"journal_kosarak","Kosarak","UOB_POSTFILTER","9","989949","11","0","0.045","44548","0.3","0.1","5018","1984","9284","2","613dc7b23dcac1c88757d1ecccaa1d72916bd5ea2721e7a3a845462b68e1bc11","398.835327","30","59","40","0","10","0","0","0","0","0","0","4423378","3","4g","2026-08-24T17:05:46Z"
"journal_kosarak","Kosarak","COUPM_KULC_ADAPTED","9","989949","11","0","0.045","44548","0.3","0.3","4855","1305","8176","4","cbe904d9e0961dc7ccd577b986c4044a8d2701a41bcef280aa8d730af177a888","398.776611","30","59","40","0","10","0","0","0","0","0","0","0","3","4g","2026-08-24T17:05:54Z"
"journal_kosarak","Kosarak","CORHUOPM_BOND","9","989949","11","0","0.045","44548","0.3","0.3","4893","1664","8730","2","613dc7b23dcac1c88757d1ecccaa1d72916bd5ea2721e7a3a845462b68e1bc11","377.617691","27","55","39","13","1","0","0","0","0","0","0","0","2","4g","2026-08-24T17:06:03Z"
"journal_kosarak","Kosarak","CORHUOPM_AC","9","989949","11","0","0.045","44548","0.3","0.3","5078","1184","8036","3","0510c7d8959f09ff10c131a6f5f9013c28a3e1797cfa99b32ff2364567a2755d","362.730881","28","56","39","13","1","0","0","0","0","0","0","0","3","4g","2026-08-24T17:06:11Z"
"journal_kosarak","Kosarak","HUOPM","9","989949","11","0","0.045","44548","0.3","0.0","5218","1333","8561","5","f79b72805735446cd348b93550098c820ea725a51e157a3e7e32cb12764ebdfb","398.775116","30","59","40","0","10","0","0","0","0","0","0","0","3","4g","2026-08-24T17:06:19Z"
"journal_kosarak","Kosarak","UOB_RECOMPUTE_DUO","9","989949","11","0","0.045","44548","0.3","0.1","4982","1614","9586","2","613dc7b23dcac1c88757d1ecccaa1d72916bd5ea2721e7a3a845462b68e1bc11","327.93206","27","55","39","13","1","0","32","17028896","17028896","39","16","0","2","4g","2026-08-24T17:06:29Z"
"journal_mushroom","Mushroom","HUOPM","0","8124","43","0","0.2","1625","0.3","0.0","319","7925","13960","31025","7adb19cf5294bc4690c31f0e6b4eb8a6b8689775d5cdf8e9835252305143471a","311.823051","48106","49056","993","0","3781","0","0","0","0","0","0","0","15","4g","2026-08-24T17:06:43Z"
"journal_mushroom","Mushroom","CORHUOPM_AC","0","8124","43","0","0.2","1625","0.3","0.5","353","126","1126","0","e3b0c44298fc1c149afbf4c8996fb92427ae41e4649b934ca495991b7852b855","242.697624","1328","1860","575","1117","46","0","0","0","0","0","0","0","6","4g","2026-08-24T17:06:44Z"
"journal_mushroom","Mushroom","CORHUOPM_BOND","0","8124","43","0","0.2","1625","0.3","0.5","294","135","1115","0","e3b0c44298fc1c149afbf4c8996fb92427ae41e4649b934ca495991b7852b855","227.698029","860","1356","539","727","34","0","0","0","0","0","0","0","5","4g","2026-08-24T17:06:45Z"
"journal_mushroom","Mushroom","COUPM_KULC_ADAPTED","0","8124","43","0","0.2","1625","0.3","0.5","309","7128","13164","3086","6c7cc5cbeedb3573b322b581e254b220d7dda5552f39f5534868e9a7be353ba8","311.562698","48106","49056","993","0","3781","0","0","0","0","0","0","0","15","4g","2026-08-24T17:06:58Z"
"journal_mushroom","Mushroom","UOB_POSTFILTER","0","8124","43","0","0.2","1625","0.3","0.1","331","39995","74743","6","3b9801adc9cdaffe96313b9dee5ab95553ce0e0fddff9abe9a0d4709c1a337c7","311.797569","48106","49056","993","0","3781","0","0","0","0","0","0","1336303936","15","4g","2026-08-24T17:08:13Z"
"journal_mushroom","Mushroom","UOB_FULL","0","8124","43","0","0.2","1625","0.3","0.1","359","457","1833","6","3b9801adc9cdaffe96313b9dee5ab95553ce0e0fddff9abe9a0d4709c1a337c7","306.746262","966","2944","715","1306","380","1306","2229","14483969","6452544","715","0","0","5","4g","2026-08-24T17:08:15Z"
"journal_mushroom","Mushroom","UOB_NO_EDA","0","8124","43","0","0.2","1625","0.3","0.1","318","673","2169","6","3b9801adc9cdaffe96313b9dee5ab95553ce0e0fddff9abe9a0d4709c1a337c7","309.371635","3155","3864","752","2189","380","0","3112","23561136","23561136","752","0","0","6","4g","2026-08-24T17:08:17Z"
"journal_mushroom","Mushroom","UOB_NO_UO_BOUND","0","8124","43","0","0.2","1625","0.3","0.1","345","393","1628","6","3b9801adc9cdaffe96313b9dee5ab95553ce0e0fddff9abe9a0d4709c1a337c7","310.128212","1240","3573","729","1647","0","1647","2844","18917616","8666851","729","0","0","5","4g","2026-08-24T17:08:19Z"
"journal_mushroom","Mushroom","UOB_EAGER_DUO","0","8124","43","0","0.2","1625","0.3","0.1","327","515","1914","6","3b9801adc9cdaffe96313b9dee5ab95553ce0e0fddff9abe9a0d4709c1a337c7","309.276749","966","2944","213","1808","380","1808","2944","16989641","7456927","0","0","0","5","4g","2026-08-24T17:08:21Z"
"journal_mushroom","Mushroom","UOB_RECOMPUTE_DUO","0","8124","43","0","0.2","1625","0.3","0.1","307","1278","3364","6","3b9801adc9cdaffe96313b9dee5ab95553ce0e0fddff9abe9a0d4709c1a337c7","372.070854","3155","3864","752","2189","380","0","11773","74256065","74256065","752","8661","0","6","4g","2026-08-24T17:08:24Z"
"journal_mushroom","Mushroom","HUOPM","1","8124","43","0","0.2","1625","0.3","0.0","335","6503","12534","31025","7adb19cf5294bc4690c31f0e6b4eb8a6b8689775d5cdf8e9835252305143471a","311.365967","48106","49056","993","0","3781","0","0","0","0","0","0","0","15","4g","2026-08-24T17:08:36Z"
"journal_mushroom","Mushroom","UOB_RECOMPUTE_DUO","1","8124","43","0","0.2","1625","0.3","0.1","332","1317","3508","6","3b9801adc9cdaffe96313b9dee5ab95553ce0e0fddff9abe9a0d4709c1a337c7","568.167534","3155","3864","752","2189","380","0","11773","74256065","74256065","752","8661","0","6","4g","2026-08-24T17:08:40Z"
"journal_mushroom","Mushroom","UOB_EAGER_DUO","1","8124","43","0","0.2","1625","0.3","0.1","315","452","1789","6","3b9801adc9cdaffe96313b9dee5ab95553ce0e0fddff9abe9a0d4709c1a337c7","309.13179","966","2944","213","1808","380","1808","2944","16989641","7456927","0","0","0","5","4g","2026-08-24T17:08:42Z"
"journal_mushroom","Mushroom","UOB_NO_UO_BOUND","1","8124","43","0","0.2","1625","0.3","0.1","297","459","1701","6","3b9801adc9cdaffe96313b9dee5ab95553ce0e0fddff9abe9a0d4709c1a337c7","590.080673","1240","3573","729","1647","0","1647","2844","18917616","8666851","729","0","0","5","4g","2026-08-24T17:08:43Z"
"journal_mushroom","Mushroom","UOB_NO_EDA","1","8124","43","0","0.2","1625","0.3","0.1","304","537","2006","6","3b9801adc9cdaffe96313b9dee5ab95553ce0e0fddff9abe9a0d4709c1a337c7","311.707146","3155","3864","752","2189","380","0","3112","23561136","23561136","752","0","0","6","4g","2026-08-24T17:08:45Z"
"journal_mushroom","Mushroom","UOB_FULL","1","8124","43","0","0.2","1625","0.3","0.1","322","413","1796","6","3b9801adc9cdaffe96313b9dee5ab95553ce0e0fddff9abe9a0d4709c1a337c7","310.007477","966","2944","715","1306","380","1306","2229","14483969","6452544","715","0","0","5","4g","2026-08-24T17:08:47Z"
"journal_mushroom","Mushroom","UOB_POSTFILTER","1","8124","43","0","0.2","1625","0.3","0.1","335","38583","75825","6","3b9801adc9cdaffe96313b9dee5ab95553ce0e0fddff9abe9a0d4709c1a337c7","311.743866","48106","49056","993","0","3781","0","0","0","0","0","0","1336303936","15","4g","2026-08-24T17:10:03Z"
"journal_mushroom","Mushroom","COUPM_KULC_ADAPTED","1","8124","43","0","0.2","1625","0.3","0.5","315","6819","13212","3086","6c7cc5cbeedb3573b322b581e254b220d7dda5552f39f5534868e9a7be353ba8","311.12738","48106","49056","993","0","3781","0","0","0","0","0","0","0","15","4g","2026-08-24T17:10:16Z"
"journal_mushroom","Mushroom","CORHUOPM_BOND","1","8124","43","0","0.2","1625","0.3","0.5","298","132","1135","0","e3b0c44298fc1c149afbf4c8996fb92427ae41e4649b934ca495991b7852b855","227.697624","860","1356","539","727","34","0","0","0","0","0","0","0","5","4g","2026-08-24T17:10:17Z"
"journal_mushroom","Mushroom","CORHUOPM_AC","1","8124","43","0","0.2","1625","0.3","0.5","292","132","1080","0","e3b0c44298fc1c149afbf4c8996fb92427ae41e4649b934ca495991b7852b855","242.741562","1328","1860","575","1117","46","0","0","0","0","0","0","0","6","4g","2026-08-24T17:10:18Z"
"journal_mushroom","Mushroom","CORHUOPM_BOND","2","8124","43","0","0.2","1625","0.3","0.5","324","214","1222","0","e3b0c44298fc1c149afbf4c8996fb92427ae41e4649b934ca495991b7852b855","227.697624","860","1356","539","727","34","0","0","0","0","0","0","0","5","4g","2026-08-24T17:10:20Z"
"journal_mushroom","Mushroom","COUPM_KULC_ADAPTED","2","8124","43","0","0.2","1625","0.3","0.5","334","6570","12662","3086","6c7cc5cbeedb3573b322b581e254b220d7dda5552f39f5534868e9a7be353ba8","311.156982","48106","49056","993","0","3781","0","0","0","0","0","0","0","15","4g","2026-08-24T17:10:32Z"
"journal_mushroom","Mushroom","UOB_POSTFILTER","2","8124","43","0","0.2","1625","0.3","0.1","293","40004","75889","6","3b9801adc9cdaffe96313b9dee5ab95553ce0e0fddff9abe9a0d4709c1a337c7","311.740402","48106","49056","993","0","3781","0","0","0","0","0","0","1336303936","15","4g","2026-08-24T17:11:48Z"
"journal_mushroom","Mushroom","UOB_FULL","2","8124","43","0","0.2","1625","0.3","0.1","350","430","1820","6","3b9801adc9cdaffe96313b9dee5ab95553ce0e0fddff9abe9a0d4709c1a337c7","311.713081","966","2944","715","1306","380","1306","2229","14483969","6452544","715","0","0","5","4g","2026-08-24T17:11:50Z"
"journal_mushroom","Mushroom","UOB_NO_EDA","2","8124","43","0","0.2","1625","0.3","0.1","295","622","2072","6","3b9801adc9cdaffe96313b9dee5ab95553ce0e0fddff9abe9a0d4709c1a337c7","307.553223","3155","3864","752","2189","380","0","3112","23561136","23561136","752","0","0","6","4g","2026-08-24T17:11:52Z"
"journal_mushroom","Mushroom","UOB_NO_UO_BOUND","2","8124","43","0","0.2","1625","0.3","0.1","328","364","1616","6","3b9801adc9cdaffe96313b9dee5ab95553ce0e0fddff9abe9a0d4709c1a337c7","309.925621","1240","3573","729","1647","0","1647","2844","18917616","8666851","729","0","0","5","4g","2026-08-24T17:11:54Z"
"journal_mushroom","Mushroom","UOB_EAGER_DUO","2","8124","43","0","0.2","1625","0.3","0.1","294","487","1801","6","3b9801adc9cdaffe96313b9dee5ab95553ce0e0fddff9abe9a0d4709c1a337c7","309.135315","966","2944","213","1808","380","1808","2944","16989641","7456927","0","0","0","5","4g","2026-08-24T17:11:56Z"
"journal_mushroom","Mushroom","UOB_RECOMPUTE_DUO","2","8124","43","0","0.2","1625","0.3","0.1","349","1314","3477","6","3b9801adc9cdaffe96313b9dee5ab95553ce0e0fddff9abe9a0d4709c1a337c7","372.773918","3155","3864","752","2189","380","0","11773","74256065","74256065","752","8661","0","6","4g","2026-08-24T17:11:59Z"
"journal_mushroom","Mushroom","HUOPM","2","8124","43","0","0.2","1625","0.3","0.0","340","6376","12278","31025","7adb19cf5294bc4690c31f0e6b4eb8a6b8689775d5cdf8e9835252305143471a","311.579742","48106","49056","993","0","3781","0","0","0","0","0","0","0","15","4g","2026-08-24T17:12:11Z"
"journal_mushroom","Mushroom","CORHUOPM_AC","2","8124","43","0","0.2","1625","0.3","0.5","349","152","1169","0","e3b0c44298fc1c149afbf4c8996fb92427ae41e4649b934ca495991b7852b855","242.769775","1328","1860","575","1117","46","0","0","0","0","0","0","0","6","4g","2026-08-24T17:12:12Z"
"journal_mushroom","Mushroom","CORHUOPM_BOND","3","8124","43","0","0.2","1625","0.3","0.5","317","157","1173","0","e3b0c44298fc1c149afbf4c8996fb92427ae41e4649b934ca495991b7852b855","227.708717","860","1356","539","727","34","0","0","0","0","0","0","0","5","4g","2026-08-24T17:12:14Z"
"journal_mushroom","Mushroom","CORHUOPM_AC","3","8124","43","0","0.2","1625","0.3","0.5","354","105","1126","0","e3b0c44298fc1c149afbf4c8996fb92427ae41e4649b934ca495991b7852b855","242.73571","1328","1860","575","1117","46","0","0","0","0","0","0","0","6","4g","2026-08-24T17:12:15Z"
"journal_mushroom","Mushroom","HUOPM","3","8124","43","0","0.2","1625","0.3","0.0","295","6641","13064","31025","7adb19cf5294bc4690c31f0e6b4eb8a6b8689775d5cdf8e9835252305143471a","311.517036","48106","49056","993","0","3781","0","0","0","0","0","0","0","15","4g","2026-08-24T17:12:28Z"
"journal_mushroom","Mushroom","UOB_RECOMPUTE_DUO","3","8124","43","0","0.2","1625","0.3","0.1","342","1388","3511","6","3b9801adc9cdaffe96313b9dee5ab95553ce0e0fddff9abe9a0d4709c1a337c7","371.531982","3155","3864","752","2189","380","0","11773","74256065","74256065","752","8661","0","6","4g","2026-08-24T17:12:31Z"
"journal_mushroom","Mushroom","UOB_EAGER_DUO","3","8124","43","0","0.2","1625","0.3","0.1","323","605","2027","6","3b9801adc9cdaffe96313b9dee5ab95553ce0e0fddff9abe9a0d4709c1a337c7","309.78508","966","2944","213","1808","380","1808","2944","16989641","7456927","0","0","0","5","4g","2026-08-24T17:12:33Z"
"journal_mushroom","Mushroom","UOB_NO_UO_BOUND","3","8124","43","0","0.2","1625","0.3","0.1","317","380","1605","6","3b9801adc9cdaffe96313b9dee5ab95553ce0e0fddff9abe9a0d4709c1a337c7","310.246971","1240","3573","729","1647","0","1647","2844","18917616","8666851","729","0","0","5","4g","2026-08-24T17:12:35Z"
"journal_mushroom","Mushroom","UOB_NO_EDA","3","8124","43","0","0.2","1625","0.3","0.1","328","578","2035","6","3b9801adc9cdaffe96313b9dee5ab95553ce0e0fddff9abe9a0d4709c1a337c7","306.482483","3155","3864","752","2189","380","0","3112","23561136","23561136","752","0","0","6","4g","2026-08-24T17:12:37Z"
"journal_mushroom","Mushroom","UOB_FULL","3","8124","43","0","0.2","1625","0.3","0.1","328","488","1815","6","3b9801adc9cdaffe96313b9dee5ab95553ce0e0fddff9abe9a0d4709c1a337c7","307.018158","966","2944","715","1306","380","1306","2229","14483969","6452544","715","0","0","5","4g","2026-08-24T17:12:39Z"
"journal_mushroom","Mushroom","UOB_POSTFILTER","3","8124","43","0","0.2","1625","0.3","0.1","297","40547","77106","6","3b9801adc9cdaffe96313b9dee5ab95553ce0e0fddff9abe9a0d4709c1a337c7","311.734291","48106","49056","993","0","3781","0","0","0","0","0","0","1336303936","15","4g","2026-08-24T17:13:56Z"
"journal_mushroom","Mushroom","COUPM_KULC_ADAPTED","3","8124","43","0","0.2","1625","0.3","0.5","328","6525","12575","3086","6c7cc5cbeedb3573b322b581e254b220d7dda5552f39f5534868e9a7be353ba8","311.610527","48106","49056","993","0","3781","0","0","0","0","0","0","0","15","4g","2026-08-24T17:14:09Z"
"journal_mushroom","Mushroom","UOB_POSTFILTER","4","8124","43","0","0.2","1625","0.3","0.1","308","39919","75405","6","3b9801adc9cdaffe96313b9dee5ab95553ce0e0fddff9abe9a0d4709c1a337c7","311.74054","48106","49056","993","0","3781","0","0","0","0","0","0","1336303936","15","4g","2026-08-24T17:15:24Z"
"journal_mushroom","Mushroom","UOB_FULL","4","8124","43","0","0.2","1625","0.3","0.1","329","439","1790","6","3b9801adc9cdaffe96313b9dee5ab95553ce0e0fddff9abe9a0d4709c1a337c7","309.099129","966","2944","715","1306","380","1306","2229","14483969","6452544","715","0","0","5","4g","2026-08-24T17:15:26Z"
"journal_mushroom","Mushroom","UOB_NO_EDA","4","8124","43","0","0.2","1625","0.3","0.1","355","729","2243","6","3b9801adc9cdaffe96313b9dee5ab95553ce0e0fddff9abe9a0d4709c1a337c7","307.432983","3155","3864","752","2189","380","0","3112","23561136","23561136","752","0","0","6","4g","2026-08-24T17:15:28Z"
"journal_mushroom","Mushroom","UOB_NO_UO_BOUND","4","8124","43","0","0.2","1625","0.3","0.1","364","383","1669","6","3b9801adc9cdaffe96313b9dee5ab95553ce0e0fddff9abe9a0d4709c1a337c7","309.697388","1240","3573","729","1647","0","1647","2844","18917616","8666851","729","0","0","5","4g","2026-08-24T17:15:30Z"
"journal_mushroom","Mushroom","UOB_EAGER_DUO","4","8124","43","0","0.2","1625","0.3","0.1","306","469","1840","6","3b9801adc9cdaffe96313b9dee5ab95553ce0e0fddff9abe9a0d4709c1a337c7","309.213974","966","2944","213","1808","380","1808","2944","16989641","7456927","0","0","0","5","4g","2026-08-24T17:15:31Z"
"journal_mushroom","Mushroom","UOB_RECOMPUTE_DUO","4","8124","43","0","0.2","1625","0.3","0.1","306","1281","3363","6","3b9801adc9cdaffe96313b9dee5ab95553ce0e0fddff9abe9a0d4709c1a337c7","556.753662","3155","3864","752","2189","380","0","11773","74256065","74256065","752","8661","0","6","4g","2026-08-24T17:15:35Z"
"journal_mushroom","Mushroom","HUOPM","4","8124","43","0","0.2","1625","0.3","0.0","322","6441","12701","31025","7adb19cf5294bc4690c31f0e6b4eb8a6b8689775d5cdf8e9835252305143471a","311.689003","48106","49056","993","0","3781","0","0","0","0","0","0","0","15","4g","2026-08-24T17:15:48Z"
"journal_mushroom","Mushroom","CORHUOPM_AC","4","8124","43","0","0.2","1625","0.3","0.5","302","103","1049","0","e3b0c44298fc1c149afbf4c8996fb92427ae41e4649b934ca495991b7852b855","242.701614","1328","1860","575","1117","46","0","0","0","0","0","0","0","6","4g","2026-08-24T17:15:49Z"
"journal_mushroom","Mushroom","CORHUOPM_BOND","4","8124","43","0","0.2","1625","0.3","0.5","316","132","1122","0","e3b0c44298fc1c149afbf4c8996fb92427ae41e4649b934ca495991b7852b855","227.740524","860","1356","539","727","34","0","0","0","0","0","0","0","5","4g","2026-08-24T17:15:50Z"
"journal_mushroom","Mushroom","COUPM_KULC_ADAPTED","4","8124","43","0","0.2","1625","0.3","0.5","313","6682","12870","3086","6c7cc5cbeedb3573b322b581e254b220d7dda5552f39f5534868e9a7be353ba8","311.453575","48106","49056","993","0","3781","0","0","0","0","0","0","0","15","4g","2026-08-24T17:16:03Z"
"journal_mushroom","Mushroom","UOB_POSTFILTER","5","8124","43","0","0.2","1625","0.3","0.1","308","40167","76537","6","3b9801adc9cdaffe96313b9dee5ab95553ce0e0fddff9abe9a0d4709c1a337c7","311.740311","48106","49056","993","0","3781","0","0","0","0","0","0","1336303936","15","4g","2026-08-24T17:17:19Z"
"journal_mushroom","Mushroom","COUPM_KULC_ADAPTED","5","8124","43","0","0.2","1625","0.3","0.5","314","6604","12887","3086","6c7cc5cbeedb3573b322b581e254b220d7dda5552f39f5534868e9a7be353ba8","311.714363","48106","49056","993","0","3781","0","0","0","0","0","0","0","15","4g","2026-08-24T17:17:32Z"
"journal_mushroom","Mushroom","CORHUOPM_BOND","5","8124","43","0","0.2","1625","0.3","0.5","351","205","1236","0","e3b0c44298fc1c149afbf4c8996fb92427ae41e4649b934ca495991b7852b855","227.780563","860","1356","539","727","34","0","0","0","0","0","0","0","5","4g","2026-08-24T17:17:33Z"
"journal_mushroom","Mushroom","CORHUOPM_AC","5","8124","43","0","0.2","1625","0.3","0.5","308","139","1106","0","e3b0c44298fc1c149afbf4c8996fb92427ae41e4649b934ca495991b7852b855","242.726685","1328","1860","575","1117","46","0","0","0","0","0","0","0","6","4g","2026-08-24T17:17:34Z"
"journal_mushroom","Mushroom","HUOPM","5","8124","43","0","0.2","1625","0.3","0.0","296","6685","12987","31025","7adb19cf5294bc4690c31f0e6b4eb8a6b8689775d5cdf8e9835252305143471a","311.793541","48106","49056","993","0","3781","0","0","0","0","0","0","0","15","4g","2026-08-24T17:17:47Z"
"journal_mushroom","Mushroom","UOB_RECOMPUTE_DUO","5","8124","43","0","0.2","1625","0.3","0.1","296","1369","3578","6","3b9801adc9cdaffe96313b9dee5ab95553ce0e0fddff9abe9a0d4709c1a337c7","618.342804","3155","3864","752","2189","380","0","11773","74256065","74256065","752","8661","0","6","4g","2026-08-24T17:17:51Z"
"journal_mushroom","Mushroom","UOB_EAGER_DUO","5","8124","43","0","0.2","1625","0.3","0.1","294","521","1870","6","3b9801adc9cdaffe96313b9dee5ab95553ce0e0fddff9abe9a0d4709c1a337c7","309.194794","966","2944","213","1808","380","1808","2944","16989641","7456927","0","0","0","5","4g","2026-08-24T17:17:53Z"
"journal_mushroom","Mushroom","UOB_NO_UO_BOUND","5","8124","43","0","0.2","1625","0.3","0.1","321","549","1863","6","3b9801adc9cdaffe96313b9dee5ab95553ce0e0fddff9abe9a0d4709c1a337c7","592.03199","1240","3573","729","1647","0","1647","2844","18917616","8666851","729","0","0","5","4g","2026-08-24T17:17:55Z"
"journal_mushroom","Mushroom","UOB_NO_EDA","5","8124","43","0","0.2","1625","0.3","0.1","346","571","2117","6","3b9801adc9cdaffe96313b9dee5ab95553ce0e0fddff9abe9a0d4709c1a337c7","307.541725","3155","3864","752","2189","380","0","3112","23561136","23561136","752","0","0","6","4g","2026-08-24T17:17:57Z"
"journal_mushroom","Mushroom","UOB_FULL","5","8124","43","0","0.2","1625","0.3","0.1","316","457","1798","6","3b9801adc9cdaffe96313b9dee5ab95553ce0e0fddff9abe9a0d4709c1a337c7","308.713722","966","2944","715","1306","380","1306","2229","14483969","6452544","715","0","0","5","4g","2026-08-24T17:17:59Z"
"journal_mushroom","Mushroom","UOB_NO_EDA","6","8124","43","0","0.2","1625","0.3","0.1","303","783","2264","6","3b9801adc9cdaffe96313b9dee5ab95553ce0e0fddff9abe9a0d4709c1a337c7","583.413582","3155","3864","752","2189","380","0","3112","23561136","23561136","752","0","0","6","4g","2026-08-24T17:18:01Z"
"journal_mushroom","Mushroom","UOB_NO_UO_BOUND","6","8124","43","0","0.2","1625","0.3","0.1","283","394","1616","6","3b9801adc9cdaffe96313b9dee5ab95553ce0e0fddff9abe9a0d4709c1a337c7","309.706589","1240","3573","729","1647","0","1647","2844","18917616","8666851","729","0","0","5","4g","2026-08-24T17:18:02Z"
"journal_mushroom","Mushroom","UOB_EAGER_DUO","6","8124","43","0","0.2","1625","0.3","0.1","320","494","1865","6","3b9801adc9cdaffe96313b9dee5ab95553ce0e0fddff9abe9a0d4709c1a337c7","310.215317","966","2944","213","1808","380","1808","2944","16989641","7456927","0","0","0","5","4g","2026-08-24T17:18:04Z"
"journal_mushroom","Mushroom","UOB_RECOMPUTE_DUO","6","8124","43","0","0.2","1625","0.3","0.1","283","1172","3242","6","3b9801adc9cdaffe96313b9dee5ab95553ce0e0fddff9abe9a0d4709c1a337c7","361.830215","3155","3864","752","2189","380","0","11773","74256065","74256065","752","8661","0","6","4g","2026-08-24T17:18:08Z"
"journal_mushroom","Mushroom","HUOPM","6","8124","43","0","0.2","1625","0.3","0.0","316","6836","13106","31025","7adb19cf5294bc4690c31f0e6b4eb8a6b8689775d5cdf8e9835252305143471a","311.685188","48106","49056","993","0","3781","0","0","0","0","0","0","0","15","4g","2026-08-24T17:18:21Z"
"journal_mushroom","Mushroom","CORHUOPM_AC","6","8124","43","0","0.2","1625","0.3","0.5","360","136","1186","0","e3b0c44298fc1c149afbf4c8996fb92427ae41e4649b934ca495991b7852b855","242.697304","1328","1860","575","1117","46","0","0","0","0","0","0","0","6","4g","2026-08-24T17:18:22Z"
"journal_mushroom","Mushroom","CORHUOPM_BOND","6","8124","43","0","0.2","1625","0.3","0.5","317","141","1181","0","e3b0c44298fc1c149afbf4c8996fb92427ae41e4649b934ca495991b7852b855","227.706825","860","1356","539","727","34","0","0","0","0","0","0","0","5","4g","2026-08-24T17:18:23Z"
"journal_mushroom","Mushroom","COUPM_KULC_ADAPTED","6","8124","43","0","0.2","1625","0.3","0.5","342","6314","12470","3086","6c7cc5cbeedb3573b322b581e254b220d7dda5552f39f5534868e9a7be353ba8","311.454231","48106","49056","993","0","3781","0","0","0","0","0","0","0","15","4g","2026-08-24T17:18:35Z"
"journal_mushroom","Mushroom","UOB_POSTFILTER","6","8124","43","0","0.2","1625","0.3","0.1","345","40492","76140","6","3b9801adc9cdaffe96313b9dee5ab95553ce0e0fddff9abe9a0d4709c1a337c7","311.740311","48106","49056","993","0","3781","0","0","0","0","0","0","1336303936","15","4g","2026-08-24T17:19:52Z"
"journal_mushroom","Mushroom","UOB_FULL","6","8124","43","0","0.2","1625","0.3","0.1","316","424","1791","6","3b9801adc9cdaffe96313b9dee5ab95553ce0e0fddff9abe9a0d4709c1a337c7","311.69799","966","2944","715","1306","380","1306","2229","14483969","6452544","715","0","0","5","4g","2026-08-24T17:19:53Z"
"journal_mushroom","Mushroom","UOB_NO_EDA","7","8124","43","0","0.2","1625","0.3","0.1","322","673","2171","6","3b9801adc9cdaffe96313b9dee5ab95553ce0e0fddff9abe9a0d4709c1a337c7","604.446724","3155","3864","752","2189","380","0","3112","23561136","23561136","752","0","0","6","4g","2026-08-24T17:19:56Z"
"journal_mushroom","Mushroom","UOB_FULL","7","8124","43","0","0.2","1625","0.3","0.1","316","434","1792","6","3b9801adc9cdaffe96313b9dee5ab95553ce0e0fddff9abe9a0d4709c1a337c7","305.77182","966","2944","715","1306","380","1306","2229","14483969","6452544","715","0","0","5","4g","2026-08-24T17:19:57Z"
"journal_mushroom","Mushroom","UOB_POSTFILTER","7","8124","43","0","0.2","1625","0.3","0.1","297","41366","80329","6","3b9801adc9cdaffe96313b9dee5ab95553ce0e0fddff9abe9a0d4709c1a337c7","311.78344","48106","49056","993","0","3781","0","0","0","0","0","0","1336303936","15","4g","2026-08-24T17:21:18Z"
"journal_mushroom","Mushroom","COUPM_KULC_ADAPTED","7","8124","43","0","0.2","1625","0.3","0.5","328","6602","12676","3086","6c7cc5cbeedb3573b322b581e254b220d7dda5552f39f5534868e9a7be353ba8","311.466202","48106","49056","993","0","3781","0","0","0","0","0","0","0","15","4g","2026-08-24T17:21:30Z"
"journal_mushroom","Mushroom","CORHUOPM_BOND","7","8124","43","0","0.2","1625","0.3","0.5","304","159","1160","0","e3b0c44298fc1c149afbf4c8996fb92427ae41e4649b934ca495991b7852b855","227.710915","860","1356","539","727","34","0","0","0","0","0","0","0","5","4g","2026-08-24T17:21:32Z"
"journal_mushroom","Mushroom","CORHUOPM_AC","7","8124","43","0","0.2","1625","0.3","0.5","306","201","1145","0","e3b0c44298fc1c149afbf4c8996fb92427ae41e4649b934ca495991b7852b855","242.697304","1328","1860","575","1117","46","0","0","0","0","0","0","0","6","4g","2026-08-24T17:21:33Z"
"journal_mushroom","Mushroom","HUOPM","7","8124","43","0","0.2","1625","0.3","0.0","358","6358","12534","31025","7adb19cf5294bc4690c31f0e6b4eb8a6b8689775d5cdf8e9835252305143471a","311.793541","48106","49056","993","0","3781","0","0","0","0","0","0","0","15","4g","2026-08-24T17:21:45Z"
"journal_mushroom","Mushroom","UOB_RECOMPUTE_DUO","7","8124","43","0","0.2","1625","0.3","0.1","299","1341","3466","6","3b9801adc9cdaffe96313b9dee5ab95553ce0e0fddff9abe9a0d4709c1a337c7","497.112167","3155","3864","752","2189","380","0","11773","74256065","74256065","752","8661","0","6","4g","2026-08-24T17:21:49Z"
"journal_mushroom","Mushroom","UOB_EAGER_DUO","7","8124","43","0","0.2","1625","0.3","0.1","337","555","1946","6","3b9801adc9cdaffe96313b9dee5ab95553ce0e0fddff9abe9a0d4709c1a337c7","309.235237","966","2944","213","1808","380","1808","2944","16989641","7456927","0","0","0","5","4g","2026-08-24T17:21:51Z"
"journal_mushroom","Mushroom","UOB_NO_UO_BOUND","7","8124","43","0","0.2","1625","0.3","0.1","286","480","1718","6","3b9801adc9cdaffe96313b9dee5ab95553ce0e0fddff9abe9a0d4709c1a337c7","454.494995","1240","3573","729","1647","0","1647","2844","18917616","8666851","729","0","0","5","4g","2026-08-24T17:21:52Z"
"journal_mushroom","Mushroom","UOB_EAGER_DUO","8","8124","43","0","0.2","1625","0.3","0.1","346","542","1940","6","3b9801adc9cdaffe96313b9dee5ab95553ce0e0fddff9abe9a0d4709c1a337c7","309.217125","966","2944","213","1808","380","1808","2944","16989641","7456927","0","0","0","5","4g","2026-08-24T17:21:54Z"
"journal_mushroom","Mushroom","UOB_RECOMPUTE_DUO","8","8124","43","0","0.2","1625","0.3","0.1","333","1317","3465","6","3b9801adc9cdaffe96313b9dee5ab95553ce0e0fddff9abe9a0d4709c1a337c7","370.757477","3155","3864","752","2189","380","0","11773","74256065","74256065","752","8661","0","6","4g","2026-08-24T17:21:58Z"
"journal_mushroom","Mushroom","HUOPM","8","8124","43","0","0.2","1625","0.3","0.0","353","6552","12579","31025","7adb19cf5294bc4690c31f0e6b4eb8a6b8689775d5cdf8e9835252305143471a","310.946075","48106","49056","993","0","3781","0","0","0","0","0","0","0","15","4g","2026-08-24T17:22:10Z"
"journal_mushroom","Mushroom","CORHUOPM_AC","8","8124","43","0","0.2","1625","0.3","0.5","323","138","1071","0","e3b0c44298fc1c149afbf4c8996fb92427ae41e4649b934ca495991b7852b855","242.697304","1328","1860","575","1117","46","0","0","0","0","0","0","0","6","4g","2026-08-24T17:22:11Z"
"journal_mushroom","Mushroom","CORHUOPM_BOND","8","8124","43","0","0.2","1625","0.3","0.5","292","224","1206","0","e3b0c44298fc1c149afbf4c8996fb92427ae41e4649b934ca495991b7852b855","227.79216","860","1356","539","727","34","0","0","0","0","0","0","0","5","4g","2026-08-24T17:22:13Z"
"journal_mushroom","Mushroom","COUPM_KULC_ADAPTED","8","8124","43","0","0.2","1625","0.3","0.5","322","6656","12987","3086","6c7cc5cbeedb3573b322b581e254b220d7dda5552f39f5534868e9a7be353ba8","311.610588","48106","49056","993","0","3781","0","0","0","0","0","0","0","15","4g","2026-08-24T17:22:26Z"
"journal_mushroom","Mushroom","UOB_POSTFILTER","8","8124","43","0","0.2","1625","0.3","0.1","301","40403","76258","6","3b9801adc9cdaffe96313b9dee5ab95553ce0e0fddff9abe9a0d4709c1a337c7","311.74765","48106","49056","993","0","3781","0","0","0","0","0","0","1336303936","15","4g","2026-08-24T17:23:42Z"
"journal_mushroom","Mushroom","UOB_FULL","8","8124","43","0","0.2","1625","0.3","0.1","293","406","1716","6","3b9801adc9cdaffe96313b9dee5ab95553ce0e0fddff9abe9a0d4709c1a337c7","305.767998","966","2944","715","1306","380","1306","2229","14483969","6452544","715","0","0","5","4g","2026-08-24T17:23:44Z"
"journal_mushroom","Mushroom","UOB_NO_EDA","8","8124","43","0","0.2","1625","0.3","0.1","340","859","2446","6","3b9801adc9cdaffe96313b9dee5ab95553ce0e0fddff9abe9a0d4709c1a337c7","604.370316","3155","3864","752","2189","380","0","3112","23561136","23561136","752","0","0","6","4g","2026-08-24T17:23:46Z"
"journal_mushroom","Mushroom","UOB_NO_UO_BOUND","8","8124","43","0","0.2","1625","0.3","0.1","334","397","1649","6","3b9801adc9cdaffe96313b9dee5ab95553ce0e0fddff9abe9a0d4709c1a337c7","311.697388","1240","3573","729","1647","0","1647","2844","18917616","8666851","729","0","0","5","4g","2026-08-24T17:23:48Z"
"journal_mushroom","Mushroom","UOB_EAGER_DUO","9","8124","43","0","0.2","1625","0.3","0.1","327","477","1825","6","3b9801adc9cdaffe96313b9dee5ab95553ce0e0fddff9abe9a0d4709c1a337c7","310.148773","966","2944","213","1808","380","1808","2944","16989641","7456927","0","0","0","5","4g","2026-08-24T17:23:49Z"
"journal_mushroom","Mushroom","UOB_NO_UO_BOUND","9","8124","43","0","0.2","1625","0.3","0.1","331","364","1592","6","3b9801adc9cdaffe96313b9dee5ab95553ce0e0fddff9abe9a0d4709c1a337c7","309.697388","1240","3573","729","1647","0","1647","2844","18917616","8666851","729","0","0","5","4g","2026-08-24T17:23:51Z"
"journal_mushroom","Mushroom","UOB_NO_EDA","9","8124","43","0","0.2","1625","0.3","0.1","348","592","2155","6","3b9801adc9cdaffe96313b9dee5ab95553ce0e0fddff9abe9a0d4709c1a337c7","310.550583","3155","3864","752","2189","380","0","3112","23561136","23561136","752","0","0","6","4g","2026-08-24T17:23:53Z"
"journal_mushroom","Mushroom","UOB_FULL","9","8124","43","0","0.2","1625","0.3","0.1","335","448","1814","6","3b9801adc9cdaffe96313b9dee5ab95553ce0e0fddff9abe9a0d4709c1a337c7","308.771118","966","2944","715","1306","380","1306","2229","14483969","6452544","715","0","0","5","4g","2026-08-24T17:23:55Z"
"journal_mushroom","Mushroom","UOB_POSTFILTER","9","8124","43","0","0.2","1625","0.3","0.1","327","39641","75837","6","3b9801adc9cdaffe96313b9dee5ab95553ce0e0fddff9abe9a0d4709c1a337c7","311.751213","48106","49056","993","0","3781","0","0","0","0","0","0","1336303936","15","4g","2026-08-24T17:25:11Z"
"journal_mushroom","Mushroom","COUPM_KULC_ADAPTED","9","8124","43","0","0.2","1625","0.3","0.5","331","6623","12643","3086","6c7cc5cbeedb3573b322b581e254b220d7dda5552f39f5534868e9a7be353ba8","311.736244","48106","49056","993","0","3781","0","0","0","0","0","0","0","15","4g","2026-08-24T17:25:24Z"
"journal_mushroom","Mushroom","CORHUOPM_BOND","9","8124","43","0","0.2","1625","0.3","0.5","313","210","1278","0","e3b0c44298fc1c149afbf4c8996fb92427ae41e4649b934ca495991b7852b855","227.702438","860","1356","539","727","34","0","0","0","0","0","0","0","5","4g","2026-08-24T17:25:25Z"
"journal_mushroom","Mushroom","CORHUOPM_AC","9","8124","43","0","0.2","1625","0.3","0.5","306","108","1071","0","e3b0c44298fc1c149afbf4c8996fb92427ae41e4649b934ca495991b7852b855","242.708153","1328","1860","575","1117","46","0","0","0","0","0","0","0","6","4g","2026-08-24T17:25:26Z"
"journal_mushroom","Mushroom","HUOPM","9","8124","43","0","0.2","1625","0.3","0.0","333","6871","13250","31025","7adb19cf5294bc4690c31f0e6b4eb8a6b8689775d5cdf8e9835252305143471a","311.524467","48106","49056","993","0","3781","0","0","0","0","0","0","0","15","4g","2026-08-24T17:25:39Z"
"journal_mushroom","Mushroom","UOB_RECOMPUTE_DUO","9","8124","43","0","0.2","1625","0.3","0.1","304","1348","3496","6","3b9801adc9cdaffe96313b9dee5ab95553ce0e0fddff9abe9a0d4709c1a337c7","544.912544","3155","3864","752","2189","380","0","11773","74256065","74256065","752","8661","0","6","4g","2026-08-24T17:25:43Z"
"journal_retail","Retail","HUOPM","0","88159","6","0","0.045","3968","0.3","0.0","712","54","1343","0","e3b0c44298fc1c149afbf4c8996fb92427ae41e4649b934ca495991b7852b855","19.758949","16","18","8","0","3","0","0","0","0","0","0","0","3","4g","2026-08-24T17:25:44Z"
"journal_retail","Retail","CORHUOPM_AC","0","88159","6","0","0.045","3968","0.3","0.3","686","55","1266","0","e3b0c44298fc1c149afbf4c8996fb92427ae41e4649b934ca495991b7852b855","17.199188","13","15","8","6","0","0","0","0","0","0","0","0","2","4g","2026-08-24T17:25:45Z"
"journal_retail","Retail","CORHUOPM_BOND","0","88159","6","0","0.045","3968","0.3","0.3","713","68","1313","0","e3b0c44298fc1c149afbf4c8996fb92427ae41e4649b934ca495991b7852b855","20.759064","13","15","8","6","0","0","0","0","0","0","0","0","2","4g","2026-08-24T17:25:47Z"
"journal_retail","Retail","COUPM_KULC_ADAPTED","0","88159","6","0","0.045","3968","0.3","0.3","689","57","1260","0","e3b0c44298fc1c149afbf4c8996fb92427ae41e4649b934ca495991b7852b855","19.753853","16","18","8","0","3","0","0","0","0","0","0","0","3","4g","2026-08-24T17:25:48Z"
"journal_retail","Retail","UOB_POSTFILTER","0","88159","6","0","0.045","3968","0.3","0.1","690","47","1323","0","e3b0c44298fc1c149afbf4c8996fb92427ae41e4649b934ca495991b7852b855","19.767746","16","18","8","0","3","0","0","0","0","0","0","0","3","4g","2026-08-24T17:25:49Z"
"journal_retail","Retail","UOB_FULL","0","88159","6","0","0.045","3968","0.3","0.1","676","37","1279","0","e3b0c44298fc1c149afbf4c8996fb92427ae41e4649b934ca495991b7852b855","25.725723","7","15","8","6","0","6","7","249773","63681","8","0","0","2","4g","2026-08-24T17:25:50Z"
"journal_retail","Retail","UOB_NO_EDA","0","88159","6","0","0.045","3968","0.3","0.1","696","64","1334","0","e3b0c44298fc1c149afbf4c8996fb92427ae41e4649b934ca495991b7852b855","31.707527","13","15","8","6","0","0","7","378373","378373","8","0","0","2","4g","2026-08-24T17:25:52Z"
"journal_retail","Retail","UOB_NO_UO_BOUND","0","88159","6","0","0.045","3968","0.3","0.1","672","26","1178","0","e3b0c44298fc1c149afbf4c8996fb92427ae41e4649b934ca495991b7852b855","23.521721","7","15","8","6","0","6","7","249773","63681","8","0","0","2","4g","2026-08-24T17:25:53Z"
"journal_retail","Retail","UOB_EAGER_DUO","0","88159","6","0","0.045","3968","0.3","0.1","694","63","1292","0","e3b0c44298fc1c149afbf4c8996fb92427ae41e4649b934ca495991b7852b855","27.43634","7","15","0","14","0","14","15","308111","63681","0","0","0","2","4g","2026-08-24T17:25:54Z"
"journal_retail","Retail","UOB_RECOMPUTE_DUO","0","88159","6","0","0.045","3968","0.3","0.1","717","59","1403","0","e3b0c44298fc1c149afbf4c8996fb92427ae41e4649b934ca495991b7852b855","46.70755","13","15","8","6","0","0","14","756746","756746","8","7","0","2","4g","2026-08-24T17:25:56Z"
"journal_retail","Retail","HUOPM","1","88159","6","0","0.045","3968","0.3","0.0","682","75","1283","0","e3b0c44298fc1c149afbf4c8996fb92427ae41e4649b934ca495991b7852b855","19.789185","16","18","8","0","3","0","0","0","0","0","0","0","3","4g","2026-08-24T17:25:57Z"
"journal_retail","Retail","UOB_RECOMPUTE_DUO","1","88159","6","0","0.045","3968","0.3","0.1","690","77","1375","0","e3b0c44298fc1c149afbf4c8996fb92427ae41e4649b934ca495991b7852b855","46.717644","13","15","8","6","0","0","14","756746","756746","8","7","0","2","4g","2026-08-24T17:25:58Z"
"journal_retail","Retail","UOB_EAGER_DUO","1","88159","6","0","0.045","3968","0.3","0.1","692","67","1311","0","e3b0c44298fc1c149afbf4c8996fb92427ae41e4649b934ca495991b7852b855","27.436028","7","15","0","14","0","14","15","308111","63681","0","0","0","2","4g","2026-08-24T17:26:00Z"
"journal_retail","Retail","UOB_NO_UO_BOUND","1","88159","6","0","0.045","3968","0.3","0.1","678","24","1173","0","e3b0c44298fc1c149afbf4c8996fb92427ae41e4649b934ca495991b7852b855","23.433517","7","15","8","6","0","6","7","249773","63681","8","0","0","2","4g","2026-08-24T17:26:01Z"
"journal_retail","Retail","UOB_NO_EDA","1","88159","6","0","0.045","3968","0.3","0.1","674","93","1299","0","e3b0c44298fc1c149afbf4c8996fb92427ae41e4649b934ca495991b7852b855","31.707779","13","15","8","6","0","0","7","378373","378373","8","0","0","2","4g","2026-08-24T17:26:02Z"
"journal_retail","Retail","UOB_FULL","1","88159","6","0","0.045","3968","0.3","0.1","669","79","1285","0","e3b0c44298fc1c149afbf4c8996fb92427ae41e4649b934ca495991b7852b855","25.774406","7","15","8","6","0","6","7","249773","63681","8","0","0","2","4g","2026-08-24T17:26:03Z"
"journal_retail","Retail","UOB_POSTFILTER","1","88159","6","0","0.045","3968","0.3","0.1","698","58","1321","0","e3b0c44298fc1c149afbf4c8996fb92427ae41e4649b934ca495991b7852b855","19.76973","16","18","8","0","3","0","0","0","0","0","0","0","3","4g","2026-08-24T17:26:05Z"
"journal_retail","Retail","COUPM_KULC_ADAPTED","1","88159","6","0","0.045","3968","0.3","0.3","693","74","1287","0","e3b0c44298fc1c149afbf4c8996fb92427ae41e4649b934ca495991b7852b855","19.694832","16","18","8","0","3","0","0","0","0","0","0","0","3","4g","2026-08-24T17:26:06Z"
"journal_retail","Retail","CORHUOPM_BOND","1","88159","6","0","0.045","3968","0.3","0.3","682","89","1311","0","e3b0c44298fc1c149afbf4c8996fb92427ae41e4649b934ca495991b7852b855","20.717461","13","15","8","6","0","0","0","0","0","0","0","0","2","4g","2026-08-24T17:26:07Z"
"journal_retail","Retail","CORHUOPM_AC","1","88159","6","0","0.045","3968","0.3","0.3","705","50","1284","0","e3b0c44298fc1c149afbf4c8996fb92427ae41e4649b934ca495991b7852b855","17.234322","13","15","8","6","0","0","0","0","0","0","0","0","2","4g","2026-08-24T17:26:09Z"
"journal_retail","Retail","CORHUOPM_BOND","2","88159","6","0","0.045","3968","0.3","0.3","682","83","1288","0","e3b0c44298fc1c149afbf4c8996fb92427ae41e4649b934ca495991b7852b855","20.717239","13","15","8","6","0","0","0","0","0","0","0","0","2","4g","2026-08-24T17:26:10Z"
"journal_retail","Retail","COUPM_KULC_ADAPTED","2","88159","6","0","0.045","3968","0.3","0.3","688","67","1262","0","e3b0c44298fc1c149afbf4c8996fb92427ae41e4649b934ca495991b7852b855","19.705246","16","18","8","0","3","0","0","0","0","0","0","0","3","4g","2026-08-24T17:26:11Z"
"journal_retail","Retail","UOB_POSTFILTER","2","88159","6","0","0.045","3968","0.3","0.1","694","90","1336","0","e3b0c44298fc1c149afbf4c8996fb92427ae41e4649b934ca495991b7852b855","19.777885","16","18","8","0","3","0","0","0","0","0","0","0","3","4g","2026-08-24T17:26:12Z"
"journal_retail","Retail","UOB_FULL","2","88159","6","0","0.045","3968","0.3","0.1","681","38","1267","0","e3b0c44298fc1c149afbf4c8996fb92427ae41e4649b934ca495991b7852b855","25.693085","7","15","8","6","0","6","7","249773","63681","8","0","0","2","4g","2026-08-24T17:26:14Z"
"journal_retail","Retail","UOB_NO_EDA","2","88159","6","0","0.045","3968","0.3","0.1","703","84","1332","0","e3b0c44298fc1c149afbf4c8996fb92427ae41e4649b934ca495991b7852b855","31.754822","13","15","8","6","0","0","7","378373","378373","8","0","0","2","4g","2026-08-24T17:26:15Z"
"journal_retail","Retail","UOB_NO_UO_BOUND","2","88159","6","0","0.045","3968","0.3","0.1","718","25","1251","0","e3b0c44298fc1c149afbf4c8996fb92427ae41e4649b934ca495991b7852b855","23.412193","7","15","8","6","0","6","7","249773","63681","8","0","0","2","4g","2026-08-24T17:26:16Z"
"journal_retail","Retail","UOB_EAGER_DUO","2","88159","6","0","0.045","3968","0.3","0.1","684","86","1297","0","e3b0c44298fc1c149afbf4c8996fb92427ae41e4649b934ca495991b7852b855","27.519089","7","15","0","14","0","14","15","308111","63681","0","0","0","2","4g","2026-08-24T17:26:18Z"
"journal_retail","Retail","UOB_RECOMPUTE_DUO","2","88159","6","0","0.045","3968","0.3","0.1","703","66","1313","0","e3b0c44298fc1c149afbf4c8996fb92427ae41e4649b934ca495991b7852b855","46.776512","13","15","8","6","0","0","14","756746","756746","8","7","0","2","4g","2026-08-24T17:26:19Z"
"journal_retail","Retail","HUOPM","2","88159","6","0","0.045","3968","0.3","0.0","692","41","1278","0","e3b0c44298fc1c149afbf4c8996fb92427ae41e4649b934ca495991b7852b855","19.694809","16","18","8","0","3","0","0","0","0","0","0","0","3","4g","2026-08-24T17:26:20Z"
"journal_retail","Retail","CORHUOPM_AC","2","88159","6","0","0.045","3968","0.3","0.3","692","51","1266","0","e3b0c44298fc1c149afbf4c8996fb92427ae41e4649b934ca495991b7852b855","17.15126","13","15","8","6","0","0","0","0","0","0","0","0","2","4g","2026-08-24T17:26:21Z"
"journal_retail","Retail","CORHUOPM_BOND","3","88159","6","0","0.045","3968","0.3","0.3","720","92","1358","0","e3b0c44298fc1c149afbf4c8996fb92427ae41e4649b934ca495991b7852b855","20.801201","13","15","8","6","0","0","0","0","0","0","0","0","2","4g","2026-08-24T17:26:23Z"
"journal_retail","Retail","CORHUOPM_AC","3","88159","6","0","0.045","3968","0.3","0.3","694","57","1286","0","e3b0c44298fc1c149afbf4c8996fb92427ae41e4649b934ca495991b7852b855","17.198669","13","15","8","6","0","0","0","0","0","0","0","0","2","4g","2026-08-24T17:26:24Z"
"journal_retail","Retail","HUOPM","3","88159","6","0","0.045","3968","0.3","0.0","703","65","1278","0","e3b0c44298fc1c149afbf4c8996fb92427ae41e4649b934ca495991b7852b855","19.789185","16","18","8","0","3","0","0","0","0","0","0","0","3","4g","2026-08-24T17:26:25Z"
"journal_retail","Retail","UOB_RECOMPUTE_DUO","3","88159","6","0","0.045","3968","0.3","0.1","684","40","1271","0","e3b0c44298fc1c149afbf4c8996fb92427ae41e4649b934ca495991b7852b855","46.759789","13","15","8","6","0","0","14","756746","756746","8","7","0","2","4g","2026-08-24T17:26:27Z"
"journal_retail","Retail","UOB_EAGER_DUO","3","88159","6","0","0.045","3968","0.3","0.1","691","60","1297","0","e3b0c44298fc1c149afbf4c8996fb92427ae41e4649b934ca495991b7852b855","27.515984","7","15","0","14","0","14","15","308111","63681","0","0","0","2","4g","2026-08-24T17:26:28Z"
"journal_retail","Retail","UOB_NO_UO_BOUND","3","88159","6","0","0.045","3968","0.3","0.1","708","28","1273","0","e3b0c44298fc1c149afbf4c8996fb92427ae41e4649b934ca495991b7852b855","23.37986","7","15","8","6","0","6","7","249773","63681","8","0","0","2","4g","2026-08-24T17:26:29Z"
"journal_retail","Retail","UOB_NO_EDA","3","88159","6","0","0.045","3968","0.3","0.1","722","81","1366","0","e3b0c44298fc1c149afbf4c8996fb92427ae41e4649b934ca495991b7852b855","31.760872","13","15","8","6","0","0","7","378373","378373","8","0","0","2","4g","2026-08-24T17:26:31Z"
"journal_retail","Retail","UOB_FULL","3","88159","6","0","0.045","3968","0.3","0.1","694","63","1289","0","e3b0c44298fc1c149afbf4c8996fb92427ae41e4649b934ca495991b7852b855","25.693085","7","15","8","6","0","6","7","249773","63681","8","0","0","2","4g","2026-08-24T17:26:32Z"
"journal_retail","Retail","UOB_POSTFILTER","3","88159","6","0","0.045","3968","0.3","0.1","697","81","1270","0","e3b0c44298fc1c149afbf4c8996fb92427ae41e4649b934ca495991b7852b855","19.742432","16","18","8","0","3","0","0","0","0","0","0","0","3","4g","2026-08-24T17:26:33Z"
"journal_retail","Retail","COUPM_KULC_ADAPTED","3","88159","6","0","0.045","3968","0.3","0.3","697","79","1315","0","e3b0c44298fc1c149afbf4c8996fb92427ae41e4649b934ca495991b7852b855","19.789207","16","18","8","0","3","0","0","0","0","0","0","0","3","4g","2026-08-24T17:26:34Z"
"journal_retail","Retail","UOB_POSTFILTER","4","88159","6","0","0.045","3968","0.3","0.1","699","49","1288","0","e3b0c44298fc1c149afbf4c8996fb92427ae41e4649b934ca495991b7852b855","19.706108","16","18","8","0","3","0","0","0","0","0","0","0","3","4g","2026-08-24T17:26:36Z"
"journal_retail","Retail","UOB_FULL","4","88159","6","0","0.045","3968","0.3","0.1","702","43","1270","0","e3b0c44298fc1c149afbf4c8996fb92427ae41e4649b934ca495991b7852b855","25.693085","7","15","8","6","0","6","7","249773","63681","8","0","0","2","4g","2026-08-24T17:26:37Z"
"journal_retail","Retail","UOB_NO_EDA","4","88159","6","0","0.045","3968","0.3","0.1","670","91","1303","0","e3b0c44298fc1c149afbf4c8996fb92427ae41e4649b934ca495991b7852b855","31.739548","13","15","8","6","0","0","7","378373","378373","8","0","0","2","4g","2026-08-24T17:26:38Z"
"journal_retail","Retail","UOB_NO_UO_BOUND","4","88159","6","0","0.045","3968","0.3","0.1","672","27","1202","0","e3b0c44298fc1c149afbf4c8996fb92427ae41e4649b934ca495991b7852b855","23.408318","7","15","8","6","0","6","7","249773","63681","8","0","0","2","4g","2026-08-24T17:26:40Z"
"journal_retail","Retail","UOB_EAGER_DUO","4","88159","6","0","0.045","3968","0.3","0.1","728","57","1351","0","e3b0c44298fc1c149afbf4c8996fb92427ae41e4649b934ca495991b7852b855","27.483437","7","15","0","14","0","14","15","308111","63681","0","0","0","2","4g","2026-08-24T17:26:41Z"
"journal_retail","Retail","UOB_RECOMPUTE_DUO","4","88159","6","0","0.045","3968","0.3","0.1","687","51","1274","0","e3b0c44298fc1c149afbf4c8996fb92427ae41e4649b934ca495991b7852b855","46.768547","13","15","8","6","0","0","14","756746","756746","8","7","0","2","4g","2026-08-24T17:26:42Z"
"journal_retail","Retail","HUOPM","4","88159","6","0","0.045","3968","0.3","0.0","695","66","1276","0","e3b0c44298fc1c149afbf4c8996fb92427ae41e4649b934ca495991b7852b855","19.74646","16","18","8","0","3","0","0","0","0","0","0","0","3","4g","2026-08-24T17:26:43Z"
"journal_retail","Retail","CORHUOPM_AC","4","88159","6","0","0.045","3968","0.3","0.3","696","76","1281","0","e3b0c44298fc1c149afbf4c8996fb92427ae41e4649b934ca495991b7852b855","17.245636","13","15","8","6","0","0","0","0","0","0","0","0","2","4g","2026-08-24T17:26:45Z"
"journal_retail","Retail","CORHUOPM_BOND","4","88159","6","0","0.045","3968","0.3","0.3","714","68","1327","0","e3b0c44298fc1c149afbf4c8996fb92427ae41e4649b934ca495991b7852b855","20.76825","13","15","8","6","0","0","0","0","0","0","0","0","2","4g","2026-08-24T17:26:46Z"
"journal_retail","Retail","COUPM_KULC_ADAPTED","4","88159","6","0","0.045","3968","0.3","0.3","691","53","1281","0","e3b0c44298fc1c149afbf4c8996fb92427ae41e4649b934ca495991b7852b855","19.694832","16","18","8","0","3","0","0","0","0","0","0","0","3","4g","2026-08-24T17:26:47Z"
"journal_retail","Retail","UOB_POSTFILTER","5","88159","6","0","0.045","3968","0.3","0.1","684","58","1270","0","e3b0c44298fc1c149afbf4c8996fb92427ae41e4649b934ca495991b7852b855","19.742432","16","18","8","0","3","0","0","0","0","0","0","0","3","4g","2026-08-24T17:26:49Z"
"journal_retail","Retail","COUPM_KULC_ADAPTED","5","88159","6","0","0.045","3968","0.3","0.3","716","89","1351","0","e3b0c44298fc1c149afbf4c8996fb92427ae41e4649b934ca495991b7852b855","19.742241","16","18","8","0","3","0","0","0","0","0","0","0","3","4g","2026-08-24T17:26:50Z"
"journal_retail","Retail","CORHUOPM_BOND","5","88159","6","0","0.045","3968","0.3","0.3","704","92","1339","0","e3b0c44298fc1c149afbf4c8996fb92427ae41e4649b934ca495991b7852b855","20.78965","13","15","8","6","0","0","0","0","0","0","0","0","2","4g","2026-08-24T17:26:51Z"
"journal_retail","Retail","CORHUOPM_AC","5","88159","6","0","0.045","3968","0.3","0.3","708","59","1293","0","e3b0c44298fc1c149afbf4c8996fb92427ae41e4649b934ca495991b7852b855","17.220543","13","15","8","6","0","0","0","0","0","0","0","0","2","4g","2026-08-24T17:26:53Z"
"journal_retail","Retail","HUOPM","5","88159","6","0","0.045","3968","0.3","0.0","694","74","1279","0","e3b0c44298fc1c149afbf4c8996fb92427ae41e4649b934ca495991b7852b855","19.76059","16","18","8","0","3","0","0","0","0","0","0","0","3","4g","2026-08-24T17:26:54Z"
"journal_retail","Retail","UOB_RECOMPUTE_DUO","5","88159","6","0","0.045","3968","0.3","0.1","668","74","1268","0","e3b0c44298fc1c149afbf4c8996fb92427ae41e4649b934ca495991b7852b855","46.760887","13","15","8","6","0","0","14","756746","756746","8","7","0","2","4g","2026-08-24T17:26:55Z"
"journal_retail","Retail","UOB_EAGER_DUO","5","88159","6","0","0.045","3968","0.3","0.1","705","59","1301","0","e3b0c44298fc1c149afbf4c8996fb92427ae41e4649b934ca495991b7852b855","27.504478","7","15","0","14","0","14","15","308111","63681","0","0","0","2","4g","2026-08-24T17:26:56Z"
"journal_retail","Retail","UOB_NO_UO_BOUND","5","88159","6","0","0.045","3968","0.3","0.1","692","43","1234","0","e3b0c44298fc1c149afbf4c8996fb92427ae41e4649b934ca495991b7852b855","23.37986","7","15","8","6","0","6","7","249773","63681","8","0","0","2","4g","2026-08-24T17:26:58Z"
"journal_retail","Retail","UOB_NO_EDA","5","88159","6","0","0.045","3968","0.3","0.1","688","78","1287","0","e3b0c44298fc1c149afbf4c8996fb92427ae41e4649b934ca495991b7852b855","31.754822","13","15","8","6","0","0","7","378373","378373","8","0","0","2","4g","2026-08-24T17:26:59Z"
"journal_retail","Retail","UOB_FULL","5","88159","6","0","0.045","3968","0.3","0.1","667","76","1276","0","e3b0c44298fc1c149afbf4c8996fb92427ae41e4649b934ca495991b7852b855","25.78746","7","15","8","6","0","6","7","249773","63681","8","0","0","2","4g","2026-08-24T17:27:00Z"
"journal_retail","Retail","UOB_NO_EDA","6","88159","6","0","0.045","3968","0.3","0.1","707","77","1333","0","e3b0c44298fc1c149afbf4c8996fb92427ae41e4649b934ca495991b7852b855","31.776497","13","15","8","6","0","0","7","378373","378373","8","0","0","2","4g","2026-08-24T17:27:02Z"
"journal_retail","Retail","UOB_NO_UO_BOUND","6","88159","6","0","0.045","3968","0.3","0.1","686","31","1220","0","e3b0c44298fc1c149afbf4c8996fb92427ae41e4649b934ca495991b7852b855","23.449142","7","15","8","6","0","6","7","249773","63681","8","0","0","2","4g","2026-08-24T17:27:03Z"
"journal_retail","Retail","UOB_EAGER_DUO","6","88159","6","0","0.045","3968","0.3","0.1","666","86","1279","0","e3b0c44298fc1c149afbf4c8996fb92427ae41e4649b934ca495991b7852b855","27.436028","7","15","0","14","0","14","15","308111","63681","0","0","0","2","4g","2026-08-24T17:27:04Z"
"journal_retail","Retail","UOB_RECOMPUTE_DUO","6","88159","6","0","0.045","3968","0.3","0.1","718","41","1284","0","e3b0c44298fc1c149afbf4c8996fb92427ae41e4649b934ca495991b7852b855","46.759216","13","15","8","6","0","0","14","756746","756746","8","7","0","2","4g","2026-08-24T17:27:05Z"
"journal_retail","Retail","HUOPM","6","88159","6","0","0.045","3968","0.3","0.0","685","63","1266","0","e3b0c44298fc1c149afbf4c8996fb92427ae41e4649b934ca495991b7852b855","19.77787","16","18","8","0","3","0","0","0","0","0","0","0","3","4g","2026-08-24T17:27:07Z"
"journal_retail","Retail","CORHUOPM_AC","6","88159","6","0","0.045","3968","0.3","0.3","681","61","1273","0","e3b0c44298fc1c149afbf4c8996fb92427ae41e4649b934ca495991b7852b855","17.198669","13","15","8","6","0","0","0","0","0","0","0","0","2","4g","2026-08-24T17:27:08Z"
"journal_retail","Retail","CORHUOPM_BOND","6","88159","6","0","0.045","3968","0.3","0.3","691","73","1292","0","e3b0c44298fc1c149afbf4c8996fb92427ae41e4649b934ca495991b7852b855","20.759384","13","15","8","6","0","0","0","0","0","0","0","0","2","4g","2026-08-24T17:27:09Z"
"journal_retail","Retail","COUPM_KULC_ADAPTED","6","88159","6","0","0.045","3968","0.3","0.3","699","61","1281","0","e3b0c44298fc1c149afbf4c8996fb92427ae41e4649b934ca495991b7852b855","19.769737","16","18","8","0","3","0","0","0","0","0","0","0","3","4g","2026-08-24T17:27:10Z"
"journal_retail","Retail","UOB_POSTFILTER","6","88159","6","0","0.045","3968","0.3","0.1","708","38","1262","0","e3b0c44298fc1c149afbf4c8996fb92427ae41e4649b934ca495991b7852b855","19.756142","16","18","8","0","3","0","0","0","0","0","0","0","3","4g","2026-08-24T17:27:12Z"
"journal_retail","Retail","UOB_FULL","6","88159","6","0","0.045","3968","0.3","0.1","688","61","1296","0","e3b0c44298fc1c149afbf4c8996fb92427ae41e4649b934ca495991b7852b855","25.693085","7","15","8","6","0","6","7","249773","63681","8","0","0","2","4g","2026-08-24T17:27:13Z"
"journal_retail","Retail","UOB_NO_EDA","7","88159","6","0","0.045","3968","0.3","0.1","671","83","1291","0","e3b0c44298fc1c149afbf4c8996fb92427ae41e4649b934ca495991b7852b855","31.790276","13","15","8","6","0","0","7","378373","378373","8","0","0","2","4g","2026-08-24T17:27:14Z"
"journal_retail","Retail","UOB_FULL","7","88159","6","0","0.045","3968","0.3","0.1","684","84","1287","0","e3b0c44298fc1c149afbf4c8996fb92427ae41e4649b934ca495991b7852b855","25.762367","7","15","8","6","0","6","7","249773","63681","8","0","0","2","4g","2026-08-24T17:27:16Z"
"journal_retail","Retail","UOB_POSTFILTER","7","88159","6","0","0.045","3968","0.3","0.1","693","65","1292","0","e3b0c44298fc1c149afbf4c8996fb92427ae41e4649b934ca495991b7852b855","19.694824","16","18","8","0","3","0","0","0","0","0","0","0","3","4g","2026-08-24T17:27:17Z"
"journal_retail","Retail","COUPM_KULC_ADAPTED","7","88159","6","0","0.045","3968","0.3","0.3","692","48","1297","0","e3b0c44298fc1c149afbf4c8996fb92427ae41e4649b934ca495991b7852b855","19.694832","16","18","8","0","3","0","0","0","0","0","0","0","3","4g","2026-08-24T17:27:18Z"
"journal_retail","Retail","CORHUOPM_BOND","7","88159","6","0","0.045","3968","0.3","0.3","668","56","1263","0","e3b0c44298fc1c149afbf4c8996fb92427ae41e4649b934ca495991b7852b855","20.76825","13","15","8","6","0","0","0","0","0","0","0","0","2","4g","2026-08-24T17:27:19Z"
"journal_retail","Retail","CORHUOPM_AC","7","88159","6","0","0.045","3968","0.3","0.3","711","61","1267","0","e3b0c44298fc1c149afbf4c8996fb92427ae41e4649b934ca495991b7852b855","17.15126","13","15","8","6","0","0","0","0","0","0","0","0","2","4g","2026-08-24T17:27:21Z"
"journal_retail","Retail","HUOPM","7","88159","6","0","0.045","3968","0.3","0.0","697","68","1276","0","e3b0c44298fc1c149afbf4c8996fb92427ae41e4649b934ca495991b7852b855","19.77787","16","18","8","0","3","0","0","0","0","0","0","0","3","4g","2026-08-24T17:27:22Z"
"journal_retail","Retail","UOB_RECOMPUTE_DUO","7","88159","6","0","0.045","3968","0.3","0.1","703","95","1354","0","e3b0c44298fc1c149afbf4c8996fb92427ae41e4649b934ca495991b7852b855","46.70723","13","15","8","6","0","0","14","756746","756746","8","7","0","2","4g","2026-08-24T17:27:23Z"
"journal_retail","Retail","UOB_EAGER_DUO","7","88159","6","0","0.045","3968","0.3","0.1","701","56","1280","0","e3b0c44298fc1c149afbf4c8996fb92427ae41e4649b934ca495991b7852b855","27.436028","7","15","0","14","0","14","15","308111","63681","0","0","0","2","4g","2026-08-24T17:27:25Z"
"journal_retail","Retail","UOB_NO_UO_BOUND","7","88159","6","0","0.045","3968","0.3","0.1","723","38","1264","0","e3b0c44298fc1c149afbf4c8996fb92427ae41e4649b934ca495991b7852b855","23.003014","7","15","8","6","0","6","7","249773","63681","8","0","0","2","4g","2026-08-24T17:27:26Z"
"journal_retail","Retail","UOB_EAGER_DUO","8","88159","6","0","0.045","3968","0.3","0.1","692","91","1325","0","e3b0c44298fc1c149afbf4c8996fb92427ae41e4649b934ca495991b7852b855","27.527557","7","15","0","14","0","14","15","308111","63681","0","0","0","2","4g","2026-08-24T17:27:27Z"
"journal_retail","Retail","UOB_RECOMPUTE_DUO","8","88159","6","0","0.045","3968","0.3","0.1","713","57","1351","0","e3b0c44298fc1c149afbf4c8996fb92427ae41e4649b934ca495991b7852b855","46.764397","13","15","8","6","0","0","14","756746","756746","8","7","0","2","4g","2026-08-24T17:27:29Z"
"journal_retail","Retail","HUOPM","8","88159","6","0","0.045","3968","0.3","0.0","695","76","1293","0","e3b0c44298fc1c149afbf4c8996fb92427ae41e4649b934ca495991b7852b855","19.77787","16","18","8","0","3","0","0","0","0","0","0","0","3","4g","2026-08-24T17:27:30Z"
"journal_retail","Retail","CORHUOPM_AC","8","88159","6","0","0.045","3968","0.3","0.3","687","62","1274","0","e3b0c44298fc1c149afbf4c8996fb92427ae41e4649b934ca495991b7852b855","17.198692","13","15","8","6","0","0","0","0","0","0","0","0","2","4g","2026-08-24T17:27:31Z"
"journal_retail","Retail","CORHUOPM_BOND","8","88159","6","0","0.045","3968","0.3","0.3","735","68","1348","0","e3b0c44298fc1c149afbf4c8996fb92427ae41e4649b934ca495991b7852b855","20.771942","13","15","8","6","0","0","0","0","0","0","0","0","2","4g","2026-08-24T17:27:32Z"
"journal_retail","Retail","COUPM_KULC_ADAPTED","8","88159","6","0","0.045","3968","0.3","0.3","669","47","1251","0","e3b0c44298fc1c149afbf4c8996fb92427ae41e4649b934ca495991b7852b855","19.753723","16","18","8","0","3","0","0","0","0","0","0","0","3","4g","2026-08-24T17:27:34Z"
"journal_retail","Retail","UOB_POSTFILTER","8","88159","6","0","0.045","3968","0.3","0.1","703","56","1283","0","e3b0c44298fc1c149afbf4c8996fb92427ae41e4649b934ca495991b7852b855","19.695389","16","18","8","0","3","0","0","0","0","0","0","0","3","4g","2026-08-24T17:27:35Z"
"journal_retail","Retail","UOB_FULL","8","88159","6","0","0.045","3968","0.3","0.1","718","87","1358","0","e3b0c44298fc1c149afbf4c8996fb92427ae41e4649b934ca495991b7852b855","25.693085","7","15","8","6","0","6","7","249773","63681","8","0","0","2","4g","2026-08-24T17:27:36Z"
"journal_retail","Retail","UOB_NO_EDA","8","88159","6","0","0.045","3968","0.3","0.1","785","68","1400","0","e3b0c44298fc1c149afbf4c8996fb92427ae41e4649b934ca495991b7852b855","31.693092","13","15","8","6","0","0","7","378373","378373","8","0","0","2","4g","2026-08-24T17:27:38Z"
"journal_retail","Retail","UOB_NO_UO_BOUND","8","88159","6","0","0.045","3968","0.3","0.1","691","25","1173","0","e3b0c44298fc1c149afbf4c8996fb92427ae41e4649b934ca495991b7852b855","23.458015","7","15","8","6","0","6","7","249773","63681","8","0","0","2","4g","2026-08-24T17:27:39Z"
"journal_retail","Retail","UOB_EAGER_DUO","9","88159","6","0","0.045","3968","0.3","0.1","697","75","1326","0","e3b0c44298fc1c149afbf4c8996fb92427ae41e4649b934ca495991b7852b855","27.468361","7","15","0","14","0","14","15","308111","63681","0","0","0","2","4g","2026-08-24T17:27:40Z"
"journal_retail","Retail","UOB_NO_UO_BOUND","9","88159","6","0","0.045","3968","0.3","0.1","703","53","1276","0","e3b0c44298fc1c149afbf4c8996fb92427ae41e4649b934ca495991b7852b855","23.427269","7","15","8","6","0","6","7","249773","63681","8","0","0","2","4g","2026-08-24T17:27:42Z"
"journal_retail","Retail","UOB_NO_EDA","9","88159","6","0","0.045","3968","0.3","0.1","696","97","1357","0","e3b0c44298fc1c149afbf4c8996fb92427ae41e4649b934ca495991b7852b855","31.707214","13","15","8","6","0","0","7","378373","378373","8","0","0","2","4g","2026-08-24T17:27:43Z"
"journal_retail","Retail","UOB_FULL","9","88159","6","0","0.045","3968","0.3","0.1","694","94","1335","0","e3b0c44298fc1c149afbf4c8996fb92427ae41e4649b934ca495991b7852b855","25.762367","7","15","8","6","0","6","7","249773","63681","8","0","0","2","4g","2026-08-24T17:27:44Z"
"journal_retail","Retail","UOB_POSTFILTER","9","88159","6","0","0.045","3968","0.3","0.1","689","53","1277","0","e3b0c44298fc1c149afbf4c8996fb92427ae41e4649b934ca495991b7852b855","19.567513","16","18","8","0","3","0","0","0","0","0","0","0","3","4g","2026-08-24T17:27:46Z"
"journal_retail","Retail","COUPM_KULC_ADAPTED","9","88159","6","0","0.045","3968","0.3","0.3","697","88","1315","0","e3b0c44298fc1c149afbf4c8996fb92427ae41e4649b934ca495991b7852b855","19.748489","16","18","8","0","3","0","0","0","0","0","0","0","3","4g","2026-08-24T17:27:47Z"
"journal_retail","Retail","CORHUOPM_BOND","9","88159","6","0","0.045","3968","0.3","0.3","683","73","1298","0","e3b0c44298fc1c149afbf4c8996fb92427ae41e4649b934ca495991b7852b855","20.788071","13","15","8","6","0","0","0","0","0","0","0","0","2","4g","2026-08-24T17:27:48Z"
"journal_retail","Retail","CORHUOPM_AC","9","88159","6","0","0.045","3968","0.3","0.3","686","77","1272","0","e3b0c44298fc1c149afbf4c8996fb92427ae41e4649b934ca495991b7852b855","17.183594","13","15","8","6","0","0","0","0","0","0","0","0","2","4g","2026-08-24T17:27:49Z"
"journal_retail","Retail","HUOPM","9","88159","6","0","0.045","3968","0.3","0.0","684","61","1277","0","e3b0c44298fc1c149afbf4c8996fb92427ae41e4649b934ca495991b7852b855","19.694809","16","18","8","0","3","0","0","0","0","0","0","0","3","4g","2026-08-24T17:27:51Z"
"journal_retail","Retail","UOB_RECOMPUTE_DUO","9","88159","6","0","0.045","3968","0.3","0.1","686","66","1298","0","e3b0c44298fc1c149afbf4c8996fb92427ae41e4649b934ca495991b7852b855","46.801605","13","15","8","6","0","0","14","756746","756746","8","7","0","2","4g","2026-08-24T17:27:52Z"
"journal_pumsb","Pumsb","HUOPM","0","49046","34","0","0.7","34333","0.3","0.0","1831","60383","125323","2","8b614d53911b4ef41f0ce409125eaa655cd8111f69ad3d2ab0c3f3cab579e52d","1102.48127","17630","21080","3484","0","15693","0","0","0","0","0","0","0","17","4g","2026-08-24T17:29:57Z"
"journal_pumsb","Pumsb","CORHUOPM_AC","0","49046","34","0","0.7","34333","0.3","0.5","1840","55377","112684","2","8b614d53911b4ef41f0ce409125eaa655cd8111f69ad3d2ab0c3f3cab579e52d","576.407707","17630","21080","3484","0","15693","0","0","0","0","0","0","0","17","4g","2026-08-24T17:31:50Z"
"journal_pumsb","Pumsb","CORHUOPM_BOND","0","49046","34","0","0.7","34333","0.3","0.5","1802","88606","175562","2","8b614d53911b4ef41f0ce409125eaa655cd8111f69ad3d2ab0c3f3cab579e52d","591.884277","17630","21080","3484","0","15693","0","0","0","0","0","0","0","17","4g","2026-08-24T17:34:46Z"
"journal_pumsb","Pumsb","COUPM_KULC_ADAPTED","0","49046","34","0","0.7","34333","0.3","0.5","1749","55206","112448","2","8b614d53911b4ef41f0ce409125eaa655cd8111f69ad3d2ab0c3f3cab579e52d","638.350517","17630","21080","3484","0","15693","0","0","0","0","0","0","0","17","4g","2026-08-24T17:36:38Z"
"journal_pumsb","Pumsb","UOB_POSTFILTER","0","49046","34","0","0.7","34333","0.3","0.1","1795","55328","113322","0","e3b0c44298fc1c149afbf4c8996fb92427ae41e4649b934ca495991b7852b855","690.130203","17630","21080","3484","0","15693","0","0","0","0","0","0","1468606","17","4g","2026-08-24T17:38:31Z"
"journal_pumsb","Pumsb","UOB_FULL","0","49046","34","0","0.7","34333","0.3","0.1","1815","8576","19203","0","e3b0c44298fc1c149afbf4c8996fb92427ae41e4649b934ca495991b7852b855","695.783432","1497","2420","341","616","1291","616","2079","97732882","71364311","341","0","0","9","4g","2026-08-24T17:38:51Z"
"journal_pumsb","Pumsb","UOB_NO_EDA","0","49046","34","0","0.7","34333","0.3","0.1","1838","9423","21393","0","e3b0c44298fc1c149afbf4c8996fb92427ae41e4649b934ca495991b7852b855","896.442825","2521","2879","392","1024","1291","0","2487","121467497","121467497","392","0","0","10","4g","2026-08-24T17:39:12Z"
"journal_pumsb","Pumsb","UOB_NO_UO_BOUND","0","49046","34","0","0.7","34333","0.3","0.1","1866","125946","251207","0","e3b0c44298fc1c149afbf4c8996fb92427ae41e4649b934ca495991b7852b855","1224.610619","53439","73830","1836","18589","0","18589","71994","3484377564","2618826820","1836","0","0","11","4g","2026-08-24T17:43:23Z"
"journal_pumsb","Pumsb","UOB_EAGER_DUO","0","49046","34","0","0.7","34333","0.3","0.1","1808","8793","19899","0","e3b0c44298fc1c149afbf4c8996fb92427ae41e4649b934ca495991b7852b855","776.273499","1497","2420","205","752","1291","752","2420","113028273","81291002","0","0","0","9","4g","2026-08-24T17:43:43Z"
"journal_pumsb","Pumsb","UOB_RECOMPUTE_DUO","0","49046","34","0","0.7","34333","0.3","0.1","1815","16957","36222","0","e3b0c44298fc1c149afbf4c8996fb92427ae41e4649b934ca495991b7852b855","818.382584","2521","2879","392","1024","1291","0","10283","495257269","495257269","392","7796","0","10","4g","2026-08-24T17:44:19Z"
"journal_pumsb","Pumsb","HUOPM","1","49046","34","0","0.7","34333","0.3","0.0","1840","57110","115012","2","8b614d53911b4ef41f0ce409125eaa655cd8111f69ad3d2ab0c3f3cab579e52d","994.556648","17630","21080","3484","0","15693","0","0","0","0","0","0","0","17","4g","2026-08-24T17:46:14Z"
"journal_pumsb","Pumsb","UOB_RECOMPUTE_DUO","1","49046","34","0","0.7","34333","0.3","0.1","1875","16921","35376","0","e3b0c44298fc1c149afbf4c8996fb92427ae41e4649b934ca495991b7852b855","813.840355","2521","2879","392","1024","1291","0","10283","495257269","495257269","392","7796","0","10","4g","2026-08-24T17:46:50Z"
"journal_pumsb","Pumsb","UOB_EAGER_DUO","1","49046","34","0","0.7","34333","0.3","0.1","1737","8515","19124","0","e3b0c44298fc1c149afbf4c8996fb92427ae41e4649b934ca495991b7852b855","530.673607","1497","2420","205","752","1291","752","2420","113028273","81291002","0","0","0","9","4g","2026-08-24T17:47:09Z"
"journal_pumsb","Pumsb","UOB_NO_UO_BOUND","1","49046","34","0","0.7","34333","0.3","0.1","1740","120516","246000","0","e3b0c44298fc1c149afbf4c8996fb92427ae41e4649b934ca495991b7852b855","1187.439575","53439","73830","1836","18589","0","18589","71994","3484377564","2618826820","1836","0","0","11","4g","2026-08-24T17:51:15Z"
"journal_pumsb","Pumsb","UOB_NO_EDA","1","49046","34","0","0.7","34333","0.3","0.1","1835","9466","21370","0","e3b0c44298fc1c149afbf4c8996fb92427ae41e4649b934ca495991b7852b855","1048.69458","2521","2879","392","1024","1291","0","2487","121467497","121467497","392","0","0","10","4g","2026-08-24T17:51:36Z"
"journal_pumsb","Pumsb","UOB_FULL","1","49046","34","0","0.7","34333","0.3","0.1","1840","8272","18791","0","e3b0c44298fc1c149afbf4c8996fb92427ae41e4649b934ca495991b7852b855","1002.838631","1497","2420","341","616","1291","616","2079","97732882","71364311","341","0","0","9","4g","2026-08-24T17:51:55Z"
"journal_pumsb","Pumsb","UOB_POSTFILTER","1","49046","34","0","0.7","34333","0.3","0.1","1839","54860","113579","0","e3b0c44298fc1c149afbf4c8996fb92427ae41e4649b934ca495991b7852b855","641.610565","17630","21080","3484","0","15693","0","0","0","0","0","0","1468606","17","4g","2026-08-24T17:53:48Z"
"journal_pumsb","Pumsb","COUPM_KULC_ADAPTED","1","49046","34","0","0.7","34333","0.3","0.5","1766","57144","114055","2","8b614d53911b4ef41f0ce409125eaa655cd8111f69ad3d2ab0c3f3cab579e52d","954.678902","17630","21080","3484","0","15693","0","0","0","0","0","0","0","17","4g","2026-08-24T17:55:43Z"
"journal_pumsb","Pumsb","CORHUOPM_BOND","1","49046","34","0","0.7","34333","0.3","0.5","1776","84632","166164","2","8b614d53911b4ef41f0ce409125eaa655cd8111f69ad3d2ab0c3f3cab579e52d","631.328903","17630","21080","3484","0","15693","0","0","0","0","0","0","0","17","4g","2026-08-24T17:58:29Z"
"journal_pumsb","Pumsb","CORHUOPM_AC","1","49046","34","0","0.7","34333","0.3","0.5","1829","54764","111222","2","8b614d53911b4ef41f0ce409125eaa655cd8111f69ad3d2ab0c3f3cab579e52d","1169.881248","17630","21080","3484","0","15693","0","0","0","0","0","0","0","17","4g","2026-08-24T18:00:20Z"
"journal_pumsb","Pumsb","CORHUOPM_BOND","2","49046","34","0","0.7","34333","0.3","0.5","1760","87927","169778","2","8b614d53911b4ef41f0ce409125eaa655cd8111f69ad3d2ab0c3f3cab579e52d","612.416405","17630","21080","3484","0","15693","0","0","0","0","0","0","0","17","4g","2026-08-24T18:03:10Z"
"journal_pumsb","Pumsb","COUPM_KULC_ADAPTED","2","49046","34","0","0.7","34333","0.3","0.5","1817","54376","111458","2","8b614d53911b4ef41f0ce409125eaa655cd8111f69ad3d2ab0c3f3cab579e52d","1811.061714","17630","21080","3484","0","15693","0","0","0","0","0","0","0","17","4g","2026-08-24T18:05:01Z"
"journal_pumsb","Pumsb","UOB_POSTFILTER","2","49046","34","0","0.7","34333","0.3","0.1","1875","57443","116195","0","e3b0c44298fc1c149afbf4c8996fb92427ae41e4649b934ca495991b7852b855","525.304657","17630","21080","3484","0","15693","0","0","0","0","0","0","1468606","17","4g","2026-08-24T18:06:57Z"
"journal_pumsb","Pumsb","UOB_FULL","2","49046","34","0","0.7","34333","0.3","0.1","1843","8530","19177","0","e3b0c44298fc1c149afbf4c8996fb92427ae41e4649b934ca495991b7852b855","628.351982","1497","2420","341","616","1291","616","2079","97732882","71364311","341","0","0","9","4g","2026-08-24T18:07:17Z"
"journal_pumsb","Pumsb","UOB_NO_EDA","2","49046","34","0","0.7","34333","0.3","0.1","1868","9509","20781","0","e3b0c44298fc1c149afbf4c8996fb92427ae41e4649b934ca495991b7852b855","665.542847","2521","2879","392","1024","1291","0","2487","121467497","121467497","392","0","0","10","4g","2026-08-24T18:07:37Z"
"journal_pumsb","Pumsb","UOB_NO_UO_BOUND","2","49046","34","0","0.7","34333","0.3","0.1","1806","123624","245703","0","e3b0c44298fc1c149afbf4c8996fb92427ae41e4649b934ca495991b7852b855","1127.553337","53439","73830","1836","18589","0","18589","71994","3484377564","2618826820","1836","0","0","11","4g","2026-08-24T18:11:43Z"
"journal_pumsb","Pumsb","UOB_EAGER_DUO","2","49046","34","0","0.7","34333","0.3","0.1","1869","8526","19220","0","e3b0c44298fc1c149afbf4c8996fb92427ae41e4649b934ca495991b7852b855","522.516884","1497","2420","205","752","1291","752","2420","113028273","81291002","0","0","0","9","4g","2026-08-24T18:12:02Z"
"journal_pumsb","Pumsb","UOB_RECOMPUTE_DUO","2","49046","34","0","0.7","34333","0.3","0.1","1794","17473","36209","0","e3b0c44298fc1c149afbf4c8996fb92427ae41e4649b934ca495991b7852b855","900.593765","2521","2879","392","1024","1291","0","10283","495257269","495257269","392","7796","0","10","4g","2026-08-24T18:12:38Z"
"journal_pumsb","Pumsb","HUOPM","2","49046","34","0","0.7","34333","0.3","0.0","1833","55192","112519","2","8b614d53911b4ef41f0ce409125eaa655cd8111f69ad3d2ab0c3f3cab579e52d","1147.019539","17630","21080","3484","0","15693","0","0","0","0","0","0","0","17","4g","2026-08-24T18:14:31Z"
"journal_pumsb","Pumsb","CORHUOPM_AC","2","49046","34","0","0.7","34333","0.3","0.5","1814","56121","112907","2","8b614d53911b4ef41f0ce409125eaa655cd8111f69ad3d2ab0c3f3cab579e52d","927.831657","17630","21080","3484","0","15693","0","0","0","0","0","0","0","17","4g","2026-08-24T18:16:24Z"
"journal_pumsb","Pumsb","CORHUOPM_BOND","3","49046","34","0","0.7","34333","0.3","0.5","1863","84256","167292","2","8b614d53911b4ef41f0ce409125eaa655cd8111f69ad3d2ab0c3f3cab579e52d","1530.915756","17630","21080","3484","0","15693","0","0","0","0","0","0","0","17","4g","2026-08-24T18:19:11Z"
"journal_pumsb","Pumsb","CORHUOPM_AC","3","49046","34","0","0.7","34333","0.3","0.5","1808","58205","114633","2","8b614d53911b4ef41f0ce409125eaa655cd8111f69ad3d2ab0c3f3cab579e52d","1949.290466","17630","21080","3484","0","15693","0","0","0","0","0","0","0","17","4g","2026-08-24T18:21:06Z"
"journal_pumsb","Pumsb","HUOPM","3","49046","34","0","0.7","34333","0.3","0.0","1821","62267","124074","2","8b614d53911b4ef41f0ce409125eaa655cd8111f69ad3d2ab0c3f3cab579e52d","943.518608","17630","21080","3484","0","15693","0","0","0","0","0","0","0","17","4g","2026-08-24T18:23:10Z"
"journal_pumsb","Pumsb","UOB_RECOMPUTE_DUO","3","49046","34","0","0.7","34333","0.3","0.1","1840","18326","38466","0","e3b0c44298fc1c149afbf4c8996fb92427ae41e4649b934ca495991b7852b855","1003.050545","2521","2879","392","1024","1291","0","10283","495257269","495257269","392","7796","0","10","4g","2026-08-24T18:23:48Z"
"journal_pumsb","Pumsb","UOB_EAGER_DUO","3","49046","34","0","0.7","34333","0.3","0.1","1822","9579","21037","0","e3b0c44298fc1c149afbf4c8996fb92427ae41e4649b934ca495991b7852b855","683.871208","1497","2420","205","752","1291","752","2420","113028273","81291002","0","0","0","9","4g","2026-08-24T18:24:09Z"
"journal_pumsb","Pumsb","UOB_NO_UO_BOUND","3","49046","34","0","0.7","34333","0.3","0.1","1759","124188","259061","0","e3b0c44298fc1c149afbf4c8996fb92427ae41e4649b934ca495991b7852b855","1028.744537","53439","73830","1836","18589","0","18589","71994","3484377564","2618826820","1836","0","0","11","4g","2026-08-24T18:28:28Z"
"journal_pumsb","Pumsb","UOB_NO_EDA","3","49046","34","0","0.7","34333","0.3","0.1","1860","8761","19798","0","e3b0c44298fc1c149afbf4c8996fb92427ae41e4649b934ca495991b7852b855","640.752197","2521","2879","392","1024","1291","0","2487","121467497","121467497","392","0","0","10","4g","2026-08-24T18:28:48Z"
"journal_pumsb","Pumsb","UOB_FULL","3","49046","34","0","0.7","34333","0.3","0.1","1766","7961","18648","0","e3b0c44298fc1c149afbf4c8996fb92427ae41e4649b934ca495991b7852b855","521.906914","1497","2420","341","616","1291","616","2079","97732882","71364311","341","0","0","9","4g","2026-08-24T18:29:07Z"
"journal_pumsb","Pumsb","UOB_POSTFILTER","3","49046","34","0","0.7","34333","0.3","0.1","1748","60184","119106","0","e3b0c44298fc1c149afbf4c8996fb92427ae41e4649b934ca495991b7852b855","533.915314","17630","21080","3484","0","15693","0","0","0","0","0","0","1468606","17","4g","2026-08-24T18:31:06Z"
"journal_pumsb","Pumsb","COUPM_KULC_ADAPTED","3","49046","34","0","0.7","34333","0.3","0.5","1854","60052","122715","2","8b614d53911b4ef41f0ce409125eaa655cd8111f69ad3d2ab0c3f3cab579e52d","827.693359","17630","21080","3484","0","15693","0","0","0","0","0","0","0","17","4g","2026-08-24T18:33:09Z"
"journal_pumsb","Pumsb","UOB_POSTFILTER","4","49046","34","0","0.7","34333","0.3","0.1","1863","59094","123006","0","e3b0c44298fc1c149afbf4c8996fb92427ae41e4649b934ca495991b7852b855","969.401917","17630","21080","3484","0","15693","0","0","0","0","0","0","1468606","17","4g","2026-08-24T18:35:12Z"
"journal_pumsb","Pumsb","UOB_FULL","4","49046","34","0","0.7","34333","0.3","0.1","1861","9154","20006","0","e3b0c44298fc1c149afbf4c8996fb92427ae41e4649b934ca495991b7852b855","545.503075","1497","2420","341","616","1291","616","2079","97732882","71364311","341","0","0","9","4g","2026-08-24T18:35:32Z"
"journal_pumsb","Pumsb","UOB_NO_EDA","4","49046","34","0","0.7","34333","0.3","0.1","1811","9806","21513","0","e3b0c44298fc1c149afbf4c8996fb92427ae41e4649b934ca495991b7852b855","784.679527","2521","2879","392","1024","1291","0","2487","121467497","121467497","392","0","0","10","4g","2026-08-24T18:35:53Z"
"journal_pumsb","Pumsb","UOB_NO_UO_BOUND","4","49046","34","0","0.7","34333","0.3","0.1","1788","131012","264064","0","e3b0c44298fc1c149afbf4c8996fb92427ae41e4649b934ca495991b7852b855","1218.895348","53439","73830","1836","18589","0","18589","71994","3484377564","2618826820","1836","0","0","11","4g","2026-08-24T18:40:17Z"
"journal_pumsb","Pumsb","UOB_EAGER_DUO","4","49046","34","0","0.7","34333","0.3","0.1","1799","9433","20822","0","e3b0c44298fc1c149afbf4c8996fb92427ae41e4649b934ca495991b7852b855","646.533623","1497","2420","205","752","1291","752","2420","113028273","81291002","0","0","0","9","4g","2026-08-24T18:40:38Z"
"journal_pumsb","Pumsb","UOB_RECOMPUTE_DUO","4","49046","34","0","0.7","34333","0.3","0.1","1847","18419","38652","0","e3b0c44298fc1c149afbf4c8996fb92427ae41e4649b934ca495991b7852b855","1457.545052","2521","2879","392","1024","1291","0","10283","495257269","495257269","392","7796","0","10","4g","2026-08-24T18:41:17Z"
"journal_pumsb","Pumsb","HUOPM","4","49046","34","0","0.7","34333","0.3","0.0","1818","61414","124416","2","8b614d53911b4ef41f0ce409125eaa655cd8111f69ad3d2ab0c3f3cab579e52d","530.015823","17630","21080","3484","0","15693","0","0","0","0","0","0","0","17","4g","2026-08-24T18:43:21Z"
"journal_pumsb","Pumsb","CORHUOPM_AC","4","49046","34","0","0.7","34333","0.3","0.5","1839","61414","124984","2","8b614d53911b4ef41f0ce409125eaa655cd8111f69ad3d2ab0c3f3cab579e52d","1066.214508","17630","21080","3484","0","15693","0","0","0","0","0","0","0","17","4g","2026-08-24T18:45:26Z"
"journal_pumsb","Pumsb","CORHUOPM_BOND","4","49046","34","0","0.7","34333","0.3","0.5","1833","85088","182583","2","8b614d53911b4ef41f0ce409125eaa655cd8111f69ad3d2ab0c3f3cab579e52d","1638.332138","17630","21080","3484","0","15693","0","0","0","0","0","0","0","17","4g","2026-08-24T18:48:29Z"
"journal_pumsb","Pumsb","COUPM_KULC_ADAPTED","4","49046","34","0","0.7","34333","0.3","0.5","1884","59937","121781","2","8b614d53911b4ef41f0ce409125eaa655cd8111f69ad3d2ab0c3f3cab579e52d","697.243057","17630","21080","3484","0","15693","0","0","0","0","0","0","0","17","4g","2026-08-24T18:50:31Z"
"journal_pumsb","Pumsb","UOB_POSTFILTER","5","49046","34","0","0.7","34333","0.3","0.1","1863","58992","121266","0","e3b0c44298fc1c149afbf4c8996fb92427ae41e4649b934ca495991b7852b855","652.885002","17630","21080","3484","0","15693","0","0","0","0","0","0","1468606","17","4g","2026-08-24T18:52:32Z"
"journal_pumsb","Pumsb","COUPM_KULC_ADAPTED","5","49046","34","0","0.7","34333","0.3","0.5","1851","60150","122210","2","8b614d53911b4ef41f0ce409125eaa655cd8111f69ad3d2ab0c3f3cab579e52d","871.974464","17630","21080","3484","0","15693","0","0","0","0","0","0","0","17","4g","2026-08-24T18:54:34Z"
"journal_pumsb","Pumsb","CORHUOPM_BOND","5","49046","34","0","0.7","34333","0.3","0.5","1800","91128","187015","2","8b614d53911b4ef41f0ce409125eaa655cd8111f69ad3d2ab0c3f3cab579e52d","587.257004","17630","21080","3484","0","15693","0","0","0","0","0","0","0","17","4g","2026-08-24T18:57:41Z"
"journal_pumsb","Pumsb","CORHUOPM_AC","5","49046","34","0","0.7","34333","0.3","0.5","1744","59954","121967","2","8b614d53911b4ef41f0ce409125eaa655cd8111f69ad3d2ab0c3f3cab579e52d","1671.784065","17630","21080","3484","0","15693","0","0","0","0","0","0","0","17","4g","2026-08-24T18:59:43Z"
"journal_pumsb","Pumsb","HUOPM","5","49046","34","0","0.7","34333","0.3","0.0","1789","62542","125727","2","8b614d53911b4ef41f0ce409125eaa655cd8111f69ad3d2ab0c3f3cab579e52d","2002.182083","17630","21080","3484","0","15693","0","0","0","0","0","0","0","17","4g","2026-08-24T19:01:49Z"
"journal_pumsb","Pumsb","UOB_RECOMPUTE_DUO","5","49046","34","0","0.7","34333","0.3","0.1","1851","18191","38245","0","e3b0c44298fc1c149afbf4c8996fb92427ae41e4649b934ca495991b7852b855","949.137543","2521","2879","392","1024","1291","0","10283","495257269","495257269","392","7796","0","10","4g","2026-08-24T19:02:27Z"
"journal_pumsb","Pumsb","UOB_EAGER_DUO","5","49046","34","0","0.7","34333","0.3","0.1","1768","9224","20367","0","e3b0c44298fc1c149afbf4c8996fb92427ae41e4649b934ca495991b7852b855","600.842224","1497","2420","205","752","1291","752","2420","113028273","81291002","0","0","0","9","4g","2026-08-24T19:02:47Z"
"journal_pumsb","Pumsb","UOB_NO_UO_BOUND","5","49046","34","0","0.7","34333","0.3","0.1","1891","130585","264958","0","e3b0c44298fc1c149afbf4c8996fb92427ae41e4649b934ca495991b7852b855","1039.194824","53439","73830","1836","18589","0","18589","71994","3484377564","2618826820","1836","0","0","11","4g","2026-08-24T19:07:12Z"
"journal_pumsb","Pumsb","UOB_NO_EDA","5","49046","34","0","0.7","34333","0.3","0.1","1787","10630","22815","0","e3b0c44298fc1c149afbf4c8996fb92427ae41e4649b934ca495991b7852b855","1820.27533","2521","2879","392","1024","1291","0","2487","121467497","121467497","392","0","0","10","4g","2026-08-24T19:07:35Z"
"journal_pumsb","Pumsb","UOB_FULL","5","49046","34","0","0.7","34333","0.3","0.1","1812","8876","19806","0","e3b0c44298fc1c149afbf4c8996fb92427ae41e4649b934ca495991b7852b855","799.02063","1497","2420","341","616","1291","616","2079","97732882","71364311","341","0","0","9","4g","2026-08-24T19:07:55Z"
"journal_pumsb","Pumsb","UOB_NO_EDA","6","49046","34","0","0.7","34333","0.3","0.1","1770","10115","22194","0","e3b0c44298fc1c149afbf4c8996fb92427ae41e4649b934ca495991b7852b855","622.479996","2521","2879","392","1024","1291","0","2487","121467497","121467497","392","0","0","10","4g","2026-08-24T19:08:17Z"
"journal_pumsb","Pumsb","UOB_NO_UO_BOUND","6","49046","34","0","0.7","34333","0.3","0.1","1797","129819","264311","0","e3b0c44298fc1c149afbf4c8996fb92427ae41e4649b934ca495991b7852b855","1236.29557","53439","73830","1836","18589","0","18589","71994","3484377564","2618826820","1836","0","0","11","4g","2026-08-24T19:12:41Z"
"journal_pumsb","Pumsb","UOB_EAGER_DUO","6","49046","34","0","0.7","34333","0.3","0.1","1872","9156","20472","0","e3b0c44298fc1c149afbf4c8996fb92427ae41e4649b934ca495991b7852b855","522.137238","1497","2420","205","752","1291","752","2420","113028273","81291002","0","0","0","9","4g","2026-08-24T19:13:02Z"
"journal_pumsb","Pumsb","UOB_RECOMPUTE_DUO","6","49046","34","0","0.7","34333","0.3","0.1","1885","18281","37930","0","e3b0c44298fc1c149afbf4c8996fb92427ae41e4649b934ca495991b7852b855","1289.681129","2521","2879","392","1024","1291","0","10283","495257269","495257269","392","7796","0","10","4g","2026-08-24T19:13:40Z"
"journal_pumsb","Pumsb","HUOPM","6","49046","34","0","0.7","34333","0.3","0.0","1741","57580","117538","2","8b614d53911b4ef41f0ce409125eaa655cd8111f69ad3d2ab0c3f3cab579e52d","1312.184647","17630","21080","3484","0","15693","0","0","0","0","0","0","0","17","4g","2026-08-24T19:15:37Z"
"journal_pumsb","Pumsb","CORHUOPM_AC","6","49046","34","0","0.7","34333","0.3","0.5","1814","60054","122623","2","8b614d53911b4ef41f0ce409125eaa655cd8111f69ad3d2ab0c3f3cab579e52d","685.871696","17630","21080","3484","0","15693","0","0","0","0","0","0","0","17","4g","2026-08-24T19:17:40Z"
"journal_pumsb","Pumsb","CORHUOPM_BOND","6","49046","34","0","0.7","34333","0.3","0.5","1838","93486","183552","2","8b614d53911b4ef41f0ce409125eaa655cd8111f69ad3d2ab0c3f3cab579e52d","530.473854","17630","21080","3484","0","15693","0","0","0","0","0","0","0","17","4g","2026-08-24T19:20:44Z"
"journal_pumsb","Pumsb","COUPM_KULC_ADAPTED","6","49046","34","0","0.7","34333","0.3","0.5","1846","58930","119640","2","8b614d53911b4ef41f0ce409125eaa655cd8111f69ad3d2ab0c3f3cab579e52d","640.307381","17630","21080","3484","0","15693","0","0","0","0","0","0","0","17","4g","2026-08-24T19:22:43Z"
"journal_pumsb","Pumsb","UOB_POSTFILTER","6","49046","34","0","0.7","34333","0.3","0.1","1910","58392","119942","0","e3b0c44298fc1c149afbf4c8996fb92427ae41e4649b934ca495991b7852b855","642.257126","17630","21080","3484","0","15693","0","0","0","0","0","0","1468606","17","4g","2026-08-24T19:24:43Z"
"journal_pumsb","Pumsb","UOB_FULL","6","49046","34","0","0.7","34333","0.3","0.1","1883","10576","23181","0","e3b0c44298fc1c149afbf4c8996fb92427ae41e4649b934ca495991b7852b855","632.600174","1497","2420","341","616","1291","616","2079","97732882","71364311","341","0","0","9","4g","2026-08-24T19:25:06Z"
"journal_pumsb","Pumsb","UOB_NO_EDA","7","49046","34","0","0.7","34333","0.3","0.1","1892","9764","21893","0","e3b0c44298fc1c149afbf4c8996fb92427ae41e4649b934ca495991b7852b855","762.630486","2521","2879","392","1024","1291","0","2487","121467497","121467497","392","0","0","10","4g","2026-08-24T19:25:28Z"
"journal_pumsb","Pumsb","UOB_FULL","7","49046","34","0","0.7","34333","0.3","0.1","1838","8870","19923","0","e3b0c44298fc1c149afbf4c8996fb92427ae41e4649b934ca495991b7852b855","734.932335","1497","2420","341","616","1291","616","2079","97732882","71364311","341","0","0","9","4g","2026-08-24T19:25:48Z"
"journal_pumsb","Pumsb","UOB_POSTFILTER","7","49046","34","0","0.7","34333","0.3","0.1","1814","55706","114856","0","e3b0c44298fc1c149afbf4c8996fb92427ae41e4649b934ca495991b7852b855","769.23423","17630","21080","3484","0","15693","0","0","0","0","0","0","1468606","17","4g","2026-08-24T19:27:43Z"
"journal_pumsb","Pumsb","COUPM_KULC_ADAPTED","7","49046","34","0","0.7","34333","0.3","0.5","1857","57280","115020","2","8b614d53911b4ef41f0ce409125eaa655cd8111f69ad3d2ab0c3f3cab579e52d","1939.983009","17630","21080","3484","0","15693","0","0","0","0","0","0","0","17","4g","2026-08-24T19:29:38Z"
"journal_pumsb","Pumsb","CORHUOPM_BOND","7","49046","34","0","0.7","34333","0.3","0.5","1802","86113","172524","2","8b614d53911b4ef41f0ce409125eaa655cd8111f69ad3d2ab0c3f3cab579e52d","579.726059","17630","21080","3484","0","15693","0","0","0","0","0","0","0","17","4g","2026-08-24T19:32:31Z"
"journal_pumsb","Pumsb","CORHUOPM_AC","7","49046","34","0","0.7","34333","0.3","0.5","1803","57538","116645","2","8b614d53911b4ef41f0ce409125eaa655cd8111f69ad3d2ab0c3f3cab579e52d","1902.132965","17630","21080","3484","0","15693","0","0","0","0","0","0","0","17","4g","2026-08-24T19:34:27Z"
"journal_pumsb","Pumsb","HUOPM","7","49046","34","0","0.7","34333","0.3","0.0","1791","57811","115430","2","8b614d53911b4ef41f0ce409125eaa655cd8111f69ad3d2ab0c3f3cab579e52d","1058.290909","17630","21080","3484","0","15693","0","0","0","0","0","0","0","17","4g","2026-08-24T19:36:23Z"
"journal_pumsb","Pumsb","UOB_RECOMPUTE_DUO","7","49046","34","0","0.7","34333","0.3","0.1","1804","17425","35794","0","e3b0c44298fc1c149afbf4c8996fb92427ae41e4649b934ca495991b7852b855","1451.214378","2521","2879","392","1024","1291","0","10283","495257269","495257269","392","7796","0","10","4g","2026-08-24T19:36:58Z"
"journal_pumsb","Pumsb","UOB_EAGER_DUO","7","49046","34","0","0.7","34333","0.3","0.1","1858","8549","19163","0","e3b0c44298fc1c149afbf4c8996fb92427ae41e4649b934ca495991b7852b855","796.628754","1497","2420","205","752","1291","752","2420","113028273","81291002","0","0","0","9","4g","2026-08-24T19:37:18Z"
"journal_pumsb","Pumsb","UOB_NO_UO_BOUND","7","49046","34","0","0.7","34333","0.3","0.1","1879","120157","245798","0","e3b0c44298fc1c149afbf4c8996fb92427ae41e4649b934ca495991b7852b855","1042.738396","53439","73830","1836","18589","0","18589","71994","3484377564","2618826820","1836","0","0","11","4g","2026-08-24T19:41:23Z"
"journal_pumsb","Pumsb","UOB_EAGER_DUO","8","49046","34","0","0.7","34333","0.3","0.1","1851","8892","19790","0","e3b0c44298fc1c149afbf4c8996fb92427ae41e4649b934ca495991b7852b855","531.334862","1497","2420","205","752","1291","752","2420","113028273","81291002","0","0","0","9","4g","2026-08-24T19:41:43Z"
"journal_pumsb","Pumsb","UOB_RECOMPUTE_DUO","8","49046","34","0","0.7","34333","0.3","0.1","1878","16353","35177","0","e3b0c44298fc1c149afbf4c8996fb92427ae41e4649b934ca495991b7852b855","899.542786","2521","2879","392","1024","1291","0","10283","495257269","495257269","392","7796","0","10","4g","2026-08-24T19:42:18Z"
"journal_pumsb","Pumsb","HUOPM","8","49046","34","0","0.7","34333","0.3","0.0","1847","54219","113206","2","8b614d53911b4ef41f0ce409125eaa655cd8111f69ad3d2ab0c3f3cab579e52d","1412.769806","17630","21080","3484","0","15693","0","0","0","0","0","0","0","17","4g","2026-08-24T19:44:12Z"
"journal_pumsb","Pumsb","CORHUOPM_AC","8","49046","34","0","0.7","34333","0.3","0.5","1827","56598","113929","2","8b614d53911b4ef41f0ce409125eaa655cd8111f69ad3d2ab0c3f3cab579e52d","1185.707672","17630","21080","3484","0","15693","0","0","0","0","0","0","0","17","4g","2026-08-24T19:46:05Z"
"journal_pumsb","Pumsb","CORHUOPM_BOND","8","49046","34","0","0.7","34333","0.3","0.5","1779","88258","173570","2","8b614d53911b4ef41f0ce409125eaa655cd8111f69ad3d2ab0c3f3cab579e52d","728.117638","17630","21080","3484","0","15693","0","0","0","0","0","0","0","17","4g","2026-08-24T19:48:59Z"
"journal_pumsb","Pumsb","COUPM_KULC_ADAPTED","8","49046","34","0","0.7","34333","0.3","0.5","1893","54432","112941","2","8b614d53911b4ef41f0ce409125eaa655cd8111f69ad3d2ab0c3f3cab579e52d","715.850281","17630","21080","3484","0","15693","0","0","0","0","0","0","0","17","4g","2026-08-24T19:50:52Z"
"journal_pumsb","Pumsb","UOB_POSTFILTER","8","49046","34","0","0.7","34333","0.3","0.1","1792","55405","113955","0","e3b0c44298fc1c149afbf4c8996fb92427ae41e4649b934ca495991b7852b855","1078.457588","17630","21080","3484","0","15693","0","0","0","0","0","0","1468606","17","4g","2026-08-24T19:52:46Z"
"journal_pumsb","Pumsb","UOB_FULL","8","49046","34","0","0.7","34333","0.3","0.1","1757","8707","19431","0","e3b0c44298fc1c149afbf4c8996fb92427ae41e4649b934ca495991b7852b855","545.63208","1497","2420","341","616","1291","616","2079","97732882","71364311","341","0","0","9","4g","2026-08-24T19:53:05Z"
"journal_pumsb","Pumsb","UOB_NO_EDA","8","49046","34","0","0.7","34333","0.3","0.1","1820","9428","21893","0","e3b0c44298fc1c149afbf4c8996fb92427ae41e4649b934ca495991b7852b855","566.469627","2521","2879","392","1024","1291","0","2487","121467497","121467497","392","0","0","10","4g","2026-08-24T19:53:27Z"
"journal_pumsb","Pumsb","UOB_NO_UO_BOUND","8","49046","34","0","0.7","34333","0.3","0.1","1727","123750","247007","0","e3b0c44298fc1c149afbf4c8996fb92427ae41e4649b934ca495991b7852b855","1088.980713","53439","73830","1836","18589","0","18589","71994","3484377564","2618826820","1836","0","0","11","4g","2026-08-24T19:57:34Z"
"journal_pumsb","Pumsb","UOB_EAGER_DUO","9","49046","34","0","0.7","34333","0.3","0.1","1797","8851","19691","0","e3b0c44298fc1c149afbf4c8996fb92427ae41e4649b934ca495991b7852b855","798.341377","1497","2420","205","752","1291","752","2420","113028273","81291002","0","0","0","9","4g","2026-08-24T19:57:54Z"
"journal_pumsb","Pumsb","UOB_NO_UO_BOUND","9","49046","34","0","0.7","34333","0.3","0.1","1837","118987","246072","0","e3b0c44298fc1c149afbf4c8996fb92427ae41e4649b934ca495991b7852b855","1875.720398","53439","73830","1836","18589","0","18589","71994","3484377564","2618826820","1836","0","0","11","4g","2026-08-24T20:02:00Z"
"journal_pumsb","Pumsb","UOB_NO_EDA","9","49046","34","0","0.7","34333","0.3","0.1","1825","9469","21031","0","e3b0c44298fc1c149afbf4c8996fb92427ae41e4649b934ca495991b7852b855","901.071289","2521","2879","392","1024","1291","0","2487","121467497","121467497","392","0","0","10","4g","2026-08-24T20:02:21Z"
"journal_pumsb","Pumsb","UOB_FULL","9","49046","34","0","0.7","34333","0.3","0.1","1851","8338","19003","0","e3b0c44298fc1c149afbf4c8996fb92427ae41e4649b934ca495991b7852b855","671.491898","1497","2420","341","616","1291","616","2079","97732882","71364311","341","0","0","9","4g","2026-08-24T20:02:40Z"
"journal_pumsb","Pumsb","UOB_POSTFILTER","9","49046","34","0","0.7","34333","0.3","0.1","1732","58012","117502","0","e3b0c44298fc1c149afbf4c8996fb92427ae41e4649b934ca495991b7852b855","780.383858","17630","21080","3484","0","15693","0","0","0","0","0","0","1468606","17","4g","2026-08-24T20:04:38Z"
"journal_pumsb","Pumsb","COUPM_KULC_ADAPTED","9","49046","34","0","0.7","34333","0.3","0.5","1834","53391","108471","2","8b614d53911b4ef41f0ce409125eaa655cd8111f69ad3d2ab0c3f3cab579e52d","1229.960091","17630","21080","3484","0","15693","0","0","0","0","0","0","0","17","4g","2026-08-24T20:06:26Z"
"journal_pumsb","Pumsb","CORHUOPM_BOND","9","49046","34","0","0.7","34333","0.3","0.5","1769","87131","174171","2","8b614d53911b4ef41f0ce409125eaa655cd8111f69ad3d2ab0c3f3cab579e52d","575.726959","17630","21080","3484","0","15693","0","0","0","0","0","0","0","17","4g","2026-08-24T20:09:20Z"
"journal_pumsb","Pumsb","CORHUOPM_AC","9","49046","34","0","0.7","34333","0.3","0.5","1823","57543","115472","2","8b614d53911b4ef41f0ce409125eaa655cd8111f69ad3d2ab0c3f3cab579e52d","652.392815","17630","21080","3484","0","15693","0","0","0","0","0","0","0","17","4g","2026-08-24T20:11:16Z"
"journal_pumsb","Pumsb","HUOPM","9","49046","34","0","0.7","34333","0.3","0.0","1864","54711","113664","2","8b614d53911b4ef41f0ce409125eaa655cd8111f69ad3d2ab0c3f3cab579e52d","850.840416","17630","21080","3484","0","15693","0","0","0","0","0","0","0","17","4g","2026-08-24T20:13:09Z"
"journal_pumsb","Pumsb","UOB_RECOMPUTE_DUO","9","49046","34","0","0.7","34333","0.3","0.1","1842","17455","36231","0","e3b0c44298fc1c149afbf4c8996fb92427ae41e4649b934ca495991b7852b855","1067.785141","2521","2879","392","1024","1291","0","10283","495257269","495257269","392","7796","0","10","4g","2026-08-24T20:13:46Z"
"journal_t10n_100k","T10I4N4KD100K","HUOPM","0","98307","1240","0","0.003","295","0.3","0.0","773","10387","19490","39","000730bcbd10c6ead03c91b56573d4b6676be73177757d0fd8b90c621e7303a9","326.125313","1251","767660","767649","0","28","0","0","0","0","0","0","0","4","4g","2026-08-24T20:37:00Z"
"journal_t10n_100k","T10I4N4KD100K","CORHUOPM_AC","0","98307","1240","0","0.003","295","0.3","0.3","797","10226","19504","35","69912d343dddd334ef7de47e4ad31c0f6f785b4aeeda99cee372ba094cb22760","325.536835","1251","767660","767649","7","25","0","0","0","0","0","0","0","4","4g","2026-08-24T20:37:20Z"
"journal_t10n_100k","T10I4N4KD100K","CORHUOPM_BOND","0","98307","1240","0","0.003","295","0.3","0.3","804","9468","18477","35","69912d343dddd334ef7de47e4ad31c0f6f785b4aeeda99cee372ba094cb22760","326.100227","1248","767657","767649","7","25","0","0","0","0","0","0","0","3","4g","2026-08-24T20:37:38Z"
"journal_t10n_100k","T10I4N4KD100K","COUPM_KULC_ADAPTED","0","98307","1240","0","0.003","295","0.3","0.3","806","10002","19153","39","000730bcbd10c6ead03c91b56573d4b6676be73177757d0fd8b90c621e7303a9","325.42646","1251","767660","767649","0","28","0","0","0","0","0","0","0","4","4g","2026-08-24T20:37:57Z"
"journal_t10n_100k","T10I4N4KD100K","UOB_POSTFILTER","0","98307","1240","0","0.003","295","0.3","0.1","824","10134","19592","36","fa135f14b7f35d2007bcf51444ff12b665d41878ed0670a1d09f8565fa571d32","325.442627","1251","767660","767649","0","28","0","0","0","0","0","0","31723","4","4g","2026-08-24T20:38:17Z"
"journal_t10n_100k","T10I4N4KD100K","UOB_FULL","0","98307","1240","0","0.003","295","0.3","0.1","786","9312","18308","36","fa135f14b7f35d2007bcf51444ff12b665d41878ed0670a1d09f8565fa571d32","325.514008","1242","767655","767649","4","25","4","6","4487","2762","767649","0","0","2","4g","2026-08-24T20:38:35Z"
"journal_t10n_100k","T10I4N4KD100K","UOB_NO_EDA","0","98307","1240","0","0.003","295","0.3","0.1","816","9278","18192","36","fa135f14b7f35d2007bcf51444ff12b665d41878ed0670a1d09f8565fa571d32","325.504471","1247","767656","767649","5","25","0","7","10611","10611","767649","0","0","3","4g","2026-08-24T20:38:53Z"
"journal_t10n_100k","T10I4N4KD100K","UOB_NO_UO_BOUND","0","98307","1240","0","0.003","295","0.3","0.1","810","9151","17978","36","fa135f14b7f35d2007bcf51444ff12b665d41878ed0670a1d09f8565fa571d32","327.09539","1242","768180","768174","4","0","4","6","4487","2762","768174","0","0","2","4g","2026-08-24T20:39:11Z"
"journal_t10n_100k","T10I4N4KD100K","UOB_EAGER_DUO","0","98307","1240","0","0.003","295","0.3","0.1","788","9639","19000","36","fa135f14b7f35d2007bcf51444ff12b665d41878ed0670a1d09f8565fa571d32","325.588211","1242","767655","80","767573","25","767573","767655","12160673","62662","0","0","0","2","4g","2026-08-24T20:39:30Z"
"journal_t10n_100k","T10I4N4KD100K","UOB_RECOMPUTE_DUO","0","98307","1240","0","0.003","295","0.3","0.1","791","9204","17980","36","fa135f14b7f35d2007bcf51444ff12b665d41878ed0670a1d09f8565fa571d32","325.421982","1247","767656","767649","5","25","0","15","22363","22363","767649","8","0","3","4g","2026-08-24T20:39:48Z"
"journal_t10n_100k","T10I4N4KD100K","HUOPM","1","98307","1240","0","0.003","295","0.3","0.0","744","10046","19237","39","000730bcbd10c6ead03c91b56573d4b6676be73177757d0fd8b90c621e7303a9","325.211189","1251","767660","767649","0","28","0","0","0","0","0","0","0","4","4g","2026-08-24T20:40:08Z"
"journal_t10n_100k","T10I4N4KD100K","UOB_RECOMPUTE_DUO","1","98307","1240","0","0.003","295","0.3","0.1","788","8124","16820","36","fa135f14b7f35d2007bcf51444ff12b665d41878ed0670a1d09f8565fa571d32","326.1483","1247","767656","767649","5","25","0","15","22363","22363","767649","8","0","3","4g","2026-08-24T20:40:25Z"
"journal_t10n_100k","T10I4N4KD100K","UOB_EAGER_DUO","1","98307","1240","0","0.003","295","0.3","0.1","767","9532","18755","36","fa135f14b7f35d2007bcf51444ff12b665d41878ed0670a1d09f8565fa571d32","325.317276","1242","767655","80","767573","25","767573","767655","12160673","62662","0","0","0","2","4g","2026-08-24T20:40:43Z"
"journal_t10n_100k","T10I4N4KD100K","UOB_NO_UO_BOUND","1","98307","1240","0","0.003","295","0.3","0.1","808","9159","17919","36","fa135f14b7f35d2007bcf51444ff12b665d41878ed0670a1d09f8565fa571d32","325.311172","1242","768180","768174","4","0","4","6","4487","2762","768174","0","0","2","4g","2026-08-24T20:41:01Z"
"journal_t10n_100k","T10I4N4KD100K","UOB_NO_EDA","1","98307","1240","0","0.003","295","0.3","0.1","799","9089","18128","36","fa135f14b7f35d2007bcf51444ff12b665d41878ed0670a1d09f8565fa571d32","327.152908","1247","767656","767649","5","25","0","7","10611","10611","767649","0","0","3","4g","2026-08-24T20:41:19Z"
"journal_t10n_100k","T10I4N4KD100K","UOB_FULL","1","98307","1240","0","0.003","295","0.3","0.1","786","9172","18132","36","fa135f14b7f35d2007bcf51444ff12b665d41878ed0670a1d09f8565fa571d32","325.264771","1242","767655","767649","4","25","4","6","4487","2762","767649","0","0","2","4g","2026-08-24T20:41:37Z"
"journal_t10n_100k","T10I4N4KD100K","UOB_POSTFILTER","1","98307","1240","0","0.003","295","0.3","0.1","781","10368","19746","36","fa135f14b7f35d2007bcf51444ff12b665d41878ed0670a1d09f8565fa571d32","326.152237","1251","767660","767649","0","28","0","0","0","0","0","0","31723","4","4g","2026-08-24T20:41:57Z"
"journal_t10n_100k","T10I4N4KD100K","COUPM_KULC_ADAPTED","1","98307","1240","0","0.003","295","0.3","0.3","794","10114","19317","39","000730bcbd10c6ead03c91b56573d4b6676be73177757d0fd8b90c621e7303a9","325.215103","1251","767660","767649","0","28","0","0","0","0","0","0","0","4","4g","2026-08-24T20:42:17Z"
"journal_t10n_100k","T10I4N4KD100K","CORHUOPM_BOND","1","98307","1240","0","0.003","295","0.3","0.3","854","9445","18709","35","69912d343dddd334ef7de47e4ad31c0f6f785b4aeeda99cee372ba094cb22760","325.180939","1248","767657","767649","7","25","0","0","0","0","0","0","0","3","4g","2026-08-24T20:42:35Z"
"journal_t10n_100k","T10I4N4KD100K","CORHUOPM_AC","1","98307","1240","0","0.003","295","0.3","0.3","773","9051","17727","35","69912d343dddd334ef7de47e4ad31c0f6f785b4aeeda99cee372ba094cb22760","327.1194","1251","767660","767649","7","25","0","0","0","0","0","0","0","4","4g","2026-08-24T20:42:53Z"
"journal_t10n_100k","T10I4N4KD100K","CORHUOPM_BOND","2","98307","1240","0","0.003","295","0.3","0.3","821","8835","17285","35","69912d343dddd334ef7de47e4ad31c0f6f785b4aeeda99cee372ba094cb22760","325.285423","1248","767657","767649","7","25","0","0","0","0","0","0","0","3","4g","2026-08-24T20:43:10Z"
"journal_t10n_100k","T10I4N4KD100K","COUPM_KULC_ADAPTED","2","98307","1240","0","0.003","295","0.3","0.3","758","9158","17863","39","000730bcbd10c6ead03c91b56573d4b6676be73177757d0fd8b90c621e7303a9","325.196877","1251","767660","767649","0","28","0","0","0","0","0","0","0","4","4g","2026-08-24T20:43:28Z"
"journal_t10n_100k","T10I4N4KD100K","UOB_POSTFILTER","2","98307","1240","0","0.003","295","0.3","0.1","774","8812","17365","36","fa135f14b7f35d2007bcf51444ff12b665d41878ed0670a1d09f8565fa571d32","326.126411","1251","767660","767649","0","28","0","0","0","0","0","0","31723","4","4g","2026-08-24T20:43:45Z"
"journal_t10n_100k","T10I4N4KD100K","UOB_FULL","2","98307","1240","0","0.003","295","0.3","0.1","821","8098","16460","36","fa135f14b7f35d2007bcf51444ff12b665d41878ed0670a1d09f8565fa571d32","325.301773","1242","767655","767649","4","25","4","6","4487","2762","767649","0","0","2","4g","2026-08-24T20:44:02Z"
"journal_t10n_100k","T10I4N4KD100K","UOB_NO_EDA","2","98307","1240","0","0.003","295","0.3","0.1","740","8364","16810","36","fa135f14b7f35d2007bcf51444ff12b665d41878ed0670a1d09f8565fa571d32","325.287689","1247","767656","767649","5","25","0","7","10611","10611","767649","0","0","3","4g","2026-08-24T20:44:19Z"
"journal_t10n_100k","T10I4N4KD100K","UOB_NO_UO_BOUND","2","98307","1240","0","0.003","295","0.3","0.1","771","8104","16272","36","fa135f14b7f35d2007bcf51444ff12b665d41878ed0670a1d09f8565fa571d32","325.231979","1242","768180","768174","4","0","4","6","4487","2762","768174","0","0","2","4g","2026-08-24T20:44:35Z"
"journal_t10n_100k","T10I4N4KD100K","UOB_EAGER_DUO","2","98307","1240","0","0.003","295","0.3","0.1","784","8286","16805","36","fa135f14b7f35d2007bcf51444ff12b665d41878ed0670a1d09f8565fa571d32","325.27578","1242","767655","80","767573","25","767573","767655","12160673","62662","0","0","0","2","4g","2026-08-24T20:44:52Z"
"journal_t10n_100k","T10I4N4KD100K","UOB_RECOMPUTE_DUO","2","98307","1240","0","0.003","295","0.3","0.1","784","8082","16330","36","fa135f14b7f35d2007bcf51444ff12b665d41878ed0670a1d09f8565fa571d32","326.164108","1247","767656","767649","5","25","0","15","22363","22363","767649","8","0","3","4g","2026-08-24T20:45:08Z"
"journal_t10n_100k","T10I4N4KD100K","HUOPM","2","98307","1240","0","0.003","295","0.3","0.0","770","8417","17067","39","000730bcbd10c6ead03c91b56573d4b6676be73177757d0fd8b90c621e7303a9","326.108711","1251","767660","767649","0","28","0","0","0","0","0","0","0","4","4g","2026-08-24T20:45:25Z"
"journal_t10n_100k","T10I4N4KD100K","CORHUOPM_AC","2","98307","1240","0","0.003","295","0.3","0.3","779","9098","18007","35","69912d343dddd334ef7de47e4ad31c0f6f785b4aeeda99cee372ba094cb22760","327.177025","1251","767660","767649","7","25","0","0","0","0","0","0","0","4","4g","2026-08-24T20:45:43Z"
"journal_t10n_100k","T10I4N4KD100K","CORHUOPM_BOND","3","98307","1240","0","0.003","295","0.3","0.3","772","8488","16630","35","69912d343dddd334ef7de47e4ad31c0f6f785b4aeeda99cee372ba094cb22760","325.24585","1248","767657","767649","7","25","0","0","0","0","0","0","0","3","4g","2026-08-24T20:46:00Z"
"journal_t10n_100k","T10I4N4KD100K","CORHUOPM_AC","3","98307","1240","0","0.003","295","0.3","0.3","767","9057","17712","35","69912d343dddd334ef7de47e4ad31c0f6f785b4aeeda99cee372ba094cb22760","326.110664","1251","767660","767649","7","25","0","0","0","0","0","0","0","4","4g","2026-08-24T20:46:18Z"
"journal_t10n_100k","T10I4N4KD100K","HUOPM","3","98307","1240","0","0.003","295","0.3","0.0","764","9391","18013","39","000730bcbd10c6ead03c91b56573d4b6676be73177757d0fd8b90c621e7303a9","327.098289","1251","767660","767649","0","28","0","0","0","0","0","0","0","4","4g","2026-08-24T20:46:36Z"
"journal_t10n_100k","T10I4N4KD100K","UOB_RECOMPUTE_DUO","3","98307","1240","0","0.003","295","0.3","0.1","818","7882","16003","36","fa135f14b7f35d2007bcf51444ff12b665d41878ed0670a1d09f8565fa571d32","325.20491","1247","767656","767649","5","25","0","15","22363","22363","767649","8","0","3","4g","2026-08-24T20:46:52Z"
"journal_t10n_100k","T10I4N4KD100K","UOB_EAGER_DUO","3","98307","1240","0","0.003","295","0.3","0.1","787","8645","17472","36","fa135f14b7f35d2007bcf51444ff12b665d41878ed0670a1d09f8565fa571d32","327.206764","1242","767655","80","767573","25","767573","767655","12160673","62662","0","0","0","2","4g","2026-08-24T20:47:09Z"
"journal_t10n_100k","T10I4N4KD100K","UOB_NO_UO_BOUND","3","98307","1240","0","0.003","295","0.3","0.1","771","8675","17006","36","fa135f14b7f35d2007bcf51444ff12b665d41878ed0670a1d09f8565fa571d32","325.290001","1242","768180","768174","4","0","4","6","4487","2762","768174","0","0","2","4g","2026-08-24T20:47:26Z"
"journal_t10n_100k","T10I4N4KD100K","UOB_NO_EDA","3","98307","1240","0","0.003","295","0.3","0.1","778","9135","18181","36","fa135f14b7f35d2007bcf51444ff12b665d41878ed0670a1d09f8565fa571d32","326.214005","1247","767656","767649","5","25","0","7","10611","10611","767649","0","0","3","4g","2026-08-24T20:47:44Z"
"journal_t10n_100k","T10I4N4KD100K","UOB_FULL","3","98307","1240","0","0.003","295","0.3","0.1","796","8145","16575","36","fa135f14b7f35d2007bcf51444ff12b665d41878ed0670a1d09f8565fa571d32","327.248795","1242","767655","767649","4","25","4","6","4487","2762","767649","0","0","2","4g","2026-08-24T20:48:01Z"
"journal_t10n_100k","T10I4N4KD100K","UOB_POSTFILTER","3","98307","1240","0","0.003","295","0.3","0.1","790","8780","17447","36","fa135f14b7f35d2007bcf51444ff12b665d41878ed0670a1d09f8565fa571d32","325.242134","1251","767660","767649","0","28","0","0","0","0","0","0","31723","4","4g","2026-08-24T20:48:18Z"
"journal_t10n_100k","T10I4N4KD100K","COUPM_KULC_ADAPTED","3","98307","1240","0","0.003","295","0.3","0.3","831","8819","17361","39","000730bcbd10c6ead03c91b56573d4b6676be73177757d0fd8b90c621e7303a9","326.244026","1251","767660","767649","0","28","0","0","0","0","0","0","0","4","4g","2026-08-24T20:48:36Z"
"journal_t10n_100k","T10I4N4KD100K","UOB_POSTFILTER","4","98307","1240","0","0.003","295","0.3","0.1","785","9164","17887","36","fa135f14b7f35d2007bcf51444ff12b665d41878ed0670a1d09f8565fa571d32","325.188469","1251","767660","767649","0","28","0","0","0","0","0","0","31723","4","4g","2026-08-24T20:48:54Z"
"journal_t10n_100k","T10I4N4KD100K","UOB_FULL","4","98307","1240","0","0.003","295","0.3","0.1","787","7911","16119","36","fa135f14b7f35d2007bcf51444ff12b665d41878ed0670a1d09f8565fa571d32","325.28006","1242","767655","767649","4","25","4","6","4487","2762","767649","0","0","2","4g","2026-08-24T20:49:10Z"
"journal_t10n_100k","T10I4N4KD100K","UOB_NO_EDA","4","98307","1240","0","0.003","295","0.3","0.1","778","9091","17676","36","fa135f14b7f35d2007bcf51444ff12b665d41878ed0670a1d09f8565fa571d32","326.244133","1247","767656","767649","5","25","0","7","10611","10611","767649","0","0","3","4g","2026-08-24T20:49:27Z"
"journal_t10n_100k","T10I4N4KD100K","UOB_NO_UO_BOUND","4","98307","1240","0","0.003","295","0.3","0.1","785","8295","16670","36","fa135f14b7f35d2007bcf51444ff12b665d41878ed0670a1d09f8565fa571d32","327.153252","1242","768180","768174","4","0","4","6","4487","2762","768174","0","0","2","4g","2026-08-24T20:49:44Z"
"journal_t10n_100k","T10I4N4KD100K","UOB_EAGER_DUO","4","98307","1240","0","0.003","295","0.3","0.1","777","7767","15997","36","fa135f14b7f35d2007bcf51444ff12b665d41878ed0670a1d09f8565fa571d32","325.3069","1242","767655","80","767573","25","767573","767655","12160673","62662","0","0","0","2","4g","2026-08-24T20:50:00Z"
"journal_t10n_100k","T10I4N4KD100K","UOB_RECOMPUTE_DUO","4","98307","1240","0","0.003","295","0.3","0.1","760","8403","16904","36","fa135f14b7f35d2007bcf51444ff12b665d41878ed0670a1d09f8565fa571d32","325.27536","1247","767656","767649","5","25","0","15","22363","22363","767649","8","0","3","4g","2026-08-24T20:50:17Z"
"journal_t10n_100k","T10I4N4KD100K","HUOPM","4","98307","1240","0","0.003","295","0.3","0.0","820","9358","17717","39","000730bcbd10c6ead03c91b56573d4b6676be73177757d0fd8b90c621e7303a9","325.250916","1251","767660","767649","0","28","0","0","0","0","0","0","0","4","4g","2026-08-24T20:50:35Z"
"journal_t10n_100k","T10I4N4KD100K","CORHUOPM_AC","4","98307","1240","0","0.003","295","0.3","0.3","800","9094","17684","35","69912d343dddd334ef7de47e4ad31c0f6f785b4aeeda99cee372ba094cb22760","327.090881","1251","767660","767649","7","25","0","0","0","0","0","0","0","4","4g","2026-08-24T20:50:52Z"
"journal_t10n_100k","T10I4N4KD100K","CORHUOPM_BOND","4","98307","1240","0","0.003","295","0.3","0.3","784","8421","16559","35","69912d343dddd334ef7de47e4ad31c0f6f785b4aeeda99cee372ba094cb22760","326.179031","1248","767657","767649","7","25","0","0","0","0","0","0","0","3","4g","2026-08-24T20:51:09Z"
"journal_t10n_100k","T10I4N4KD100K","COUPM_KULC_ADAPTED","4","98307","1240","0","0.003","295","0.3","0.3","801","9000","17485","39","000730bcbd10c6ead03c91b56573d4b6676be73177757d0fd8b90c621e7303a9","326.123863","1251","767660","767649","0","28","0","0","0","0","0","0","0","4","4g","2026-08-24T20:51:26Z"
"journal_t10n_100k","T10I4N4KD100K","UOB_POSTFILTER","5","98307","1240","0","0.003","295","0.3","0.1","823","8745","17325","36","fa135f14b7f35d2007bcf51444ff12b665d41878ed0670a1d09f8565fa571d32","325.261124","1251","767660","767649","0","28","0","0","0","0","0","0","31723","4","4g","2026-08-24T20:51:44Z"
"journal_t10n_100k","T10I4N4KD100K","COUPM_KULC_ADAPTED","5","98307","1240","0","0.003","295","0.3","0.3","778","8900","17540","39","000730bcbd10c6ead03c91b56573d4b6676be73177757d0fd8b90c621e7303a9","327.139542","1251","767660","767649","0","28","0","0","0","0","0","0","0","4","4g","2026-08-24T20:52:01Z"
"journal_t10n_100k","T10I4N4KD100K","CORHUOPM_BOND","5","98307","1240","0","0.003","295","0.3","0.3","808","8374","16567","35","69912d343dddd334ef7de47e4ad31c0f6f785b4aeeda99cee372ba094cb22760","325.178497","1248","767657","767649","7","25","0","0","0","0","0","0","0","3","4g","2026-08-24T20:52:18Z"
"journal_t10n_100k","T10I4N4KD100K","CORHUOPM_AC","5","98307","1240","0","0.003","295","0.3","0.3","759","10056","18665","35","69912d343dddd334ef7de47e4ad31c0f6f785b4aeeda99cee372ba094cb22760","327.167656","1251","767660","767649","7","25","0","0","0","0","0","0","0","4","4g","2026-08-24T20:52:36Z"
"journal_t10n_100k","T10I4N4KD100K","HUOPM","5","98307","1240","0","0.003","295","0.3","0.0","846","9332","18112","39","000730bcbd10c6ead03c91b56573d4b6676be73177757d0fd8b90c621e7303a9","325.194695","1251","767660","767649","0","28","0","0","0","0","0","0","0","4","4g","2026-08-24T20:52:55Z"
"journal_t10n_100k","T10I4N4KD100K","UOB_RECOMPUTE_DUO","5","98307","1240","0","0.003","295","0.3","0.1","793","8317","16699","36","fa135f14b7f35d2007bcf51444ff12b665d41878ed0670a1d09f8565fa571d32","325.35704","1247","767656","767649","5","25","0","15","22363","22363","767649","8","0","3","4g","2026-08-24T20:53:11Z"
"journal_t10n_100k","T10I4N4KD100K","UOB_EAGER_DUO","5","98307","1240","0","0.003","295","0.3","0.1","798","8652","17457","36","fa135f14b7f35d2007bcf51444ff12b665d41878ed0670a1d09f8565fa571d32","325.412338","1242","767655","80","767573","25","767573","767655","12160673","62662","0","0","0","2","4g","2026-08-24T20:53:29Z"
"journal_t10n_100k","T10I4N4KD100K","UOB_NO_UO_BOUND","5","98307","1240","0","0.003","295","0.3","0.1","778","7690","15347","36","fa135f14b7f35d2007bcf51444ff12b665d41878ed0670a1d09f8565fa571d32","325.30323","1242","768180","768174","4","0","4","6","4487","2762","768174","0","0","2","4g","2026-08-24T20:53:44Z"
"journal_t10n_100k","T10I4N4KD100K","UOB_NO_EDA","5","98307","1240","0","0.003","295","0.3","0.1","804","8580","17137","36","fa135f14b7f35d2007bcf51444ff12b665d41878ed0670a1d09f8565fa571d32","325.188065","1247","767656","767649","5","25","0","7","10611","10611","767649","0","0","3","4g","2026-08-24T20:54:01Z"
"journal_t10n_100k","T10I4N4KD100K","UOB_FULL","5","98307","1240","0","0.003","295","0.3","0.1","824","8522","17150","36","fa135f14b7f35d2007bcf51444ff12b665d41878ed0670a1d09f8565fa571d32","327.227676","1242","767655","767649","4","25","4","6","4487","2762","767649","0","0","2","4g","2026-08-24T20:54:18Z"
"journal_t10n_100k","T10I4N4KD100K","UOB_NO_EDA","6","98307","1240","0","0.003","295","0.3","0.1","798","8480","17145","36","fa135f14b7f35d2007bcf51444ff12b665d41878ed0670a1d09f8565fa571d32","326.197189","1247","767656","767649","5","25","0","7","10611","10611","767649","0","0","3","4g","2026-08-24T20:54:35Z"
"journal_t10n_100k","T10I4N4KD100K","UOB_NO_UO_BOUND","6","98307","1240","0","0.003","295","0.3","0.1","801","8423","16923","36","fa135f14b7f35d2007bcf51444ff12b665d41878ed0670a1d09f8565fa571d32","326.198219","1242","768180","768174","4","0","4","6","4487","2762","768174","0","0","2","4g","2026-08-24T20:54:52Z"
"journal_t10n_100k","T10I4N4KD100K","UOB_EAGER_DUO","6","98307","1240","0","0.003","295","0.3","0.1","797","8589","17538","36","fa135f14b7f35d2007bcf51444ff12b665d41878ed0670a1d09f8565fa571d32","325.28788","1242","767655","80","767573","25","767573","767655","12160673","62662","0","0","0","2","4g","2026-08-24T20:55:10Z"
"journal_t10n_100k","T10I4N4KD100K","UOB_RECOMPUTE_DUO","6","98307","1240","0","0.003","295","0.3","0.1","803","8024","16549","36","fa135f14b7f35d2007bcf51444ff12b665d41878ed0670a1d09f8565fa571d32","325.29184","1247","767656","767649","5","25","0","15","22363","22363","767649","8","0","3","4g","2026-08-24T20:55:26Z"
"journal_t10n_100k","T10I4N4KD100K","HUOPM","6","98307","1240","0","0.003","295","0.3","0.0","766","9284","17889","39","000730bcbd10c6ead03c91b56573d4b6676be73177757d0fd8b90c621e7303a9","326.192635","1251","767660","767649","0","28","0","0","0","0","0","0","0","4","4g","2026-08-24T20:55:44Z"
"journal_t10n_100k","T10I4N4KD100K","CORHUOPM_AC","6","98307","1240","0","0.003","295","0.3","0.3","790","9312","18204","35","69912d343dddd334ef7de47e4ad31c0f6f785b4aeeda99cee372ba094cb22760","326.213348","1251","767660","767649","7","25","0","0","0","0","0","0","0","4","4g","2026-08-24T20:56:03Z"
"journal_t10n_100k","T10I4N4KD100K","CORHUOPM_BOND","6","98307","1240","0","0.003","295","0.3","0.3","852","8880","17427","35","69912d343dddd334ef7de47e4ad31c0f6f785b4aeeda99cee372ba094cb22760","325.162766","1248","767657","767649","7","25","0","0","0","0","0","0","0","3","4g","2026-08-24T20:56:20Z"
"journal_t10n_100k","T10I4N4KD100K","COUPM_KULC_ADAPTED","6","98307","1240","0","0.003","295","0.3","0.3","772","9132","17891","39","000730bcbd10c6ead03c91b56573d4b6676be73177757d0fd8b90c621e7303a9","325.18187","1251","767660","767649","0","28","0","0","0","0","0","0","0","4","4g","2026-08-24T20:56:38Z"
"journal_t10n_100k","T10I4N4KD100K","UOB_POSTFILTER","6","98307","1240","0","0.003","295","0.3","0.1","830","9277","18229","36","fa135f14b7f35d2007bcf51444ff12b665d41878ed0670a1d09f8565fa571d32","326.088737","1251","767660","767649","0","28","0","0","0","0","0","0","31723","4","4g","2026-08-24T20:56:56Z"
"journal_t10n_100k","T10I4N4KD100K","UOB_FULL","6","98307","1240","0","0.003","295","0.3","0.1","775","8692","17250","36","fa135f14b7f35d2007bcf51444ff12b665d41878ed0670a1d09f8565fa571d32","325.229904","1242","767655","767649","4","25","4","6","4487","2762","767649","0","0","2","4g","2026-08-24T20:57:13Z"
"journal_t10n_100k","T10I4N4KD100K","UOB_NO_EDA","7","98307","1240","0","0.003","295","0.3","0.1","799","8207","16337","36","fa135f14b7f35d2007bcf51444ff12b665d41878ed0670a1d09f8565fa571d32","327.174492","1247","767656","767649","5","25","0","7","10611","10611","767649","0","0","3","4g","2026-08-24T20:57:30Z"
"journal_t10n_100k","T10I4N4KD100K","UOB_FULL","7","98307","1240","0","0.003","295","0.3","0.1","831","8542","17137","36","fa135f14b7f35d2007bcf51444ff12b665d41878ed0670a1d09f8565fa571d32","325.21727","1242","767655","767649","4","25","4","6","4487","2762","767649","0","0","2","4g","2026-08-24T20:57:47Z"
"journal_t10n_100k","T10I4N4KD100K","UOB_POSTFILTER","7","98307","1240","0","0.003","295","0.3","0.1","805","9147","17828","36","fa135f14b7f35d2007bcf51444ff12b665d41878ed0670a1d09f8565fa571d32","327.095047","1251","767660","767649","0","28","0","0","0","0","0","0","31723","4","4g","2026-08-24T20:58:05Z"
"journal_t10n_100k","T10I4N4KD100K","COUPM_KULC_ADAPTED","7","98307","1240","0","0.003","295","0.3","0.3","750","9359","17971","39","000730bcbd10c6ead03c91b56573d4b6676be73177757d0fd8b90c621e7303a9","325.352219","1251","767660","767649","0","28","0","0","0","0","0","0","0","4","4g","2026-08-24T20:58:23Z"
"journal_t10n_100k","T10I4N4KD100K","CORHUOPM_BOND","7","98307","1240","0","0.003","295","0.3","0.3","766","8919","17511","35","69912d343dddd334ef7de47e4ad31c0f6f785b4aeeda99cee372ba094cb22760","326.118103","1248","767657","767649","7","25","0","0","0","0","0","0","0","3","4g","2026-08-24T20:58:40Z"
"journal_t10n_100k","T10I4N4KD100K","CORHUOPM_AC","7","98307","1240","0","0.003","295","0.3","0.3","759","9295","18120","35","69912d343dddd334ef7de47e4ad31c0f6f785b4aeeda99cee372ba094cb22760","325.20253","1251","767660","767649","7","25","0","0","0","0","0","0","0","4","4g","2026-08-24T20:58:58Z"
"journal_t10n_100k","T10I4N4KD100K","HUOPM","7","98307","1240","0","0.003","295","0.3","0.0","773","9082","17627","39","000730bcbd10c6ead03c91b56573d4b6676be73177757d0fd8b90c621e7303a9","325.238853","1251","767660","767649","0","28","0","0","0","0","0","0","0","4","4g","2026-08-24T20:59:16Z"
"journal_t10n_100k","T10I4N4KD100K","UOB_RECOMPUTE_DUO","7","98307","1240","0","0.003","295","0.3","0.1","769","8315","15983","36","fa135f14b7f35d2007bcf51444ff12b665d41878ed0670a1d09f8565fa571d32","325.258064","1247","767656","767649","5","25","0","15","22363","22363","767649","8","0","3","4g","2026-08-24T20:59:32Z"
"journal_t10n_100k","T10I4N4KD100K","UOB_EAGER_DUO","7","98307","1240","0","0.003","295","0.3","0.1","781","8635","17700","36","fa135f14b7f35d2007bcf51444ff12b665d41878ed0670a1d09f8565fa571d32","325.235611","1242","767655","80","767573","25","767573","767655","12160673","62662","0","0","0","2","4g","2026-08-24T20:59:50Z"
"journal_t10n_100k","T10I4N4KD100K","UOB_NO_UO_BOUND","7","98307","1240","0","0.003","295","0.3","0.1","814","8385","16952","36","fa135f14b7f35d2007bcf51444ff12b665d41878ed0670a1d09f8565fa571d32","327.235992","1242","768180","768174","4","0","4","6","4487","2762","768174","0","0","2","4g","2026-08-24T21:00:07Z"
"journal_t10n_100k","T10I4N4KD100K","UOB_EAGER_DUO","8","98307","1240","0","0.003","295","0.3","0.1","772","9096","18208","36","fa135f14b7f35d2007bcf51444ff12b665d41878ed0670a1d09f8565fa571d32","325.209938","1242","767655","80","767573","25","767573","767655","12160673","62662","0","0","0","2","4g","2026-08-24T21:00:25Z"
"journal_t10n_100k","T10I4N4KD100K","UOB_RECOMPUTE_DUO","8","98307","1240","0","0.003","295","0.3","0.1","784","8009","16188","36","fa135f14b7f35d2007bcf51444ff12b665d41878ed0670a1d09f8565fa571d32","326.167023","1247","767656","767649","5","25","0","15","22363","22363","767649","8","0","3","4g","2026-08-24T21:00:41Z"
"journal_t10n_100k","T10I4N4KD100K","HUOPM","8","98307","1240","0","0.003","295","0.3","0.0","802","9180","17785","39","000730bcbd10c6ead03c91b56573d4b6676be73177757d0fd8b90c621e7303a9","326.109528","1251","767660","767649","0","28","0","0","0","0","0","0","0","4","4g","2026-08-24T21:00:59Z"
"journal_t10n_100k","T10I4N4KD100K","CORHUOPM_AC","8","98307","1240","0","0.003","295","0.3","0.3","785","9292","18067","35","69912d343dddd334ef7de47e4ad31c0f6f785b4aeeda99cee372ba094cb22760","327.088463","1251","767660","767649","7","25","0","0","0","0","0","0","0","4","4g","2026-08-24T21:01:17Z"
"journal_t10n_100k","T10I4N4KD100K","CORHUOPM_BOND","8","98307","1240","0","0.003","295","0.3","0.3","788","8771","17314","35","69912d343dddd334ef7de47e4ad31c0f6f785b4aeeda99cee372ba094cb22760","325.184601","1248","767657","767649","7","25","0","0","0","0","0","0","0","3","4g","2026-08-24T21:01:34Z"
"journal_t10n_100k","T10I4N4KD100K","COUPM_KULC_ADAPTED","8","98307","1240","0","0.003","295","0.3","0.3","822","9128","18047","39","000730bcbd10c6ead03c91b56573d4b6676be73177757d0fd8b90c621e7303a9","327.136917","1251","767660","767649","0","28","0","0","0","0","0","0","0","4","4g","2026-08-24T21:01:52Z"
"journal_t10n_100k","T10I4N4KD100K","UOB_POSTFILTER","8","98307","1240","0","0.003","295","0.3","0.1","797","8874","17205","36","fa135f14b7f35d2007bcf51444ff12b665d41878ed0670a1d09f8565fa571d32","325.216354","1251","767660","767649","0","28","0","0","0","0","0","0","31723","4","4g","2026-08-24T21:02:09Z"
"journal_t10n_100k","T10I4N4KD100K","UOB_FULL","8","98307","1240","0","0.003","295","0.3","0.1","812","8345","16852","36","fa135f14b7f35d2007bcf51444ff12b665d41878ed0670a1d09f8565fa571d32","325.313385","1242","767655","767649","4","25","4","6","4487","2762","767649","0","0","2","4g","2026-08-24T21:02:26Z"
"journal_t10n_100k","T10I4N4KD100K","UOB_NO_EDA","8","98307","1240","0","0.003","295","0.3","0.1","761","8684","17340","36","fa135f14b7f35d2007bcf51444ff12b665d41878ed0670a1d09f8565fa571d32","326.179291","1247","767656","767649","5","25","0","7","10611","10611","767649","0","0","3","4g","2026-08-24T21:02:44Z"
"journal_t10n_100k","T10I4N4KD100K","UOB_NO_UO_BOUND","8","98307","1240","0","0.003","295","0.3","0.1","777","8316","16815","36","fa135f14b7f35d2007bcf51444ff12b665d41878ed0670a1d09f8565fa571d32","327.166168","1242","768180","768174","4","0","4","6","4487","2762","768174","0","0","2","4g","2026-08-24T21:03:00Z"
"journal_t10n_100k","T10I4N4KD100K","UOB_EAGER_DUO","9","98307","1240","0","0.003","295","0.3","0.1","836","8550","17509","36","fa135f14b7f35d2007bcf51444ff12b665d41878ed0670a1d09f8565fa571d32","325.382607","1242","767655","80","767573","25","767573","767655","12160673","62662","0","0","0","2","4g","2026-08-24T21:03:18Z"
"journal_t10n_100k","T10I4N4KD100K","UOB_NO_UO_BOUND","9","98307","1240","0","0.003","295","0.3","0.1","767","8313","16616","36","fa135f14b7f35d2007bcf51444ff12b665d41878ed0670a1d09f8565fa571d32","325.330284","1242","768180","768174","4","0","4","6","4487","2762","768174","0","0","2","4g","2026-08-24T21:03:34Z"
"journal_t10n_100k","T10I4N4KD100K","UOB_NO_EDA","9","98307","1240","0","0.003","295","0.3","0.1","793","7990","16055","36","fa135f14b7f35d2007bcf51444ff12b665d41878ed0670a1d09f8565fa571d32","325.272682","1247","767656","767649","5","25","0","7","10611","10611","767649","0","0","3","4g","2026-08-24T21:03:51Z"
"journal_t10n_100k","T10I4N4KD100K","UOB_FULL","9","98307","1240","0","0.003","295","0.3","0.1","789","8430","16832","36","fa135f14b7f35d2007bcf51444ff12b665d41878ed0670a1d09f8565fa571d32","326.213135","1242","767655","767649","4","25","4","6","4487","2762","767649","0","0","2","4g","2026-08-24T21:04:07Z"
"journal_t10n_100k","T10I4N4KD100K","UOB_POSTFILTER","9","98307","1240","0","0.003","295","0.3","0.1","804","9367","18042","36","fa135f14b7f35d2007bcf51444ff12b665d41878ed0670a1d09f8565fa571d32","327.18924","1251","767660","767649","0","28","0","0","0","0","0","0","31723","4","4g","2026-08-24T21:04:25Z"
"journal_t10n_100k","T10I4N4KD100K","COUPM_KULC_ADAPTED","9","98307","1240","0","0.003","295","0.3","0.3","776","9221","17955","39","000730bcbd10c6ead03c91b56573d4b6676be73177757d0fd8b90c621e7303a9","326.145424","1251","767660","767649","0","28","0","0","0","0","0","0","0","4","4g","2026-08-24T21:04:43Z"
"journal_t10n_100k","T10I4N4KD100K","CORHUOPM_BOND","9","98307","1240","0","0.003","295","0.3","0.3","796","8624","17023","35","69912d343dddd334ef7de47e4ad31c0f6f785b4aeeda99cee372ba094cb22760","325.266815","1248","767657","767649","7","25","0","0","0","0","0","0","0","3","4g","2026-08-24T21:05:00Z"
"journal_t10n_100k","T10I4N4KD100K","CORHUOPM_AC","9","98307","1240","0","0.003","295","0.3","0.3","772","9008","17711","35","69912d343dddd334ef7de47e4ad31c0f6f785b4aeeda99cee372ba094cb22760","325.224236","1251","767660","767649","7","25","0","0","0","0","0","0","0","4","4g","2026-08-24T21:05:18Z"
"journal_t10n_100k","T10I4N4KD100K","HUOPM","9","98307","1240","0","0.003","295","0.3","0.0","820","9401","18291","39","000730bcbd10c6ead03c91b56573d4b6676be73177757d0fd8b90c621e7303a9","327.177719","1251","767660","767649","0","28","0","0","0","0","0","0","0","4","4g","2026-08-24T21:05:36Z"
"journal_t10n_100k","T10I4N4KD100K","UOB_RECOMPUTE_DUO","9","98307","1240","0","0.003","295","0.3","0.1","764","8262","16605","36","fa135f14b7f35d2007bcf51444ff12b665d41878ed0670a1d09f8565fa571d32","327.149879","1247","767656","767649","5","25","0","15","22363","22363","767649","8","0","3","4g","2026-08-24T21:05:53Z"
"journal_t10n_500k","T10I4N4KD500K","HUOPM","0","491615","1233","0","0.003","1475","0.3","0.0","4658","23109","61056","40","178383764abbd948d6e943a7b22609307d4ba2f72feb5489d0183366b8104a29","402.407509","1244","759059","759048","0","27","0","0","0","0","0","0","0","4","4g","2026-08-25T01:53:51Z"
"journal_t10n_500k","T10I4N4KD500K","CORHUOPM_AC","0","491615","1233","0","0.003","1475","0.3","0.3","2466","22890","49000","36","142a39ca500007fee15673b72d4957b6e6c32792ab136385f386624790d99308","402.32164","1244","759059","759048","7","24","0","0","0","0","0","0","0","4","4g","2026-08-25T01:54:40Z"
"journal_t10n_500k","T10I4N4KD500K","CORHUOPM_BOND","0","491615","1233","0","0.003","1475","0.3","0.3","2811","22703","48880","36","142a39ca500007fee15673b72d4957b6e6c32792ab136385f386624790d99308","402.348282","1242","759057","759048","7","24","0","0","0","0","0","0","0","3","4g","2026-08-25T01:55:29Z"
"journal_t10n_500k","T10I4N4KD500K","COUPM_KULC_ADAPTED","0","491615","1233","0","0.003","1475","0.3","0.3","2429","23052","49210","40","178383764abbd948d6e943a7b22609307d4ba2f72feb5489d0183366b8104a29","402.48201","1244","759059","759048","0","27","0","0","0","0","0","0","0","4","4g","2026-08-25T01:56:19Z"
"journal_t10n_500k","T10I4N4KD500K","UOB_POSTFILTER","0","491615","1233","0","0.003","1475","0.3","0.1","2395","22784","48613","37","8aa6ae5193bfe126db1fbcbd603d4af947beb712313ccd92b1d99bdb1e6bebdd","402.699951","1244","759059","759048","0","27","0","0","0","0","0","0","160131","4","4g","2026-08-25T01:57:07Z"
"journal_t10n_500k","T10I4N4KD500K","UOB_FULL","0","491615","1233","0","0.003","1475","0.3","0.1","2450","40217","81010","37","8aa6ae5193bfe126db1fbcbd603d4af947beb712313ccd92b1d99bdb1e6bebdd","402.19207","1235","759054","759048","4","24","4","6","22723","13784","759048","0","0","2","4g","2026-08-25T01:58:28Z"
"journal_t10n_500k","T10I4N4KD500K","UOB_NO_EDA","0","491615","1233","0","0.003","1475","0.3","0.1","2499","23322","50266","37","8aa6ae5193bfe126db1fbcbd603d4af947beb712313ccd92b1d99bdb1e6bebdd","402.594437","1240","759055","759048","5","24","0","7","52789","52789","759048","0","0","3","4g","2026-08-25T01:59:18Z"
"journal_t10n_500k","T10I4N4KD500K","UOB_NO_UO_BOUND","0","491615","1233","0","0.003","1475","0.3","0.1","2501","23883","58418","37","8aa6ae5193bfe126db1fbcbd603d4af947beb712313ccd92b1d99bdb1e6bebdd","402.54673","1235","759528","759522","4","0","4","6","22723","13784","759522","0","0","2","4g","2026-08-25T02:00:17Z"
"journal_t10n_500k","T10I4N4KD500K","UOB_EAGER_DUO","0","491615","1233","0","0.003","1475","0.3","0.1","2465","22467","47971","37","8aa6ae5193bfe126db1fbcbd603d4af947beb712313ccd92b1d99bdb1e6bebdd","404.010605","1235","759054","77","758975","24","758975","759054","57264100","306256","0","0","0","2","4g","2026-08-25T02:01:05Z"
"journal_t10n_500k","T10I4N4KD500K","UOB_RECOMPUTE_DUO","0","491615","1233","0","0.003","1475","0.3","0.1","2451","23134","49746","37","8aa6ae5193bfe126db1fbcbd603d4af947beb712313ccd92b1d99bdb1e6bebdd","403.214684","1240","759055","759048","5","24","0","15","111196","111196","759048","8","0","3","4g","2026-08-25T02:01:55Z"
"journal_t10n_500k","T10I4N4KD500K","HUOPM","1","491615","1233","0","0.003","1475","0.3","0.0","2381","22304","47141","40","178383764abbd948d6e943a7b22609307d4ba2f72feb5489d0183366b8104a29","402.367065","1244","759059","759048","0","27","0","0","0","0","0","0","0","4","4g","2026-08-25T02:02:42Z"
"journal_t10n_500k","T10I4N4KD500K","UOB_RECOMPUTE_DUO","1","491615","1233","0","0.003","1475","0.3","0.1","2410","22032","46843","37","8aa6ae5193bfe126db1fbcbd603d4af947beb712313ccd92b1d99bdb1e6bebdd","402.32666","1240","759055","759048","5","24","0","15","111196","111196","759048","8","0","3","4g","2026-08-25T02:03:29Z"
"journal_t10n_500k","T10I4N4KD500K","UOB_EAGER_DUO","1","491615","1233","0","0.003","1475","0.3","0.1","2383","44645","83943","37","8aa6ae5193bfe126db1fbcbd603d4af947beb712313ccd92b1d99bdb1e6bebdd","402.707138","1235","759054","77","758975","24","758975","759054","57264100","306256","0","0","0","2","4g","2026-08-25T02:04:53Z"
"journal_t10n_500k","T10I4N4KD500K","UOB_NO_UO_BOUND","1","491615","1233","0","0.003","1475","0.3","0.1","4638","22506","69160","37","8aa6ae5193bfe126db1fbcbd603d4af947beb712313ccd92b1d99bdb1e6bebdd","403.993217","1235","759528","759522","4","0","4","6","22723","13784","759522","0","0","2","4g","2026-08-25T02:06:02Z"
"journal_t10n_500k","T10I4N4KD500K","UOB_NO_EDA","1","491615","1233","0","0.003","1475","0.3","0.1","2459","21730","46335","37","8aa6ae5193bfe126db1fbcbd603d4af947beb712313ccd92b1d99bdb1e6bebdd","402.221626","1240","759055","759048","5","24","0","7","52789","52789","759048","0","0","3","4g","2026-08-25T02:06:48Z"
"journal_t10n_500k","T10I4N4KD500K","UOB_FULL","1","491615","1233","0","0.003","1475","0.3","0.1","2549","23852","50576","37","8aa6ae5193bfe126db1fbcbd603d4af947beb712313ccd92b1d99bdb1e6bebdd","402.360214","1235","759054","759048","4","24","4","6","22723","13784","759048","0","0","2","4g","2026-08-25T02:07:39Z"
"journal_t10n_500k","T10I4N4KD500K","UOB_POSTFILTER","1","491615","1233","0","0.003","1475","0.3","0.1","2477","22213","48183","37","8aa6ae5193bfe126db1fbcbd603d4af947beb712313ccd92b1d99bdb1e6bebdd","403.945641","1244","759059","759048","0","27","0","0","0","0","0","0","160131","4","4g","2026-08-25T02:08:27Z"
"journal_t10n_500k","T10I4N4KD500K","COUPM_KULC_ADAPTED","1","491615","1233","0","0.003","1475","0.3","0.3","2393","22708","47589","40","178383764abbd948d6e943a7b22609307d4ba2f72feb5489d0183366b8104a29","404.049767","1244","759059","759048","0","27","0","0","0","0","0","0","0","4","4g","2026-08-25T02:09:14Z"
"journal_t10n_500k","T10I4N4KD500K","CORHUOPM_BOND","1","491615","1233","0","0.003","1475","0.3","0.3","2409","40856","67137","36","142a39ca500007fee15673b72d4957b6e6c32792ab136385f386624790d99308","404.115471","1242","759057","759048","7","24","0","0","0","0","0","0","0","3","4g","2026-08-25T02:10:22Z"
"journal_t10n_500k","T10I4N4KD500K","CORHUOPM_AC","1","491615","1233","0","0.003","1475","0.3","0.3","4624","43207","90534","36","142a39ca500007fee15673b72d4957b6e6c32792ab136385f386624790d99308","403.791977","1244","759059","759048","7","24","0","0","0","0","0","0","0","4","4g","2026-08-25T02:11:52Z"
"journal_t10n_500k","T10I4N4KD500K","CORHUOPM_BOND","2","491615","1233","0","0.003","1475","0.3","0.3","4607","43898","95494","36","142a39ca500007fee15673b72d4957b6e6c32792ab136385f386624790d99308","404.208397","1242","759057","759048","7","24","0","0","0","0","0","0","0","3","4g","2026-08-25T02:13:28Z"
"journal_t10n_500k","T10I4N4KD500K","COUPM_KULC_ADAPTED","2","491615","1233","0","0.003","1475","0.3","0.3","4600","42287","87540","40","178383764abbd948d6e943a7b22609307d4ba2f72feb5489d0183366b8104a29","404.168564","1244","759059","759048","0","27","0","0","0","0","0","0","0","4","4g","2026-08-25T02:14:55Z"
"journal_t10n_500k","T10I4N4KD500K","UOB_POSTFILTER","2","491615","1233","0","0.003","1475","0.3","0.1","2391","49181","98175","37","8aa6ae5193bfe126db1fbcbd603d4af947beb712313ccd92b1d99bdb1e6bebdd","402.118813","1244","759059","759048","0","27","0","0","0","0","0","0","160131","4","4g","2026-08-25T02:16:33Z"
"journal_t10n_500k","T10I4N4KD500K","UOB_FULL","2","491615","1233","0","0.003","1475","0.3","0.1","2518","58932","119666","37","8aa6ae5193bfe126db1fbcbd603d4af947beb712313ccd92b1d99bdb1e6bebdd","403.814247","1235","759054","759048","4","24","4","6","22723","13784","759048","0","0","2","4g","2026-08-25T02:18:33Z"
"journal_t10n_500k","T10I4N4KD500K","UOB_NO_EDA","2","491615","1233","0","0.003","1475","0.3","0.1","2561","21985","55908","37","8aa6ae5193bfe126db1fbcbd603d4af947beb712313ccd92b1d99bdb1e6bebdd","403.842148","1240","759055","759048","5","24","0","7","52789","52789","759048","0","0","3","4g","2026-08-25T02:19:29Z"
"journal_t10n_500k","T10I4N4KD500K","UOB_NO_UO_BOUND","2","491615","1233","0","0.003","1475","0.3","0.1","2408","21326","45680","37","8aa6ae5193bfe126db1fbcbd603d4af947beb712313ccd92b1d99bdb1e6bebdd","402.024673","1235","759528","759522","4","0","4","6","22723","13784","759522","0","0","2","4g","2026-08-25T02:20:15Z"
"journal_t10n_500k","T10I4N4KD500K","UOB_EAGER_DUO","2","491615","1233","0","0.003","1475","0.3","0.1","2430","22284","47377","37","8aa6ae5193bfe126db1fbcbd603d4af947beb712313ccd92b1d99bdb1e6bebdd","402.240463","1235","759054","77","758975","24","758975","759054","57264100","306256","0","0","0","2","4g","2026-08-25T02:21:02Z"
"journal_t10n_500k","T10I4N4KD500K","UOB_RECOMPUTE_DUO","2","491615","1233","0","0.003","1475","0.3","0.1","2435","22939","49728","37","8aa6ae5193bfe126db1fbcbd603d4af947beb712313ccd92b1d99bdb1e6bebdd","402.26252","1240","759055","759048","5","24","0","15","111196","111196","759048","8","0","3","4g","2026-08-25T02:21:52Z"
"journal_t10n_500k","T10I4N4KD500K","HUOPM","2","491615","1233","0","0.003","1475","0.3","0.0","2453","22902","49029","40","178383764abbd948d6e943a7b22609307d4ba2f72feb5489d0183366b8104a29","403.232658","1244","759059","759048","0","27","0","0","0","0","0","0","0","4","4g","2026-08-25T02:22:41Z"
"journal_t10n_500k","T10I4N4KD500K","CORHUOPM_AC","2","491615","1233","0","0.003","1475","0.3","0.3","2400","22794","48949","36","142a39ca500007fee15673b72d4957b6e6c32792ab136385f386624790d99308","402.083855","1244","759059","759048","7","24","0","0","0","0","0","0","0","4","4g","2026-08-25T02:23:30Z"
"journal_t10n_500k","T10I4N4KD500K","CORHUOPM_BOND","3","491615","1233","0","0.003","1475","0.3","0.3","2474","22590","47630","36","142a39ca500007fee15673b72d4957b6e6c32792ab136385f386624790d99308","404.045006","1242","759057","759048","7","24","0","0","0","0","0","0","0","3","4g","2026-08-25T02:24:17Z"
"journal_t10n_500k","T10I4N4KD500K","CORHUOPM_AC","3","491615","1233","0","0.003","1475","0.3","0.3","2475","40397","68948","36","142a39ca500007fee15673b72d4957b6e6c32792ab136385f386624790d99308","404.013222","1244","759059","759048","7","24","0","0","0","0","0","0","0","4","4g","2026-08-25T02:25:26Z"
"journal_t10n_500k","T10I4N4KD500K","HUOPM","3","491615","1233","0","0.003","1475","0.3","0.0","4673","53665","98658","40","178383764abbd948d6e943a7b22609307d4ba2f72feb5489d0183366b8104a29","402.163879","1244","759059","759048","0","27","0","0","0","0","0","0","0","4","4g","2026-08-25T02:27:05Z"
"journal_t10n_500k","T10I4N4KD500K","UOB_RECOMPUTE_DUO","3","491615","1233","0","0.003","1475","0.3","0.1","2501","59235","122575","37","8aa6ae5193bfe126db1fbcbd603d4af947beb712313ccd92b1d99bdb1e6bebdd","402.356728","1240","759055","759048","5","24","0","15","111196","111196","759048","8","0","3","4g","2026-08-25T02:29:07Z"
"journal_t10n_500k","T10I4N4KD500K","UOB_EAGER_DUO","3","491615","1233","0","0.003","1475","0.3","0.1","2519","26172","55000","37","8aa6ae5193bfe126db1fbcbd603d4af947beb712313ccd92b1d99bdb1e6bebdd","402.271042","1235","759054","77","758975","24","758975","759054","57264100","306256","0","0","0","2","4g","2026-08-25T02:30:02Z"
"journal_t10n_500k","T10I4N4KD500K","UOB_NO_UO_BOUND","3","491615","1233","0","0.003","1475","0.3","0.1","2567","23626","51813","37","8aa6ae5193bfe126db1fbcbd603d4af947beb712313ccd92b1d99bdb1e6bebdd","403.813118","1235","759528","759522","4","0","4","6","22723","13784","759522","0","0","2","4g","2026-08-25T02:30:54Z"
"journal_t10n_500k","T10I4N4KD500K","UOB_NO_EDA","3","491615","1233","0","0.003","1475","0.3","0.1","2428","23877","50559","37","8aa6ae5193bfe126db1fbcbd603d4af947beb712313ccd92b1d99bdb1e6bebdd","402.276237","1240","759055","759048","5","24","0","7","52789","52789","759048","0","0","3","4g","2026-08-25T02:31:45Z"
"journal_t10n_500k","T10I4N4KD500K","UOB_FULL","3","491615","1233","0","0.003","1475","0.3","0.1","2439","21568","46396","37","8aa6ae5193bfe126db1fbcbd603d4af947beb712313ccd92b1d99bdb1e6bebdd","404.332069","1235","759054","759048","4","24","4","6","22723","13784","759048","0","0","2","4g","2026-08-25T02:32:31Z"
"journal_t10n_500k","T10I4N4KD500K","UOB_POSTFILTER","3","491615","1233","0","0.003","1475","0.3","0.1","2508","22557","49092","37","8aa6ae5193bfe126db1fbcbd603d4af947beb712313ccd92b1d99bdb1e6bebdd","402.054291","1244","759059","759048","0","27","0","0","0","0","0","0","160131","4","4g","2026-08-25T02:33:20Z"
"journal_t10n_500k","T10I4N4KD500K","COUPM_KULC_ADAPTED","3","491615","1233","0","0.003","1475","0.3","0.3","2434","22014","46678","40","178383764abbd948d6e943a7b22609307d4ba2f72feb5489d0183366b8104a29","401.928841","1244","759059","759048","0","27","0","0","0","0","0","0","0","4","4g","2026-08-25T02:34:07Z"
"journal_t10n_500k","T10I4N4KD500K","UOB_POSTFILTER","4","491615","1233","0","0.003","1475","0.3","0.1","2404","23395","48075","37","8aa6ae5193bfe126db1fbcbd603d4af947beb712313ccd92b1d99bdb1e6bebdd","402.235451","1244","759059","759048","0","27","0","0","0","0","0","0","160131","4","4g","2026-08-25T02:34:55Z"
"journal_t10n_500k","T10I4N4KD500K","UOB_FULL","4","491615","1233","0","0.003","1475","0.3","0.1","2553","25958","55015","37","8aa6ae5193bfe126db1fbcbd603d4af947beb712313ccd92b1d99bdb1e6bebdd","402.353462","1235","759054","759048","4","24","4","6","22723","13784","759048","0","0","2","4g","2026-08-25T02:35:50Z"
"journal_t10n_500k","T10I4N4KD500K","UOB_NO_EDA","4","491615","1233","0","0.003","1475","0.3","0.1","2656","24629","52594","37","8aa6ae5193bfe126db1fbcbd603d4af947beb712313ccd92b1d99bdb1e6bebdd","402.442642","1240","759055","759048","5","24","0","7","52789","52789","759048","0","0","3","4g","2026-08-25T02:36:43Z"
"journal_t10n_500k","T10I4N4KD500K","UOB_NO_UO_BOUND","4","491615","1233","0","0.003","1475","0.3","0.1","2543","25132","53046","37","8aa6ae5193bfe126db1fbcbd603d4af947beb712313ccd92b1d99bdb1e6bebdd","402.210579","1235","759528","759522","4","0","4","6","22723","13784","759522","0","0","2","4g","2026-08-25T02:37:36Z"
"journal_t10n_500k","T10I4N4KD500K","UOB_EAGER_DUO","4","491615","1233","0","0.003","1475","0.3","0.1","2537","25986","55087","37","8aa6ae5193bfe126db1fbcbd603d4af947beb712313ccd92b1d99bdb1e6bebdd","464.365723","1235","759054","77","758975","24","758975","759054","57264100","306256","0","0","0","2","4g","2026-08-25T02:38:31Z"
"journal_t10n_500k","T10I4N4KD500K","UOB_RECOMPUTE_DUO","4","491615","1233","0","0.003","1475","0.3","0.1","2773","41262","78735","37","8aa6ae5193bfe126db1fbcbd603d4af947beb712313ccd92b1d99bdb1e6bebdd","402.841949","1240","759055","759048","5","24","0","15","111196","111196","759048","8","0","3","4g","2026-08-25T02:39:50Z"
"journal_t10n_500k","T10I4N4KD500K","HUOPM","4","491615","1233","0","0.003","1475","0.3","0.0","2476","22604","47953","40","178383764abbd948d6e943a7b22609307d4ba2f72feb5489d0183366b8104a29","402.426338","1244","759059","759048","0","27","0","0","0","0","0","0","0","4","4g","2026-08-25T02:40:37Z"
"journal_t10n_500k","T10I4N4KD500K","CORHUOPM_AC","4","491615","1233","0","0.003","1475","0.3","0.3","2364","22299","47667","36","142a39ca500007fee15673b72d4957b6e6c32792ab136385f386624790d99308","402.147667","1244","759059","759048","7","24","0","0","0","0","0","0","0","4","4g","2026-08-25T02:41:25Z"
"journal_t10n_500k","T10I4N4KD500K","CORHUOPM_BOND","4","491615","1233","0","0.003","1475","0.3","0.3","2414","22023","47679","36","142a39ca500007fee15673b72d4957b6e6c32792ab136385f386624790d99308","402.321648","1242","759057","759048","7","24","0","0","0","0","0","0","0","3","4g","2026-08-25T02:42:13Z"
"journal_t10n_500k","T10I4N4KD500K","COUPM_KULC_ADAPTED","4","491615","1233","0","0.003","1475","0.3","0.3","2388","22672","48689","40","178383764abbd948d6e943a7b22609307d4ba2f72feb5489d0183366b8104a29","403.007553","1244","759059","759048","0","27","0","0","0","0","0","0","0","4","4g","2026-08-25T02:43:01Z"
"journal_t10n_500k","T10I4N4KD500K","UOB_POSTFILTER","5","491615","1233","0","0.003","1475","0.3","0.1","2613","40197","94639","37","8aa6ae5193bfe126db1fbcbd603d4af947beb712313ccd92b1d99bdb1e6bebdd","402.087738","1244","759059","759048","0","27","0","0","0","0","0","0","160131","4","4g","2026-08-25T02:44:36Z"
"journal_t10n_500k","T10I4N4KD500K","COUPM_KULC_ADAPTED","5","491615","1233","0","0.003","1475","0.3","0.3","2425","22753","55261","40","178383764abbd948d6e943a7b22609307d4ba2f72feb5489d0183366b8104a29","402.283928","1244","759059","759048","0","27","0","0","0","0","0","0","0","4","4g","2026-08-25T02:45:31Z"
"journal_t10n_500k","T10I4N4KD500K","CORHUOPM_BOND","5","491615","1233","0","0.003","1475","0.3","0.3","2430","22535","48663","36","142a39ca500007fee15673b72d4957b6e6c32792ab136385f386624790d99308","402.01178","1242","759057","759048","7","24","0","0","0","0","0","0","0","3","4g","2026-08-25T02:46:20Z"
"journal_t10n_500k","T10I4N4KD500K","CORHUOPM_AC","5","491615","1233","0","0.003","1475","0.3","0.3","2408","22598","47461","36","142a39ca500007fee15673b72d4957b6e6c32792ab136385f386624790d99308","402.129066","1244","759059","759048","7","24","0","0","0","0","0","0","0","4","4g","2026-08-25T02:47:08Z"
"journal_t10n_500k","T10I4N4KD500K","HUOPM","5","491615","1233","0","0.003","1475","0.3","0.0","2427","22928","47866","40","178383764abbd948d6e943a7b22609307d4ba2f72feb5489d0183366b8104a29","403.043419","1244","759059","759048","0","27","0","0","0","0","0","0","0","4","4g","2026-08-25T02:47:55Z"
"journal_t10n_500k","T10I4N4KD500K","UOB_RECOMPUTE_DUO","5","491615","1233","0","0.003","1475","0.3","0.1","2509","22600","47248","37","8aa6ae5193bfe126db1fbcbd603d4af947beb712313ccd92b1d99bdb1e6bebdd","402.179642","1240","759055","759048","5","24","0","15","111196","111196","759048","8","0","3","4g","2026-08-25T02:48:43Z"
"journal_t10n_500k","T10I4N4KD500K","UOB_EAGER_DUO","5","491615","1233","0","0.003","1475","0.3","0.1","2446","44530","78257","37","8aa6ae5193bfe126db1fbcbd603d4af947beb712313ccd92b1d99bdb1e6bebdd","402.051224","1235","759054","77","758975","24","758975","759054","57264100","306256","0","0","0","2","4g","2026-08-25T02:50:01Z"
"journal_t10n_500k","T10I4N4KD500K","UOB_NO_UO_BOUND","5","491615","1233","0","0.003","1475","0.3","0.1","4718","24326","73891","37","8aa6ae5193bfe126db1fbcbd603d4af947beb712313ccd92b1d99bdb1e6bebdd","402.41864","1235","759528","759522","4","0","4","6","22723","13784","759522","0","0","2","4g","2026-08-25T02:51:15Z"
"journal_t10n_500k","T10I4N4KD500K","UOB_NO_EDA","5","491615","1233","0","0.003","1475","0.3","0.1","2437","23149","49920","37","8aa6ae5193bfe126db1fbcbd603d4af947beb712313ccd92b1d99bdb1e6bebdd","402.011307","1240","759055","759048","5","24","0","7","52789","52789","759048","0","0","3","4g","2026-08-25T02:52:05Z"
"journal_t10n_500k","T10I4N4KD500K","UOB_FULL","5","491615","1233","0","0.003","1475","0.3","0.1","2417","23536","50194","37","8aa6ae5193bfe126db1fbcbd603d4af947beb712313ccd92b1d99bdb1e6bebdd","403.056961","1235","759054","759048","4","24","4","6","22723","13784","759048","0","0","2","4g","2026-08-25T02:52:55Z"
"journal_t10n_500k","T10I4N4KD500K","UOB_NO_EDA","6","491615","1233","0","0.003","1475","0.3","0.1","2548","22028","46758","37","8aa6ae5193bfe126db1fbcbd603d4af947beb712313ccd92b1d99bdb1e6bebdd","402.322792","1240","759055","759048","5","24","0","7","52789","52789","759048","0","0","3","4g","2026-08-25T02:53:42Z"
"journal_t10n_500k","T10I4N4KD500K","UOB_NO_UO_BOUND","6","491615","1233","0","0.003","1475","0.3","0.1","2443","21965","46998","37","8aa6ae5193bfe126db1fbcbd603d4af947beb712313ccd92b1d99bdb1e6bebdd","402.294304","1235","759528","759522","4","0","4","6","22723","13784","759522","0","0","2","4g","2026-08-25T02:54:29Z"
"journal_t10n_500k","T10I4N4KD500K","UOB_EAGER_DUO","6","491615","1233","0","0.003","1475","0.3","0.1","2431","44401","71452","37","8aa6ae5193bfe126db1fbcbd603d4af947beb712313ccd92b1d99bdb1e6bebdd","402.32914","1235","759054","77","758975","24","758975","759054","57264100","306256","0","0","0","2","4g","2026-08-25T02:55:40Z"
"journal_t10n_500k","T10I4N4KD500K","UOB_RECOMPUTE_DUO","6","491615","1233","0","0.003","1475","0.3","0.1","4483","43462","92577","37","8aa6ae5193bfe126db1fbcbd603d4af947beb712313ccd92b1d99bdb1e6bebdd","403.22287","1240","759055","759048","5","24","0","15","111196","111196","759048","8","0","3","4g","2026-08-25T02:57:13Z"
"journal_t10n_500k","T10I4N4KD500K","HUOPM","6","491615","1233","0","0.003","1475","0.3","0.0","4772","43865","93143","40","178383764abbd948d6e943a7b22609307d4ba2f72feb5489d0183366b8104a29","404.069702","1244","759059","759048","0","27","0","0","0","0","0","0","0","4","4g","2026-08-25T02:58:46Z"
"journal_t10n_500k","T10I4N4KD500K","CORHUOPM_AC","6","491615","1233","0","0.003","1475","0.3","0.3","4653","42126","89240","36","142a39ca500007fee15673b72d4957b6e6c32792ab136385f386624790d99308","402.118027","1244","759059","759048","7","24","0","0","0","0","0","0","0","4","4g","2026-08-25T03:00:15Z"
"journal_t10n_500k","T10I4N4KD500K","CORHUOPM_BOND","6","491615","1233","0","0.003","1475","0.3","0.3","4663","42914","92796","36","142a39ca500007fee15673b72d4957b6e6c32792ab136385f386624790d99308","404.175659","1242","759057","759048","7","24","0","0","0","0","0","0","0","3","4g","2026-08-25T03:01:48Z"
"journal_t10n_500k","T10I4N4KD500K","COUPM_KULC_ADAPTED","6","491615","1233","0","0.003","1475","0.3","0.3","4758","33072","80680","40","178383764abbd948d6e943a7b22609307d4ba2f72feb5489d0183366b8104a29","402.969772","1244","759059","759048","0","27","0","0","0","0","0","0","0","4","4g","2026-08-25T03:03:09Z"
"journal_t10n_500k","T10I4N4KD500K","UOB_POSTFILTER","6","491615","1233","0","0.003","1475","0.3","0.1","2529","22961","49335","37","8aa6ae5193bfe126db1fbcbd603d4af947beb712313ccd92b1d99bdb1e6bebdd","402.047974","1244","759059","759048","0","27","0","0","0","0","0","0","160131","4","4g","2026-08-25T03:03:58Z"
"journal_t10n_500k","T10I4N4KD500K","UOB_FULL","6","491615","1233","0","0.003","1475","0.3","0.1","2395","21635","45946","37","8aa6ae5193bfe126db1fbcbd603d4af947beb712313ccd92b1d99bdb1e6bebdd","402.321297","1235","759054","759048","4","24","4","6","22723","13784","759048","0","0","2","4g","2026-08-25T03:04:44Z"
"journal_t10n_500k","T10I4N4KD500K","UOB_NO_EDA","7","491615","1233","0","0.003","1475","0.3","0.1","2401","22953","49182","37","8aa6ae5193bfe126db1fbcbd603d4af947beb712313ccd92b1d99bdb1e6bebdd","402.205139","1240","759055","759048","5","24","0","7","52789","52789","759048","0","0","3","4g","2026-08-25T03:05:33Z"
"journal_t10n_500k","T10I4N4KD500K","UOB_FULL","7","491615","1233","0","0.003","1475","0.3","0.1","2411","23757","50266","37","8aa6ae5193bfe126db1fbcbd603d4af947beb712313ccd92b1d99bdb1e6bebdd","402.179031","1235","759054","759048","4","24","4","6","22723","13784","759048","0","0","2","4g","2026-08-25T03:06:23Z"
"journal_t10n_500k","T10I4N4KD500K","UOB_POSTFILTER","7","491615","1233","0","0.003","1475","0.3","0.1","2401","34742","60828","37","8aa6ae5193bfe126db1fbcbd603d4af947beb712313ccd92b1d99bdb1e6bebdd","402.085785","1244","759059","759048","0","27","0","0","0","0","0","0","160131","4","4g","2026-08-25T03:07:24Z"
"journal_t10n_500k","T10I4N4KD500K","COUPM_KULC_ADAPTED","7","491615","1233","0","0.003","1475","0.3","0.3","4781","43427","93172","40","178383764abbd948d6e943a7b22609307d4ba2f72feb5489d0183366b8104a29","402.203423","1244","759059","759048","0","27","0","0","0","0","0","0","0","4","4g","2026-08-25T03:08:57Z"
"journal_t10n_500k","T10I4N4KD500K","CORHUOPM_BOND","7","491615","1233","0","0.003","1475","0.3","0.3","4526","42184","89502","36","142a39ca500007fee15673b72d4957b6e6c32792ab136385f386624790d99308","404.197556","1242","759057","759048","7","24","0","0","0","0","0","0","0","3","4g","2026-08-25T03:10:27Z"
"journal_t10n_500k","T10I4N4KD500K","CORHUOPM_AC","7","491615","1233","0","0.003","1475","0.3","0.3","4566","43329","91354","36","142a39ca500007fee15673b72d4957b6e6c32792ab136385f386624790d99308","401.969765","1244","759059","759048","7","24","0","0","0","0","0","0","0","4","4g","2026-08-25T03:11:58Z"
"journal_t10n_500k","T10I4N4KD500K","HUOPM","7","491615","1233","0","0.003","1475","0.3","0.0","4626","43358","90633","40","178383764abbd948d6e943a7b22609307d4ba2f72feb5489d0183366b8104a29","403.76445","1244","759059","759048","0","27","0","0","0","0","0","0","0","4","4g","2026-08-25T03:13:29Z"
"journal_t10n_500k","T10I4N4KD500K","UOB_RECOMPUTE_DUO","7","491615","1233","0","0.003","1475","0.3","0.1","4779","41950","89347","37","8aa6ae5193bfe126db1fbcbd603d4af947beb712313ccd92b1d99bdb1e6bebdd","404.147614","1240","759055","759048","5","24","0","15","111196","111196","759048","8","0","3","4g","2026-08-25T03:14:58Z"
"journal_t10n_500k","T10I4N4KD500K","UOB_EAGER_DUO","7","491615","1233","0","0.003","1475","0.3","0.1","4617","41343","89149","37","8aa6ae5193bfe126db1fbcbd603d4af947beb712313ccd92b1d99bdb1e6bebdd","403.281799","1235","759054","77","758975","24","758975","759054","57264100","306256","0","0","0","2","4g","2026-08-25T03:16:27Z"
"journal_t10n_500k","T10I4N4KD500K","UOB_NO_UO_BOUND","7","491615","1233","0","0.003","1475","0.3","0.1","4644","40960","87901","37","8aa6ae5193bfe126db1fbcbd603d4af947beb712313ccd92b1d99bdb1e6bebdd","404.229004","1235","759528","759522","4","0","4","6","22723","13784","759522","0","0","2","4g","2026-08-25T03:17:55Z"
"journal_t10n_500k","T10I4N4KD500K","UOB_EAGER_DUO","8","491615","1233","0","0.003","1475","0.3","0.1","4736","45854","98289","37","8aa6ae5193bfe126db1fbcbd603d4af947beb712313ccd92b1d99bdb1e6bebdd","402.044601","1235","759054","77","758975","24","758975","759054","57264100","306256","0","0","0","2","4g","2026-08-25T03:19:33Z"
"journal_t10n_500k","T10I4N4KD500K","UOB_RECOMPUTE_DUO","8","491615","1233","0","0.003","1475","0.3","0.1","4669","45759","97123","37","8aa6ae5193bfe126db1fbcbd603d4af947beb712313ccd92b1d99bdb1e6bebdd","404.095268","1240","759055","759048","5","24","0","15","111196","111196","759048","8","0","3","4g","2026-08-25T03:21:11Z"
"journal_t10n_500k","T10I4N4KD500K","HUOPM","8","491615","1233","0","0.003","1475","0.3","0.0","4637","44304","94953","40","178383764abbd948d6e943a7b22609307d4ba2f72feb5489d0183366b8104a29","403.902519","1244","759059","759048","0","27","0","0","0","0","0","0","0","4","4g","2026-08-25T03:22:46Z"
"journal_t10n_500k","T10I4N4KD500K","CORHUOPM_AC","8","491615","1233","0","0.003","1475","0.3","0.3","4630","44153","94118","36","142a39ca500007fee15673b72d4957b6e6c32792ab136385f386624790d99308","404.003387","1244","759059","759048","7","24","0","0","0","0","0","0","0","4","4g","2026-08-25T03:24:20Z"
"journal_t10n_500k","T10I4N4KD500K","CORHUOPM_BOND","8","491615","1233","0","0.003","1475","0.3","0.3","4616","43678","91954","36","142a39ca500007fee15673b72d4957b6e6c32792ab136385f386624790d99308","402.978424","1242","759057","759048","7","24","0","0","0","0","0","0","0","3","4g","2026-08-25T03:25:52Z"
"journal_t10n_500k","T10I4N4KD500K","COUPM_KULC_ADAPTED","8","491615","1233","0","0.003","1475","0.3","0.3","4855","43288","92022","40","178383764abbd948d6e943a7b22609307d4ba2f72feb5489d0183366b8104a29","402.069481","1244","759059","759048","0","27","0","0","0","0","0","0","0","4","4g","2026-08-25T03:27:24Z"
"journal_t10n_500k","T10I4N4KD500K","UOB_POSTFILTER","8","491615","1233","0","0.003","1475","0.3","0.1","4538","41305","86769","37","8aa6ae5193bfe126db1fbcbd603d4af947beb712313ccd92b1d99bdb1e6bebdd","402.850113","1244","759059","759048","0","27","0","0","0","0","0","0","160131","4","4g","2026-08-25T03:28:50Z"
"journal_t10n_500k","T10I4N4KD500K","UOB_FULL","8","491615","1233","0","0.003","1475","0.3","0.1","4647","45640","96993","37","8aa6ae5193bfe126db1fbcbd603d4af947beb712313ccd92b1d99bdb1e6bebdd","402.992111","1235","759054","759048","4","24","4","6","22723","13784","759048","0","0","2","4g","2026-08-25T03:30:27Z"
"journal_t10n_500k","T10I4N4KD500K","UOB_NO_EDA","8","491615","1233","0","0.003","1475","0.3","0.1","4660","42276","90442","37","8aa6ae5193bfe126db1fbcbd603d4af947beb712313ccd92b1d99bdb1e6bebdd","403.899918","1240","759055","759048","5","24","0","7","52789","52789","759048","0","0","3","4g","2026-08-25T03:31:58Z"
"journal_t10n_500k","T10I4N4KD500K","UOB_NO_UO_BOUND","8","491615","1233","0","0.003","1475","0.3","0.1","4798","47248","99820","37","8aa6ae5193bfe126db1fbcbd603d4af947beb712313ccd92b1d99bdb1e6bebdd","402.777901","1235","759528","759522","4","0","4","6","22723","13784","759522","0","0","2","4g","2026-08-25T03:33:38Z"
"journal_t10n_500k","T10I4N4KD500K","UOB_EAGER_DUO","9","491615","1233","0","0.003","1475","0.3","0.1","4839","47343","100040","37","8aa6ae5193bfe126db1fbcbd603d4af947beb712313ccd92b1d99bdb1e6bebdd","402.316521","1235","759054","77","758975","24","758975","759054","57264100","306256","0","0","0","2","4g","2026-08-25T03:35:18Z"
"journal_t10n_500k","T10I4N4KD500K","UOB_NO_UO_BOUND","9","491615","1233","0","0.003","1475","0.3","0.1","4803","42868","90524","37","8aa6ae5193bfe126db1fbcbd603d4af947beb712313ccd92b1d99bdb1e6bebdd","402.407684","1235","759528","759522","4","0","4","6","22723","13784","759522","0","0","2","4g","2026-08-25T03:36:48Z"
"journal_t10n_500k","T10I4N4KD500K","UOB_NO_EDA","9","491615","1233","0","0.003","1475","0.3","0.1","4706","43843","92810","37","8aa6ae5193bfe126db1fbcbd603d4af947beb712313ccd92b1d99bdb1e6bebdd","403.068787","1240","759055","759048","5","24","0","7","52789","52789","759048","0","0","3","4g","2026-08-25T03:38:21Z"
"journal_t10n_500k","T10I4N4KD500K","UOB_FULL","9","491615","1233","0","0.003","1475","0.3","0.1","5021","46202","98559","37","8aa6ae5193bfe126db1fbcbd603d4af947beb712313ccd92b1d99bdb1e6bebdd","402.507744","1235","759054","759048","4","24","4","6","22723","13784","759048","0","0","2","4g","2026-08-25T03:40:00Z"
"journal_t10n_500k","T10I4N4KD500K","UOB_POSTFILTER","9","491615","1233","0","0.003","1475","0.3","0.1","4792","45527","97290","37","8aa6ae5193bfe126db1fbcbd603d4af947beb712313ccd92b1d99bdb1e6bebdd","404.107803","1244","759059","759048","0","27","0","0","0","0","0","0","160131","4","4g","2026-08-25T03:41:37Z"
"journal_t10n_500k","T10I4N4KD500K","COUPM_KULC_ADAPTED","9","491615","1233","0","0.003","1475","0.3","0.3","4846","46097","97560","40","178383764abbd948d6e943a7b22609307d4ba2f72feb5489d0183366b8104a29","402.152779","1244","759059","759048","0","27","0","0","0","0","0","0","0","4","4g","2026-08-25T03:43:14Z"
"journal_t10n_500k","T10I4N4KD500K","CORHUOPM_BOND","9","491615","1233","0","0.003","1475","0.3","0.3","5021","44217","94024","36","142a39ca500007fee15673b72d4957b6e6c32792ab136385f386624790d99308","402.41526","1242","759057","759048","7","24","0","0","0","0","0","0","0","3","4g","2026-08-25T03:44:48Z"
"journal_t10n_500k","T10I4N4KD500K","CORHUOPM_AC","9","491615","1233","0","0.003","1475","0.3","0.3","4924","45146","93898","36","142a39ca500007fee15673b72d4957b6e6c32792ab136385f386624790d99308","403.915497","1244","759059","759048","7","24","0","0","0","0","0","0","0","4","4g","2026-08-25T03:46:22Z"
"journal_t10n_500k","T10I4N4KD500K","HUOPM","9","491615","1233","0","0.003","1475","0.3","0.0","4897","44539","95057","40","178383764abbd948d6e943a7b22609307d4ba2f72feb5489d0183366b8104a29","402.356972","1244","759059","759048","0","27","0","0","0","0","0","0","0","4","4g","2026-08-25T03:47:57Z"
"journal_t10n_500k","T10I4N4KD500K","UOB_RECOMPUTE_DUO","9","491615","1233","0","0.003","1475","0.3","0.1","4593","43183","91667","37","8aa6ae5193bfe126db1fbcbd603d4af947beb712313ccd92b1d99bdb1e6bebdd","403.018471","1240","759055","759048","5","24","0","15","111196","111196","759048","8","0","3","4g","2026-08-25T03:49:29Z"
